customer_id,first_order_date,last_order_date,total_orders,total_spent
1,2026-06-30 19:37:56,2026-06-30 19:37:56,1,71.82
2,2026-01-16 12:47:13,2026-06-30 18:14:49,4,273.61
3,2023-08-24 07:38:56,2026-03-20 11:12:11,7,317.43
4,2025-12-12 18:57:30,2026-06-30 15:18:31,2,88.91
5,2024-06-15 20:51:36,2026-06-30 14:16:32,3,190.26
6,2025-06-06 16:10:59,2026-06-30 14:10:01,3,103.24
7,2026-01-20 12:26:42,2026-06-30 13:36:48,5,184.04999999999998
8,2024-04-04 06:46:39,2026-06-30 13:30:48,23,1724.6
9,2026-06-30 13:05:24,2026-06-30 13:05:24,1,35.01
10,2025-09-19 10:17:23,2026-06-30 11:39:21,5,285.76
11,2026-06-30 09:38:59,2026-06-30 09:38:59,1,53.73
12,2024-02-15 10:27:42,2026-06-30 09:03:50,7,289.53999999999996
13,2025-11-02 16:04:21,2026-06-30 05:09:13,6,369.15999999999997
14,2026-06-29 16:33:26,2026-06-29 16:33:26,1,39.9
15,2026-03-12 12:39:46,2026-06-29 16:15:32,3,114.9
16,2023-10-07 13:42:41,2026-06-29 16:14:04,20,745.98
17,2023-10-31 17:34:03,2026-06-29 15:33:37,9,672.42
18,2025-12-02 14:10:09,2026-06-29 15:05:07,2,54.480000000000004
19,2026-06-24 09:44:09,2026-06-29 13:52:15,2,74.28999999999999
20,2024-03-17 09:48:19,2026-06-29 13:43:17,15,557.74
21,2026-05-31 14:03:42,2026-06-29 13:33:45,2,121.33000000000001
22,2023-08-22 13:54:15,2023-08-22 13:54:15,1,105.84
23,2026-01-02 13:21:56,2026-06-29 11:00:09,3,149.7
24,2025-02-12 15:41:31,2026-06-29 10:51:24,4,194.79999999999998
25,2025-03-16 09:16:21,2026-06-29 10:47:42,11,277.67
26,2026-06-29 10:32:41,2026-06-29 10:32:41,1,15.0
27,2024-06-17 15:15:59,2026-03-25 10:38:26,19,674.08
28,2026-06-29 09:23:19,2026-06-29 09:23:19,1,38.21
29,2026-06-29 07:20:27,2026-06-29 07:20:27,1,80.0
31,2026-06-29 07:19:07,2026-06-29 07:19:07,1,65.0
34,2026-06-29 06:37:28,2026-06-29 06:37:28,1,42.21
35,2026-06-28 23:20:07,2026-06-28 23:20:07,1,24.85
36,2026-06-28 18:36:47,2026-06-28 18:36:47,1,38.8
37,2026-06-08 14:09:14,2026-06-28 17:50:19,2,159.6
38,2026-06-28 15:26:18,2026-06-28 15:26:18,1,35.82
39,2026-04-22 17:57:30,2026-06-28 14:06:03,3,200.26999999999998
40,2026-04-29 17:10:12,2026-06-28 07:49:16,2,79.6
41,2026-04-25 14:01:56,2026-06-27 14:01:38,2,78.8
42,2026-06-27 13:31:44,2026-06-27 13:31:44,1,35.06
43,2026-06-27 12:17:50,2026-06-27 12:17:50,1,24.85
44,2026-06-27 10:30:52,2026-06-27 10:30:52,1,63.7
45,2024-07-03 11:23:54,2026-06-27 05:49:18,5,162.18
46,2026-06-27 05:08:39,2026-06-27 05:08:39,1,65.6
47,2026-06-26 20:26:35,2026-06-26 20:26:35,1,45.7
48,2026-01-06 11:21:42,2026-06-26 18:12:28,5,342.74
49,2026-06-26 17:44:00,2026-06-26 17:44:00,1,44.91
50,2026-06-26 15:50:41,2026-06-26 15:50:41,1,159.2
51,2026-06-26 14:14:19,2026-06-26 14:14:19,1,39.9
52,2026-04-30 17:32:52,2026-06-26 10:55:43,3,157.92000000000002
53,2024-07-14 10:04:59,2026-06-26 07:26:13,6,226.94
54,2026-06-26 05:08:34,2026-06-26 05:08:34,1,39.8
55,2025-10-31 14:27:43,2026-06-25 20:26:19,7,532.33
56,2026-06-25 19:52:56,2026-06-25 19:52:56,1,17.91
58,2026-06-23 12:53:15,2026-06-25 18:07:55,2,49.41
59,2026-06-25 17:53:19,2026-06-25 17:53:19,1,44.8
60,2026-06-25 17:43:00,2026-06-25 17:43:00,1,71.73
61,2026-06-25 17:37:41,2026-06-25 17:37:41,1,33.4
62,2024-10-29 18:23:58,2026-06-25 17:23:07,168,9407.39
63,2026-05-29 13:12:24,2026-05-29 13:12:24,1,39.8
64,2026-06-25 14:46:25,2026-06-25 14:46:25,1,13.5
65,2026-06-25 13:23:11,2026-06-25 13:23:11,1,27.0
66,2026-06-25 13:22:44,2026-06-25 13:22:44,1,198.0
69,2026-04-14 06:02:23,2026-06-25 12:39:42,3,140.5
70,2026-06-25 12:12:19,2026-06-25 12:12:19,1,23.8
71,2026-06-25 09:44:02,2026-06-25 09:44:02,1,19.9
72,2025-11-26 13:03:54,2026-06-25 08:18:17,3,323.14
73,2026-06-25 07:00:56,2026-06-25 07:00:56,1,79.82
74,2026-06-25 05:46:50,2026-06-25 05:46:50,1,17.91
75,2025-09-21 13:19:50,2026-06-25 05:13:07,12,711.98
76,2026-06-24 23:01:05,2026-06-24 23:01:05,1,21.88
77,2025-10-16 13:01:17,2026-06-24 16:13:30,3,164.1
78,2025-03-23 16:55:40,2026-06-24 14:47:30,6,221.32
79,2026-06-24 12:36:54,2026-06-24 12:36:54,1,19.9
80,2026-06-24 08:52:57,2026-06-24 08:52:57,1,23.8
81,2024-04-08 12:45:20,2026-06-24 07:02:20,23,514.63
82,2024-11-07 01:46:51,2026-06-23 22:54:21,10,1090.96
83,2025-05-22 17:34:31,2026-06-23 22:40:03,5,246.26
84,2026-06-23 19:41:14,2026-06-23 19:41:14,1,39.72
85,2026-06-23 19:15:44,2026-06-23 19:15:44,1,30.68
86,2025-10-04 16:48:48,2026-06-23 18:56:57,2,96.5
87,2026-06-23 15:44:12,2026-06-23 15:44:12,1,19.9
88,2026-02-01 18:59:04,2026-06-23 12:58:29,2,89.69999999999999
89,2026-02-20 09:36:31,2026-06-23 12:54:16,4,202.46
90,2026-01-01 13:27:22,2026-06-23 12:01:18,6,191.15
91,2026-06-23 11:55:27,2026-06-23 11:55:27,1,60.52
92,2025-10-06 09:20:14,2026-06-23 11:51:19,2,289.78999999999996
93,2026-06-23 11:34:42,2026-06-23 11:34:42,1,19.9
94,2026-06-23 11:19:06,2026-06-23 11:19:06,1,281.26
95,2026-06-23 10:32:16,2026-06-23 10:32:16,1,26.46
97,2026-06-09 17:58:47,2026-06-22 22:09:56,2,114.11
98,2025-07-10 14:22:14,2026-06-22 19:00:54,17,878.49
99,2024-01-30 16:46:22,2026-06-22 17:36:00,35,1566.06
100,2026-06-22 16:24:12,2026-06-22 16:24:12,1,13.5
101,2026-06-22 13:58:52,2026-06-22 13:58:52,1,35.01
102,2026-06-22 12:56:18,2026-06-22 12:56:18,1,35.82
103,2025-12-01 12:00:08,2026-06-22 08:20:03,7,274.28
104,2024-06-04 07:59:01,2026-06-21 19:45:50,5,299.21
105,2026-06-21 11:34:32,2026-06-21 11:34:32,1,52.3
106,2026-06-21 09:45:52,2026-06-21 09:46:19,2,84.22
107,2024-05-02 15:14:32,2026-06-21 09:38:29,25,1158.27
108,2026-06-21 05:43:21,2026-06-21 05:43:21,1,62.01
109,2026-06-21 01:09:03,2026-06-21 01:09:03,1,38.21
110,2026-06-20 15:32:34,2026-06-20 15:32:34,1,82.44
111,2026-06-20 15:15:59,2026-06-20 15:15:59,1,70.31
112,2026-06-20 15:02:22,2026-06-20 15:02:22,1,50.85
114,2024-11-26 09:49:07,2026-06-20 12:47:30,15,632.05
115,2025-09-27 09:26:19,2025-09-27 09:26:19,1,35.23
116,2026-06-20 08:36:54,2026-06-20 08:36:54,1,42.9
117,2026-06-20 03:50:50,2026-06-20 03:50:50,1,35.82
118,2026-06-19 16:24:43,2026-06-19 16:24:43,1,53.73
119,2025-09-22 11:50:55,2026-06-19 15:58:27,2,89.75
120,2024-02-18 14:56:58,2026-06-19 15:37:46,10,373.6
121,2026-04-17 05:58:50,2026-06-19 15:21:20,4,195.49
122,2025-02-08 14:04:40,2026-06-19 12:25:02,25,986.9399999999999
123,2025-12-04 14:51:00,2026-06-19 12:15:02,4,232.27999999999997
124,2026-06-19 09:03:40,2026-06-19 09:03:40,1,72.74
126,2026-06-19 06:55:56,2026-06-19 06:55:56,1,52.2
127,2026-06-18 19:40:58,2026-06-18 19:40:58,1,39.9
128,2026-06-18 19:06:15,2026-06-18 19:06:15,1,39.9
129,2026-02-12 12:51:30,2026-06-18 18:47:12,5,264.54
130,2026-06-18 17:14:11,2026-06-18 17:14:11,1,46.34
131,2023-06-06 20:05:17,2026-06-18 17:13:41,11,2415.9700000000003
132,2026-06-18 16:16:24,2026-06-18 16:16:24,1,31.16
133,2025-02-22 16:32:45,2026-06-18 14:19:05,2,73.83
134,2026-04-28 15:01:02,2026-06-18 10:49:53,2,99.22999999999999
135,2026-06-18 10:29:51,2026-06-18 10:29:51,1,24.85
136,2025-10-11 10:57:50,2026-06-18 08:26:52,16,529.1700000000001
137,2026-05-23 09:29:28,2026-06-18 07:21:54,2,113.89
138,2024-08-14 10:32:07,2026-06-18 05:56:45,10,619.66
139,2026-05-06 12:04:54,2026-06-17 19:10:54,2,118.21000000000001
140,2026-06-17 18:21:01,2026-06-17 18:21:01,1,98.61
141,2025-09-22 18:22:15,2026-06-17 18:11:32,6,551.94
142,2026-06-17 17:28:40,2026-06-17 17:28:40,1,18.45
143,2026-06-17 16:20:50,2026-06-17 16:20:50,1,38.21
144,2025-10-26 11:23:53,2026-06-17 15:29:47,7,697.54
145,2026-04-28 08:13:30,2026-06-17 12:23:12,3,99.65
146,2026-06-17 12:22:17,2026-06-17 12:22:17,1,52.79
147,2026-06-17 10:40:40,2026-06-17 10:40:40,1,43.8
148,2026-06-17 09:16:56,2026-06-17 09:16:56,1,57.31
149,2026-04-21 12:22:32,2026-06-17 08:51:47,3,154.11
150,2026-06-17 08:20:20,2026-06-17 08:20:20,1,51.7
151,2026-06-17 08:08:38,2026-06-17 08:08:38,1,45.7
152,2025-08-27 13:59:53,2026-06-16 19:43:27,10,280.62
153,2026-06-16 17:45:58,2026-06-16 17:45:58,1,46.11
154,2026-06-16 16:46:01,2026-06-16 16:46:01,1,28.75
155,2026-06-16 15:53:30,2026-06-16 15:53:30,1,61.7
156,2026-04-06 14:42:05,2026-06-16 15:31:19,3,114.47999999999999
157,2026-06-16 11:15:49,2026-06-16 11:15:49,1,42.11
158,2026-06-16 10:35:56,2026-06-16 10:35:56,1,60.9
159,2026-06-16 08:58:15,2026-06-16 08:58:15,1,42.21
160,2023-12-05 16:57:39,2026-06-16 06:45:17,13,872.7099999999999
161,2026-06-16 06:38:41,2026-06-16 06:38:41,1,78.01
162,2026-06-15 21:09:24,2026-06-15 21:09:24,1,42.21
163,2026-06-15 20:42:49,2026-06-15 20:42:49,1,35.91
164,2026-03-07 20:20:52,2026-06-15 19:57:01,2,202.67000000000002
165,2026-06-15 17:41:26,2026-06-15 17:41:26,1,63.7
166,2026-06-15 17:23:35,2026-06-15 17:23:35,1,45.85
167,2025-11-30 18:35:22,2026-06-15 17:19:34,2,123.9
168,2026-01-02 22:00:08,2026-06-15 14:21:32,4,494.31
169,2026-03-10 13:41:57,2026-06-15 14:08:22,4,126.52000000000001
170,2026-04-18 14:58:18,2026-06-15 13:42:33,3,318.87
171,2024-05-09 15:23:19,2026-06-15 13:23:46,4,142.06
172,2023-02-01 11:26:03,2026-06-15 10:35:45,10,870.4200000000001
173,2024-04-27 11:33:56,2026-06-15 10:07:49,10,646.95
174,2024-11-07 08:42:04,2026-06-15 09:30:37,18,654.92
175,2026-05-01 18:07:09,2026-06-15 05:59:11,3,312.8
177,2024-10-04 09:15:45,2026-06-14 21:00:00,16,1049.42
178,2026-06-14 14:40:52,2026-06-14 14:40:52,1,39.8
179,2026-06-14 06:34:53,2026-06-14 06:34:53,1,32.88
180,2026-03-28 09:13:38,2026-06-13 18:50:02,3,78.8
181,2026-04-12 17:36:06,2026-06-13 17:51:19,2,89.74000000000001
182,2026-04-15 18:00:04,2026-06-13 14:25:28,3,285.3
183,2025-12-27 11:14:31,2026-06-13 14:10:03,2,77.21000000000001
184,2024-12-08 14:24:53,2026-06-13 06:47:35,3,164.89
185,2026-06-13 03:31:40,2026-06-13 03:31:40,1,59.32
186,2026-04-13 20:49:22,2026-06-12 18:37:16,3,94.41999999999999
187,2025-05-31 13:42:47,2026-06-12 17:30:45,3,201.25
188,2026-06-12 12:44:46,2026-06-12 12:44:46,1,28.75
189,2026-06-12 12:32:25,2026-06-12 12:32:25,1,54.0
191,2026-06-12 12:28:10,2026-06-12 12:28:10,1,37.3
192,2026-06-12 11:16:30,2026-06-12 11:16:30,1,95.23
193,2026-06-12 10:57:14,2026-06-12 10:57:14,1,63.82
194,2026-05-14 14:35:03,2026-06-12 10:14:07,2,75.57
195,2024-01-20 11:28:42,2026-06-12 07:16:40,13,544.82
196,2023-11-16 09:22:35,2026-06-12 05:30:10,11,860.43
197,2024-05-30 17:56:06,2026-06-12 04:04:28,6,453.82
198,2026-06-11 18:35:52,2026-06-11 18:35:52,1,89.01
200,2026-06-11 18:16:18,2026-06-11 18:16:18,1,69.49
201,2023-05-26 16:56:23,2026-06-11 16:56:03,12,573.36
202,2026-06-11 16:52:15,2026-06-11 16:52:15,1,24.85
203,2026-05-28 10:41:22,2026-06-11 15:38:01,2,75.93
204,2026-02-19 08:38:54,2026-06-10 20:00:53,2,64.48
205,2026-03-03 15:21:50,2026-03-03 15:21:50,1,92.43
206,2025-08-02 15:23:07,2026-06-10 16:01:23,4,193.75
207,2026-06-10 14:08:47,2026-06-10 14:08:47,1,51.8
208,2025-09-20 13:04:23,2026-06-10 13:40:26,9,647.09
209,2026-01-20 22:00:03,2026-06-10 11:47:09,5,264.92
210,2026-04-20 08:19:24,2026-06-10 10:29:05,3,102.64
211,2025-07-07 09:54:12,2026-06-10 10:22:23,4,157.26
212,2026-06-10 09:54:16,2026-06-10 09:54:16,1,9.0
213,2025-05-13 17:26:44,2026-06-10 05:37:54,13,545.8
214,2026-04-12 16:46:19,2026-06-09 18:22:04,2,113.94
215,2024-06-24 07:33:34,2026-06-09 15:51:10,23,711.23
216,2026-06-09 13:48:05,2026-06-09 13:48:05,1,35.82
217,2026-06-09 07:29:01,2026-06-09 07:29:01,1,120.0
219,2025-10-06 10:16:16,2026-06-08 21:06:43,5,254.14000000000001
220,2024-03-20 12:13:20,2026-06-08 15:50:28,31,1898.56
221,2025-03-13 11:06:11,2026-06-08 15:39:53,11,502.77
222,2026-06-08 12:27:20,2026-06-08 12:27:20,1,28.75
223,2026-06-08 12:14:31,2026-06-08 12:14:31,1,39.8
224,2023-12-02 10:45:41,2026-06-08 09:41:35,17,994.44
225,2026-06-07 16:26:44,2026-06-07 16:26:44,1,77.45
226,2026-06-07 11:40:13,2026-06-07 11:40:13,1,41.8
227,2026-06-07 08:49:07,2026-06-07 08:49:07,1,43.22
228,2026-06-06 20:24:41,2026-06-06 20:24:41,1,57.7
229,2026-06-06 14:07:32,2026-06-06 14:07:32,1,35.88
230,2025-05-12 07:24:39,2026-06-06 08:52:03,4,150.31
231,2026-02-17 17:44:37,2026-06-05 18:07:06,2,83.43
232,2026-06-05 13:57:49,2026-06-05 13:57:49,1,24.85
233,2025-09-05 10:15:53,2026-06-05 13:39:39,3,118.46
234,2025-12-03 06:09:22,2026-06-05 11:26:46,3,130.17000000000002
235,2026-06-05 11:07:38,2026-06-05 11:07:38,1,37.99
236,2026-06-05 10:59:06,2026-06-05 10:59:06,1,22.5
238,2026-06-05 10:57:26,2026-06-05 10:57:26,1,100.0
240,2025-06-28 09:49:38,2026-06-05 10:28:43,3,75.0
241,2024-05-24 13:53:13,2026-06-05 10:11:27,20,1926.1
242,2025-09-01 15:25:58,2026-06-05 08:53:49,8,585.29
243,2026-06-05 06:46:27,2026-06-05 06:46:27,1,28.0
246,2026-05-28 07:50:48,2026-06-05 06:18:36,2,69.77000000000001
247,2026-06-04 12:17:04,2026-06-04 12:17:04,1,204.0
250,2026-06-04 12:13:13,2026-06-04 12:13:13,1,38.21
251,2024-11-03 09:44:00,2026-06-04 09:28:14,5,592.04
252,2026-04-20 07:33:11,2026-06-04 06:21:22,2,127.4
253,2023-09-07 07:02:52,2026-06-03 19:50:52,16,1469.21
254,2026-06-03 19:21:18,2026-06-03 19:21:18,1,24.85
255,2026-06-03 18:11:59,2026-06-03 18:11:59,1,50.39
256,2024-02-27 16:54:33,2026-06-03 15:27:01,8,374.82
257,2026-06-03 14:05:33,2026-06-03 14:05:33,1,41.9
258,2026-04-07 19:42:37,2026-06-03 13:29:20,3,120.91999999999999
259,2026-06-03 13:24:19,2026-06-03 13:24:19,1,61.7
260,2024-07-04 09:03:12,2026-06-03 12:56:52,6,219.29
261,2025-08-01 11:10:10,2026-06-03 12:29:05,6,201.12
262,2024-03-03 12:36:37,2026-06-03 12:05:59,11,466.54
263,2026-01-12 09:41:29,2026-06-03 07:10:56,6,380.47
264,2026-06-03 06:32:44,2026-06-03 06:32:44,1,55.7
265,2025-12-19 10:21:45,2026-06-02 18:46:18,2,88.00999999999999
266,2026-03-15 13:38:48,2026-06-02 17:20:43,5,364.38
267,2025-07-02 09:00:02,2026-06-02 17:00:58,6,490.41999999999996
268,2026-06-02 16:37:11,2026-06-02 16:37:11,1,64.95
269,2024-11-04 11:59:42,2026-06-02 15:41:11,2,63.650000000000006
270,2026-04-26 11:41:20,2026-06-02 11:09:31,2,181.63
271,2026-03-22 10:14:57,2026-06-02 10:54:52,3,94.73
272,2025-04-04 09:02:29,2026-06-02 10:49:17,5,178.67000000000002
273,2025-11-15 11:02:55,2026-06-02 09:58:25,2,80.64
274,2025-11-30 16:49:13,2026-06-02 08:44:22,2,90.31
275,2026-06-01 18:24:44,2026-06-01 18:24:44,1,71.82
276,2025-10-03 11:08:14,2026-06-01 17:17:49,3,109.72
277,2026-04-10 06:21:07,2026-06-01 16:14:06,3,88.25
278,2025-08-28 09:54:25,2026-06-01 14:20:43,7,402.71
279,2026-01-29 18:34:46,2026-06-01 13:45:14,3,142.22
280,2026-06-01 11:47:58,2026-06-01 11:47:58,1,38.21
281,2026-05-06 11:18:29,2026-06-01 11:03:31,2,116.69
282,2026-06-01 10:51:05,2026-06-01 10:51:05,1,95.0
286,2026-06-01 10:33:25,2026-06-01 10:33:25,1,39.8
287,2026-06-01 07:25:37,2026-06-01 07:25:37,1,32.8
288,2025-10-28 19:24:55,2026-05-31 19:15:07,2,105.53999999999999
289,2024-10-29 16:15:41,2026-05-31 17:49:13,12,921.98
290,2026-05-31 13:28:56,2026-05-31 13:28:56,1,43.7
291,2026-05-31 09:24:56,2026-05-31 09:24:56,1,39.8
292,2026-05-31 07:24:02,2026-05-31 07:24:02,1,24.85
293,2026-05-07 10:08:37,2026-05-30 20:19:49,2,75.62
294,2025-11-18 17:03:11,2026-05-30 17:23:09,4,217.77
295,2024-08-31 08:22:47,2026-05-30 15:48:50,3,746.86
296,2026-05-30 15:18:55,2026-05-30 15:18:55,1,41.6
297,2026-05-30 14:23:08,2026-05-30 14:23:08,1,34.39
298,2026-05-30 13:36:30,2026-05-30 13:36:30,1,38.21
299,2026-02-04 09:28:09,2026-05-30 11:56:51,4,229.09
300,2026-05-30 09:55:29,2026-05-30 09:55:29,1,37.88
301,2026-05-30 09:51:19,2026-05-30 09:51:19,1,24.85
302,2026-05-01 17:23:05,2026-05-29 21:13:33,2,74.38
303,2026-05-29 20:19:09,2026-05-29 20:19:09,1,76.32
304,2026-03-30 19:02:19,2026-05-29 18:50:56,2,70.13
305,2026-05-29 18:05:36,2026-05-29 18:05:36,1,56.55
306,2026-01-30 08:59:31,2026-05-29 14:56:08,3,159.26999999999998
307,2026-05-29 13:28:57,2026-05-29 13:28:57,1,24.85
308,2026-05-29 13:24:29,2026-05-29 13:24:29,1,35.82
309,2026-05-29 11:46:44,2026-05-29 11:46:44,1,39.8
310,2026-05-29 08:54:32,2026-05-29 08:54:32,1,37.62
312,2026-05-29 07:22:05,2026-05-29 07:22:05,1,24.85
313,2026-05-28 19:17:15,2026-05-28 19:17:15,1,38.21
314,2026-04-16 13:48:17,2026-05-28 16:33:26,3,238.24
315,2026-05-28 12:25:38,2026-05-28 12:25:38,1,48.93
316,2026-05-28 11:50:13,2026-05-28 11:50:13,1,24.85
317,2026-05-28 10:20:06,2026-05-28 10:20:06,1,33.3
318,2025-10-20 13:09:06,2026-05-28 10:00:32,6,621.82
319,2024-02-18 09:36:33,2026-05-28 09:46:02,4,290.68
320,2026-05-28 09:29:53,2026-05-28 09:29:53,1,18.0
322,2026-05-28 09:28:57,2026-05-28 09:28:57,1,80.0
324,2026-03-03 11:22:54,2026-05-27 18:49:36,4,167.32
325,2026-05-27 16:37:57,2026-05-27 16:37:57,1,41.8
326,2026-05-27 13:09:03,2026-05-27 13:09:03,1,39.8
327,2024-11-12 13:20:43,2026-05-27 12:59:28,22,3268.77
328,2026-05-27 11:21:48,2026-05-27 11:21:48,1,149.0
331,2026-05-27 11:20:11,2026-05-27 11:20:11,1,172.0
334,2026-05-27 11:18:12,2026-05-27 11:18:12,1,120.0
336,2026-05-27 11:17:04,2026-05-27 11:17:04,1,138.0
339,2026-02-16 16:20:43,2026-05-27 09:55:18,2,155.64
340,2024-09-25 11:03:09,2026-05-27 09:45:35,10,736.87
341,2026-05-27 09:34:58,2026-05-27 09:34:58,1,34.92
342,2025-02-07 14:50:38,2026-05-27 08:27:28,3,227.32999999999998
343,2026-05-27 06:48:22,2026-05-27 06:48:22,1,29.0
345,2025-06-25 08:05:01,2026-05-26 17:53:14,9,636.65
346,2026-05-26 16:29:21,2026-05-26 16:29:21,1,288.16
347,2026-05-26 14:26:45,2026-05-26 14:26:45,1,29.8
348,2026-05-26 14:22:49,2026-05-26 14:22:49,1,58.35
349,2023-11-26 22:11:52,2026-05-26 13:58:32,3,154.45
350,2026-05-26 12:38:11,2026-05-26 12:38:11,1,39.8
351,2026-05-26 06:31:44,2026-05-26 06:31:44,1,29.4
352,2026-05-26 06:26:26,2026-05-26 06:26:26,1,34.27
353,2025-03-27 15:52:29,2026-05-25 18:00:56,13,1102.07
354,2023-02-14 21:00:31,2026-05-25 17:04:09,8,357.48
355,2025-08-30 15:48:59,2026-05-25 16:44:30,4,247.02999999999997
356,2025-10-12 13:31:58,2026-05-25 14:08:04,2,81.0
357,2025-06-05 15:35:12,2026-05-25 12:38:08,2,78.77
358,2026-05-25 12:25:32,2026-05-25 12:25:32,1,62.73
359,2026-05-25 10:00:21,2026-05-25 10:00:21,1,108.0
360,2026-05-24 16:08:27,2026-05-24 16:08:27,1,35.82
361,2026-05-23 20:52:21,2026-05-23 20:52:21,1,42.11
362,2026-05-23 19:38:05,2026-05-23 19:38:05,1,32.8
363,2026-05-23 15:01:20,2026-05-23 15:01:20,1,37.04
364,2025-07-01 07:11:44,2026-05-23 14:50:59,7,576.43
365,2026-05-22 20:33:01,2026-05-22 20:33:01,1,53.89
366,2023-05-10 18:36:18,2026-05-22 18:10:50,20,832.5799999999999
367,2026-05-22 18:02:24,2026-05-22 18:02:24,1,38.8
368,2023-02-14 14:14:29,2026-05-22 15:56:33,14,1831.63
369,2026-04-08 06:21:58,2026-05-22 11:41:25,2,85.72999999999999
370,2026-05-19 15:29:37,2026-05-22 08:13:16,2,66.03
371,2026-05-22 05:56:01,2026-05-22 05:56:01,1,33.4
372,2026-05-21 22:05:51,2026-05-21 22:05:51,1,79.42
373,2024-06-27 11:15:53,2026-04-22 13:20:39,7,1267.03
374,2026-05-21 13:28:18,2026-05-21 13:28:18,1,44.8
375,2026-05-08 13:03:22,2026-05-21 07:25:53,3,229.25
376,2026-05-20 17:17:45,2026-05-20 17:17:45,1,34.45
377,2026-05-20 16:54:23,2026-05-20 16:54:23,1,39.9
378,2026-05-20 06:54:50,2026-05-20 06:54:50,1,43.7
379,2025-09-11 09:01:52,2026-05-20 05:16:14,5,214.79000000000002
380,2025-09-30 18:49:25,2026-05-19 11:57:17,5,209.25
381,2026-05-19 11:51:49,2026-05-19 11:51:49,1,42.0
384,2025-04-28 14:09:36,2026-05-19 11:18:36,17,348.57
385,2026-05-19 10:41:59,2026-05-19 10:41:59,1,39.0
386,2026-05-19 10:04:50,2026-05-19 10:04:50,1,33.78
387,2026-05-19 08:34:37,2026-05-19 08:34:37,1,33.4
388,2025-01-27 17:00:41,2026-05-19 06:30:32,9,659.3100000000001
389,2024-05-30 09:27:54,2026-05-18 16:25:27,2,74.59
390,2026-05-18 16:22:02,2026-05-18 16:22:02,1,32.9
391,2025-03-27 18:24:51,2025-03-27 18:24:51,1,25.95
392,2026-05-18 08:16:08,2026-05-18 08:16:08,1,64.44
393,2026-05-17 13:33:07,2026-05-17 13:33:07,1,43.7
394,2026-05-17 13:11:38,2026-05-17 13:11:38,1,39.0
395,2026-05-17 11:39:25,2026-05-17 11:39:25,1,42.9
396,2026-05-17 09:29:33,2026-05-17 09:29:33,1,57.71
397,2026-01-21 17:15:41,2026-05-16 19:42:00,3,117.12
398,2024-05-03 16:22:28,2026-05-16 15:13:52,16,736.59
399,2026-05-16 15:09:40,2026-05-16 15:09:40,1,55.78
400,2024-04-29 10:13:56,2026-05-16 08:55:36,4,171.0
401,2026-05-16 06:25:17,2026-05-16 06:25:17,1,76.81
402,2026-05-15 19:03:11,2026-05-15 19:03:11,1,51.6
404,2026-05-15 17:55:12,2026-05-15 17:55:12,1,45.8
405,2026-05-15 17:07:48,2026-05-15 17:07:48,1,41.8
406,2024-08-08 09:42:17,2026-03-12 15:45:08,13,495.88
407,2026-04-15 11:53:03,2026-05-15 11:34:46,2,70.62
408,2025-05-24 05:39:37,2026-05-15 08:34:28,4,397.46999999999997
409,2024-01-07 00:40:35,2026-05-14 23:41:30,3,182.34
410,2026-05-14 21:55:54,2026-05-14 21:55:54,1,41.52
411,2026-05-14 19:33:10,2026-05-14 19:33:10,1,39.0
412,2026-05-14 17:46:23,2026-05-14 17:46:23,1,32.8
413,2025-04-01 06:46:30,2026-05-14 16:32:00,10,405.37
414,2023-10-17 11:46:22,2026-05-14 14:07:36,3,226.15
415,2025-11-14 09:13:52,2026-05-14 12:57:49,3,170.47
416,2026-05-14 12:39:01,2026-05-14 12:39:01,1,35.81
417,2026-05-14 12:31:02,2026-05-14 12:31:02,1,24.85
418,2026-05-14 12:18:51,2026-05-14 12:18:51,1,21.75
419,2026-03-19 07:09:21,2026-05-14 12:12:19,3,142.2
420,2026-05-14 12:11:20,2026-05-14 12:11:20,1,78.58
421,2026-05-14 11:52:10,2026-05-14 11:52:10,1,58.51
423,2026-05-14 11:42:58,2026-05-14 11:42:58,1,38.7
424,2025-01-17 19:52:00,2026-05-14 11:29:42,2,170.44
425,2026-05-14 11:13:13,2026-05-14 11:13:13,1,34.27
426,2026-05-14 07:28:57,2026-05-14 07:28:57,1,37.8
427,2024-05-24 10:40:42,2026-05-14 06:46:20,9,659.1800000000001
428,2024-11-19 18:11:59,2026-05-14 06:25:59,11,1077.01
429,2025-11-28 10:51:45,2026-05-13 21:03:21,6,1030.97
430,2026-05-13 18:44:42,2026-05-13 18:44:42,1,40.66
431,2026-05-13 15:37:31,2026-05-13 15:37:31,1,78.2
432,2023-12-04 10:33:41,2026-05-13 14:00:45,4,431.53
433,2026-05-13 13:35:08,2026-05-13 13:35:08,1,85.5
435,2026-05-13 11:33:06,2026-05-13 11:33:06,1,70.0
437,2025-03-05 13:14:00,2026-05-13 10:42:27,6,230.44
438,2026-05-13 10:38:49,2026-05-13 10:38:49,1,51.57
439,2026-05-13 00:46:49,2026-05-13 00:46:49,1,39.0
440,2026-03-10 08:05:32,2026-05-12 20:48:01,2,73.66999999999999
441,2026-05-12 14:32:40,2026-05-12 14:32:40,1,35.91
442,2026-03-01 08:22:35,2026-05-12 11:23:34,2,65.84
443,2026-05-12 10:34:50,2026-05-12 10:34:50,1,60.0
444,2026-05-12 10:34:04,2026-05-12 10:34:04,1,72.0
446,2026-05-12 10:33:02,2026-05-12 10:33:02,1,50.0
449,2026-05-12 09:52:15,2026-05-12 09:52:15,1,39.0
452,2026-05-11 15:04:32,2026-05-11 15:04:32,1,24.85
453,2025-10-03 12:06:07,2026-05-11 10:17:43,5,355.76
454,2026-05-10 21:21:06,2026-05-10 21:21:06,1,35.82
455,2026-03-09 19:50:15,2026-05-10 18:39:35,3,451.6
456,2026-05-10 16:15:54,2026-05-10 16:15:54,1,34.8
457,2026-05-10 09:52:36,2026-05-10 09:52:36,1,42.9
458,2026-05-10 09:24:14,2026-05-10 09:24:14,1,30.24
459,2026-05-10 05:58:04,2026-05-10 05:58:04,1,44.73
460,2026-05-09 18:24:02,2026-05-09 18:24:02,1,57.71
461,2026-05-09 14:54:56,2026-05-09 14:54:56,1,47.98
462,2026-05-09 12:37:02,2026-05-09 12:37:02,1,90.11
463,2026-04-08 09:37:14,2026-05-09 10:17:18,2,133.5
464,2026-05-08 21:23:37,2026-05-08 21:50:30,2,76.6
465,2026-05-08 19:19:37,2026-05-08 19:19:37,1,43.03
466,2025-02-09 12:55:32,2026-05-08 15:14:47,3,126.55000000000001
467,2025-11-28 06:06:54,2026-05-08 14:24:33,7,310.64
468,2026-05-08 11:47:56,2026-05-08 11:47:56,1,39.13
469,2026-05-08 10:51:55,2026-05-08 10:51:55,1,35.8
470,2026-02-18 22:17:23,2026-05-08 10:43:28,3,177.26999999999998
471,2026-05-01 17:28:31,2026-05-08 10:32:19,2,67.83
473,2023-01-06 00:21:21,2026-05-08 00:41:37,2,112.3
474,2024-11-23 18:06:43,2026-05-07 21:46:40,2,113.25
475,2026-03-03 17:50:03,2026-05-07 19:02:40,2,135.75
476,2024-12-07 14:18:03,2026-05-07 17:05:43,3,107.53
477,2026-05-07 16:03:15,2026-05-07 16:03:15,1,32.14
478,2026-05-07 15:49:22,2026-05-07 15:49:22,1,17.53
479,2025-01-21 14:01:00,2026-05-07 14:05:01,7,408.03
480,2026-05-07 12:02:49,2026-05-07 12:02:49,1,39.0
481,2026-05-07 11:59:47,2026-05-07 11:59:47,1,39.13
482,2026-05-07 11:42:40,2026-05-07 11:42:40,1,56.6
483,2025-03-27 14:35:12,2026-05-07 10:42:05,4,249.21
484,2026-05-07 09:10:25,2026-05-07 09:10:25,1,39.13
485,2026-05-07 06:14:22,2026-05-07 06:14:22,1,26.75
486,2026-03-17 18:56:25,2026-05-07 06:08:54,3,131.51
487,2026-01-11 10:53:38,2026-05-06 19:25:08,3,108.84
488,2024-03-12 15:41:36,2026-05-06 19:22:55,2,109.05
489,2024-01-15 09:23:17,2026-05-06 16:24:04,3,133.77
490,2023-09-30 18:09:42,2026-05-06 15:44:30,3,583.13
491,2026-02-16 06:19:50,2026-05-06 15:25:57,2,140.59
493,2026-05-06 14:37:17,2026-05-06 14:37:17,1,37.62
494,2023-01-13 15:26:03,2026-05-06 13:56:26,15,1452.57
495,2024-03-05 14:26:35,2026-05-06 13:39:22,3,123.72999999999999
496,2026-05-06 12:44:20,2026-05-06 12:44:20,1,47.17
497,2023-05-17 14:18:49,2026-05-06 11:48:38,4,304.25
498,2026-05-06 07:47:11,2026-05-06 07:47:11,1,58.51
500,2026-05-05 21:46:36,2026-05-05 21:46:36,1,43.03
501,2026-03-06 15:55:19,2026-05-05 13:51:48,2,230.06
502,2023-12-04 17:24:21,2026-05-05 12:51:33,3,168.85
503,2026-05-05 09:08:54,2026-05-05 09:08:54,1,35.91
504,2025-09-05 07:48:54,2026-05-05 06:57:06,5,261.47
505,2026-05-05 06:45:00,2026-05-05 06:45:00,1,34.27
506,2026-02-01 18:07:37,2026-05-05 06:06:05,5,188.69
507,2026-05-05 05:46:22,2026-05-05 05:46:22,1,53.01
508,2025-12-04 14:04:01,2026-05-04 19:55:56,4,167.7
509,2024-01-05 15:32:44,2026-05-04 17:37:05,41,3873.48
510,2026-02-24 12:44:03,2026-05-04 16:57:50,2,83.69999999999999
511,2026-05-04 16:15:43,2026-05-04 16:15:43,1,37.81
513,2024-05-09 13:16:05,2026-05-04 13:36:14,5,283.07
514,2025-11-29 22:06:13,2026-05-04 12:20:25,5,367.94
515,2026-05-04 09:55:44,2026-05-04 09:55:44,1,53.92
516,2026-05-04 07:32:29,2026-05-04 07:32:29,1,39.0
517,2026-01-28 19:46:25,2026-05-03 16:41:35,2,80.71000000000001
518,2024-12-01 08:17:49,2026-05-03 16:32:56,4,212.21
519,2026-02-03 10:16:03,2026-05-03 14:36:19,3,142.87
520,2026-05-03 14:29:15,2026-05-03 14:29:15,1,43.7
521,2024-07-13 08:03:16,2026-05-03 12:46:11,14,800.37
522,2026-05-03 12:27:37,2026-05-03 12:27:37,1,30.41
523,2026-05-03 10:58:50,2026-05-03 10:58:50,1,52.7
524,2026-05-02 16:37:26,2026-05-02 16:37:26,1,29.61
525,2026-05-02 15:42:33,2026-05-02 15:42:33,1,41.8
527,2026-05-02 13:43:55,2026-05-02 13:43:55,1,39.8
528,2026-05-02 11:40:31,2026-05-02 11:40:31,1,43.7
529,2024-08-31 07:48:15,2026-05-02 09:22:02,2,70.88
530,2026-05-02 04:12:23,2026-05-02 04:12:23,1,39.0
531,2024-09-07 14:38:46,2026-05-01 18:17:26,7,272.93
532,2025-04-07 11:41:53,2026-05-01 15:57:54,4,169.03
533,2026-05-01 14:50:39,2026-05-01 14:50:39,1,37.81
534,2025-12-04 20:35:15,2026-05-01 14:23:34,2,121.21
535,2024-06-11 12:17:03,2026-05-01 10:53:15,13,1443.01
536,2026-05-01 09:37:55,2026-05-01 09:37:55,1,53.4
537,2026-04-30 20:30:43,2026-04-30 20:30:43,1,41.8
538,2026-04-30 13:45:11,2026-04-30 13:45:11,1,42.9
539,2026-04-30 12:47:45,2026-04-30 12:47:45,1,39.0
540,2026-02-27 12:30:04,2026-04-30 12:16:40,3,101.33000000000001
541,2024-09-26 22:44:10,2026-04-30 12:05:01,3,107.19
542,2025-09-02 06:37:23,2026-04-30 11:22:21,5,438.99
543,2026-03-06 08:37:00,2026-04-30 11:07:15,2,101.47
544,2026-02-24 11:21:33,2026-04-30 10:01:26,2,90.16
545,2025-01-16 01:20:03,2026-04-30 09:01:47,4,297.78
546,2026-04-29 20:21:32,2026-04-29 20:21:32,1,78.0
547,2026-04-29 19:22:05,2026-04-29 19:22:05,1,87.76
548,2024-06-01 08:55:10,2026-04-29 16:58:21,3,189.82
549,2024-10-09 17:48:02,2024-10-09 17:48:02,1,41.25
550,2026-04-29 16:40:22,2026-04-29 16:40:22,1,35.82
551,2024-06-13 16:07:08,2026-04-29 16:06:59,3,107.4
552,2024-05-09 13:01:53,2026-04-29 15:32:25,4,180.5
553,2026-04-29 13:43:25,2026-04-29 13:43:25,1,16.56
554,2023-11-17 08:06:44,2026-04-29 13:38:37,5,228.56
555,2023-11-02 10:41:53,2026-04-29 11:58:20,4,187.57
556,2025-12-01 07:55:15,2026-04-29 10:53:15,3,176.65
557,2023-03-15 08:14:52,2026-04-29 10:53:08,14,2125.84
558,2026-04-29 10:37:46,2026-04-29 10:37:46,1,39.0
559,2026-04-29 10:16:18,2026-04-29 10:16:18,1,112.0
564,2026-04-29 07:06:57,2026-04-29 07:06:57,1,60.0
565,2026-04-29 06:57:01,2026-04-29 06:57:01,1,29.52
566,2026-04-29 06:07:03,2026-04-29 06:07:03,1,37.81
567,2026-04-29 05:37:23,2026-04-29 05:37:23,1,37.73
569,2026-04-28 18:24:06,2026-04-28 18:24:06,1,46.71
570,2026-04-28 13:55:55,2026-04-28 13:55:55,1,34.8
571,2025-10-23 09:26:18,2026-04-28 13:32:34,4,367.91999999999996
572,2026-01-09 13:38:40,2026-04-28 11:29:21,4,140.07
573,2026-04-28 09:17:20,2026-04-28 09:17:20,1,39.7
574,2026-04-28 07:13:37,2026-04-28 07:13:37,1,90.0
576,2026-04-28 07:12:09,2026-04-28 07:12:09,1,108.0
577,2026-04-28 07:06:36,2026-04-28 07:06:36,1,39.0
578,2026-04-27 06:57:21,2026-04-27 06:57:21,1,46.59
579,2026-03-23 10:38:11,2026-04-27 06:23:14,2,137.43
580,2025-11-13 12:38:53,2026-04-26 18:35:02,6,229.93
581,2026-03-30 14:19:06,2026-04-26 13:58:17,3,98.00999999999999
582,2025-10-27 10:50:31,2026-04-26 13:03:58,3,266.75
583,2025-12-07 08:59:33,2026-04-26 12:43:58,6,377.0
584,2026-04-26 12:24:07,2026-04-26 12:24:07,1,29.52
585,2026-04-26 11:00:54,2026-04-26 11:04:17,2,69.6
586,2026-04-26 08:54:29,2026-04-26 08:54:29,1,74.8
587,2026-01-24 11:14:49,2026-04-25 19:14:38,2,81.9
588,2026-01-20 15:28:40,2026-04-25 17:07:12,3,117.66
589,2026-04-25 13:21:32,2026-04-25 13:21:32,1,22.85
590,2026-04-25 11:25:12,2026-04-25 11:25:12,1,47.7
591,2026-04-25 11:06:54,2026-04-25 11:06:54,1,33.8
592,2026-04-25 09:28:01,2026-04-25 09:28:01,1,60.21
593,2026-04-25 06:19:53,2026-04-25 06:19:53,1,43.03
594,2026-04-24 22:21:51,2026-04-24 22:21:51,1,36.75
595,2026-04-08 13:28:33,2026-04-24 22:16:27,2,63.6
596,2025-04-07 15:01:29,2026-04-24 21:22:59,2,114.88
597,2026-04-24 18:33:56,2026-04-24 18:33:56,1,46.71
598,2023-03-09 09:55:00,2026-04-24 18:32:23,10,1065.61
600,2026-04-24 17:16:47,2026-04-24 17:16:47,1,29.52
601,2024-03-21 15:50:10,2026-04-24 15:16:56,3,196.02999999999997
602,2025-07-07 14:11:34,2026-04-24 15:02:03,2,106.68
603,2025-10-21 07:05:50,2026-04-24 14:24:56,7,281.90999999999997
604,2026-04-24 13:58:30,2026-04-24 13:58:30,1,44.8
605,2025-09-23 14:54:08,2026-04-24 13:46:06,2,75.75999999999999
606,2025-04-26 22:09:38,2026-04-24 13:35:47,2,78.72
607,2026-04-23 18:05:44,2026-04-23 18:05:44,1,87.52
608,2026-04-19 17:04:17,2026-04-23 14:56:46,2,47.71
610,2026-03-15 18:00:58,2026-04-23 10:30:06,2,75.0
611,2026-02-13 16:43:18,2026-04-23 10:16:01,3,126.05
612,2025-01-15 10:58:39,2026-04-23 08:43:25,4,138.44
613,2026-04-23 07:16:31,2026-04-23 07:16:31,1,10.0
614,2026-04-23 06:25:36,2026-04-23 06:25:36,1,32.8
615,2026-01-15 09:56:45,2026-04-22 14:27:48,2,148.57999999999998
616,2026-04-22 11:40:03,2026-04-22 11:40:03,1,42.84
617,2025-05-26 20:03:41,2026-04-22 11:26:57,5,453.85
618,2025-09-02 12:06:42,2026-04-22 10:57:19,2,93.37
619,2024-04-26 18:56:06,2026-04-22 10:09:17,3,119.69
620,2026-04-22 07:54:56,2026-04-22 07:54:56,1,39.8
621,2024-01-29 11:15:47,2026-04-21 20:34:31,4,222.74
623,2025-03-28 17:19:34,2026-04-20 17:25:18,5,215.75
624,2026-04-20 16:40:35,2026-04-20 16:40:35,1,24.85
625,2026-04-20 15:55:52,2026-04-20 15:55:52,1,35.1
626,2026-04-20 15:53:32,2026-04-20 15:53:32,1,117.3
627,2025-03-03 19:35:17,2026-04-20 15:22:27,6,269.03
628,2026-04-20 13:06:19,2026-04-20 13:06:19,1,45.7
629,2026-04-20 10:03:29,2026-04-20 10:03:29,1,30.0
630,2024-09-06 19:30:52,2026-04-20 08:07:34,2,128.61
631,2024-05-12 08:13:58,2026-04-19 20:30:38,7,239.69
632,2026-04-19 19:09:20,2026-04-19 19:09:20,1,43.8
633,2024-06-22 17:07:07,2026-04-19 16:21:23,5,252.56
634,2026-04-19 11:02:07,2026-04-19 11:02:07,1,46.71
635,2026-04-19 07:14:36,2026-04-19 07:14:36,1,28.75
636,2026-03-09 19:00:53,2026-04-18 12:59:09,3,192.6
637,2026-04-18 11:20:35,2026-04-18 11:20:35,1,43.7
638,2026-04-18 09:45:43,2026-04-18 09:45:43,1,39.8
639,2026-04-17 18:43:54,2026-04-17 18:43:54,1,17.28
640,2026-04-17 14:14:07,2026-04-17 14:14:07,1,35.82
641,2026-04-17 12:20:50,2026-04-17 12:20:50,1,83.0
645,2025-11-06 11:44:02,2026-04-17 11:00:36,3,97.85
646,2026-04-16 19:07:26,2026-04-16 19:07:26,1,92.57
647,2026-04-16 18:20:30,2026-04-16 18:20:30,1,35.1
648,2026-04-16 16:48:36,2026-04-16 16:48:36,1,37.81
649,2025-07-02 15:15:15,2026-04-16 15:06:29,2,77.46000000000001
650,2026-04-16 11:45:17,2026-04-16 11:45:17,1,24.85
651,2026-02-06 17:56:21,2026-04-16 11:18:45,2,111.11
652,2025-02-18 09:43:48,2026-04-16 11:05:53,2,126.86
653,2026-04-16 10:36:06,2026-04-16 10:36:06,1,11.94
654,2026-04-16 08:10:28,2026-04-16 08:10:28,1,39.9
655,2026-04-16 01:45:08,2026-04-16 01:45:08,1,39.9
656,2023-01-17 17:35:51,2026-04-15 19:52:33,10,2150.84
657,2026-04-15 18:49:53,2026-04-15 18:49:53,1,24.85
658,2026-04-15 18:24:33,2026-04-15 18:24:33,1,30.23
659,2025-09-22 10:58:30,2026-04-15 15:57:43,4,108.77
660,2023-12-12 06:15:40,2026-04-15 15:44:11,4,180.21
661,2025-12-09 09:53:00,2026-04-15 10:32:11,2,309.62
662,2026-04-15 07:38:16,2026-04-15 07:38:16,1,69.12
663,2026-04-14 20:14:51,2026-04-14 20:14:51,1,42.9
664,2024-11-11 18:16:22,2026-04-14 19:34:11,2,141.61
666,2025-10-27 19:22:30,2026-04-14 18:12:45,3,161.66
667,2025-01-20 11:15:52,2026-04-14 16:12:33,3,326.04
668,2024-10-15 13:52:35,2026-04-14 15:32:16,2,65.82
669,2026-04-14 10:31:44,2026-04-14 10:31:44,1,53.5
670,2026-04-14 07:27:29,2026-04-14 07:27:29,1,100.0
673,2026-04-13 14:39:57,2026-04-13 14:39:57,1,37.93
674,2026-04-13 06:27:19,2026-04-13 06:27:19,1,39.0
675,2026-04-12 19:36:01,2026-04-12 19:36:01,1,54.7
676,2026-04-12 17:49:09,2026-04-12 17:49:09,1,24.85
677,2026-04-12 16:20:06,2026-04-12 16:20:06,1,24.85
678,2026-04-12 16:05:28,2026-04-12 16:05:28,1,55.8
679,2026-04-12 11:31:25,2026-04-12 11:31:25,1,39.0
680,2026-04-12 10:11:32,2026-04-12 10:11:32,1,62.7
681,2026-03-09 19:42:49,2026-04-12 08:56:21,2,63.55
682,2026-04-10 14:58:16,2026-04-10 14:58:16,1,35.82
683,2026-04-10 11:49:09,2026-04-10 11:49:09,1,49.47
684,2026-04-09 20:08:07,2026-04-09 20:08:07,1,51.9
685,2025-11-06 14:17:41,2026-04-09 14:34:45,2,104.4
686,2024-02-06 15:36:47,2025-11-09 13:16:03,17,1050.76
687,2026-04-09 10:40:34,2026-04-09 10:40:34,1,39.8
688,2026-02-02 16:15:35,2026-04-09 10:31:57,2,308.02
689,2026-03-22 20:26:57,2026-04-09 10:06:31,2,78.52000000000001
690,2025-11-15 07:05:01,2026-04-09 07:01:18,3,104.86
691,2026-04-09 06:52:11,2026-04-09 06:52:11,1,39.0
692,2026-04-08 20:10:53,2026-04-08 20:10:53,1,53.9
693,2026-04-08 14:53:04,2026-04-08 14:53:04,1,33.92
694,2026-04-08 12:22:44,2026-04-08 12:22:44,1,39.9
695,2026-04-08 09:20:00,2026-04-08 09:20:00,1,33.7
696,2026-04-08 07:32:53,2026-04-08 07:32:53,1,70.0
700,2026-04-08 07:28:33,2026-04-08 07:28:33,1,50.0
703,2024-11-23 15:51:41,2026-04-07 19:52:01,6,219.51
704,2026-04-07 18:38:11,2026-04-07 18:38:11,1,78.2
705,2025-10-23 15:29:36,2026-04-07 16:43:41,7,175.39
706,2025-07-15 13:51:28,2026-04-07 11:12:22,3,74.00999999999999
707,2025-03-12 08:09:02,2026-04-07 10:57:47,2,76.5
708,2023-09-07 15:12:48,2026-04-07 10:12:31,5,300.5
709,2026-01-21 22:12:01,2026-04-07 08:30:48,2,73.82
710,2026-04-06 20:18:46,2026-04-06 20:18:46,1,35.82
711,2024-11-04 15:38:10,2024-11-04 15:38:10,1,73.2
712,2026-04-06 16:11:05,2026-04-06 16:11:05,1,39.9
713,2026-04-06 13:28:21,2026-04-06 13:28:21,1,24.85
714,2026-04-06 12:05:14,2026-04-06 12:05:14,1,39.0
715,2026-04-06 10:25:51,2026-04-06 10:25:51,1,32.8
716,2026-02-17 12:54:09,2026-04-06 09:19:36,3,184.13
717,2026-04-05 07:39:07,2026-04-05 07:39:07,1,24.85
718,2026-04-04 17:55:36,2026-04-04 17:55:36,1,75.7
719,2026-04-04 13:03:31,2026-04-04 13:03:31,1,42.9
720,2026-04-04 11:33:53,2026-04-04 11:33:53,1,39.0
721,2025-07-15 11:13:10,2026-04-04 10:14:54,2,156.54000000000002
722,2025-02-16 09:10:03,2026-04-04 09:15:50,10,321.44
723,2026-02-23 14:23:24,2026-04-04 06:55:16,2,111.6
724,2026-04-03 19:58:33,2026-04-03 19:58:33,1,47.6
725,2026-04-03 16:25:04,2026-04-03 16:25:04,1,24.84
726,2023-02-07 08:24:05,2026-04-03 14:13:34,3,104.00999999999999
727,2025-01-21 13:41:37,2026-04-03 12:55:16,4,132.49
728,2026-04-03 11:42:40,2026-04-03 11:42:40,1,32.14
729,2026-04-03 10:52:53,2026-04-03 10:52:53,1,40.0
732,2026-04-03 10:51:52,2026-04-03 10:51:52,1,66.0
734,2024-06-17 14:11:37,2026-04-03 10:44:41,4,425.99
735,2026-04-03 06:58:12,2026-04-03 06:58:12,1,39.13
736,2026-04-02 17:24:01,2026-04-02 17:24:01,1,71.8
738,2025-11-02 16:59:39,2026-04-02 13:07:29,2,90.66
739,2026-04-02 11:59:12,2026-04-02 11:59:12,1,67.5
740,2026-04-02 11:32:43,2026-04-02 11:32:43,1,39.8
741,2026-04-02 07:48:59,2026-04-02 07:48:59,1,44.92
742,2026-04-02 04:51:29,2026-04-02 04:51:29,1,39.0
743,2024-08-22 10:45:28,2026-04-01 20:38:17,2,114.89
744,2026-04-01 16:15:37,2026-04-01 16:15:37,1,34.02
745,2026-04-01 15:33:13,2026-04-01 15:33:13,1,35.82
746,2025-04-20 21:05:38,2025-10-15 15:05:13,2,72.89
747,2026-04-01 12:37:23,2026-04-01 12:37:23,1,33.5
748,2026-04-01 10:09:28,2026-04-01 10:09:28,1,37.14
749,2026-03-31 18:16:49,2026-03-31 18:16:49,1,42.53
750,2026-03-31 18:16:42,2026-03-31 18:16:42,1,32.8
751,2025-01-02 09:54:15,2026-03-31 15:30:19,6,311.9
752,2026-03-31 14:59:39,2026-03-31 14:59:39,1,36.64
753,2026-03-31 13:39:11,2026-03-31 13:39:11,1,304.01
754,2026-03-10 14:40:15,2026-03-31 08:06:06,3,194.78
755,2025-04-13 19:49:43,2026-03-30 20:29:44,6,335.02
756,2026-03-30 13:11:07,2026-03-30 13:11:07,1,104.0
760,2026-03-30 12:29:16,2026-03-30 12:29:16,1,98.43
761,2026-03-30 11:32:36,2026-03-30 11:32:36,1,33.77
762,2026-03-30 10:46:41,2026-03-30 10:46:41,1,151.62
763,2026-03-29 16:49:09,2026-03-29 16:49:09,1,45.8
764,2026-03-29 15:55:28,2026-03-29 15:55:28,1,39.8
765,2026-02-28 12:27:14,2026-03-29 12:19:49,2,87.1
766,2026-03-29 08:19:55,2026-03-29 08:19:55,1,29.52
767,2026-03-28 17:58:04,2026-03-28 17:58:04,1,42.9
768,2025-09-28 12:18:24,2026-03-28 14:26:48,2,83.66999999999999
769,2026-01-25 12:06:24,2026-03-27 15:06:24,2,62.65
770,2026-03-27 14:08:22,2026-03-27 14:08:22,1,33.21
771,2023-02-12 08:58:46,2026-03-27 13:01:11,4,201.22
772,2024-05-18 17:18:17,2026-03-27 12:47:33,5,224.13
773,2026-03-27 11:36:18,2026-03-27 11:36:18,1,30.75
774,2023-03-16 11:39:42,2026-03-27 10:31:18,2,86.93
775,2026-03-27 10:28:11,2026-03-27 10:28:11,1,30.0
777,2026-03-27 10:12:07,2026-03-27 10:12:07,1,52.8
778,2023-03-17 12:12:26,2026-03-27 10:12:00,3,235.22
779,2026-03-27 09:23:30,2026-03-27 09:23:30,1,59.08
780,2026-03-27 09:15:57,2026-03-27 09:15:57,1,35.82
781,2026-03-27 03:39:07,2026-03-27 03:39:07,1,28.75
782,2026-03-26 22:01:16,2026-03-26 22:01:16,1,34.8
783,2023-04-19 08:39:02,2026-03-26 18:53:43,5,399.71000000000004
784,2026-03-26 18:52:29,2026-03-26 18:52:29,1,29.43
785,2026-03-26 16:52:23,2026-03-26 16:52:23,1,64.7
786,2026-03-26 14:41:52,2026-03-26 14:41:52,1,39.9
787,2025-01-16 16:11:43,2026-03-26 13:02:53,6,496.65999999999997
788,2026-03-26 12:07:35,2026-03-26 12:07:35,1,70.0
790,2026-03-26 12:02:05,2026-03-26 12:02:05,1,30.0
791,2026-03-26 12:01:04,2026-03-26 12:01:04,1,13.0
792,2026-03-26 11:59:33,2026-03-26 11:59:33,1,21.0
794,2026-03-26 10:40:50,2026-03-26 10:40:50,1,24.85
795,2026-03-26 07:35:52,2026-03-26 07:35:52,1,39.8
796,2026-03-26 06:24:09,2026-03-26 06:24:09,1,30.8
797,2025-06-25 13:04:16,2026-03-25 18:23:17,5,227.15
798,2026-02-23 00:47:58,2026-03-25 14:54:23,2,132.54000000000002
799,2026-03-25 14:24:43,2026-03-25 14:24:43,1,34.83
800,2025-03-06 08:29:44,2026-03-25 13:45:04,3,157.57
801,2023-08-04 11:58:00,2026-03-25 11:48:29,15,899.0799999999999
802,2024-04-01 09:58:32,2026-03-25 11:23:13,2,91.81
803,2023-02-19 05:38:09,2026-03-25 09:55:42,7,857.79
804,2026-03-25 09:42:51,2026-03-25 09:42:51,1,29.52
806,2025-03-24 22:40:31,2026-03-24 23:45:07,9,196.85
807,2026-03-24 21:30:07,2026-03-24 21:30:07,1,232.62
808,2024-11-24 07:22:24,2026-03-24 17:47:45,6,222.77
809,2026-03-24 17:19:19,2026-03-24 17:19:19,1,51.01
810,2026-03-24 15:35:09,2026-03-24 15:35:09,1,44.01
811,2025-10-28 12:53:32,2025-10-28 12:53:32,1,35.97
812,2024-12-02 09:50:01,2026-03-24 13:27:03,2,205.7
813,2024-04-12 09:07:41,2026-03-24 12:43:27,2,108.8
814,2023-06-05 17:59:15,2026-03-24 07:41:43,4,174.85
815,2024-12-19 17:12:00,2026-03-24 07:28:18,6,316.76
816,2025-08-11 22:17:31,2026-03-23 18:57:12,2,151.82
817,2026-02-06 15:31:29,2026-02-17 12:40:07,2,98.84
818,2026-03-23 12:18:51,2026-03-23 12:18:51,1,32.8
819,2025-05-28 16:42:56,2026-03-23 11:56:51,5,578.0699999999999
820,2023-11-14 12:43:03,2026-03-23 10:15:34,2,185.87
821,2026-03-23 09:48:27,2026-03-23 09:48:27,1,39.8
823,2026-03-23 08:35:29,2026-03-23 08:35:29,1,38.63
824,2026-02-16 19:49:10,2026-03-23 08:15:18,2,93.19999999999999
825,2026-03-09 22:36:09,2026-03-22 23:45:16,2,84.08
826,2026-03-22 20:35:00,2026-03-22 20:35:00,1,26.76
827,2026-03-22 18:06:45,2026-03-22 18:06:45,1,15.84
828,2026-03-22 13:45:34,2026-03-22 13:45:34,1,59.7
829,2026-03-22 12:14:16,2026-03-22 12:14:16,1,38.6
830,2026-01-14 16:33:20,2026-03-22 10:32:26,2,95.26
831,2026-01-24 09:37:10,2026-03-22 09:28:17,3,116.27
832,2026-03-22 09:10:00,2026-03-22 09:10:00,1,17.85
833,2026-03-21 20:15:11,2026-03-21 20:15:11,1,39.8
834,2026-01-01 14:30:28,2026-03-21 08:08:55,3,151.91
835,2026-03-21 06:29:15,2026-03-21 06:29:15,1,42.9
836,2023-10-03 15:16:41,2026-03-21 05:49:44,4,666.9
837,2026-03-20 17:44:23,2026-03-20 17:44:23,1,130.7
838,2026-03-20 15:12:10,2026-03-20 15:12:10,1,43.7
839,2026-03-20 13:16:54,2026-03-20 13:16:54,1,43.8
840,2026-03-20 10:28:05,2026-03-20 10:28:05,1,57.73
841,2026-03-20 09:41:09,2026-03-20 09:41:09,1,22.85
842,2026-03-20 05:06:11,2026-03-20 05:06:11,1,39.0
843,2026-01-12 20:20:13,2026-03-19 20:17:55,2,67.35
844,2026-03-19 19:42:50,2026-03-19 19:42:50,1,111.6
845,2025-08-09 09:53:45,2026-03-19 11:57:15,5,191.87
846,2026-03-15 12:44:47,2026-03-19 09:53:56,2,115.42
847,2026-03-19 07:50:05,2026-03-19 07:50:05,1,30.0
848,2026-03-19 07:49:22,2026-03-19 07:49:22,1,110.0
852,2026-03-19 07:42:36,2026-03-19 07:42:36,1,93.0
859,2025-04-05 21:41:59,2026-03-18 17:55:01,7,342.2
860,2025-03-31 16:16:39,2025-03-31 16:16:39,1,38.7
861,2024-01-06 11:30:37,2026-03-18 10:45:06,2,194.41
862,2025-04-08 08:20:48,2026-03-18 08:04:19,2,72.97
863,2026-03-18 02:55:34,2026-03-18 02:55:34,1,87.7
864,2025-12-09 21:45:27,2026-03-17 09:32:06,3,262.65999999999997
865,2026-03-16 19:44:49,2026-03-16 19:44:49,1,34.5
866,2026-03-16 17:57:47,2026-03-16 17:57:47,1,34.92
867,2024-11-08 12:50:17,2026-03-16 17:20:25,4,209.82
868,2025-09-26 13:54:03,2026-03-16 16:04:51,3,201.11
869,2025-06-02 22:37:57,2026-03-15 23:05:54,5,253.57
870,2026-03-15 19:23:38,2026-03-15 19:23:38,1,35.91
871,2026-03-15 13:42:10,2026-03-15 13:42:10,1,31.63
873,2025-06-06 16:00:22,2026-03-14 14:05:13,2,113.2
874,2026-03-14 13:16:37,2026-03-14 13:16:37,1,39.8
875,2026-03-14 08:55:31,2026-03-14 08:55:31,1,30.23
876,2026-03-13 23:52:36,2026-03-13 23:52:36,1,39.9
877,2024-10-05 16:30:57,2026-03-13 20:40:26,6,329.53
878,2026-03-12 21:04:10,2026-03-12 21:04:10,1,23.85
879,2025-12-01 14:36:06,2026-03-12 10:46:44,2,46.81
880,2026-03-12 08:40:17,2026-03-12 08:40:17,1,70.0
882,2026-03-12 08:39:36,2026-03-12 08:39:36,1,50.0
884,2026-03-12 08:01:05,2026-03-12 08:01:05,1,35.7
885,2026-03-12 07:35:48,2026-03-12 07:35:48,1,35.82
888,2026-03-11 16:36:43,2026-03-11 16:36:43,1,38.63
889,2026-03-11 16:25:01,2026-03-11 16:25:01,1,59.8
890,2026-03-11 08:35:13,2026-03-11 08:35:13,1,10.0
892,2026-03-11 08:34:35,2026-03-11 08:34:35,1,60.0
893,2026-03-11 08:33:47,2026-03-11 08:33:47,1,56.0
896,2026-03-11 08:31:51,2026-03-11 08:31:51,1,44.0
898,2024-07-08 08:35:19,2026-03-10 18:35:17,2,141.04000000000002
899,2026-03-10 18:23:48,2026-03-10 18:23:48,1,59.7
900,2026-03-10 18:14:27,2026-03-10 18:14:27,1,43.18
901,2026-03-10 16:21:51,2026-03-10 16:21:51,1,39.0
902,2026-01-03 14:19:56,2026-03-10 11:23:14,3,151.97
903,2026-03-10 08:48:41,2026-03-10 08:48:41,1,38.8
904,2026-03-10 05:39:19,2026-03-10 05:39:19,1,106.67
905,2025-10-03 17:56:13,2026-03-09 18:00:34,7,499.63
906,2026-03-09 09:36:43,2026-03-09 09:36:43,1,39.0
907,2023-09-16 15:52:57,2026-03-08 19:31:24,8,1896.17
908,2025-09-30 09:38:25,2026-03-08 08:47:02,2,139.89
909,2025-12-06 08:06:12,2026-03-08 08:14:35,2,152.75
910,2024-09-12 06:12:04,2026-03-07 19:46:55,6,565.97
911,2026-03-07 17:40:34,2026-03-07 17:40:34,1,37.91
912,2026-03-07 17:00:35,2026-03-07 17:00:35,1,32.28
913,2026-03-07 12:55:58,2026-03-07 12:55:58,1,74.7
914,2026-03-07 12:00:46,2026-03-07 12:00:46,1,26.75
915,2026-01-21 16:45:09,2026-02-13 14:03:19,2,79.8
916,2026-03-06 19:42:02,2026-03-06 19:42:02,1,29.52
917,2026-03-06 19:20:39,2026-03-06 19:20:39,1,59.47
918,2024-11-24 00:01:02,2026-03-06 18:27:31,6,412.21000000000004
919,2025-10-12 12:02:56,2026-03-06 17:58:39,3,79.14
920,2026-03-06 13:27:56,2026-03-06 13:27:56,1,33.0
922,2026-02-20 20:13:38,2026-03-06 12:51:48,2,74.53999999999999
923,2026-03-06 11:25:01,2026-03-06 11:25:01,1,94.27
924,2026-03-06 10:51:06,2026-03-06 10:51:06,1,32.8
925,2023-03-15 09:50:10,2026-03-06 10:39:13,3,169.28
926,2026-03-06 10:33:22,2026-03-06 10:33:22,1,30.79
927,2026-03-05 23:38:28,2026-03-05 23:38:28,1,39.0
928,2026-03-05 18:40:24,2026-03-05 18:40:24,1,41.7
929,2026-03-05 17:17:22,2026-03-05 17:17:22,1,108.01
930,2026-03-05 16:49:22,2026-03-05 16:49:22,1,29.52
931,2023-05-14 08:55:21,2026-03-05 11:22:42,10,415.92
932,2026-01-02 14:28:48,2026-03-05 11:07:49,2,96.17
933,2024-02-17 15:09:50,2026-03-05 10:08:56,2,135.43
934,2023-09-28 19:59:26,2026-03-05 07:43:38,7,651.04
935,2026-03-05 07:35:39,2026-03-05 07:35:39,1,31.63
936,2024-12-03 13:59:47,2026-03-04 19:45:52,2,71.19999999999999
937,2025-03-31 15:49:50,2026-03-04 19:06:08,3,116.89
938,2026-03-04 17:46:55,2026-03-04 17:46:55,1,32.8
939,2026-03-04 16:46:42,2026-03-04 16:46:42,1,35.91
940,2026-03-04 14:58:33,2026-03-04 14:58:33,1,56.7
941,2026-03-04 14:12:00,2026-03-04 14:12:00,1,53.43
942,2026-03-04 13:11:02,2026-03-04 13:11:02,1,42.9
943,2024-02-02 12:26:26,2026-03-04 09:53:25,2,60.81
944,2026-03-03 22:29:50,2026-03-03 22:29:50,1,43.7
945,2026-03-03 22:02:35,2026-03-03 22:02:35,1,30.23
946,2026-03-03 19:05:53,2026-03-03 19:05:53,1,42.9
947,2025-11-16 18:58:02,2026-03-03 18:40:48,3,133.92000000000002
948,2026-03-03 18:15:50,2026-03-03 18:15:50,1,34.02
949,2026-03-03 15:48:52,2026-03-03 15:48:52,1,39.9
950,2025-12-03 10:55:12,2026-03-03 14:42:27,2,136.10000000000002
951,2024-12-20 13:28:48,2026-03-03 13:54:05,5,282.84
952,2026-02-25 13:15:00,2026-03-03 13:36:14,2,155.15
953,2026-03-03 13:18:08,2026-03-03 13:18:08,1,44.56
954,2026-03-03 13:08:24,2026-03-03 13:08:24,1,71.64
955,2026-03-03 12:22:15,2026-03-03 12:22:15,1,39.0
956,2026-03-03 11:50:42,2026-03-03 11:50:42,1,42.6
957,2024-10-29 17:49:02,2026-03-03 10:00:42,9,407.32
958,2026-03-03 09:27:03,2026-03-03 09:27:03,1,39.9
959,2026-03-02 19:29:10,2026-03-02 19:29:10,1,39.0
960,2026-03-02 15:35:43,2026-03-02 15:35:43,1,89.65
961,2025-03-17 14:06:16,2026-03-02 12:52:50,5,165.54000000000002
962,2025-10-01 10:14:52,2026-03-02 11:02:24,3,345.9
963,2026-03-02 08:53:57,2026-03-02 08:53:57,1,39.0
964,2024-01-07 20:29:58,2026-01-20 16:18:37,22,1233.58
965,2025-07-24 15:58:51,2026-03-01 15:33:26,10,519.11
966,2026-03-01 15:23:20,2026-03-01 15:23:20,1,103.78
967,2026-03-01 14:40:26,2026-03-01 14:40:26,1,35.91
968,2026-03-01 14:25:12,2026-03-01 14:25:12,1,29.52
969,2024-02-13 20:45:38,2026-03-01 11:24:11,2,115.94999999999999
970,2026-02-28 18:42:31,2026-02-28 18:42:31,1,93.43
971,2026-02-28 17:56:39,2026-02-28 17:56:39,1,68.95
972,2024-01-24 10:41:01,2026-02-28 13:54:06,12,1365.43
973,2025-12-21 19:08:05,2026-02-28 09:36:23,2,74.02
974,2024-01-05 14:05:53,2026-02-28 08:57:48,5,251.93
975,2026-02-13 07:46:22,2026-02-28 08:36:27,2,198.85
976,2026-02-27 22:06:09,2026-02-27 22:06:09,1,70.38
977,2025-12-12 19:19:00,2025-12-12 19:19:00,1,52.7
978,2026-02-27 13:33:00,2026-02-27 13:33:00,1,44.12
979,2026-02-27 12:20:44,2026-02-27 12:20:44,1,29.8
980,2026-02-27 11:55:49,2026-02-27 11:55:49,1,77.63
981,2026-02-27 09:16:02,2026-02-27 09:16:02,1,35.1
982,2026-02-27 07:55:50,2026-02-27 07:55:50,1,134.0
985,2024-10-15 07:51:50,2026-02-27 01:50:28,6,247.78
986,2025-06-23 15:50:50,2026-02-26 11:03:38,2,141.26999999999998
987,2026-02-26 10:58:35,2026-02-26 10:58:35,1,60.0
989,2026-02-26 08:56:32,2026-02-26 08:56:32,1,46.53
990,2026-02-26 08:15:37,2026-02-26 08:15:37,1,276.0
993,2026-02-25 22:02:25,2026-02-25 22:02:25,1,39.9
994,2026-02-25 21:53:30,2026-02-25 21:53:30,1,39.8
995,2026-01-17 13:48:31,2026-02-25 21:35:15,2,71.41
996,2026-02-25 17:11:01,2026-02-25 17:11:01,1,33.12
997,2026-02-25 11:53:07,2026-02-25 11:53:07,1,39.0
998,2026-02-25 08:31:35,2026-02-25 08:31:35,1,64.48
999,2026-02-24 21:25:25,2026-02-24 21:25:25,1,53.02
1000,2023-08-05 20:31:18,2026-02-24 18:25:47,4,389.5
1002,2025-09-04 11:00:37,2026-02-24 10:11:45,3,111.08
1003,2026-02-24 09:02:01,2026-02-24 09:02:01,1,35.91
1004,2026-02-24 08:35:59,2026-02-24 08:35:59,1,39.9
1005,2024-05-27 12:07:40,2026-02-24 05:46:14,2,102.56
1006,2026-02-23 16:02:09,2026-02-23 16:02:09,1,43.8
1007,2025-12-15 18:20:21,2026-02-23 10:53:12,2,63.480000000000004
1008,2026-02-23 09:25:17,2026-02-23 09:25:17,1,17.85
1009,2026-02-23 02:29:37,2026-02-23 02:29:37,1,39.9
1010,2026-02-22 14:28:16,2026-02-22 14:28:16,1,81.81
1011,2026-02-22 12:56:28,2026-02-22 12:56:28,1,41.14
1012,2026-02-22 11:42:15,2026-02-22 11:42:15,1,37.81
1013,2026-02-22 08:33:27,2026-02-22 08:33:27,1,28.75
1014,2026-02-21 07:04:34,2026-02-21 07:04:34,1,78.85
1015,2026-01-22 22:19:34,2026-02-20 15:38:34,2,71.65
1016,2026-02-20 13:58:11,2026-02-20 13:58:11,1,39.9
1017,2025-10-19 20:36:36,2026-02-20 09:45:44,2,113.07
1018,2026-02-19 15:41:47,2026-02-19 15:41:47,1,17.85
1019,2026-02-19 11:07:02,2026-02-19 11:07:02,1,35.91
1020,2026-02-19 09:43:32,2026-02-19 09:43:32,1,38.63
1021,2026-02-19 08:48:31,2026-02-19 08:48:31,1,36.64
1023,2026-02-19 06:00:10,2026-02-19 06:00:10,1,44.8
1024,2026-02-18 15:28:39,2026-02-18 15:28:39,1,106.44
1025,2024-11-11 11:30:08,2026-02-18 13:23:40,4,173.16
1026,2026-02-18 11:09:35,2026-02-18 11:09:35,1,50.78
1027,2026-02-18 10:05:39,2026-02-18 10:05:39,1,39.9
1028,2026-02-18 09:20:08,2026-02-18 09:20:08,1,39.9
1029,2024-10-06 11:26:36,2026-02-17 16:54:00,5,312.54
1030,2025-08-15 06:53:56,2026-02-17 14:24:40,3,95.27
1031,2026-02-17 08:29:31,2026-02-17 08:29:31,1,43.8
1032,2026-02-16 21:03:46,2026-02-16 21:03:46,1,34.03
1033,2026-02-16 18:20:21,2026-02-16 18:20:21,1,39.9
1034,2025-02-06 19:36:09,2026-02-16 15:09:42,2,78.78
1036,2025-12-31 12:10:35,2026-02-16 12:37:36,2,150.82999999999998
1037,2026-02-16 11:39:02,2026-02-16 11:39:02,1,39.9
1039,2026-02-15 20:26:55,2026-02-15 20:26:55,1,41.61
1040,2026-02-15 19:30:39,2026-02-15 19:30:39,1,32.8
1041,2024-11-07 11:49:23,2026-02-15 19:20:53,2,74.8
1042,2026-02-15 16:35:34,2026-02-15 16:35:34,1,52.7
1043,2023-12-10 14:34:11,2026-02-15 15:52:22,4,276.93
1044,2026-02-15 14:08:52,2026-02-15 14:08:52,1,36.64
1045,2026-02-15 11:23:41,2026-02-15 11:23:41,1,35.1
1046,2026-02-15 10:19:58,2026-02-15 10:19:58,1,34.03
1047,2026-02-14 15:06:21,2026-02-14 15:06:21,1,39.9
1049,2026-02-14 09:04:43,2026-02-14 09:04:43,1,42.9
1050,2023-09-15 17:10:04,2026-02-13 17:37:38,4,438.15000000000003
1051,2026-02-13 16:05:34,2026-02-13 16:05:34,1,47.63
1052,2026-02-13 14:12:19,2026-02-13 14:12:19,1,46.73
1053,2024-04-23 05:02:01,2026-02-13 12:40:31,2,206.23
1054,2026-02-13 12:35:50,2026-02-13 12:35:50,1,41.65
1055,2024-07-04 18:05:47,2024-09-28 13:59:53,2,76.50999999999999
1056,2026-02-12 17:58:30,2026-02-12 17:58:30,1,37.81
1057,2026-02-12 16:18:22,2026-02-12 16:18:22,1,125.69
1058,2026-02-12 10:42:27,2026-02-12 10:42:27,1,39.9
1059,2025-11-02 16:33:45,2026-02-12 08:53:36,2,97.65
1060,2026-02-11 21:29:30,2026-02-11 21:29:30,1,105.31
1061,2026-02-11 20:24:48,2026-02-11 20:24:48,1,38.63
1062,2025-11-30 18:31:35,2026-02-11 14:42:25,2,450.91999999999996
1063,2025-12-06 08:39:40,2026-02-11 12:09:26,5,193.47
1064,2026-02-11 10:29:20,2026-02-11 10:29:20,1,54.7
1065,2026-02-11 08:56:19,2026-02-11 08:56:19,1,58.23
1066,2025-07-24 11:59:18,2025-09-19 15:56:18,2,120.62
1067,2026-02-10 10:31:50,2026-02-10 10:31:50,1,39.0
1068,2026-02-10 08:37:34,2026-02-10 08:37:34,1,32.8
1069,2025-01-12 20:59:13,2026-02-09 22:53:30,12,1107.03
1070,2026-02-09 21:57:07,2026-02-09 21:57:07,1,44.8
1071,2023-11-02 13:42:18,2026-02-09 21:53:13,4,204.63
1072,2026-02-09 19:34:42,2026-02-09 19:34:42,1,81.74
1073,2026-02-09 16:48:40,2026-02-09 16:48:40,1,24.85
1074,2026-02-09 15:49:55,2026-02-09 15:49:55,1,39.9
1075,2025-07-10 14:26:02,2026-02-09 15:32:08,4,200.49
1076,2026-02-08 14:36:43,2026-02-08 14:36:43,1,69.69
1077,2026-02-08 07:59:20,2026-02-08 07:59:20,1,58.51
1078,2026-02-07 21:02:56,2026-02-07 21:02:56,1,25.75
1079,2026-02-07 17:47:49,2026-02-07 17:47:49,1,50.56
1080,2026-02-07 14:58:06,2026-02-07 14:58:06,1,71.6
1081,2026-02-07 08:53:23,2026-02-07 08:53:23,1,44.8
1082,2026-02-07 07:26:59,2026-02-07 07:26:59,1,36.63
1083,2025-09-08 11:40:00,2026-02-07 04:58:09,2,181.28
1084,2026-02-06 18:34:27,2026-02-06 18:34:27,1,35.77
1085,2026-02-06 16:10:37,2026-02-06 16:10:37,1,75.54
1086,2026-01-06 16:04:04,2026-02-05 20:58:35,2,79.5
1088,2024-05-02 17:44:14,2026-02-05 13:27:52,9,451.97
1089,2023-03-15 09:57:31,2026-02-05 12:17:00,3,220.57999999999998
1090,2026-02-05 11:44:41,2026-02-05 11:44:41,1,70.38
1091,2025-02-03 19:45:05,2026-02-05 11:29:06,2,102.29
1093,2026-02-04 23:38:44,2026-02-04 23:38:44,1,33.65
1094,2026-02-04 17:41:56,2026-02-04 17:41:56,1,38.63
1095,2024-03-18 12:54:04,2026-02-04 14:29:40,4,159.4
1096,2026-02-04 13:45:51,2026-02-04 13:45:51,1,55.8
1097,2025-07-04 16:15:12,2026-02-04 13:33:22,2,149.79
1098,2026-02-04 13:04:11,2026-02-04 13:04:11,1,78.2
1099,2024-05-02 16:34:11,2026-02-04 12:36:32,2,129.95
1100,2026-02-04 09:03:38,2026-02-04 09:03:38,1,37.81
1101,2026-02-03 11:57:53,2026-02-03 11:57:53,1,51.97
1102,2026-02-03 09:15:22,2026-02-03 09:15:22,1,39.9
1103,2026-02-03 07:41:02,2026-02-03 07:41:02,1,39.81
1104,2026-02-03 03:56:15,2026-02-03 03:56:15,1,38.89
1106,2026-02-02 15:07:58,2026-02-02 15:07:58,1,35.91
1107,2026-02-02 12:33:10,2026-02-02 12:33:10,1,77.1
1108,2026-02-02 11:53:09,2026-02-02 11:53:09,1,57.73
1109,2026-02-02 09:18:55,2026-02-02 09:18:55,1,120.82
1110,2026-02-01 19:14:22,2026-02-01 19:14:22,1,35.91
1112,2026-02-01 16:38:46,2026-02-01 16:38:46,1,28.75
1113,2026-02-01 12:04:33,2026-02-01 12:04:33,1,118.19
1114,2026-01-31 17:12:41,2026-01-31 17:12:41,1,37.67
1116,2026-01-11 16:44:42,2026-01-31 06:22:44,2,122.66
1117,2025-06-18 20:00:21,2026-01-30 12:45:58,5,228.88
1119,2026-01-29 22:41:18,2026-01-29 22:41:18,1,52.4
1120,2026-01-27 18:15:12,2026-01-27 18:15:12,1,34.48
1122,2026-01-27 12:43:23,2026-01-27 12:43:23,1,72.0
1123,2026-01-27 11:16:37,2026-01-27 11:16:37,1,71.64
1124,2024-06-04 15:06:56,2026-01-27 10:37:58,2,77.3
1125,2026-01-26 18:27:25,2026-01-26 18:27:25,1,87.6
1126,2026-01-26 15:53:55,2026-01-26 15:53:55,1,35.91
1127,2024-06-05 14:28:12,2026-01-26 09:35:29,7,306.2
1128,2026-01-26 06:50:26,2026-01-26 06:50:26,1,151.62
1129,2025-03-14 14:40:24,2026-01-25 19:48:17,2,123.94999999999999
1130,2026-01-25 19:47:21,2026-01-25 19:47:21,1,50.76
1131,2026-01-25 15:51:11,2026-01-25 15:51:11,1,50.9
1132,2026-01-25 15:38:09,2026-01-25 15:38:09,1,55.8
1133,2023-08-21 15:56:25,2026-01-25 12:59:19,2,515.31
1134,2026-01-25 00:13:35,2026-01-25 00:13:35,1,56.7
1135,2026-01-24 20:37:03,2026-01-24 20:37:03,1,26.85
1137,2026-01-24 16:15:11,2026-01-24 16:15:11,1,39.9
1138,2026-01-13 06:58:38,2026-01-24 15:03:18,2,173.96
1139,2024-01-31 16:22:45,2026-01-24 10:26:15,5,197.05
1140,2026-01-24 07:34:52,2026-01-24 07:34:52,1,89.55
1141,2026-01-23 20:05:08,2026-01-23 20:05:08,1,52.34
1142,2026-01-23 13:16:33,2026-01-23 13:16:33,1,40.72
1143,2025-10-11 16:36:18,2026-01-23 12:45:08,2,69.72
1144,2026-01-23 10:59:06,2026-01-23 10:59:06,1,42.9
1146,2026-01-22 19:07:48,2026-01-22 19:07:48,1,35.82
1148,2026-01-22 11:04:21,2026-01-22 11:04:21,1,39.75
1149,2025-10-30 14:50:54,2026-01-21 20:41:52,3,161.8
1150,2024-11-20 11:59:10,2026-01-21 20:17:27,4,162.76999999999998
1151,2026-01-21 19:34:13,2026-01-21 19:34:13,1,43.8
1152,2025-10-29 12:58:38,2026-01-21 12:49:38,2,108.83
1153,2026-01-21 12:40:11,2026-01-21 12:40:11,1,35.1
1154,2023-02-01 14:56:16,2026-01-21 10:46:10,9,800.81
1155,2026-01-21 09:43:29,2026-01-21 09:43:29,1,35.91
1156,2025-12-03 18:35:36,2026-01-20 22:54:53,2,126.66
1157,2026-01-20 19:47:37,2026-01-20 19:47:37,1,22.86
1158,2026-01-20 13:45:46,2026-01-20 13:45:46,1,24.85
1159,2026-01-20 10:00:37,2026-01-20 10:00:37,1,38.6
1160,2025-07-24 14:00:06,2026-01-20 09:58:49,2,464.29999999999995
1161,2025-10-09 16:04:40,2026-01-20 09:36:41,3,60.8
1162,2026-01-20 08:54:21,2026-01-20 08:54:21,1,55.58
1163,2025-11-12 08:29:32,2026-01-19 20:39:57,2,98.25
1164,2026-01-19 19:22:27,2026-01-19 19:22:27,1,39.9
1165,2026-01-19 17:21:41,2026-01-19 17:21:41,1,49.17
1166,2026-01-19 13:15:08,2026-01-19 13:15:08,1,37.62
1167,2025-10-21 12:59:09,2026-01-19 12:18:49,3,107.5
1168,2026-01-19 11:41:41,2026-01-19 11:41:41,1,35.0
1169,2026-01-19 11:41:08,2026-01-19 11:41:08,1,15.0
1170,2025-06-27 11:21:14,2026-01-19 07:53:29,4,274.99
1171,2025-11-09 07:39:25,2026-01-18 20:37:32,2,118.17
1172,2026-01-18 16:52:15,2026-01-18 16:52:15,1,38.63
1173,2025-03-22 09:58:55,2026-01-17 16:48:16,2,95.93
1174,2025-09-23 19:44:45,2026-01-17 14:58:44,2,95.3
1175,2025-12-18 13:02:37,2026-01-17 13:04:54,2,110.28
1176,2026-01-17 11:51:05,2026-01-17 11:51:05,1,51.9
1177,2026-01-17 10:22:48,2026-01-17 10:22:48,1,39.9
1178,2026-01-16 17:01:15,2026-01-16 17:01:15,1,43.8
1180,2026-01-16 12:29:58,2026-01-16 12:29:58,1,42.53
1181,2026-01-16 11:58:37,2026-01-16 11:58:37,1,39.0
1182,2026-01-16 11:30:45,2026-01-16 11:30:45,1,10.0
1183,2026-01-16 11:28:24,2026-01-16 11:28:24,1,39.0
1185,2026-01-15 22:47:13,2026-01-15 22:47:13,1,90.56
1186,2026-01-15 20:22:45,2026-01-15 20:22:45,1,39.0
1187,2025-11-16 17:55:01,2026-01-15 20:09:37,2,74.05
1188,2026-01-15 13:42:46,2026-01-15 13:42:46,1,39.9
1189,2026-01-15 12:00:46,2026-01-15 12:00:46,1,70.66
1190,2026-01-15 10:46:08,2026-01-15 10:46:08,1,28.75
1191,2026-01-15 09:38:45,2026-01-15 09:38:45,1,41.8
1192,2026-01-15 08:30:32,2026-01-15 08:30:32,1,39.0
1193,2026-01-14 17:05:15,2026-01-14 17:05:15,1,52.92
1194,2026-01-14 15:50:44,2026-01-14 15:50:44,1,71.96
1195,2026-01-14 12:00:31,2026-01-14 12:00:31,1,52.7
1196,2026-01-14 08:00:05,2026-01-14 08:00:05,1,39.9
1197,2026-01-13 18:40:05,2026-01-13 18:40:05,1,42.9
1198,2026-01-13 06:22:12,2026-01-13 06:22:12,1,96.52
1199,2026-01-12 19:57:05,2026-01-12 19:57:05,1,257.04
1200,2024-06-16 21:27:08,2026-01-12 16:47:18,2,70.75999999999999
1201,2026-01-12 16:47:00,2026-01-12 16:47:00,1,37.93
1202,2026-01-12 14:26:54,2026-01-12 14:26:54,1,27.75
1203,2026-01-12 14:25:28,2026-01-12 14:25:28,1,34.8
1204,2026-01-12 14:18:42,2026-01-12 14:18:42,1,89.76
1205,2025-09-13 15:51:19,2026-01-12 10:54:07,3,225.37
1206,2026-01-12 10:24:48,2026-01-12 10:24:48,1,39.9
1207,2025-03-28 14:07:54,2025-12-16 09:28:40,9,279.58
1208,2026-01-11 21:22:33,2026-01-11 21:22:33,1,39.8
1209,2025-11-16 11:57:43,2026-01-11 20:56:52,2,107.05
1210,2026-01-10 20:56:12,2026-01-10 20:56:12,1,39.9
1211,2026-01-10 18:49:50,2026-01-10 18:49:50,1,35.91
1212,2026-01-10 14:53:06,2026-01-10 14:53:06,1,39.9
1213,2026-01-10 13:41:52,2026-01-10 13:41:52,1,36.8
1214,2026-01-10 10:38:38,2026-01-10 10:38:38,1,52.09
1215,2026-01-10 10:30:23,2026-01-10 10:30:23,1,45.18
1217,2026-01-09 15:53:19,2026-01-09 15:53:19,1,39.9
1218,2023-07-25 16:51:06,2026-01-09 09:51:59,2,90.32
1219,2026-01-08 22:42:26,2026-01-08 22:42:26,1,44.7
1221,2025-10-28 17:19:52,2026-01-08 16:18:43,2,135.55
1222,2025-07-09 12:30:44,2025-12-16 11:53:19,3,102.06
1223,2024-10-28 14:31:24,2026-01-08 11:27:09,5,189.73
1224,2026-01-08 04:03:15,2026-01-08 04:03:15,1,78.2
1225,2025-02-11 23:15:10,2026-01-07 15:40:18,2,93.44999999999999
1227,2026-01-07 10:29:37,2026-01-07 10:29:37,1,55.8
1228,2026-01-07 10:16:50,2026-01-07 10:16:50,1,450.0
1232,2026-01-06 23:13:55,2026-01-06 23:13:55,1,43.8
1233,2026-01-06 18:46:13,2026-01-06 18:46:13,1,29.63
1234,2026-01-06 15:24:39,2026-01-06 15:24:39,1,70.59
1235,2025-01-14 17:03:22,2026-01-06 14:23:49,3,280.58
1236,2025-08-13 09:59:35,2026-01-06 13:24:34,4,169.57999999999998
1237,2026-01-06 11:09:18,2026-01-06 11:09:18,1,55.8
1238,2026-01-06 09:49:49,2026-01-06 09:49:49,1,29.9
1239,2026-01-06 08:24:44,2026-01-06 08:24:44,1,50.8
1240,2024-10-05 05:21:44,2026-01-06 06:38:52,15,1118.03
1241,2024-06-17 18:33:55,2026-01-05 19:25:39,3,134.13
1242,2025-11-14 14:20:47,2026-01-05 15:14:41,2,155.2
1243,2024-09-18 12:52:15,2026-01-05 14:50:41,4,255.59
1244,2026-01-05 12:48:17,2026-01-05 12:48:17,1,11.0
1245,2026-01-05 12:47:56,2026-01-05 12:47:56,1,32.0
1246,2026-01-05 12:47:20,2026-01-05 12:47:20,1,72.0
1248,2024-04-06 07:54:10,2025-11-05 10:44:07,12,434.04
1249,2026-01-04 23:34:13,2026-01-04 23:34:13,1,39.9
1251,2026-01-04 20:05:42,2026-01-04 20:05:42,1,38.8
1252,2026-01-04 18:20:57,2026-01-04 18:20:57,1,39.9
1253,2026-01-04 14:26:36,2026-01-04 14:26:36,1,51.9
1255,2026-01-04 11:50:20,2026-01-04 11:50:20,1,33.8
1256,2026-01-04 11:49:02,2026-01-04 11:49:02,1,39.9
1257,2025-10-28 12:10:58,2026-01-04 10:34:01,2,85.99000000000001
1258,2026-01-03 16:34:01,2026-01-03 16:34:01,1,43.8
1259,2026-01-03 16:27:23,2026-01-03 16:27:23,1,33.42
1260,2024-05-11 09:38:34,2026-01-03 11:18:43,12,885.05
1261,2026-01-03 10:49:05,2026-01-03 10:49:05,1,58.51
1262,2026-01-01 23:12:46,2026-01-01 23:12:46,1,43.7
1263,2025-12-31 14:09:36,2025-12-31 14:09:36,1,43.8
1264,2023-10-30 13:47:32,2025-12-31 12:18:49,2,95.39
1265,2025-12-31 08:25:29,2025-12-31 08:25:29,1,39.9
1266,2025-12-30 14:12:57,2025-12-30 14:12:57,1,39.9
1267,2023-12-06 10:43:29,2025-12-30 11:34:19,3,293.2
1268,2025-12-29 23:16:15,2025-12-29 23:16:15,1,35.82
1269,2025-12-29 14:18:06,2025-12-29 14:18:06,1,30.23
1270,2023-11-15 14:41:57,2024-05-09 15:15:36,3,214.98000000000002
1271,2025-12-29 12:53:54,2025-12-29 12:53:54,1,43.8
1272,2025-12-29 01:23:40,2025-12-29 01:23:40,1,43.8
1273,2025-12-27 22:14:02,2025-12-27 22:14:02,1,32.8
1274,2025-12-27 22:09:29,2025-12-27 22:09:29,1,32.8
1275,2025-12-27 17:30:21,2025-12-27 17:30:21,1,32.85
1276,2025-07-25 18:50:59,2025-11-22 08:11:39,5,431.45
1277,2024-10-28 13:49:04,2025-12-26 16:14:21,5,513.6
1278,2025-12-26 13:52:12,2025-12-26 13:52:12,1,32.05
1279,2025-12-25 23:05:00,2025-12-25 23:05:00,1,66.68
1280,2024-10-25 20:34:38,2025-12-23 15:57:20,3,165.57
1281,2025-11-08 17:48:56,2025-12-22 17:08:12,2,110.35
1282,2025-12-22 00:09:43,2025-12-22 00:09:43,1,72.14
1283,2025-12-21 21:24:12,2025-12-21 21:24:12,1,59.7
1284,2025-11-13 21:06:08,2025-12-21 19:48:19,2,109.91999999999999
1286,2025-12-21 16:04:49,2025-12-21 16:04:49,1,77.65
1287,2025-12-21 13:35:02,2025-12-21 13:35:02,1,33.53
1288,2024-07-13 16:12:07,2025-12-21 12:05:33,5,400.9
1289,2025-12-21 07:22:26,2025-12-21 07:23:24,2,117.8
1290,2025-12-20 17:56:42,2025-12-20 17:56:42,1,32.8
1291,2023-11-16 11:59:45,2025-12-20 15:27:55,4,584.63
1292,2025-12-20 11:41:12,2025-12-20 11:41:12,1,31.32
1293,2025-12-19 15:45:59,2025-12-19 15:45:59,1,186.3
1294,2025-11-29 23:33:54,2025-12-19 12:08:52,2,155.68
1295,2025-12-19 10:51:38,2025-12-19 10:51:38,1,30.0
1298,2025-12-19 10:47:19,2025-12-19 10:47:19,1,15.0
1299,2025-12-19 10:16:53,2025-12-19 10:16:53,1,15.0
1301,2024-12-20 20:14:28,2025-12-19 09:58:31,2,87.9
1302,2025-12-18 20:58:57,2025-12-18 20:58:57,1,126.85
1303,2025-12-18 11:53:32,2025-12-18 11:53:32,1,22.0
1304,2025-12-18 11:53:02,2025-12-18 11:53:02,1,59.7
1306,2025-12-18 11:43:15,2025-12-18 11:43:15,1,59.8
1307,2025-12-18 11:09:16,2025-12-18 11:09:16,1,85.0
1310,2025-12-18 08:01:46,2025-12-18 08:01:46,1,90.0
1311,2025-12-18 07:53:04,2025-12-18 07:53:04,1,430.0
1315,2025-12-17 19:33:56,2025-12-17 19:33:56,1,39.9
1316,2025-12-17 10:06:40,2025-12-17 10:06:40,1,50.33
1317,2025-12-16 16:35:28,2025-12-16 16:35:28,1,35.91
1318,2025-12-16 15:02:40,2025-12-16 15:02:40,1,41.13
1319,2025-12-16 09:52:17,2025-12-16 09:52:17,1,34.8
1320,2024-10-22 14:36:40,2025-12-16 08:45:55,2,77.85
1321,2025-12-16 04:49:45,2025-12-16 04:49:45,1,32.5
1322,2023-08-10 06:33:46,2025-12-15 21:25:09,3,403.36
1323,2025-12-15 15:26:43,2025-12-15 15:26:43,1,50.77
1324,2025-11-24 13:48:42,2025-12-15 14:56:44,2,112.3
1325,2025-12-15 14:56:08,2025-12-15 14:56:08,1,24.85
1326,2025-12-15 13:30:30,2025-12-15 13:30:30,1,105.0
1329,2025-12-14 17:49:51,2025-12-14 17:49:51,1,32.8
1330,2025-12-14 17:21:11,2025-12-14 17:21:11,1,62.78
1331,2025-12-14 10:58:01,2025-12-14 10:58:01,1,66.68
1332,2025-09-20 16:40:55,2025-12-13 16:43:00,2,76.75
1333,2023-09-29 12:19:49,2025-12-13 16:42:26,5,322.89
1334,2025-12-06 22:41:10,2025-12-13 14:37:17,2,62.93
1335,2025-12-13 09:23:00,2025-12-13 09:23:00,1,82.1
1336,2025-12-13 01:20:32,2025-12-13 01:20:32,1,65.53
1337,2025-12-12 22:37:42,2025-12-12 22:37:42,1,39.0
1338,2025-12-12 22:34:58,2025-12-12 22:34:58,1,53.71
1339,2023-04-21 11:33:14,2025-12-12 13:25:06,3,174.39
1340,2024-06-16 21:10:56,2025-12-11 21:35:58,5,364.29
1341,2025-12-11 19:48:27,2025-12-11 19:48:27,1,39.9
1343,2024-12-02 11:45:29,2025-12-11 13:18:09,3,154.12
1344,2023-11-02 10:12:43,2023-11-02 10:12:43,1,60.84
1345,2025-02-23 17:26:58,2025-12-11 12:54:54,3,174.38
1346,2025-12-11 07:58:24,2025-12-11 07:58:24,1,0.0
1347,2025-12-10 17:33:21,2025-12-10 17:33:21,1,39.75
1348,2025-12-10 10:21:25,2025-12-10 10:21:25,1,56.9
1349,2025-12-10 09:26:54,2025-12-10 09:26:54,1,58.6
1351,2025-10-08 10:57:03,2025-12-09 19:38:46,2,75.33
1352,2024-05-22 12:14:44,2025-12-09 18:09:33,4,179.56
1353,2025-12-09 13:27:01,2025-12-09 13:27:01,1,39.8
1354,2024-05-09 14:35:59,2025-12-09 12:04:34,4,218.34
1355,2025-12-09 11:14:19,2025-12-09 11:14:19,1,624.0
1356,2025-12-09 08:15:09,2025-12-09 08:15:09,1,58.36
1357,2025-12-08 18:05:01,2025-12-08 18:05:01,1,39.0
1358,2025-11-23 07:33:01,2025-12-08 17:40:05,3,119.77
1359,2025-12-08 17:16:52,2025-12-08 17:16:52,1,74.77
1360,2025-10-27 17:43:02,2025-10-27 17:43:02,1,39.97
1361,2024-02-28 11:51:45,2025-12-08 13:41:36,5,154.89
1362,2025-12-07 21:55:38,2025-12-07 21:55:38,1,51.9
1363,2025-11-04 21:50:32,2025-11-04 21:50:32,1,51.47
1364,2025-12-07 14:17:08,2025-12-07 14:17:08,1,52.8
1365,2025-12-07 10:49:02,2025-12-07 10:49:02,1,36.75
1366,2025-12-07 10:23:10,2025-12-07 10:23:10,1,70.42
1367,2025-12-07 08:50:23,2025-12-07 08:50:23,1,63.52
1368,2023-12-23 21:53:47,2025-12-07 08:22:32,2,102.24000000000001
1369,2025-04-12 10:45:57,2025-12-06 19:29:04,2,182.92000000000002
1370,2025-12-06 16:50:55,2025-12-06 16:50:55,1,48.0
1371,2025-10-05 12:42:20,2025-12-06 14:20:02,2,74.52
1372,2025-12-06 14:18:29,2025-12-06 14:18:29,1,43.65
1374,2023-02-22 12:03:15,2025-12-06 11:24:08,4,420.90999999999997
1375,2024-08-12 16:07:13,2025-10-05 07:53:18,17,701.97
1376,2025-12-06 10:00:20,2025-12-06 10:00:20,1,49.38
1377,2025-01-29 08:12:59,2025-12-06 06:36:17,2,109.09
1379,2025-12-05 20:31:42,2025-12-05 20:31:42,1,51.06
1380,2025-12-05 17:36:22,2025-12-05 17:36:22,1,33.7
1381,2025-10-09 16:43:26,2025-12-05 16:15:20,3,210.85999999999999
1382,2025-12-05 16:13:40,2025-12-05 16:13:40,1,44.83
1383,2025-12-04 13:49:05,2025-12-04 13:49:05,1,35.91
1384,2025-12-04 11:37:18,2025-12-04 11:37:18,1,47.8
1385,2025-12-04 11:35:16,2025-12-04 11:35:16,1,51.9
1386,2025-12-03 22:19:10,2025-12-03 22:19:10,1,38.8
1387,2025-12-03 19:25:09,2025-12-03 19:25:09,1,20.97
1388,2025-06-10 08:30:57,2025-12-03 16:24:41,3,185.92000000000002
1389,2025-12-03 14:40:57,2025-12-03 14:40:57,1,39.9
1390,2023-11-16 15:24:19,2025-12-02 21:53:53,6,294.32
1391,2024-07-05 13:16:47,2025-12-02 16:37:14,5,656.5699999999999
1392,2025-12-02 15:44:59,2025-12-02 15:44:59,1,37.04
1393,2025-12-01 16:10:08,2025-12-01 16:10:08,1,39.8
1394,2025-05-05 13:02:26,2025-12-01 13:41:18,5,418.27
1395,2025-12-01 11:11:54,2025-12-01 11:11:54,1,20.85
1396,2025-12-01 07:26:38,2025-12-01 07:26:38,1,31.8
1397,2023-08-31 22:42:27,2025-11-30 20:50:19,2,79.47
1398,2023-02-19 21:34:00,2025-11-30 20:23:57,2,89.24000000000001
1400,2025-11-30 19:38:47,2025-11-30 19:38:47,1,47.93
1401,2025-11-30 18:57:53,2025-11-30 18:57:53,1,58.61
1402,2023-01-15 09:59:34,2025-11-30 13:47:47,11,470.63
1403,2025-11-30 13:46:43,2025-11-30 13:46:43,1,47.23
1404,2025-11-30 12:44:59,2025-11-30 12:51:37,2,51.25
1405,2025-11-30 12:02:48,2025-11-30 12:02:48,1,18.9
1406,2025-11-30 11:54:16,2025-11-30 11:54:16,1,18.9
1407,2025-05-13 07:15:46,2025-11-30 07:03:28,3,78.05000000000001
1408,2025-11-30 00:00:07,2025-11-30 00:00:07,1,163.45
1409,2025-11-29 17:31:39,2025-11-29 17:31:39,1,39.97
1410,2025-09-19 14:09:43,2025-11-29 12:24:19,2,69.5
1411,2023-10-06 14:59:24,2025-11-29 11:14:16,3,120.63
1412,2023-07-09 16:27:15,2025-11-29 11:00:41,2,132.29
1413,2025-11-29 10:34:08,2025-11-29 10:34:08,1,211.09
1414,2025-11-15 13:43:29,2025-11-28 20:47:39,2,107.45
1415,2025-11-28 17:31:19,2025-11-28 17:31:19,1,22.8
1416,2023-03-18 20:33:20,2025-11-28 15:19:44,2,136.56
1417,2025-11-07 22:23:59,2025-11-28 14:57:41,2,75.22999999999999
1418,2025-11-28 14:36:41,2025-11-28 14:36:41,1,83.72
1419,2025-11-28 11:41:04,2025-11-28 11:41:04,1,51.94
1420,2025-11-28 10:34:38,2025-11-28 10:34:38,1,18.9
1421,2025-11-28 10:00:52,2025-11-28 10:00:52,1,84.98
1422,2023-02-14 10:50:59,2025-11-28 09:13:36,2,124.18
1423,2025-11-28 07:07:17,2025-11-28 07:07:17,1,74.52
1424,2025-11-27 21:07:04,2025-11-27 21:07:04,1,25.88
1425,2023-03-17 12:21:15,2025-11-27 21:00:59,2,107.91
1426,2023-03-18 17:29:43,2025-11-27 17:53:58,3,217.07
1427,2025-07-10 16:36:25,2025-11-27 16:25:13,2,178.22
1428,2023-10-06 09:17:35,2025-11-27 15:56:13,10,779.23
1429,2025-11-27 15:49:10,2025-11-27 15:49:10,1,85.7
1430,2024-09-05 16:29:06,2025-11-27 15:29:57,2,215.89999999999998
1431,2025-11-27 14:38:35,2025-11-27 14:42:18,2,43.94
1432,2025-05-26 09:19:17,2025-11-27 14:26:45,2,163.64
1433,2025-11-27 14:20:08,2025-11-27 14:20:08,1,20.97
1434,2023-03-17 12:02:21,2025-11-27 13:47:59,3,151.53
1436,2025-11-27 11:59:06,2025-11-27 11:59:06,1,90.0
1437,2025-11-27 10:57:28,2025-11-27 10:57:28,1,37.04
1438,2025-11-27 10:18:42,2025-11-27 10:18:42,1,76.18
1439,2025-11-27 04:01:46,2025-11-27 04:01:46,1,102.58
1440,2025-11-26 23:05:27,2025-11-26 23:05:27,1,18.9
1441,2024-12-03 20:06:27,2025-11-26 22:12:22,2,182.39
1442,2024-11-05 21:32:37,2025-11-26 21:39:51,2,51.099999999999994
1443,2025-11-26 21:15:08,2025-11-26 21:15:08,1,23.33
1444,2025-11-02 15:19:55,2025-11-26 18:27:56,2,56.9
1445,2025-11-26 18:05:01,2025-11-26 18:05:01,1,24.9
1446,2025-11-26 15:16:47,2025-11-26 15:16:47,1,29.9
1447,2025-11-26 14:58:56,2025-11-26 14:58:56,1,76.18
1448,2024-11-26 16:28:46,2025-11-26 13:55:31,3,148.99
1449,2025-11-26 06:42:10,2025-11-26 06:42:10,1,28.8
1450,2025-11-25 20:30:12,2025-11-25 20:30:12,1,20.9
1451,2025-11-25 14:59:49,2025-11-25 14:59:49,1,44.16
1452,2025-11-25 09:37:12,2025-11-25 09:37:12,1,33.8
1453,2025-11-24 20:22:21,2025-11-24 20:22:21,1,29.9
1454,2025-11-24 16:10:38,2025-11-24 16:10:38,1,39.97
1455,2023-10-12 13:26:03,2025-11-24 11:08:45,7,337.1
1456,2025-11-23 16:56:33,2025-11-23 16:56:33,1,30.8
1457,2025-11-23 14:00:03,2025-11-23 14:00:03,1,39.97
1459,2025-11-22 17:02:39,2025-11-22 17:02:39,1,37.04
1460,2025-04-14 10:23:57,2025-11-22 14:58:11,2,193.63
1462,2024-07-31 20:03:49,2025-11-21 16:27:59,11,390.59
1463,2025-11-21 13:51:54,2025-11-21 13:51:54,1,55.8
1464,2025-02-02 12:03:55,2025-11-21 12:18:36,3,121.5
1465,2025-11-21 09:33:33,2025-11-21 09:33:33,1,39.97
1467,2025-11-20 10:58:11,2025-11-20 10:58:11,1,54.82
1468,2025-06-12 15:43:11,2025-11-20 09:22:55,4,270.21
1469,2025-11-20 07:54:07,2025-11-20 07:54:07,1,32.5
1470,2025-11-18 16:17:24,2025-11-18 16:17:24,1,29.25
1471,2025-11-17 23:45:21,2025-11-17 23:45:21,1,43.04
1472,2025-11-17 16:30:46,2025-11-17 16:30:46,1,39.97
1473,2025-11-17 11:35:21,2025-11-17 11:35:21,1,63.4
1474,2025-11-17 09:21:01,2025-11-17 09:21:01,1,31.05
1475,2024-12-04 17:43:58,2025-11-16 19:15:31,12,498.15
1476,2025-11-16 18:56:37,2025-11-16 18:56:37,1,123.87
1477,2025-11-16 16:37:55,2025-11-16 16:37:55,1,103.53
1478,2025-11-16 15:42:06,2025-11-16 15:42:06,1,24.92
1479,2025-11-16 14:18:11,2025-11-16 14:18:11,1,58.17
1480,2025-11-16 14:15:12,2025-11-16 14:15:12,1,37.18
1481,2025-11-16 11:50:57,2025-11-16 11:50:57,1,33.46
1482,2025-11-06 08:34:17,2025-11-16 08:58:12,2,193.46
1483,2025-11-16 08:21:25,2025-11-16 08:21:25,1,38.94
1484,2025-11-15 18:08:12,2025-11-15 18:08:12,1,36.58
1485,2025-11-15 11:42:19,2025-11-15 11:42:19,1,39.97
1486,2025-11-15 08:56:00,2025-11-15 08:56:00,1,63.7
1487,2025-11-14 16:08:48,2025-11-14 16:08:48,1,41.36
1488,2025-11-14 10:44:31,2025-11-14 10:44:31,1,432.0
1491,2025-11-14 09:57:41,2025-11-14 09:57:41,1,71.44
1492,2025-11-14 07:58:42,2025-11-14 07:58:42,1,192.0
1493,2025-11-14 07:43:08,2025-11-14 07:43:08,1,39.0
1495,2023-11-24 13:43:16,2025-11-13 13:49:03,3,302.06
1496,2025-11-13 07:48:57,2025-11-13 07:48:57,1,25.0
1498,2024-03-17 05:52:50,2025-11-12 20:01:15,3,92.38
1499,2025-11-12 18:26:20,2025-11-12 18:26:20,1,35.05
1500,2025-11-12 16:43:53,2025-11-12 16:43:53,1,31.94
1501,2025-07-15 17:29:25,2025-11-12 15:11:39,2,90.19
1502,2025-11-12 14:22:59,2025-11-12 14:22:59,1,44.83
1503,2024-04-30 19:49:05,2025-11-12 12:38:38,2,105.05
1504,2025-11-12 12:04:54,2025-11-12 12:04:54,1,32.5
1505,2025-02-08 17:02:05,2025-11-12 11:42:35,7,492.17
1507,2025-11-12 07:24:13,2025-11-12 07:24:13,1,38.75
1508,2025-11-11 23:09:35,2025-11-11 23:09:35,1,106.79
1509,2025-11-11 22:35:18,2025-11-11 22:35:18,1,33.47
1510,2025-11-11 12:27:36,2025-11-11 12:27:36,1,31.05
1511,2025-11-11 08:06:39,2025-11-11 08:06:39,1,10.0
1513,2025-11-11 08:05:27,2025-11-11 08:05:27,1,294.0
1517,2025-11-10 17:48:45,2025-11-10 17:48:45,1,46.49
1518,2025-11-10 17:45:28,2025-11-10 17:45:28,1,63.77
1519,2025-04-02 08:35:52,2025-11-10 15:56:19,3,196.02999999999997
1520,2024-05-09 13:08:18,2025-11-10 15:24:31,2,93.14
1521,2023-02-11 12:23:14,2025-11-10 15:07:32,4,190.73
1522,2025-11-10 12:27:54,2025-11-10 12:27:54,1,60.98
1523,2025-11-10 12:12:41,2025-11-10 12:12:41,1,32.28
1524,2025-08-18 14:12:41,2025-08-18 14:12:41,1,4.95
1525,2025-11-10 11:27:39,2025-11-10 11:27:39,1,29.31
1526,2025-11-10 09:59:36,2025-11-10 09:59:36,1,39.97
1527,2025-11-10 07:47:59,2025-11-10 07:47:59,1,37.0
1529,2025-11-10 07:45:45,2025-11-10 07:45:45,1,18.0
1530,2025-11-10 07:44:54,2025-11-10 07:44:54,1,30.0
1531,2025-11-08 18:03:36,2025-11-08 18:03:36,1,39.94
1532,2025-11-08 16:30:04,2025-11-08 16:30:04,1,41.18
1533,2025-09-20 12:10:26,2025-11-08 16:29:18,2,148.86
1534,2024-05-31 07:07:31,2025-11-08 12:35:49,7,261.32
1535,2025-10-09 11:23:48,2025-11-08 12:34:42,2,176.93
1536,2025-11-08 09:25:39,2025-11-08 09:25:39,1,43.07
1537,2025-11-07 20:14:37,2025-11-07 20:14:37,1,16.17
1538,2025-11-07 19:41:14,2025-11-07 19:41:14,1,39.97
1539,2025-11-07 08:26:26,2025-11-07 08:26:26,1,39.97
1540,2024-01-18 15:01:59,2025-11-07 07:59:02,4,149.07
1541,2025-11-06 20:10:13,2025-11-06 20:10:13,1,106.84
1542,2024-08-03 16:29:20,2025-11-06 19:01:05,4,236.57
1543,2025-11-06 14:42:49,2025-11-06 14:42:49,1,38.75
1544,2024-08-02 07:33:00,2025-11-06 13:49:18,5,191.41
1545,2023-11-15 06:42:28,2025-11-06 13:28:17,2,121.82
1546,2025-11-06 12:08:47,2025-11-06 12:08:47,1,58.0
1547,2023-09-01 20:06:52,2025-11-06 12:08:19,5,664.83
1548,2023-03-21 11:44:12,2025-11-06 11:19:17,3,114.84
1549,2025-11-05 18:56:28,2025-11-05 18:56:28,1,50.77
1550,2025-11-05 10:38:09,2025-11-05 10:38:09,1,40.94
1551,2025-10-01 19:36:59,2025-11-04 21:21:19,3,154.26
1552,2025-11-04 19:49:25,2025-11-04 19:49:25,1,217.37
1553,2025-11-04 18:23:37,2025-11-04 18:23:37,1,78.34
1554,2025-11-04 17:36:57,2025-11-04 17:36:57,1,39.97
1555,2023-08-17 05:55:27,2025-11-04 15:35:45,8,2023.75
1556,2025-11-04 14:41:24,2025-11-04 14:41:24,1,39.97
1557,2025-09-02 12:12:12,2025-11-04 11:45:39,2,69.94
1558,2025-03-15 17:46:30,2025-11-04 10:57:31,7,248.56
1559,2025-10-16 09:18:24,2025-11-04 08:48:55,2,112.64
1560,2023-10-12 06:31:53,2025-11-04 08:25:31,2,279.82
1561,2024-09-02 09:13:06,2025-11-03 21:35:35,4,140.92000000000002
1562,2025-11-03 18:13:32,2025-11-03 18:13:32,1,43.04
1563,2025-11-03 16:31:18,2025-11-03 16:31:18,1,31.98
1564,2024-01-18 15:53:56,2025-11-03 16:04:31,11,566.4
1565,2025-09-16 10:51:16,2025-11-03 15:40:22,2,231.83
1566,2024-01-20 17:28:25,2025-11-03 15:39:59,5,237.12
1567,2025-07-28 11:04:24,2025-11-03 14:57:15,2,112.6
1568,2025-11-03 14:51:13,2025-11-03 14:51:13,1,35.23
1569,2025-05-12 09:32:47,2025-11-03 13:18:02,2,107.86000000000001
1570,2025-03-05 12:56:49,2025-11-03 12:37:51,2,83.53999999999999
1571,2025-11-03 12:20:36,2025-11-03 12:20:36,1,70.52
1572,2024-06-21 07:10:36,2025-11-03 12:14:56,2,296.85
1573,2024-11-24 12:46:52,2025-11-03 11:23:51,5,201.96
1574,2025-07-30 01:29:26,2025-11-03 00:16:52,3,154.52
1575,2025-11-02 18:43:54,2025-11-02 18:43:54,1,50.16
1576,2025-11-02 15:14:15,2025-11-02 15:14:15,1,47.48
1577,2025-11-02 14:56:57,2025-11-02 14:56:57,1,103.64
1578,2025-11-02 14:30:47,2025-11-02 14:30:47,1,30.89
1579,2025-11-01 20:44:13,2025-11-01 20:44:13,1,45.84
1580,2024-07-30 06:40:07,2025-11-01 10:23:05,2,197.61
1581,2025-08-04 20:11:52,2025-11-01 07:52:08,4,348.63
1582,2024-07-24 10:58:10,2025-10-31 16:37:36,10,400.75
1583,2025-08-06 15:21:48,2025-10-31 16:22:05,2,61.81
1584,2023-02-01 12:54:35,2025-10-31 11:56:54,8,505.69
1585,2024-04-01 10:08:10,2025-10-31 09:12:32,4,135.66
1586,2025-10-31 08:38:08,2025-10-31 08:38:08,1,33.65
1587,2025-10-25 06:34:27,2025-10-31 08:10:49,2,82.18
1588,2025-10-31 08:04:43,2025-10-31 08:04:43,1,145.0
1593,2025-10-31 07:54:11,2025-10-31 07:54:11,1,15.0
1594,2024-02-07 15:24:08,2025-10-30 20:59:43,3,282.67
1595,2025-10-30 13:51:49,2025-10-30 13:51:49,1,32.5
1596,2025-10-18 08:36:17,2025-10-30 11:26:14,2,62.589999999999996
1597,2025-10-30 10:38:10,2025-10-30 10:38:10,1,79.26
1598,2024-01-26 07:41:17,2025-10-30 10:22:04,4,217.45
1599,2025-10-30 10:07:29,2025-10-30 10:07:29,1,52.47
1601,2025-10-30 09:02:26,2025-10-30 09:02:26,1,39.87
1602,2024-12-07 08:36:02,2025-10-30 08:10:03,4,242.29
1603,2025-10-30 07:45:03,2025-10-30 07:45:03,1,20.0
1604,2025-08-15 04:58:35,2025-10-29 19:38:27,2,148.86
1605,2025-10-29 17:23:58,2025-10-29 17:23:58,1,61.85
1606,2025-10-29 14:39:42,2025-10-29 14:39:42,1,70.97
1607,2025-10-29 09:31:02,2025-10-29 09:31:02,1,35.95
1608,2024-10-03 19:36:37,2025-10-29 08:10:27,3,287.58
1609,2025-10-29 06:40:45,2025-10-29 06:40:45,1,68.49
1610,2025-07-12 07:52:23,2025-10-28 20:55:15,2,63.11
1611,2024-08-03 15:33:48,2025-10-28 18:12:39,6,588.42
1613,2025-10-28 15:21:58,2025-10-28 15:21:58,1,36.6
1615,2025-10-28 14:22:51,2025-10-28 14:22:51,1,39.97
1616,2024-12-09 20:48:45,2025-10-28 14:22:20,4,168.23000000000002
1617,2025-10-28 14:09:28,2025-10-28 14:09:28,1,35.95
1618,2024-10-03 13:30:04,2025-10-28 13:30:17,2,62.5
1619,2025-10-28 09:52:26,2025-10-28 09:52:26,1,43.87
1620,2025-10-28 05:30:40,2025-10-28 05:30:40,1,34.15
1621,2023-10-31 18:27:48,2025-10-27 22:55:25,6,519.66
1622,2025-10-27 16:01:59,2025-10-27 16:01:59,1,17.92
1623,2025-06-28 11:12:48,2025-10-27 15:47:46,3,89.48
1624,2024-09-29 13:31:47,2025-10-27 14:45:04,5,371.25
1626,2025-10-27 11:41:53,2025-10-27 11:41:53,1,31.71
1627,2025-02-26 21:49:03,2025-08-27 01:18:46,4,86.4
1628,2025-10-26 14:39:49,2025-10-26 14:39:49,1,31.06
1629,2025-10-26 08:13:39,2025-10-26 08:13:39,1,46.97
1630,2025-10-25 16:06:46,2025-10-25 16:06:46,1,51.47
1631,2025-10-25 12:50:37,2025-10-25 12:50:37,1,39.97
1632,2025-10-25 07:05:50,2025-10-25 07:05:50,1,48.61
1633,2025-10-25 03:44:27,2025-10-25 03:44:27,1,35.97
1634,2025-10-24 11:33:37,2025-10-24 11:33:37,1,67.39
1635,2025-10-21 11:15:03,2025-10-24 09:22:32,2,98.8
1636,2025-10-24 09:00:18,2025-10-24 09:00:18,1,39.14
1637,2025-10-23 17:38:27,2025-10-23 17:38:27,1,39.97
1638,2025-10-23 16:09:34,2025-10-23 16:09:34,1,39.14
1639,2025-10-23 11:47:58,2025-10-23 11:47:58,1,20.0
1640,2025-10-22 19:55:37,2025-10-22 19:55:37,1,39.14
1641,2025-10-22 19:38:40,2025-10-22 19:38:40,1,41.94
1642,2025-10-22 18:00:35,2025-10-22 18:00:35,1,33.82
1643,2025-10-22 12:56:50,2025-10-22 12:56:50,1,39.94
1644,2025-10-22 11:23:39,2025-10-22 11:23:39,1,39.94
1645,2024-03-16 11:15:05,2025-10-22 06:02:48,3,201.08
1646,2024-11-21 05:12:16,2025-10-22 04:31:44,2,68.97999999999999
1647,2025-10-21 21:05:01,2025-10-21 21:05:01,1,39.14
1648,2025-01-07 12:24:53,2025-10-21 12:33:36,2,132.29000000000002
1649,2024-06-28 02:07:21,2025-10-21 10:01:44,2,76.00999999999999
1650,2025-10-21 09:56:08,2025-10-21 09:56:08,1,32.57
1652,2025-10-21 04:37:41,2025-10-21 04:37:41,1,35.23
1653,2025-02-09 17:01:36,2025-10-20 17:46:24,2,114.28
1654,2024-03-15 05:38:10,2025-10-20 13:33:40,3,127.71
1655,2025-10-20 13:05:27,2025-10-20 13:05:27,1,35.22
1656,2025-10-20 09:19:54,2025-10-20 09:19:54,1,96.0
1657,2025-10-20 06:44:38,2025-10-20 06:44:38,1,5.0
1658,2025-10-19 17:13:41,2025-10-19 17:13:41,1,39.13
1659,2025-09-01 12:51:14,2025-10-19 10:17:23,2,126.10999999999999
1660,2025-10-18 11:45:22,2025-10-18 11:45:22,1,33.22
1661,2025-10-17 16:17:03,2025-10-17 16:17:03,1,46.97
1662,2025-10-17 14:02:50,2025-10-17 14:02:50,1,94.86
1663,2025-10-17 10:53:31,2025-10-17 10:53:31,1,43.07
1664,2025-10-17 09:22:12,2025-10-17 09:22:12,1,35.97
1665,2025-10-17 08:51:07,2025-10-17 08:51:07,1,35.97
1666,2025-10-16 19:39:04,2025-10-16 19:39:04,1,78.34
1667,2025-10-16 18:19:03,2025-10-16 18:19:03,1,35.76
1668,2025-10-10 20:52:06,2025-10-16 15:43:32,2,42.62
1669,2024-01-05 17:34:54,2025-10-16 13:35:29,17,1074.94
1670,2025-09-22 09:42:29,2025-10-16 12:30:30,2,188.03
1671,2025-10-16 12:02:08,2025-10-16 12:02:08,1,39.94
1672,2025-10-16 11:28:20,2025-10-16 11:28:20,1,39.94
1673,2025-10-16 11:06:08,2025-10-16 11:06:08,1,139.0
1677,2025-10-16 07:16:24,2025-10-16 07:16:24,1,37.75
1678,2025-10-15 18:03:42,2025-10-15 18:03:42,1,35.23
1679,2025-10-15 16:15:42,2025-10-15 16:15:42,1,39.14
1680,2025-10-15 11:04:24,2025-10-15 11:04:24,1,90.78
1681,2025-10-04 08:24:35,2025-10-15 09:28:50,2,62.06
1682,2025-10-15 06:51:43,2025-10-15 06:51:43,1,154.0
1686,2025-10-15 06:49:26,2025-10-15 06:49:26,1,194.0
1691,2025-10-14 20:28:50,2025-10-14 20:28:50,1,16.93
1692,2025-10-14 16:43:11,2025-10-14 16:43:11,1,39.97
1694,2025-10-13 11:34:25,2025-10-13 11:34:25,1,24.92
1695,2025-10-13 08:03:57,2025-10-13 08:03:57,1,32.0
1698,2025-10-13 08:03:03,2025-10-13 08:03:03,1,23.0
1700,2025-10-13 08:02:07,2025-10-13 08:02:07,1,12.0
1701,2025-10-13 08:01:31,2025-10-13 08:01:31,1,120.0
1704,2025-05-14 21:50:54,2025-10-12 16:42:16,3,340.15000000000003
1705,2025-10-12 13:47:40,2025-10-12 13:47:40,1,151.77
1706,2025-10-12 11:40:52,2025-10-12 11:40:52,1,54.8
1707,2025-10-12 06:10:04,2025-10-12 06:10:04,1,58.97
1708,2025-10-11 16:09:30,2025-10-11 16:09:30,1,39.72
1709,2025-10-11 14:29:06,2025-10-11 14:29:06,1,65.59
1710,2025-10-11 09:40:51,2025-10-11 09:40:51,1,28.82
1711,2025-10-10 15:53:29,2025-10-10 15:53:29,1,41.94
1712,2025-10-10 13:28:23,2025-10-10 13:28:23,1,74.52
1716,2025-10-10 12:56:25,2025-10-10 12:56:25,1,23.2
1718,2025-10-10 12:53:26,2025-10-10 12:53:26,1,90.0
1719,2025-10-10 12:09:04,2025-10-10 12:09:04,1,41.94
1720,2025-10-10 11:50:27,2025-10-10 11:50:27,1,103.53
1721,2025-10-10 11:44:05,2025-10-10 11:44:05,1,39.94
1722,2025-10-10 10:31:36,2025-10-10 10:31:36,1,88.81
1723,2025-10-10 10:04:28,2025-10-10 10:04:28,1,39.97
1724,2025-10-10 09:31:10,2025-10-10 09:31:10,1,63.81
1725,2025-10-09 20:26:51,2025-10-09 20:26:51,1,61.01
1726,2025-10-09 16:52:37,2025-10-09 16:52:37,1,43.04
1727,2025-10-09 16:20:15,2025-10-09 16:20:15,1,176.45
1728,2025-06-22 10:33:53,2025-10-09 15:32:02,3,59.150000000000006
1729,2025-10-09 09:00:46,2025-10-09 09:00:46,1,39.97
1730,2025-10-09 04:59:11,2025-10-09 04:59:11,1,38.75
1731,2025-10-08 19:03:59,2025-10-08 19:03:59,1,39.72
1732,2025-10-08 13:45:58,2025-10-08 13:45:58,1,19.97
1733,2023-11-22 20:40:14,2025-10-08 09:28:27,5,481.37
1734,2025-01-08 09:37:48,2025-10-08 08:53:02,6,239.97
1735,2024-11-05 11:07:14,2025-10-07 15:15:47,4,145.39
1736,2023-03-17 15:08:17,2025-10-07 10:58:57,2,140.5
1737,2025-09-26 09:58:14,2025-10-07 09:42:21,2,70.14
1738,2025-10-07 09:40:26,2025-10-07 09:40:26,1,106.05
1739,2025-10-07 08:38:34,2025-10-07 08:38:34,1,70.0
1740,2025-10-06 13:21:55,2025-10-06 13:21:55,1,32.94
1741,2025-07-17 11:59:52,2025-10-06 12:50:05,2,4.95
1742,2025-10-06 11:35:45,2025-10-06 11:35:45,1,69.0
1743,2025-10-06 11:35:40,2025-10-06 11:35:40,1,86.95
1744,2023-10-19 14:17:54,2025-10-06 09:29:53,7,797.47
1745,2025-10-06 07:47:13,2025-10-06 07:47:13,1,24.92
1746,2024-10-10 19:16:49,2025-10-05 15:29:59,2,104.11
1747,2025-10-05 14:03:57,2025-10-05 14:03:57,1,43.07
1748,2025-07-27 15:57:14,2025-10-05 11:25:26,2,96.06
1749,2025-10-05 10:20:43,2025-10-05 10:20:43,1,75.49
1750,2025-10-05 07:41:09,2025-10-05 07:41:09,1,80.08
1751,2024-03-23 15:04:08,2025-10-04 11:18:04,3,157.18
1752,2024-01-20 11:24:40,2025-10-04 07:11:17,2,93.74000000000001
1753,2024-12-21 21:27:46,2025-10-03 19:09:24,3,127.07
1754,2025-10-03 18:27:34,2025-10-03 18:27:34,1,50.85
1755,2025-10-03 17:15:21,2025-10-03 17:15:21,1,35.97
1756,2025-01-10 17:28:48,2025-10-03 16:35:38,2,72.5
1757,2025-10-03 15:38:34,2025-10-03 15:38:34,1,43.87
1758,2025-10-03 15:25:50,2025-10-03 15:25:50,1,38.75
1759,2025-10-03 13:26:56,2025-10-03 13:26:56,1,10.94
1760,2024-11-17 11:33:24,2025-10-03 12:58:48,4,206.43
1761,2025-10-03 12:52:41,2025-10-03 12:52:41,1,78.34
1762,2025-10-03 12:00:20,2025-10-03 12:00:20,1,82.21
1763,2024-01-28 11:33:29,2025-10-03 11:09:42,4,218.74
1764,2025-10-03 10:43:09,2025-10-03 10:43:09,1,62.0
1769,2025-10-02 16:03:54,2025-10-02 16:03:54,1,151.89
1770,2025-10-02 14:41:22,2025-10-02 14:41:22,1,41.94
1771,2025-10-02 12:56:25,2025-10-02 12:56:25,1,39.97
1772,2025-10-02 11:49:15,2025-10-02 11:49:15,1,113.83
1773,2025-10-02 10:37:48,2025-10-02 10:37:48,1,60.0
1774,2025-10-02 10:34:27,2025-10-02 10:34:27,1,20.0
1775,2025-10-02 10:33:39,2025-10-02 10:33:39,1,138.0
1777,2025-10-02 08:50:16,2025-10-02 08:50:16,1,37.75
1778,2025-10-02 06:45:53,2025-10-02 06:45:53,1,76.0
1782,2025-10-01 09:57:39,2025-10-01 09:57:39,1,43.87
1783,2025-10-01 06:43:58,2025-10-01 06:43:58,1,58.87
1784,2023-08-21 12:36:23,2025-10-01 06:31:09,2,102.03
1785,2025-08-30 18:25:47,2025-09-30 22:12:08,2,88.85
1786,2025-09-30 19:49:00,2025-09-30 19:49:00,1,113.83
1787,2025-09-30 18:48:37,2025-09-30 18:48:37,1,43.84
1788,2025-09-30 12:00:00,2025-09-30 12:00:00,1,43.07
1789,2025-09-30 10:52:02,2025-09-30 10:52:02,1,41.94
1790,2025-09-29 21:58:49,2025-09-29 21:58:49,1,43.07
1791,2025-09-29 19:50:30,2025-09-29 19:50:30,1,44.0
1792,2025-09-29 13:18:04,2025-09-29 13:18:04,1,33.99
1794,2025-09-29 10:04:52,2025-09-29 10:04:52,1,35.23
1795,2025-09-29 08:10:38,2025-09-29 08:10:38,1,125.0
1799,2025-09-29 07:58:24,2025-09-29 07:58:24,1,30.0
1801,2025-07-01 05:31:43,2025-09-28 13:23:25,2,254.60000000000002
1802,2024-10-20 09:02:28,2025-09-27 19:09:46,2,181.01
1803,2025-09-27 15:03:39,2025-09-27 15:03:39,1,19.97
1804,2025-06-25 20:24:57,2025-09-27 12:33:13,2,220.13
1805,2024-09-21 09:03:46,2025-09-26 12:47:25,4,337.24
1806,2025-09-26 11:57:05,2025-09-26 11:57:05,1,30.7
1807,2025-09-26 10:30:17,2025-09-26 10:30:17,1,25.0
1810,2025-09-26 09:55:55,2025-09-26 09:55:55,1,20.0
1812,2025-06-24 13:54:39,2025-09-25 17:03:09,2,185.95
1813,2025-09-25 11:03:01,2025-09-25 11:03:01,1,59.0
1816,2025-09-25 11:00:07,2025-09-25 11:00:07,1,92.33
1817,2025-09-25 09:11:26,2025-09-25 09:11:26,1,0.0
1818,2025-06-17 04:44:45,2025-09-25 07:22:33,2,86.08
1819,2025-09-24 18:26:01,2025-09-24 18:26:01,1,43.04
1820,2025-09-24 10:36:07,2025-09-24 10:36:07,1,273.94
1825,2025-09-17 09:07:14,2025-09-17 09:07:14,1,128.03
1826,2025-09-24 07:02:44,2025-09-24 07:02:44,1,37.75
1827,2025-09-24 06:45:32,2025-09-24 06:45:32,1,258.0
1830,2025-09-23 19:01:36,2025-09-23 19:01:36,1,37.43
1831,2025-09-23 14:27:25,2025-09-23 14:27:25,1,37.75
1833,2025-09-23 10:52:38,2025-09-23 10:52:38,1,75.88
1834,2025-09-23 10:26:25,2025-09-23 10:26:25,1,35.97
1835,2025-09-23 09:43:30,2025-09-23 09:43:30,1,32.94
1836,2025-09-22 15:15:04,2025-09-22 15:15:04,1,35.23
1837,2025-09-22 11:04:15,2025-09-22 11:04:15,1,39.14
1838,2025-09-22 10:10:36,2025-09-22 10:10:36,1,53.99
1839,2025-09-21 11:45:35,2025-09-21 11:45:35,1,42.65
1840,2025-09-20 16:02:24,2025-09-20 16:02:24,1,76.33
1841,2025-09-20 13:31:45,2025-09-20 13:31:45,1,78.34
1842,2025-09-20 11:31:53,2025-09-20 11:31:53,1,78.26
1843,2025-09-19 16:16:15,2025-09-19 16:16:15,1,39.74
1844,2025-09-19 14:52:40,2025-09-19 14:52:40,1,30.47
1845,2025-05-29 10:11:13,2025-09-19 14:21:42,3,406.09999999999997
1846,2025-09-19 12:51:47,2025-09-19 12:51:47,1,91.96
1847,2025-09-19 09:37:38,2025-09-19 09:37:38,1,43.84
1848,2025-09-19 09:29:18,2025-09-19 09:29:18,1,40.86
1849,2023-09-20 20:11:15,2025-09-18 21:17:40,2,145.24
1850,2025-06-06 04:34:36,2025-09-18 21:04:25,2,90.00999999999999
1851,2025-05-09 08:44:12,2025-09-18 18:12:23,4,159.13
1852,2025-09-18 16:07:17,2025-09-18 16:07:17,1,35.95
1853,2025-09-18 14:57:03,2025-09-18 14:57:03,1,54.32
1854,2025-09-18 14:04:04,2025-09-18 14:04:04,1,53.03
1856,2025-09-18 09:17:12,2025-09-18 09:17:12,1,98.85
1857,2025-09-18 06:31:46,2025-09-18 06:31:46,1,37.75
1858,2025-09-17 15:00:47,2025-09-17 15:00:47,1,51.73
1859,2025-09-17 09:44:16,2025-09-17 09:44:16,1,55.63
1860,2025-09-17 07:48:31,2025-09-17 07:48:31,1,48.3
1861,2025-09-16 16:19:16,2025-09-16 16:19:16,1,53.95
1862,2025-09-16 14:57:55,2025-09-16 14:57:55,1,38.95
1863,2025-06-11 11:30:13,2025-09-16 11:55:11,2,115.06
1864,2023-09-13 20:25:58,2025-09-15 20:29:19,2,102.19999999999999
1865,2025-09-15 19:25:25,2025-09-15 19:25:25,1,63.04
1866,2024-06-28 13:42:31,2025-09-15 18:34:58,2,70.38
1867,2025-09-15 13:43:25,2025-09-15 13:43:25,1,39.97
1868,2025-09-15 12:41:22,2025-09-15 12:41:22,1,37.75
1869,2025-09-15 12:20:44,2025-09-15 12:20:44,1,39.97
1870,2024-07-16 18:51:14,2025-09-15 11:42:35,2,187.13
1871,2025-09-15 08:39:14,2025-09-15 08:39:14,1,43.94
1872,2025-09-15 00:06:41,2025-09-15 00:06:41,1,33.77
1873,2025-09-14 18:27:05,2025-09-14 18:27:05,1,39.97
1874,2025-02-05 18:00:31,2025-09-14 07:33:18,6,399.77
1875,2025-09-13 21:59:36,2025-09-13 21:59:36,1,49.99
1877,2025-07-29 19:39:28,2025-09-13 14:56:16,3,181.16
1878,2025-09-13 14:25:25,2025-09-13 14:25:25,1,78.34
1879,2025-09-13 14:22:19,2025-09-13 14:22:19,1,61.3
1880,2025-09-13 11:43:26,2025-09-13 11:43:26,1,41.94
1881,2025-09-12 15:19:04,2025-09-12 15:19:04,1,39.94
1882,2025-09-11 18:35:05,2025-09-11 18:35:05,1,35.95
1883,2025-09-11 16:28:51,2025-09-11 16:28:51,1,24.72
1884,2025-09-11 10:03:12,2025-09-11 10:03:12,1,39.14
1885,2024-11-04 17:18:12,2025-09-11 09:18:34,13,913.96
1886,2025-09-11 09:13:08,2025-09-11 09:13:08,1,70.52
1887,2024-11-13 14:58:43,2025-09-11 08:11:24,3,175.57
1888,2025-09-10 20:25:09,2025-09-10 20:25:09,1,75.88
1889,2025-09-10 14:38:23,2025-09-10 14:38:23,1,341.75
1890,2025-09-10 11:50:57,2025-09-10 11:50:57,1,39.14
1891,2025-09-10 10:46:34,2025-09-10 10:46:34,1,39.97
1892,2024-10-12 11:03:16,2025-09-10 10:07:21,3,128.56
1893,2025-09-10 08:42:05,2025-09-10 08:42:05,1,39.97
1894,2025-09-10 05:57:09,2025-09-10 05:57:09,1,38.5
1895,2025-04-29 19:29:39,2025-09-10 04:24:37,5,196.35
1896,2025-09-09 19:18:55,2025-09-09 19:18:55,1,59.11
1897,2025-08-03 21:32:31,2025-09-09 19:08:47,2,148.86
1898,2025-09-09 15:02:21,2025-09-09 15:02:21,1,67.07
1899,2025-09-09 14:54:42,2025-09-09 14:54:42,1,39.85
1900,2025-09-09 10:18:48,2025-09-09 10:18:48,1,43.87
1901,2025-09-09 09:09:09,2025-09-09 09:09:09,1,70.92
1902,2025-02-27 17:46:21,2025-09-08 23:51:52,7,427.14
1903,2024-11-11 20:25:33,2025-09-08 19:59:48,3,157.1
1904,2023-07-19 16:25:02,2025-09-08 16:37:22,3,287.35
1905,2025-09-08 14:49:06,2025-09-08 14:49:06,1,32.94
1906,2025-09-08 14:38:15,2025-09-08 14:38:15,1,35.97
1907,2025-09-08 13:53:01,2025-09-08 13:53:01,1,68.3
1908,2025-09-08 12:33:34,2025-09-08 12:33:34,1,31.5
1909,2025-09-07 19:00:02,2025-09-07 19:00:02,1,39.97
1910,2025-09-06 12:15:22,2025-09-06 12:15:22,1,36.84
1911,2025-09-06 11:09:38,2025-09-06 11:09:38,1,64.56
1912,2025-09-05 13:19:02,2025-09-05 13:19:02,1,43.84
1913,2025-07-08 13:06:26,2025-09-05 11:19:21,4,173.76999999999998
1914,2025-01-10 09:44:46,2025-09-05 10:53:41,5,194.62
1915,2025-09-05 08:06:54,2025-09-05 08:06:54,1,33.98
1916,2025-02-28 09:10:00,2025-09-05 07:28:57,2,99.35
1917,2025-06-05 14:38:25,2025-09-05 07:22:04,2,63.379999999999995
1918,2025-09-04 17:28:39,2025-09-04 17:28:39,1,71.96
1919,2025-09-04 12:45:28,2025-09-04 12:45:28,1,36.84
1920,2025-09-03 18:18:45,2025-09-03 18:18:45,1,43.87
1921,2025-09-03 04:04:43,2025-09-03 04:04:43,1,35.95
1922,2025-09-02 14:54:44,2025-09-02 14:54:44,1,39.97
1923,2025-09-02 12:31:59,2025-09-02 12:31:59,1,43.87
1925,2025-09-02 09:44:56,2025-09-02 09:44:56,1,43.87
1926,2024-07-24 16:51:24,2025-09-01 15:02:42,5,184.82
1927,2025-09-01 07:30:31,2025-09-01 07:30:31,1,43.07
1928,2025-08-31 22:24:00,2025-08-31 22:24:00,1,64.27
1929,2025-08-31 13:58:13,2025-08-31 13:58:13,1,41.94
1930,2025-08-31 13:40:14,2025-08-31 13:40:14,1,43.87
1931,2025-08-31 13:15:58,2025-08-31 13:15:58,1,38.5
1932,2024-12-16 11:02:53,2025-08-31 13:09:40,4,148.48
1933,2025-08-31 09:52:27,2025-08-31 09:52:27,1,49.99
1934,2025-08-30 15:07:00,2025-08-30 15:07:00,1,39.97
1935,2025-08-30 13:27:14,2025-08-30 13:27:14,1,84.64
1936,2025-08-30 09:39:25,2025-08-30 09:39:25,1,75.49
1937,2025-08-29 10:55:30,2025-08-29 10:55:30,1,43.87
1938,2025-08-29 09:02:36,2025-08-29 09:02:36,1,43.84
1939,2025-08-28 20:03:55,2025-08-28 20:03:55,1,151.89
1940,2025-08-28 14:04:26,2025-08-28 14:04:26,1,32.99
1941,2025-08-28 12:44:05,2025-08-28 12:44:05,1,38.14
1942,2024-09-18 13:40:00,2025-08-28 11:55:22,6,238.03
1943,2025-03-27 17:35:36,2025-08-28 10:36:49,5,418.6
1944,2025-04-09 15:51:34,2025-04-09 15:51:34,1,28.95
1945,2023-02-19 09:13:08,2025-08-27 18:59:10,12,667.81
1946,2025-08-27 10:58:52,2025-08-27 10:58:52,1,78.34
1947,2025-08-19 15:22:13,2025-08-27 08:49:16,2,43.7
1948,2025-08-26 11:34:12,2025-08-26 11:34:12,1,39.97
1949,2025-08-25 17:40:58,2025-08-25 17:40:58,1,32.94
1950,2025-08-25 09:42:59,2025-08-25 09:42:59,1,4.95
1951,2025-08-24 05:33:58,2025-08-24 05:33:58,1,24.92
1952,2025-06-23 17:14:37,2025-07-23 21:15:14,4,121.82
1953,2025-08-23 18:36:01,2025-08-23 18:36:01,1,78.28
1954,2025-08-23 09:57:19,2025-08-23 09:57:19,1,39.97
1955,2025-08-23 08:08:13,2025-08-23 08:08:13,1,57.67
1956,2025-08-18 10:37:38,2025-08-22 16:30:57,2,70.16999999999999
1957,2025-08-22 10:56:43,2025-08-22 10:56:43,1,80.86
1958,2024-11-20 09:24:31,2025-08-22 10:34:57,3,108.89
1959,2025-08-21 07:53:36,2025-08-21 07:53:36,1,4.95
1960,2025-08-20 14:35:51,2025-08-20 14:35:51,1,4.95
1961,2025-08-20 06:09:12,2025-08-20 06:09:12,1,54.74
1962,2025-08-19 20:06:32,2025-08-19 20:06:32,1,39.14
1963,2025-08-19 15:01:27,2025-08-19 15:01:27,1,4.95
1964,2025-08-19 10:46:36,2025-08-19 10:46:36,1,4.95
1965,2025-07-30 17:36:47,2025-08-19 10:24:11,2,34.6
1966,2025-08-19 10:18:53,2025-08-19 10:18:53,1,4.95
1967,2025-08-19 08:42:10,2025-08-19 08:42:10,1,4.95
1968,2025-08-19 08:12:34,2025-08-19 08:12:34,1,4.95
1969,2025-08-19 08:02:49,2025-08-19 08:02:49,1,56.91
1970,2025-08-19 07:35:15,2025-08-19 07:35:15,1,4.95
1971,2025-08-19 07:07:00,2025-08-19 07:07:00,1,4.95
1972,2025-08-18 20:00:26,2025-08-18 20:00:26,1,4.95
1973,2025-08-18 09:46:59,2025-08-18 09:46:59,1,4.95
1974,2025-08-18 09:40:52,2025-08-18 09:40:52,1,4.95
1975,2025-08-18 08:21:54,2025-08-18 08:21:54,1,4.95
1976,2025-08-17 18:33:40,2025-08-17 18:33:40,1,39.97
1978,2025-08-16 11:13:15,2025-08-16 11:13:15,1,39.14
1979,2024-11-05 10:45:00,2025-07-14 17:58:33,6,261.34
1980,2025-08-14 09:35:10,2025-08-14 09:35:10,1,32.01
1981,2025-07-23 15:20:42,2025-08-11 17:19:19,2,85.00999999999999
1982,2025-08-11 14:50:36,2025-08-11 14:50:36,1,39.97
1983,2025-08-10 18:21:51,2025-08-10 18:21:51,1,43.04
1984,2025-08-09 16:43:55,2025-08-09 16:43:55,1,36.5
1985,2025-08-09 16:11:13,2025-08-09 16:11:13,1,41.94
1986,2025-07-20 14:14:28,2025-08-09 10:50:20,2,35.15
1987,2025-06-24 06:56:25,2025-08-09 05:34:48,2,133.97
1988,2025-08-08 12:20:55,2025-08-08 12:20:55,1,28.82
1989,2025-08-08 08:11:55,2025-08-08 08:11:55,1,74.42
1990,2025-08-08 06:19:36,2025-08-08 06:19:36,1,39.13
1991,2023-08-21 13:22:37,2025-08-07 20:10:08,3,156.74
1992,2025-08-07 16:40:10,2025-08-07 16:40:10,1,81.01
1993,2025-08-07 16:10:45,2025-08-07 16:10:45,1,39.94
1994,2025-08-07 12:10:47,2025-08-07 12:10:47,1,88.07
1995,2025-08-07 10:23:06,2025-08-07 10:23:06,1,39.14
1996,2025-08-07 09:25:50,2025-08-07 09:25:50,1,39.14
1997,2025-06-18 11:48:54,2025-08-07 07:59:34,3,115.57000000000001
1998,2025-03-17 11:02:30,2025-08-07 06:28:31,2,80.97
1999,2025-03-06 10:40:31,2025-08-07 06:21:11,5,158.19
2000,2025-08-06 23:08:52,2025-08-06 23:08:52,1,32.37
2002,2024-08-08 12:26:36,2025-08-06 17:02:41,3,114.3
2003,2025-08-06 16:53:29,2025-08-06 16:53:29,1,42.4
2004,2025-08-05 21:42:02,2025-08-05 21:42:02,1,24.92
2005,2023-09-26 16:39:31,2025-08-05 16:11:11,2,175.13
2006,2025-08-05 15:14:36,2025-08-05 15:14:36,1,102.44
2007,2025-08-05 11:35:21,2025-08-05 11:35:21,1,59.32
2008,2023-12-01 11:16:47,2025-08-05 10:10:26,2,93.44
2009,2025-07-14 10:50:51,2025-08-04 20:22:32,2,180.34
2010,2025-01-07 22:23:11,2025-08-04 18:19:57,6,242.07999999999998
2011,2025-08-04 16:31:57,2025-08-04 16:31:57,1,68.21
2012,2025-08-04 15:20:09,2025-08-04 15:20:09,1,39.97
2013,2025-04-03 08:37:58,2025-08-04 15:06:32,2,97.83
2014,2023-04-30 13:56:51,2025-08-04 14:59:40,6,734.54
2015,2025-08-04 13:44:55,2025-08-04 13:44:55,1,35.23
2016,2024-10-16 17:28:37,2025-08-04 11:48:42,5,284.57
2017,2024-05-16 18:47:14,2025-08-04 11:47:09,2,100.69999999999999
2018,2023-03-21 23:08:06,2025-08-04 11:13:52,2,67.59
2019,2024-09-07 09:46:27,2025-08-04 11:06:12,4,164.7
2020,2024-07-19 06:56:37,2025-08-04 11:04:56,5,322.34000000000003
2021,2025-08-04 08:34:25,2025-08-04 08:34:25,1,46.9
2022,2025-08-04 00:35:17,2025-08-04 00:35:17,1,35.97
2023,2025-02-21 16:39:57,2025-08-03 13:39:05,4,139.75
2024,2025-02-01 13:00:56,2025-08-03 08:42:25,4,162.76
2025,2024-09-30 20:58:40,2025-07-03 01:03:54,15,837.48
2026,2024-08-02 15:33:18,2025-08-02 21:12:56,16,433.47999999999996
2027,2025-08-02 15:26:09,2025-08-02 15:26:09,1,65.78
2028,2025-02-22 07:44:39,2025-08-02 14:03:25,4,161.92000000000002
2029,2024-09-05 23:07:46,2025-08-01 08:04:52,4,179.38
2030,2025-07-31 09:31:00,2025-07-31 09:31:00,1,51.3
2031,2025-07-31 07:21:02,2025-07-31 07:21:02,1,66.3
2032,2025-07-30 20:44:09,2025-07-30 20:44:09,1,41.94
2033,2025-03-24 14:59:55,2025-07-30 14:08:18,3,116.98
2034,2025-07-30 12:44:30,2025-07-30 12:44:30,1,39.14
2035,2025-07-30 11:59:06,2025-07-30 11:59:06,1,35.97
2036,2025-07-29 19:07:28,2025-07-29 19:07:28,1,41.07
2037,2025-07-29 11:56:21,2025-07-29 11:56:21,1,154.85
2038,2025-01-10 12:20:07,2025-07-29 11:35:39,2,72.72999999999999
2039,2025-07-29 11:33:01,2025-07-29 11:33:01,1,102.18
2040,2025-07-29 09:11:50,2025-07-29 09:11:50,1,30.13
2041,2025-07-29 06:10:53,2025-07-29 06:10:53,1,35.23
2042,2025-07-28 18:24:16,2025-07-28 18:24:16,1,68.3
2043,2024-11-14 11:43:56,2025-07-28 12:34:45,3,115.32
2044,2025-07-28 12:17:48,2025-07-28 12:17:48,1,35.49
2045,2025-07-28 11:16:25,2025-07-28 11:16:25,1,35.75
2046,2025-06-29 19:26:17,2025-07-28 07:58:50,3,60.67
2047,2025-03-27 09:36:28,2025-04-25 19:23:23,2,240.95
2048,2025-07-27 20:03:57,2025-07-27 20:03:57,1,39.97
2049,2025-07-27 13:17:37,2025-07-27 13:17:37,1,34.03
2050,2025-07-27 13:00:48,2025-07-27 13:00:48,1,39.97
2051,2025-07-26 15:07:38,2025-07-26 15:07:38,1,39.94
2052,2025-07-25 18:02:41,2025-07-25 18:02:41,1,41.94
2053,2025-07-25 07:15:37,2025-07-25 07:15:37,1,109.66
2054,2024-07-06 07:58:22,2025-07-24 23:23:52,9,175.24
2055,2025-04-01 14:01:46,2025-07-23 22:10:44,2,43.11
2056,2025-07-23 21:28:45,2025-07-23 21:28:45,1,39.97
2058,2025-07-23 16:25:46,2025-07-23 16:25:46,1,38.84
2059,2025-07-23 09:09:13,2025-07-23 09:09:13,1,67.05
2060,2025-02-08 10:56:01,2025-07-22 16:36:13,3,149.82999999999998
2061,2025-07-22 15:33:36,2025-07-22 15:33:36,1,43.87
2062,2025-07-22 15:24:40,2025-07-22 15:24:40,1,39.97
2063,2025-07-22 08:45:14,2025-07-22 08:45:14,1,43.87
2064,2023-02-06 14:08:46,2025-07-22 07:39:51,3,215.8
2065,2025-07-21 17:56:41,2025-07-21 17:56:41,1,43.04
2066,2025-07-21 15:39:19,2025-07-21 15:39:19,1,72.09
2067,2025-07-21 13:04:01,2025-07-21 13:04:01,1,39.14
2068,2025-07-21 09:39:12,2025-07-21 09:39:12,1,82.24
2069,2025-07-20 20:27:09,2025-07-20 20:27:09,1,19.97
2070,2025-07-20 18:16:39,2025-07-20 18:16:39,1,39.14
2071,2025-07-20 17:27:48,2025-07-20 17:27:48,1,37.18
2072,2025-07-20 14:33:09,2025-07-20 14:33:09,1,4.95
2073,2025-07-20 14:22:43,2025-07-20 14:22:43,1,39.97
2075,2025-07-20 09:55:41,2025-07-20 09:55:41,1,19.97
2076,2025-07-20 08:52:54,2025-07-20 08:52:54,1,4.95
2077,2025-07-20 01:59:00,2025-07-20 01:59:00,1,23.87
2078,2025-07-19 22:10:09,2025-07-19 22:10:09,1,4.95
2079,2025-07-19 16:20:26,2025-07-19 16:20:26,1,58.91
2080,2025-07-19 12:34:53,2025-07-19 12:34:53,1,4.95
2081,2024-11-03 17:33:19,2025-07-19 12:27:54,2,93.16
2082,2025-07-19 12:17:35,2025-07-19 12:17:35,1,123.71
2083,2025-07-19 11:07:16,2025-07-19 11:07:16,1,4.95
2084,2025-07-19 11:02:36,2025-07-19 11:02:36,1,4.95
2085,2025-07-19 09:22:25,2025-07-19 09:25:07,2,83.84
2086,2025-07-19 07:44:01,2025-07-19 07:44:01,1,4.95
2087,2025-07-18 19:05:45,2025-07-18 19:05:45,1,4.95
2088,2025-07-18 18:50:04,2025-07-18 18:50:04,1,4.95
2089,2025-07-18 18:06:17,2025-07-18 18:06:17,1,4.95
2090,2025-07-18 15:57:17,2025-07-18 15:57:17,1,4.95
2091,2025-07-18 13:51:49,2025-07-18 13:51:49,1,4.95
2092,2025-07-18 10:37:53,2025-07-18 10:37:53,1,4.95
2093,2025-05-17 13:43:28,2025-07-18 10:09:20,2,267.8
2094,2024-04-13 05:31:28,2025-07-17 21:45:10,7,220.93
2095,2025-07-17 16:37:11,2025-07-17 16:37:11,1,4.95
2096,2025-07-17 15:26:09,2025-07-17 15:26:09,1,4.95
2097,2025-07-17 12:24:31,2025-07-17 12:24:31,1,23.97
2098,2025-07-17 09:53:00,2025-07-17 09:53:00,1,38.46
2099,2025-07-17 09:36:52,2025-07-17 09:36:52,1,4.95
2100,2025-07-17 08:56:33,2025-07-17 08:56:33,1,4.95
2101,2025-07-17 07:35:23,2025-07-17 07:35:23,1,4.95
2102,2025-03-13 12:43:08,2025-07-17 05:52:22,2,290.73
2103,2025-07-16 22:13:43,2025-07-16 22:13:43,1,39.97
2104,2025-07-16 18:28:06,2025-07-16 18:28:06,1,103.46
2105,2025-07-16 13:34:01,2025-07-16 13:34:01,1,75.88
2106,2025-07-16 13:33:00,2025-07-16 13:33:00,1,43.87
2107,2025-07-16 08:07:55,2025-07-16 08:07:55,1,4.95
2108,2025-07-16 06:17:46,2025-07-16 06:17:46,1,39.97
2109,2025-07-16 05:24:42,2025-07-16 05:24:42,1,4.95
2110,2025-07-15 20:26:46,2025-07-15 20:26:46,1,4.95
2111,2025-07-15 19:27:23,2025-07-15 19:27:23,1,4.95
2112,2025-07-15 15:55:36,2025-07-15 15:55:36,1,4.95
2113,2025-07-15 08:02:31,2025-07-15 08:02:31,1,4.95
2114,2025-07-15 06:01:27,2025-07-15 06:01:27,1,4.95
2115,2025-07-14 19:08:34,2025-07-14 19:08:34,1,4.95
2116,2025-07-14 18:23:54,2025-07-14 18:27:12,2,9.9
2117,2025-07-14 14:25:49,2025-07-14 14:25:49,1,8.85
2118,2024-03-01 13:07:17,2025-07-14 13:24:27,2,70.72
2119,2025-07-14 13:02:57,2025-07-14 13:02:57,1,38.94
2120,2024-11-10 18:54:43,2025-07-14 12:25:27,2,56.22
2121,2025-07-14 12:05:00,2025-07-14 12:05:00,1,8.85
2122,2025-07-13 18:58:21,2025-07-13 18:58:21,1,4.95
2123,2025-07-13 14:59:42,2025-07-13 14:59:42,1,4.95
2124,2025-07-13 11:15:38,2025-07-13 11:15:38,1,32.94
2125,2024-02-17 11:48:11,2025-07-13 10:02:08,2,104.88
2126,2025-07-13 09:56:11,2025-07-13 09:56:11,1,4.95
2127,2025-07-13 09:38:40,2025-07-13 09:38:40,1,39.97
2128,2025-07-13 08:50:32,2025-07-13 08:50:32,1,38.94
2129,2025-07-13 08:02:52,2025-07-13 08:02:52,1,19.97
2130,2025-07-13 07:54:38,2025-07-13 07:54:38,1,23.87
2131,2025-07-13 07:51:49,2025-07-13 07:51:49,1,4.95
2132,2025-07-12 23:08:43,2025-07-12 23:08:43,1,4.95
2133,2025-07-12 21:20:12,2025-07-12 21:20:12,1,39.14
2134,2025-07-12 15:38:30,2025-07-12 15:38:30,1,19.97
2135,2025-07-12 12:08:25,2025-07-12 12:08:25,1,4.95
2136,2025-07-12 09:46:54,2025-07-12 09:46:54,1,4.95
2137,2025-07-12 09:37:43,2025-07-12 09:37:43,1,4.95
2138,2025-07-12 07:11:41,2025-07-12 07:11:41,1,4.95
2139,2025-07-12 07:07:17,2025-07-12 07:07:17,1,4.95
2141,2024-05-28 18:09:30,2025-07-11 21:48:28,4,130.66
2142,2025-07-11 18:12:38,2025-07-11 18:12:38,1,4.95
2143,2025-07-03 13:16:34,2025-07-11 17:54:01,2,65.66
2144,2024-10-11 09:29:58,2025-07-11 16:23:34,11,628.21
2146,2025-07-11 06:48:07,2025-07-11 06:48:07,1,4.95
2147,2025-07-11 06:26:46,2025-07-11 06:26:46,1,4.95
2148,2023-11-17 22:13:42,2025-07-10 16:29:17,4,607.56
2149,2025-07-10 15:44:58,2025-07-10 15:44:58,1,43.94
2150,2025-07-10 14:53:37,2025-07-10 14:53:37,1,4.95
2151,2025-07-10 14:25:05,2025-07-10 14:25:05,1,4.95
2152,2025-07-10 13:30:22,2025-07-10 13:30:22,1,4.95
2153,2025-07-10 12:56:13,2025-07-10 12:56:13,1,63.94
2154,2025-07-10 12:04:12,2025-07-10 12:04:12,1,8.85
2155,2024-06-05 08:40:13,2025-07-10 10:38:13,3,195.38
2156,2025-07-10 08:44:47,2025-07-10 08:44:47,1,23.87
2157,2025-07-10 08:20:41,2025-07-10 08:20:41,1,43.07
2158,2025-07-10 07:06:10,2025-07-10 07:06:10,1,4.95
2159,2025-07-10 06:49:17,2025-07-10 06:49:17,1,4.95
2160,2025-07-09 22:03:56,2025-07-09 22:03:56,1,78.68
2161,2025-07-09 17:12:49,2025-07-09 17:12:49,1,4.95
2162,2025-07-09 14:05:35,2025-07-09 14:05:35,1,4.95
2163,2024-01-28 14:29:12,2025-07-09 13:49:14,2,59.550000000000004
2164,2025-07-09 11:09:41,2025-07-09 11:09:41,1,41.94
2165,2025-07-09 09:59:38,2025-07-09 09:59:38,1,4.95
2166,2025-07-09 09:53:46,2025-07-09 09:53:46,1,27.87
2167,2025-07-09 09:48:52,2025-07-09 09:48:52,1,4.95
2168,2024-02-19 09:12:21,2025-07-09 09:29:01,2,43.72
2169,2025-07-09 08:16:39,2025-07-09 08:16:39,1,4.95
2170,2025-07-09 08:07:53,2025-07-09 08:07:53,1,39.14
2171,2025-07-09 07:59:06,2025-07-09 07:59:06,1,23.97
2172,2025-07-09 07:09:35,2025-07-09 07:09:35,1,4.95
2173,2025-07-09 05:22:43,2025-07-09 05:22:43,1,4.95
2174,2025-07-09 03:48:29,2025-07-09 03:48:29,1,4.95
2175,2025-07-09 00:14:32,2025-07-09 00:14:32,1,4.95
2176,2025-07-08 21:14:16,2025-07-08 21:14:16,1,4.95
2177,2025-07-08 20:18:45,2025-07-08 20:18:45,1,4.95
2178,2025-07-08 19:24:58,2025-07-08 19:24:58,1,4.95
2179,2025-07-08 19:12:00,2025-07-08 19:12:00,1,4.95
2180,2025-07-08 17:51:37,2025-07-08 17:51:37,1,4.95
2181,2025-07-08 15:09:51,2025-07-08 15:09:51,1,4.95
2182,2025-07-08 14:48:51,2025-07-08 14:48:51,1,51.91
2183,2025-07-08 14:28:00,2025-07-08 14:28:00,1,43.37
2184,2025-07-08 14:16:46,2025-07-08 14:16:46,1,4.95
2185,2025-07-08 14:11:42,2025-07-08 14:11:42,1,4.95
2186,2025-07-08 13:02:06,2025-07-08 13:02:06,1,4.95
2187,2025-07-08 12:28:07,2025-07-08 12:28:07,1,4.95
2188,2025-07-08 12:12:00,2025-07-08 12:12:00,1,4.95
2189,2025-07-08 12:03:16,2025-07-08 12:03:16,1,4.95
2190,2025-07-08 11:48:13,2025-07-08 11:48:13,1,4.95
2191,2025-07-08 11:45:43,2025-07-08 11:45:43,1,4.95
2192,2025-07-08 11:43:11,2025-07-08 11:43:11,1,4.95
2193,2025-07-08 11:41:23,2025-07-08 11:41:23,1,4.95
2194,2025-07-08 11:20:40,2025-07-08 11:20:40,1,4.95
2195,2025-07-08 11:11:59,2025-07-08 11:11:59,1,4.95
2196,2025-07-08 11:06:55,2025-07-08 11:06:55,1,4.95
2197,2025-07-08 10:59:44,2025-07-08 10:59:44,1,4.95
2198,2025-07-08 10:39:59,2025-07-08 10:39:59,1,4.95
2199,2025-07-08 10:35:44,2025-07-08 10:35:44,1,4.95
2200,2025-07-08 10:07:59,2025-07-08 10:07:59,1,4.95
2201,2025-07-08 09:58:33,2025-07-08 09:58:33,1,4.95
2202,2025-07-08 09:57:52,2025-07-08 09:57:52,1,4.95
2203,2025-07-08 09:51:58,2025-07-08 09:51:58,1,4.95
2204,2025-07-08 09:47:44,2025-07-08 09:47:44,1,4.95
2205,2025-07-08 09:43:22,2025-07-08 09:43:22,1,4.95
2206,2025-07-08 09:39:44,2025-07-08 09:39:44,1,4.95
2207,2025-07-08 09:37:57,2025-07-08 09:37:57,1,4.95
2208,2025-07-08 09:36:37,2025-07-08 09:36:37,1,4.95
2209,2025-07-08 09:25:44,2025-07-08 09:25:44,1,4.95
2210,2025-07-08 09:22:51,2025-07-08 09:22:51,1,4.95
2211,2025-07-08 09:19:40,2025-07-08 09:19:40,1,4.95
2212,2025-07-08 09:18:48,2025-07-08 09:18:48,1,4.95
2213,2025-07-08 08:59:38,2025-07-08 08:59:38,1,19.97
2214,2025-07-08 08:12:47,2025-07-08 08:12:47,1,4.95
2215,2024-11-14 14:21:12,2025-07-08 07:53:21,3,120.94
2216,2025-07-08 07:49:14,2025-07-08 07:49:14,1,4.95
2217,2025-07-08 01:46:36,2025-07-08 01:46:36,1,23.87
2218,2025-07-07 20:02:10,2025-07-07 20:02:10,1,4.95
2219,2025-07-07 18:06:59,2025-07-07 18:06:59,1,4.95
2220,2025-07-07 16:39:38,2025-07-07 16:39:38,1,4.95
2221,2025-07-07 09:24:53,2025-07-07 09:24:53,1,8.85
2222,2025-07-07 05:26:08,2025-07-07 05:26:08,1,38.94
2223,2025-07-06 21:17:16,2025-07-06 21:17:16,1,4.95
2224,2025-07-06 16:44:42,2025-07-06 16:44:42,1,23.97
2225,2025-07-06 16:17:53,2025-07-06 16:17:53,1,4.95
2228,2025-07-06 10:03:48,2025-07-06 10:03:48,1,4.95
2229,2025-07-06 07:57:23,2025-07-06 07:57:23,1,4.95
2230,2025-07-06 06:18:40,2025-07-06 06:18:40,1,4.95
2231,2025-07-05 23:58:41,2025-07-05 23:58:41,1,8.85
2232,2025-07-05 17:50:16,2025-07-05 17:50:16,1,19.97
2233,2025-07-05 17:08:50,2025-07-05 17:08:50,1,43.94
2234,2025-07-05 17:05:22,2025-07-05 17:05:22,1,4.95
2235,2025-07-05 14:40:58,2025-07-05 14:40:58,1,8.85
2236,2025-07-05 13:39:13,2025-07-05 13:39:13,1,4.95
2237,2025-06-24 11:30:24,2025-07-05 13:33:51,2,91.97999999999999
2238,2025-07-05 12:29:51,2025-07-05 12:29:51,1,4.95
2239,2025-07-05 10:44:17,2025-07-05 10:44:17,1,4.95
2240,2025-07-05 08:33:34,2025-07-05 08:33:34,1,4.95
2241,2025-07-04 19:44:32,2025-07-04 19:44:32,1,4.95
2242,2025-07-04 19:39:00,2025-07-04 19:39:00,1,4.95
2243,2025-07-04 19:35:36,2025-07-04 19:35:36,1,4.95
2244,2025-07-04 19:15:20,2025-07-04 19:15:20,1,4.95
2245,2025-07-04 19:01:27,2025-07-04 19:01:27,1,4.95
2246,2025-07-04 18:55:39,2025-07-04 18:55:39,1,4.95
2247,2025-07-04 18:41:14,2025-07-04 18:41:14,1,4.95
2248,2025-03-29 16:13:02,2025-07-04 18:02:58,2,275.23
2249,2025-07-04 17:46:56,2025-07-04 17:46:56,1,4.95
2250,2025-07-04 17:17:09,2025-07-04 17:17:09,1,4.95
2252,2025-07-04 15:58:15,2025-07-04 15:58:15,1,4.95
2253,2025-07-04 15:53:49,2025-07-04 15:53:49,1,4.95
2254,2025-06-12 14:18:12,2025-07-04 14:16:37,2,81.18
2255,2025-07-04 13:54:11,2025-07-04 13:54:11,1,4.95
2256,2025-06-07 14:17:01,2025-07-04 13:49:38,2,180.38
2257,2025-07-04 12:13:07,2025-07-04 12:13:07,1,4.95
2258,2025-07-04 11:29:30,2025-07-04 11:29:30,1,50.88
2259,2025-07-04 10:39:47,2025-07-04 10:39:47,1,4.95
2260,2025-07-04 06:22:43,2025-07-04 10:30:22,2,9.9
2261,2025-07-04 10:21:10,2025-07-04 10:21:10,1,4.95
2262,2025-07-04 07:28:41,2025-07-04 07:28:41,1,4.95
2263,2025-07-04 07:17:06,2025-07-04 07:17:06,1,4.95
2264,2025-07-04 07:11:15,2025-07-04 07:11:15,1,4.95
2265,2025-07-04 06:54:36,2025-07-04 06:54:36,1,4.95
2266,2025-07-04 06:31:19,2025-07-04 06:31:19,1,4.95
2267,2025-07-04 01:09:52,2025-07-04 01:09:52,1,4.95
2268,2025-07-03 23:43:40,2025-07-03 23:43:40,1,4.95
2269,2025-07-03 21:59:31,2025-07-03 21:59:31,1,4.95
2270,2025-07-03 21:55:35,2025-07-03 21:55:35,1,4.95
2271,2025-07-03 18:01:07,2025-07-03 18:01:07,1,4.95
2272,2025-07-03 17:59:41,2025-07-03 17:59:41,1,4.95
2273,2025-07-03 17:50:17,2025-07-03 17:50:17,1,4.95
2274,2025-07-03 17:42:08,2025-07-03 17:42:08,1,4.95
2275,2025-07-03 17:41:12,2025-07-03 17:41:12,1,4.95
2276,2025-07-03 17:40:39,2025-07-03 17:40:39,1,4.95
2277,2025-07-03 17:38:39,2025-07-03 17:38:39,1,4.95
2279,2025-07-03 17:32:54,2025-07-03 17:32:54,1,4.95
2280,2025-07-03 17:29:59,2025-07-03 17:31:19,2,9.9
2282,2025-07-03 17:28:36,2025-07-03 17:28:36,1,4.95
2283,2025-07-03 17:25:34,2025-07-03 17:25:34,1,4.95
2284,2025-07-03 17:23:24,2025-07-03 17:23:24,1,4.95
2285,2025-07-03 17:11:28,2025-07-03 17:11:28,1,8.85
2286,2025-07-03 17:07:27,2025-07-03 17:07:27,1,4.95
2287,2025-07-03 17:07:02,2025-07-03 17:07:02,1,8.85
2288,2025-07-03 17:06:55,2025-07-03 17:06:55,1,4.95
2289,2025-07-03 17:06:09,2025-07-03 17:06:09,1,4.95
2290,2025-07-03 17:06:06,2025-07-03 17:06:06,1,4.95
2291,2025-07-03 17:02:53,2025-07-03 17:02:53,1,4.95
2292,2025-07-03 17:01:55,2025-07-03 17:01:55,1,4.95
2293,2025-07-03 17:00:44,2025-07-03 17:00:44,1,4.95
2294,2025-07-03 16:57:24,2025-07-03 16:57:24,1,4.95
2295,2025-07-03 16:57:17,2025-07-03 16:57:17,1,4.95
2296,2025-07-03 16:57:15,2025-07-03 16:57:15,1,4.95
2297,2025-07-03 16:55:13,2025-07-03 16:55:13,1,4.95
2298,2025-07-03 16:54:36,2025-07-03 16:54:36,1,4.95
2299,2025-07-03 16:52:59,2025-07-03 16:52:59,1,4.95
2300,2025-07-03 16:52:14,2025-07-03 16:52:14,1,4.95
2301,2025-07-03 16:49:06,2025-07-03 16:49:06,1,4.95
2302,2025-07-03 16:45:24,2025-07-03 16:45:24,1,4.95
2303,2025-07-03 16:41:19,2025-07-03 16:41:19,1,4.95
2305,2025-07-03 16:26:39,2025-07-03 16:26:39,1,4.95
2306,2025-07-03 15:55:42,2025-07-03 15:55:42,1,4.95
2307,2025-07-03 13:11:35,2025-07-03 13:11:35,1,8.85
2308,2025-07-02 18:00:27,2025-07-02 18:00:27,1,4.95
2309,2025-07-02 17:06:31,2025-07-02 17:06:31,1,4.95
2310,2025-07-02 16:52:02,2025-07-02 16:52:02,1,39.84
2311,2025-07-02 16:11:30,2025-07-02 16:11:30,1,4.95
2312,2025-07-02 15:39:11,2025-07-02 15:39:11,1,4.95
2313,2025-07-02 15:29:49,2025-07-02 15:29:49,1,4.95
2314,2025-07-02 15:08:47,2025-07-02 15:08:47,1,4.95
2315,2025-07-02 13:45:27,2025-07-02 13:45:27,1,4.95
2316,2025-07-02 12:39:38,2025-07-02 12:39:38,1,4.95
2317,2025-07-02 11:18:21,2025-07-02 11:18:21,1,4.95
2318,2023-11-14 09:17:30,2025-05-02 09:16:41,9,498.0
2319,2025-07-02 09:25:21,2025-07-02 09:25:21,1,4.95
2320,2025-07-02 08:11:17,2025-07-02 08:11:17,1,8.85
2321,2025-07-02 06:54:20,2025-07-02 06:54:20,1,4.95
2322,2024-07-08 12:45:35,2025-07-02 06:52:11,5,190.66
2323,2025-07-02 06:05:44,2025-07-02 06:05:44,1,4.95
2324,2025-07-02 05:46:06,2025-07-02 05:46:06,1,4.95
2325,2025-07-02 05:33:27,2025-07-02 05:33:27,1,4.95
2326,2025-07-01 21:14:40,2025-07-01 21:14:40,1,4.95
2327,2025-07-01 20:51:35,2025-07-01 20:51:35,1,4.95
2328,2025-07-01 18:33:36,2025-07-01 18:33:36,1,4.95
2329,2025-07-01 18:07:02,2025-07-01 18:07:02,1,4.95
2330,2025-07-01 18:04:59,2025-07-01 18:04:59,1,4.95
2331,2024-03-16 10:02:12,2025-07-01 17:40:11,3,216.86
2332,2025-07-01 16:25:58,2025-07-01 16:25:58,1,4.95
2334,2025-07-01 14:24:31,2025-07-01 14:24:31,1,4.95
2335,2025-07-01 13:44:15,2025-07-01 13:44:15,1,4.95
2336,2023-12-14 23:25:42,2025-07-01 11:52:04,2,94.47999999999999
2337,2025-07-01 11:13:26,2025-07-01 11:13:26,1,4.95
2338,2025-07-01 10:54:59,2025-07-01 10:54:59,1,4.95
2339,2025-07-01 09:16:28,2025-07-01 09:16:28,1,42.66
2340,2025-07-01 09:54:41,2025-07-01 09:54:41,1,4.95
2341,2025-07-01 09:39:07,2025-07-01 09:39:07,1,4.95
2342,2025-07-01 09:00:23,2025-07-01 09:00:23,1,39.97
2343,2025-07-01 08:41:01,2025-07-01 08:41:01,1,4.95
2344,2025-06-30 20:26:23,2025-06-30 20:26:23,1,4.95
2345,2025-06-30 19:34:12,2025-06-30 19:34:12,1,43.94
2346,2025-06-30 18:02:55,2025-06-30 18:02:55,1,4.95
2347,2025-06-30 14:40:28,2025-06-30 14:40:28,1,50.84
2348,2025-06-30 12:02:55,2025-06-30 12:02:55,1,4.95
2349,2025-06-30 11:15:43,2025-06-30 11:15:43,1,4.95
2350,2025-06-30 09:49:16,2025-06-30 09:49:16,1,4.95
2351,2025-06-30 07:18:42,2025-06-30 07:18:42,1,4.95
2352,2025-06-30 06:06:42,2025-06-30 06:06:42,1,4.95
2353,2025-06-29 16:17:56,2025-06-29 16:17:56,1,4.95
2354,2025-06-29 15:44:56,2025-06-29 15:44:56,1,4.95
2355,2025-06-29 10:20:08,2025-06-29 10:20:08,1,4.95
2356,2025-06-29 09:35:47,2025-06-29 09:35:47,1,4.95
2357,2025-06-29 07:47:21,2025-06-29 07:47:21,1,4.95
2358,2025-06-28 22:42:46,2025-06-28 22:42:46,1,8.85
2359,2025-06-28 21:44:04,2025-06-28 21:44:04,1,4.95
2360,2025-06-28 17:24:29,2025-06-28 17:24:29,1,4.95
2361,2025-06-28 17:17:23,2025-06-28 17:17:23,1,61.21
2362,2025-06-20 12:47:48,2025-06-28 13:20:04,2,136.03
2363,2025-06-28 10:00:54,2025-06-28 10:00:54,1,39.14
2365,2025-06-28 08:54:22,2025-06-28 08:54:22,1,4.95
2366,2025-06-28 08:04:57,2025-06-28 08:04:57,1,8.85
2367,2025-06-27 19:25:54,2025-06-27 19:25:54,1,4.95
2368,2025-06-27 18:31:06,2025-06-27 18:31:06,1,4.95
2369,2025-06-27 17:26:37,2025-06-27 17:26:37,1,36.94
2370,2025-06-27 15:29:54,2025-06-27 15:29:54,1,39.84
2371,2025-06-27 10:52:14,2025-06-27 10:52:14,1,8.85
2373,2025-06-26 20:30:04,2025-06-26 20:30:04,1,24.92
2375,2025-06-26 17:29:02,2025-06-26 17:29:02,1,39.97
2376,2025-06-26 16:52:35,2025-06-26 16:52:35,1,8.85
2377,2025-06-26 16:24:12,2025-06-26 16:24:12,1,4.95
2378,2025-06-26 14:36:36,2025-06-26 14:36:36,1,4.95
2379,2025-06-26 13:25:17,2025-06-26 13:35:12,2,49.86
2380,2025-06-26 13:29:22,2025-06-26 13:29:22,1,4.95
2381,2025-06-26 11:40:32,2025-06-26 11:40:32,1,50.88
2382,2025-06-26 10:42:02,2025-06-26 10:42:02,1,36.99
2383,2025-06-26 09:52:05,2025-06-26 09:52:05,1,39.97
2384,2025-06-26 09:35:07,2025-06-26 09:35:07,1,47.91
2385,2025-06-26 09:27:45,2025-06-26 09:27:45,1,4.95
2386,2025-06-26 00:28:08,2025-06-26 00:28:08,1,52.94
2387,2024-11-18 17:06:45,2025-06-25 20:14:32,8,384.74
2388,2025-06-25 18:05:57,2025-06-25 18:05:57,1,39.84
2389,2023-02-18 10:59:35,2025-06-25 17:18:21,10,688.98
2390,2025-06-25 13:30:09,2025-06-25 13:30:09,1,4.95
2391,2025-06-25 13:07:33,2025-06-25 13:07:33,1,4.95
2392,2025-06-25 11:21:08,2025-06-25 11:21:08,1,43.44
2393,2025-06-25 11:01:20,2025-06-25 11:01:20,1,8.85
2394,2025-06-04 12:42:18,2025-06-25 08:51:30,2,44.84
2395,2025-06-24 19:40:57,2025-06-24 19:40:57,1,8.85
2396,2025-06-24 17:42:08,2025-06-24 17:42:08,1,4.95
2397,2025-02-07 16:53:29,2025-06-24 14:59:17,3,192.67
2398,2025-06-24 13:28:17,2025-06-24 13:28:17,1,39.97
2399,2024-01-17 11:41:58,2025-06-24 13:04:28,2,57.57
2400,2025-06-24 13:03:24,2025-06-24 13:03:24,1,64.1
2402,2025-06-24 10:02:26,2025-06-24 10:02:26,1,4.95
2403,2025-06-23 20:13:28,2025-06-23 20:13:28,1,4.95
2404,2025-06-23 14:39:02,2025-06-23 14:39:02,1,35.97
2405,2025-05-23 13:00:12,2025-06-23 10:19:06,2,94.28999999999999
2406,2025-03-10 09:58:47,2025-06-23 09:07:18,2,121.64
2407,2025-06-22 17:04:23,2025-06-22 17:04:23,1,6.48
2408,2025-06-22 12:02:21,2025-06-22 12:02:21,1,10.38
2409,2025-06-22 10:14:13,2025-06-22 10:14:13,1,43.84
2410,2025-06-22 08:20:41,2025-06-22 08:20:41,1,6.48
2413,2025-06-20 16:03:50,2025-06-20 16:03:50,1,39.97
2414,2025-06-20 15:47:17,2025-06-20 15:47:17,1,26.92
2415,2025-06-20 11:19:17,2025-06-20 11:19:17,1,39.97
2417,2025-06-20 09:04:58,2025-06-20 09:04:58,1,37.97
2418,2025-06-19 20:24:22,2025-06-19 20:24:22,1,6.48
2419,2025-06-19 16:30:13,2025-06-19 16:30:13,1,39.97
2420,2024-12-04 09:00:40,2025-06-19 07:40:01,4,170.54000000000002
2421,2025-06-18 08:08:01,2025-06-18 08:08:01,1,6.48
2422,2024-07-03 10:43:53,2025-06-17 12:52:30,2,136.16
2423,2025-06-17 09:09:51,2025-06-17 09:09:51,1,37.97
2424,2024-10-23 08:45:58,2025-06-17 07:17:25,6,400.52
2425,2025-01-19 12:10:27,2025-06-16 18:42:27,4,181.21
2426,2025-06-16 11:09:21,2025-06-16 11:09:21,1,102.22
2427,2025-06-16 09:10:29,2025-06-16 09:10:29,1,41.79
2428,2025-06-15 17:42:37,2025-06-15 17:42:37,1,85.87
2429,2025-06-12 07:31:58,2025-06-15 10:49:58,3,119.91
2430,2025-04-14 10:27:51,2025-06-12 17:40:54,2,225.95000000000002
2431,2025-06-12 16:06:14,2025-06-12 16:06:14,1,39.97
2432,2025-06-12 07:02:02,2025-06-12 07:02:02,1,22.91
2433,2024-01-04 16:17:21,2025-06-11 16:54:57,38,1893.27
2434,2024-07-06 07:43:47,2025-06-11 16:40:36,2,91.56
2435,2025-05-31 12:00:50,2025-06-11 15:37:11,2,82.88
2436,2025-06-11 15:06:42,2025-06-11 15:06:42,1,39.97
2437,2025-06-11 11:53:32,2025-06-11 11:53:32,1,36.99
2438,2025-04-03 05:28:10,2025-06-04 14:08:52,4,195.57999999999998
2439,2025-06-10 16:52:53,2025-06-10 16:52:53,1,80.08
2440,2025-06-10 11:16:24,2025-06-10 11:16:24,1,39.14
2441,2025-06-10 10:59:18,2025-06-10 10:59:18,1,37.18
2442,2025-03-10 07:08:00,2025-03-10 07:08:00,1,68.04
2443,2023-11-17 08:36:29,2025-06-10 07:57:02,3,295.53999999999996
2444,2025-06-10 06:57:03,2025-06-10 06:57:03,1,43.87
2445,2025-06-10 05:37:01,2025-06-10 05:37:01,1,37.18
2446,2025-06-09 09:22:34,2025-06-09 09:22:34,1,37.97
2447,2025-06-09 06:57:14,2025-06-09 06:57:14,1,105.09
2448,2025-06-07 23:11:41,2025-06-07 23:11:41,1,46.98
2449,2025-06-07 14:59:10,2025-06-07 14:59:10,1,39.14
2450,2025-06-07 13:20:19,2025-06-07 13:20:19,1,43.37
2451,2024-10-17 18:39:36,2025-06-07 08:24:05,2,133.07999999999998
2452,2024-12-07 10:25:58,2025-06-07 07:36:26,3,138.46
2453,2025-06-06 18:31:36,2025-06-06 18:31:36,1,58.71
2454,2025-06-05 18:19:49,2025-06-05 18:19:49,1,37.94
2455,2025-06-05 17:40:26,2025-06-05 17:40:26,1,98.27
2456,2025-06-05 14:15:22,2025-06-05 14:15:22,1,54.06
2457,2025-06-05 08:27:05,2025-06-05 08:27:05,1,43.04
2458,2025-02-05 16:07:33,2025-06-05 07:37:41,2,74.78
2459,2023-01-01 20:23:22,2025-06-04 12:11:00,4,267.08000000000004
2460,2025-06-03 16:32:08,2025-06-03 16:32:08,1,48.92
2461,2025-02-11 18:36:25,2025-06-02 08:35:15,2,101.77000000000001
2462,2024-08-29 14:57:09,2025-06-01 18:57:24,10,359.79999999999995
2463,2025-05-30 14:18:00,2025-05-30 14:18:00,1,45.84
2464,2025-05-30 07:59:15,2025-05-30 07:59:15,1,30.82
2465,2025-05-28 04:16:28,2025-05-28 04:16:28,1,43.87
2466,2025-05-27 16:18:15,2025-05-27 16:18:15,1,51.91
2468,2024-08-27 06:01:35,2025-03-27 09:38:28,5,129.75
2469,2025-05-27 10:08:17,2025-05-27 10:08:17,1,125.17
2470,2025-05-27 09:59:44,2025-05-27 09:59:44,1,46.98
2471,2025-03-08 12:45:32,2025-05-26 09:14:28,3,145.15
2472,2025-05-26 08:31:05,2025-05-26 08:31:05,1,58.13
2473,2025-05-26 08:21:57,2025-05-26 08:21:57,1,75.14
2474,2025-05-24 10:56:31,2025-05-24 10:56:31,1,43.07
2475,2025-05-13 15:15:54,2025-05-24 08:47:35,2,95.35
2476,2025-05-23 12:23:02,2025-05-23 12:23:02,1,58.13
2477,2024-05-31 10:52:12,2025-05-22 18:39:08,3,173.20000000000002
2478,2024-04-11 10:42:50,2025-05-22 13:45:08,2,193.88
2479,2023-08-16 20:57:44,2025-05-22 13:43:04,2,166.65
2480,2025-05-22 10:36:21,2025-05-22 10:36:21,1,105.87
2481,2025-05-21 22:14:43,2025-05-21 22:14:43,1,75.14
2482,2025-05-21 17:02:17,2025-05-21 17:02:17,1,46.97
2483,2025-05-21 16:00:15,2025-05-21 16:00:15,1,41.94
2484,2025-05-21 12:29:33,2025-05-21 12:29:33,1,77.51
2485,2025-05-21 08:51:57,2025-05-21 08:51:57,1,75.88
2486,2025-05-21 06:35:49,2025-05-21 06:35:49,1,40.94
2487,2024-12-13 00:15:54,2025-05-20 15:22:18,7,299.31
2488,2025-05-20 10:48:15,2025-05-20 10:48:15,1,56.94
2489,2025-05-20 10:29:24,2025-05-20 10:29:24,1,26.92
2490,2025-05-20 08:27:23,2025-05-20 08:27:23,1,56.94
2491,2025-05-19 20:16:30,2025-05-19 20:16:30,1,78.34
2492,2025-03-12 19:07:56,2025-05-19 19:26:10,3,133.87
2493,2023-11-08 19:00:02,2025-05-19 17:41:04,5,543.16
2494,2025-05-19 17:40:51,2025-05-19 17:40:51,1,77.12
2495,2025-05-19 15:12:00,2025-05-19 15:12:00,1,56.73
2496,2024-05-29 07:34:38,2025-05-19 12:56:27,4,288.77
2497,2025-05-19 11:22:24,2025-05-19 11:22:24,1,87.38
2498,2024-07-14 10:25:10,2025-05-18 14:31:52,14,493.91999999999996
2499,2025-05-18 12:33:31,2025-05-18 12:33:31,1,49.84
2500,2025-05-16 12:25:55,2025-05-16 12:25:55,1,42.36
2501,2025-05-16 10:32:59,2025-05-16 10:32:59,1,46.98
2502,2025-05-16 10:10:54,2025-05-16 10:10:54,1,60.34
2503,2025-05-16 08:23:40,2025-05-16 08:23:40,1,89.98
2504,2025-04-13 19:22:13,2025-05-15 20:51:27,3,123.31
2505,2025-05-15 20:32:17,2025-05-15 20:32:17,1,48.91
2506,2025-05-15 18:04:37,2025-05-15 18:04:37,1,38.94
2507,2025-05-15 17:22:37,2025-05-15 17:22:37,1,35.2
2508,2025-05-15 10:54:58,2025-05-15 10:54:58,1,77.6
2509,2025-05-15 07:43:53,2025-05-15 07:43:53,1,39.94
2510,2025-05-14 17:50:13,2025-05-14 17:50:13,1,94.37
2511,2025-05-14 16:29:56,2025-05-14 16:29:56,1,74.2
2512,2025-05-14 09:42:32,2025-05-14 09:42:32,1,39.97
2513,2025-05-14 09:12:42,2025-05-14 09:12:42,1,103.74
2514,2024-08-01 12:57:28,2025-05-14 08:54:35,7,285.95
2515,2025-05-13 16:17:57,2025-05-13 16:17:57,1,46.98
2517,2025-05-13 07:42:43,2025-05-13 07:42:43,1,59.94
2518,2025-05-12 19:00:57,2025-05-12 19:00:57,1,47.92
2519,2024-03-08 18:26:24,2025-05-11 19:37:34,2,94.72
2520,2025-05-11 16:27:35,2025-05-11 16:27:35,1,24.92
2521,2025-05-10 20:33:42,2025-05-10 20:33:42,1,38.94
2522,2024-12-10 08:12:29,2025-05-10 11:19:34,6,215.88
2523,2025-05-10 11:17:22,2025-05-10 11:17:22,1,39.14
2524,2025-02-06 17:21:19,2025-05-09 14:44:43,2,105.62
2525,2025-05-08 14:34:41,2025-05-08 14:34:41,1,49.84
2526,2025-05-07 20:18:59,2025-05-07 20:18:59,1,79.78
2527,2025-05-07 18:29:22,2025-05-07 18:29:22,1,79.12
2528,2024-05-07 14:24:00,2025-04-07 17:24:07,34,602.04
2529,2025-05-07 13:15:21,2025-05-07 13:15:21,1,39.14
2530,2024-09-25 10:38:27,2025-05-07 13:04:41,2,58.92
2531,2025-05-07 09:55:48,2025-05-07 09:55:48,1,39.97
2532,2025-02-05 15:52:51,2025-05-06 15:00:01,3,174.43
2533,2025-05-05 16:08:10,2025-05-05 16:08:10,1,39.94
2534,2025-01-28 16:39:12,2025-05-05 12:46:05,3,129.79
2535,2025-05-05 12:28:15,2025-05-05 12:28:15,1,100.22
2536,2025-05-04 13:20:46,2025-05-04 13:20:46,1,79.67
2537,2025-03-03 10:38:29,2025-05-04 10:14:39,2,74.75999999999999
2538,2024-09-04 06:20:33,2025-03-04 09:21:18,4,129.6
2539,2025-05-03 11:14:22,2025-05-03 11:14:22,1,47.94
2540,2024-08-27 08:33:38,2025-05-01 21:10:53,3,188.12
2541,2025-05-01 20:20:59,2025-05-01 20:20:59,1,47.94
2542,2025-05-01 14:25:11,2025-05-01 14:25:11,1,78.08
2543,2024-04-21 18:31:35,2025-04-29 17:57:21,11,536.28
2544,2025-04-29 14:54:00,2025-04-29 14:54:00,1,76.52
2545,2025-04-29 14:13:08,2025-04-29 14:13:08,1,47.27
2546,2025-04-29 00:05:43,2025-04-29 00:05:43,1,39.97
2547,2025-03-23 10:56:20,2025-04-28 17:50:13,2,96.06
2548,2025-02-16 17:25:22,2025-04-26 21:16:31,2,111.66
2549,2025-04-26 14:17:51,2025-04-26 14:17:51,1,38.46
2550,2025-04-26 07:36:22,2025-04-26 07:36:22,1,50.34
2551,2025-04-25 18:47:46,2025-04-25 18:47:46,1,40.94
2552,2024-12-18 09:33:50,2025-04-25 16:09:46,2,111.88
2553,2025-04-24 21:25:24,2025-04-24 21:25:24,1,39.97
2554,2025-04-24 18:13:54,2025-04-24 18:13:54,1,39.14
2555,2025-03-16 20:27:23,2025-04-24 17:43:46,5,175.39000000000001
2556,2023-03-19 19:43:56,2025-04-24 14:04:18,2,106.99
2557,2025-04-24 00:02:02,2025-04-24 00:02:02,1,43.37
2559,2024-05-14 06:24:58,2025-04-23 12:15:11,2,91.44999999999999
2560,2025-03-08 11:16:02,2025-04-23 07:52:52,2,83.79
2561,2025-04-22 16:26:20,2025-04-22 16:26:20,1,39.14
2562,2024-09-10 09:40:46,2025-04-22 05:19:54,4,248.8
2563,2025-04-21 11:07:31,2025-04-21 11:07:31,1,45.15
2564,2025-04-19 14:43:43,2025-04-19 14:43:43,1,136.56
2565,2023-10-12 08:22:38,2025-04-19 14:02:41,2,269.89
2566,2025-04-18 19:28:40,2025-04-18 19:28:40,1,73.92
2567,2025-04-18 16:09:09,2025-04-18 16:09:09,1,43.44
2568,2025-04-17 19:44:48,2025-04-17 19:44:48,1,43.84
2569,2025-04-17 06:22:33,2025-04-17 06:22:33,1,39.94
2570,2025-04-14 21:08:07,2025-04-14 21:08:07,1,44.84
2571,2025-04-14 20:51:26,2025-04-14 20:51:26,1,73.34
2572,2025-04-14 19:57:36,2025-04-14 19:57:36,1,52.15
2573,2024-04-03 15:25:30,2025-04-14 19:35:12,3,108.14
2574,2025-04-14 11:38:00,2025-04-14 11:38:00,1,80.91
2575,2025-04-14 10:44:39,2025-04-14 10:44:39,1,38.46
2576,2023-01-29 16:05:56,2025-04-14 10:18:44,2,94.82000000000001
2577,2024-07-06 19:57:41,2025-04-14 10:12:34,2,73.44
2578,2025-04-14 09:38:11,2025-04-14 09:38:11,1,73.86
2579,2025-04-14 08:52:08,2025-04-14 08:52:08,1,174.88
2580,2023-06-25 06:58:26,2025-04-14 07:37:18,9,721.36
2581,2023-08-04 10:23:47,2025-04-14 07:37:06,3,193.92
2582,2025-04-14 07:12:46,2025-04-14 07:12:46,1,54.32
2583,2024-02-27 22:27:13,2025-04-14 06:59:22,2,151.67000000000002
2584,2024-08-18 21:47:26,2025-04-13 19:47:39,4,223.78
2585,2024-12-30 16:38:33,2025-04-13 14:13:47,2,98.92
2586,2025-04-13 12:30:55,2025-04-13 12:30:55,1,43.87
2587,2025-04-13 10:11:05,2025-04-13 10:11:05,1,94.37
2588,2024-04-22 21:47:48,2025-04-13 08:59:03,3,159.31
2589,2025-04-13 08:06:16,2025-04-13 08:06:16,1,129.12
2590,2025-04-13 07:52:52,2025-04-13 07:52:52,1,39.83
2591,2023-11-29 11:57:40,2025-04-12 18:57:38,2,262.9
2592,2025-04-12 13:01:10,2025-04-12 13:01:10,1,70.51
2593,2025-04-12 12:37:43,2025-04-12 12:37:43,1,38.65
2594,2024-10-02 17:48:28,2025-04-12 08:49:08,4,189.45000000000002
2596,2023-02-06 16:37:13,2025-04-12 08:16:41,2,255.65999999999997
2597,2023-03-17 13:08:13,2025-04-12 07:56:17,2,140.51
2598,2024-04-24 16:13:26,2025-04-12 07:52:39,2,151.0
2599,2025-04-12 07:22:58,2025-04-12 07:22:58,1,71.69
2600,2023-12-24 18:19:27,2025-04-12 06:51:51,3,240.02
2601,2025-04-12 06:28:00,2025-04-12 06:28:00,1,73.34
2602,2025-04-11 16:02:06,2025-04-11 16:02:06,1,41.94
2603,2025-04-11 14:28:38,2025-04-11 14:28:38,1,73.88
2604,2025-04-11 09:17:57,2025-04-11 09:17:57,1,24.92
2605,2024-10-10 13:37:55,2025-04-10 16:39:10,7,117.60000000000001
2606,2025-03-27 10:44:40,2025-04-10 14:13:50,2,71.19
2607,2025-04-10 14:01:11,2025-04-10 14:01:11,1,20.96
2608,2024-07-04 09:23:06,2025-04-10 12:27:57,4,166.3
2609,2025-04-10 12:25:48,2025-04-10 12:25:48,1,24.97
2610,2025-04-10 11:46:05,2025-04-10 11:46:05,1,36.22
2611,2025-02-25 11:09:44,2025-04-10 10:24:11,2,69.64
2612,2025-01-23 08:52:03,2025-04-10 09:01:53,2,85.72
2613,2024-02-05 13:52:13,2025-04-10 07:53:11,4,235.6
2614,2025-04-09 19:27:05,2025-04-09 19:27:05,1,43.87
2615,2025-04-09 14:59:06,2025-04-09 14:59:06,1,43.04
2616,2025-04-09 13:58:03,2025-04-09 13:58:03,1,40.85
2617,2025-04-09 13:08:36,2025-04-09 13:08:36,1,23.97
2618,2024-01-31 08:53:24,2025-04-09 12:36:57,2,141.49
2619,2025-04-09 12:19:11,2025-04-09 12:19:11,1,38.64
2620,2025-01-09 16:55:01,2025-04-09 12:14:50,3,202.60999999999999
2621,2025-04-09 12:08:31,2025-04-09 12:08:31,2,159.56
2622,2025-04-08 13:17:33,2025-04-08 13:17:33,1,25.42
2623,2024-07-04 00:01:52,2024-08-28 08:21:19,2,78.75999999999999
2624,2025-04-07 19:30:08,2025-04-07 19:30:08,1,43.87
2625,2025-02-18 14:39:09,2025-04-07 12:50:13,3,127.47
2626,2025-04-07 10:32:46,2025-04-07 10:32:46,1,31.94
2627,2025-01-08 09:40:45,2025-04-07 07:23:59,2,127.94
2628,2025-04-06 21:20:19,2025-04-06 21:20:19,1,38.46
2629,2025-04-06 14:48:50,2025-04-06 14:48:50,1,39.97
2630,2025-04-06 11:18:56,2025-04-06 11:18:56,1,43.87
2631,2025-04-05 16:32:32,2025-04-05 16:32:32,1,39.97
2632,2025-04-05 10:44:17,2025-04-05 10:44:17,1,21.97
2633,2025-04-05 06:51:14,2025-04-05 06:51:14,1,80.34
2634,2024-08-04 08:51:31,2025-04-04 21:57:33,2,60.449999999999996
2635,2025-03-25 16:10:39,2025-04-04 19:20:36,2,90.86
2636,2025-04-04 13:12:29,2025-04-04 13:12:29,1,25.97
2637,2025-04-04 12:42:59,2025-04-04 12:42:59,1,21.97
2638,2025-04-04 10:51:32,2025-04-04 10:51:32,1,110.55
2639,2025-04-04 08:45:21,2025-04-04 08:45:21,1,39.97
2640,2025-04-04 07:40:40,2025-04-04 07:40:40,1,37.18
2641,2024-03-19 09:29:36,2025-04-04 07:09:15,5,293.95
2642,2023-10-20 16:11:32,2025-04-03 20:06:52,4,311.13
2643,2025-04-03 19:26:21,2025-04-03 19:26:21,1,70.35
2644,2024-12-02 10:39:41,2024-12-02 10:39:41,1,70.77
2645,2024-12-27 11:54:06,2025-04-03 15:25:33,3,146.04
2646,2025-04-03 15:09:35,2025-04-03 15:09:35,1,39.94
2647,2025-04-03 15:03:22,2025-04-03 15:03:22,1,67.84
2648,2025-04-03 11:47:47,2025-04-03 11:47:47,1,46.91
2649,2025-04-03 11:36:37,2025-04-03 11:36:37,1,36.94
2650,2025-04-03 11:18:43,2025-04-03 11:18:43,1,29.32
2651,2024-12-22 16:16:55,2025-04-02 21:54:56,2,176.04000000000002
2652,2025-03-03 17:17:02,2025-04-02 20:36:33,2,47.24
2653,2025-03-17 21:28:44,2025-04-02 19:47:27,2,56.62
2654,2025-02-24 18:17:05,2025-04-02 11:57:59,3,108.83
2655,2025-04-02 09:02:39,2025-04-02 09:02:39,1,39.97
2656,2025-04-02 04:42:15,2025-04-02 04:42:15,1,37.97
2658,2024-07-01 19:51:30,2025-04-01 19:55:51,3,100.65
2659,2025-04-01 19:54:52,2025-04-01 19:54:52,1,28.54
2660,2023-08-28 08:27:38,2025-04-01 16:10:42,6,315.87
2661,2023-09-06 12:37:56,2025-04-01 15:42:28,5,367.98
2662,2024-05-10 19:28:21,2025-04-01 15:07:24,3,138.42000000000002
2663,2025-04-01 15:05:52,2025-04-01 15:05:52,1,23.97
2664,2025-04-01 14:32:07,2025-04-01 14:32:07,1,33.63
2665,2024-10-24 13:14:06,2025-04-01 14:10:38,2,135.36
2666,2024-10-21 17:43:25,2025-04-01 13:32:32,2,147.49
2667,2024-04-22 13:32:33,2025-04-01 13:24:36,4,101.22
2668,2024-10-01 09:04:04,2025-03-01 12:04:39,10,208.01999999999998
2669,2025-04-01 10:25:15,2025-04-01 10:25:15,1,39.97
2670,2023-02-18 13:52:26,2025-04-01 09:24:17,3,367.98
2671,2023-03-15 08:57:27,2025-04-01 08:24:40,6,347.33
2672,2025-03-31 13:43:36,2025-03-31 13:43:36,1,39.97
2673,2025-02-17 22:01:47,2025-03-31 11:27:04,2,49.349999999999994
2674,2025-03-31 08:49:07,2025-03-31 08:49:07,1,21.57
2675,2025-03-30 21:35:14,2025-03-30 21:35:14,1,31.45
2676,2025-02-25 20:37:39,2025-03-30 20:36:44,3,92.9
2677,2024-04-23 08:16:29,2025-03-30 08:28:46,2,91.95
2678,2025-03-30 01:28:41,2025-03-30 01:28:41,1,31.83
2679,2025-03-29 19:07:51,2025-03-29 19:07:51,1,35.97
2680,2025-03-29 09:41:49,2025-03-29 09:41:49,1,39.97
2681,2025-03-29 07:39:56,2025-03-29 07:39:56,1,35.91
2682,2025-03-29 06:25:06,2025-03-29 06:25:06,1,82.59
2683,2025-03-28 11:52:37,2025-03-28 11:52:37,1,43.87
2684,2025-03-27 21:01:01,2025-03-27 21:01:01,1,46.52
2685,2025-03-09 22:09:45,2025-03-27 20:16:48,2,67.57
2686,2025-03-27 19:08:36,2025-03-27 19:08:36,1,39.97
2687,2025-03-27 17:40:47,2025-03-27 17:40:47,1,53.42
2688,2025-03-27 17:25:24,2025-03-27 17:25:24,1,61.8
2689,2024-07-24 08:06:07,2024-07-24 08:06:07,1,48.75
2690,2025-03-27 15:15:58,2025-03-27 15:15:58,1,34.83
2691,2025-03-27 13:39:00,2025-03-27 13:39:00,1,35.97
2692,2025-03-27 11:18:42,2025-03-27 11:18:42,1,28.54
2693,2025-03-26 22:05:42,2025-03-26 22:05:42,1,21.97
2694,2025-03-26 17:24:52,2025-03-26 17:24:52,1,21.97
2695,2024-11-22 10:44:54,2025-03-26 07:24:01,2,74.44999999999999
2696,2024-04-19 18:48:36,2025-02-25 13:15:57,13,533.4399999999999
2697,2025-03-25 08:23:39,2025-03-25 08:23:39,1,34.83
2698,2025-03-24 23:07:13,2025-03-24 23:07:13,2,77.4
2699,2025-03-24 20:41:50,2025-03-24 20:41:50,1,35.97
2700,2025-03-24 18:53:22,2025-03-24 18:53:22,1,37.95
2701,2025-03-24 17:48:39,2025-03-24 17:48:39,1,27.66
2702,2025-03-24 13:49:35,2025-03-24 13:49:35,1,39.97
2703,2025-03-24 10:24:50,2025-03-24 10:24:50,1,35.97
2705,2025-03-23 13:47:30,2025-03-23 13:47:30,1,118.5
2706,2025-03-23 13:46:43,2025-03-23 13:46:43,1,63.82
2707,2025-03-23 10:53:17,2025-03-23 12:15:35,2,111.69999999999999
2708,2025-03-23 09:50:39,2025-03-23 09:50:39,1,39.86
2709,2024-04-23 11:01:11,2024-04-23 11:01:11,1,54.73
2710,2025-01-16 07:09:53,2025-03-23 07:17:19,3,128.21
2711,2025-03-22 13:54:12,2025-03-22 13:54:12,1,34.83
2712,2025-03-21 17:12:52,2025-03-21 17:12:52,1,70.8
2713,2024-10-23 19:06:51,2025-03-20 22:54:12,3,175.91
2714,2025-03-20 21:29:12,2025-03-20 21:29:12,1,68.65
2715,2025-03-05 17:07:18,2025-03-20 18:14:56,2,75.17
2716,2025-03-02 18:19:07,2025-03-20 14:01:53,2,76.2
2717,2025-03-20 12:58:21,2025-03-20 12:58:21,1,18.7
2718,2025-03-20 11:43:16,2025-03-20 11:43:16,1,57.54
2719,2025-03-20 00:03:01,2025-03-20 00:03:01,1,39.97
2720,2024-12-09 14:13:21,2025-03-19 21:53:22,2,64.78
2721,2025-03-19 17:57:51,2025-03-19 17:57:51,1,79.05
2722,2025-03-19 17:57:22,2025-03-19 17:57:22,1,51.4
2723,2025-03-19 17:41:18,2025-03-19 17:41:18,1,39.97
2724,2025-03-19 17:38:28,2025-03-19 17:38:28,1,39.97
2725,2025-03-19 15:17:43,2025-03-19 15:17:43,1,35.96
2726,2025-03-19 10:44:28,2025-03-19 10:44:28,1,35.97
2727,2025-03-12 10:33:49,2025-03-19 10:02:49,2,64.83
2728,2025-03-19 10:02:23,2025-03-19 10:02:23,1,37.97
2729,2025-03-18 21:41:35,2025-03-18 21:41:35,1,43.87
2730,2025-03-18 15:14:20,2025-03-18 15:14:20,1,38.7
2731,2025-03-18 11:33:49,2025-03-18 11:33:49,1,58.65
2732,2025-03-18 11:30:46,2025-03-18 11:30:46,1,43.87
2733,2025-03-18 09:21:15,2025-03-18 09:21:15,1,39.97
2734,2025-03-18 08:19:48,2025-03-18 08:19:48,1,35.97
2735,2025-03-17 19:50:42,2025-03-17 19:50:42,1,43.87
2736,2025-02-22 20:57:18,2025-03-17 19:32:27,2,125.75
2737,2025-03-17 19:04:44,2025-03-17 19:04:44,1,38.7
2738,2025-01-31 07:55:06,2025-03-17 15:05:54,2,75.22
2739,2024-05-12 11:57:03,2025-03-17 14:09:32,2,81.22
2740,2025-03-17 09:37:25,2025-03-17 09:37:25,1,32.65
2741,2025-03-16 11:42:21,2025-03-16 11:42:21,1,34.83
2742,2025-03-16 10:33:42,2025-03-16 10:33:42,1,38.7
2743,2025-03-16 09:18:56,2025-03-16 09:18:56,1,35.35
2744,2025-03-15 11:15:13,2025-03-15 11:15:13,1,35.97
2745,2025-03-07 15:18:45,2025-03-14 19:24:06,2,74.33000000000001
2746,2025-03-14 17:30:03,2025-03-14 17:30:03,1,29.39
2747,2025-02-26 17:12:55,2025-03-14 17:17:44,2,111.06
2748,2025-03-14 16:16:25,2025-03-14 16:16:25,1,35.97
2749,2023-11-28 08:07:13,2025-03-14 16:10:24,4,195.11
2750,2025-03-14 15:27:12,2025-03-14 15:27:12,1,35.97
2751,2025-02-11 17:39:35,2025-03-14 14:46:06,2,85.96000000000001
2752,2025-03-14 08:57:03,2025-03-14 08:57:03,1,39.81
2753,2025-03-14 04:11:19,2025-03-14 04:11:19,1,21.97
2755,2025-03-12 18:54:02,2025-03-12 18:54:02,1,48.09
2756,2025-03-12 16:17:19,2025-03-12 16:17:19,1,22.5
2757,2025-03-12 00:18:11,2025-03-12 00:18:11,1,65.48
2758,2024-10-14 20:28:45,2025-01-17 16:46:52,6,365.83
2759,2025-03-11 18:49:36,2025-03-11 18:49:36,1,64.12
2760,2025-03-11 16:22:48,2025-03-11 16:22:48,1,20.25
2761,2025-03-11 13:55:40,2025-03-11 13:55:40,1,32.06
2762,2025-03-11 11:38:54,2025-03-11 11:38:54,1,32.06
2763,2025-03-10 21:41:34,2025-03-10 21:41:34,1,35.62
2764,2025-03-10 20:30:01,2025-03-10 20:30:01,1,20.25
2765,2024-03-10 20:19:22,2025-03-10 18:45:33,2,136.72
2766,2024-10-17 09:21:16,2025-03-10 11:36:04,5,366.62
2767,2025-02-09 08:12:45,2025-03-09 18:25:38,2,64.36
2768,2024-12-05 18:13:24,2025-03-09 18:21:55,3,241.98000000000002
2769,2025-03-09 17:45:50,2025-03-09 17:45:50,1,37.5
2770,2025-03-09 16:24:40,2025-03-09 16:24:40,1,22.5
2771,2025-03-09 14:19:59,2025-03-09 14:19:59,1,93.71
2772,2025-03-09 10:27:32,2025-03-09 10:27:32,1,37.5
2773,2025-03-09 08:48:13,2025-03-09 08:48:13,1,55.49
2774,2025-03-08 18:36:23,2025-03-08 18:36:23,1,37.5
2775,2025-03-08 18:13:13,2025-03-08 18:13:13,1,89.05
2776,2025-03-08 16:16:18,2025-03-08 16:16:18,1,54.0
2777,2024-03-23 14:09:49,2025-03-08 14:25:28,3,157.45
2778,2025-03-08 06:40:20,2025-03-08 06:40:20,1,53.43
2779,2025-03-07 16:44:18,2025-03-07 16:49:21,2,49.87
2780,2025-03-07 12:46:46,2025-03-07 12:46:46,1,25.72
2781,2023-11-15 12:15:29,2025-03-07 12:44:34,2,110.83000000000001
2782,2025-03-07 11:49:27,2025-03-07 11:49:27,1,37.13
2783,2025-03-06 14:16:29,2025-03-06 14:16:29,1,35.62
2784,2024-04-11 06:26:54,2025-03-06 08:55:04,5,232.63
2785,2024-07-26 15:27:08,2025-03-06 08:42:19,3,114.76
2786,2025-01-17 09:10:34,2025-03-06 08:31:13,2,157.46
2787,2023-11-01 10:57:40,2025-03-06 08:10:33,3,168.19
2788,2025-03-06 07:48:04,2025-03-06 07:48:04,1,33.84
2789,2024-07-13 10:01:59,2025-03-06 07:15:07,2,63.48
2790,2025-03-06 06:56:37,2025-03-06 06:56:37,1,21.49
2791,2025-03-05 20:42:40,2025-03-05 20:42:40,1,21.82
2792,2025-03-05 20:06:53,2025-03-05 20:06:53,1,22.5
2793,2025-03-05 20:04:43,2025-03-05 20:04:43,1,22.05
2794,2025-03-05 19:21:45,2025-03-05 19:21:50,2,44.1
2795,2025-03-05 16:31:15,2025-03-05 16:31:15,1,25.24
2796,2024-11-01 10:35:28,2025-03-05 15:52:17,4,132.88
2797,2025-03-05 15:09:28,2025-03-05 15:09:28,1,47.32
2798,2025-03-05 14:47:04,2025-03-05 14:47:04,1,33.75
2799,2025-03-05 14:15:44,2025-03-05 14:15:44,1,42.76
2800,2025-03-05 13:45:45,2025-03-05 13:45:45,1,33.84
2801,2025-03-05 13:37:54,2025-03-05 13:37:54,1,20.31
2802,2025-03-05 12:28:08,2025-03-05 12:28:08,1,38.48
2803,2025-03-05 12:13:22,2025-03-05 12:13:22,1,39.19
2804,2025-03-05 12:05:32,2025-03-05 12:05:32,1,20.93
2805,2025-03-05 11:36:20,2025-03-05 11:36:20,1,58.12
2806,2025-03-05 11:00:05,2025-03-05 11:00:06,2,51.44
2807,2025-03-05 09:46:34,2025-03-05 09:46:34,1,35.62
2808,2024-10-04 13:27:03,2025-03-05 09:20:48,3,186.60000000000002
2809,2025-03-04 18:18:11,2025-03-04 18:18:11,1,42.86
2810,2025-03-04 17:17:31,2025-03-04 17:17:31,1,71.24
2811,2024-07-02 13:01:07,2025-03-04 16:13:21,3,206.6
2812,2025-03-04 12:06:29,2025-03-04 12:06:29,1,80.99
2813,2025-03-04 11:29:34,2025-03-04 11:29:34,1,21.82
2814,2025-02-28 11:44:19,2025-03-04 11:16:05,2,59.55
2815,2025-03-04 09:36:13,2025-03-04 09:36:13,1,20.93
2816,2023-10-30 14:39:24,2024-11-24 07:43:31,2,102.97
2817,2025-03-04 00:36:25,2025-03-04 00:36:25,1,33.45
2818,2025-03-03 22:35:46,2025-03-03 22:35:46,1,42.76
2819,2024-12-22 11:24:09,2025-03-03 16:20:39,2,65.72
2820,2025-03-03 16:05:54,2025-03-03 16:05:54,1,39.4
2821,2025-03-03 14:10:04,2025-03-03 14:10:04,1,22.5
2822,2024-11-03 05:23:20,2025-03-03 14:05:16,5,220.0
2823,2025-03-03 12:51:50,2025-03-03 12:51:50,1,35.62
2824,2025-03-03 10:48:25,2025-03-03 10:48:25,1,57.98
2825,2025-03-02 17:49:31,2025-03-02 17:49:31,1,27.68
2826,2025-03-02 16:21:54,2025-03-02 16:21:54,1,37.5
2827,2024-11-24 06:59:22,2025-03-02 14:58:23,2,108.93
2828,2025-03-02 13:09:08,2025-03-02 13:09:08,1,117.9
2829,2025-03-02 12:13:09,2025-03-02 12:13:09,1,87.86
2830,2025-03-02 11:43:12,2025-03-02 11:43:12,1,38.99
2831,2025-03-02 06:39:38,2025-03-02 09:38:46,2,99.36
2832,2024-12-04 07:58:18,2025-03-01 19:02:12,4,156.09
2833,2025-03-01 08:12:54,2025-03-01 08:12:54,1,64.12
2834,2025-02-28 20:18:31,2025-02-28 20:18:31,1,61.11
2835,2025-02-28 13:09:39,2025-02-28 13:09:39,1,33.75
2836,2025-02-27 17:22:47,2025-02-27 17:22:47,1,30.04
2837,2025-02-27 08:33:28,2025-02-27 08:33:28,1,21.38
2838,2024-10-14 10:16:06,2025-02-26 17:30:20,2,70.55
2839,2025-02-26 14:45:50,2025-02-26 14:45:50,1,27.66
2840,2025-02-26 11:55:50,2025-02-26 11:55:50,1,22.05
2841,2025-02-26 08:06:15,2025-02-26 08:06:15,1,44.7
2842,2025-02-25 19:52:02,2025-02-25 19:52:02,1,38.47
2843,2025-02-25 19:44:41,2025-02-25 19:44:41,1,51.59
2844,2025-02-25 17:31:57,2025-02-25 17:31:57,1,22.05
2845,2024-07-30 10:38:54,2024-07-30 10:38:54,1,42.76
2846,2025-02-25 14:51:13,2025-02-25 14:51:13,1,38.88
2847,2025-02-25 08:22:35,2025-02-25 08:22:35,1,39.52
2848,2025-02-24 20:04:47,2025-02-24 20:04:47,1,25.28
2849,2025-02-24 09:07:19,2025-02-24 09:07:19,1,22.05
2850,2025-02-23 20:43:35,2025-02-23 20:43:35,1,33.45
2851,2025-02-23 20:41:30,2025-02-23 20:41:30,1,22.05
2852,2025-02-23 17:42:36,2025-02-23 17:42:36,1,20.25
2853,2025-02-23 14:13:56,2025-02-23 14:13:56,1,46.42
2854,2025-02-23 12:44:53,2025-02-23 12:44:53,1,39.49
2855,2025-02-23 10:46:46,2025-02-23 10:46:46,1,45.0
2856,2025-02-23 10:24:13,2025-02-23 10:25:13,2,85.72999999999999
2857,2025-02-23 09:15:41,2025-02-23 09:15:41,1,30.38
2858,2024-12-12 21:13:35,2025-02-22 22:27:52,2,121.71000000000001
2859,2025-02-22 19:32:26,2025-02-22 19:32:26,1,45.15
2860,2024-10-22 15:49:12,2025-02-22 18:51:59,3,71.96
2861,2025-02-22 16:17:24,2025-02-22 16:17:24,1,35.62
2862,2025-02-22 13:28:21,2025-02-22 13:28:21,1,30.0
2863,2025-02-22 12:38:50,2025-02-22 12:38:50,1,46.42
2864,2025-02-22 11:22:21,2025-02-22 11:22:21,1,35.62
2865,2025-02-21 16:23:08,2025-02-21 16:23:08,1,20.93
2867,2025-02-20 15:18:31,2025-02-20 15:18:31,1,48.09
2869,2025-02-20 13:23:08,2025-02-20 13:23:08,1,28.65
2870,2025-02-20 08:48:36,2025-02-20 08:48:36,1,22.5
2871,2025-02-19 18:20:30,2025-02-19 18:20:30,1,37.5
2872,2024-03-18 08:17:22,2025-02-19 13:21:45,5,234.01
2873,2025-02-19 09:06:53,2025-02-19 09:06:53,1,39.49
2874,2025-02-16 13:05:47,2025-02-18 11:01:55,2,75.48
2875,2025-01-25 07:53:19,2025-02-17 19:21:27,2,71.25
2876,2025-02-17 18:48:26,2025-02-17 18:48:26,1,33.75
2877,2023-11-13 22:07:27,2025-02-17 18:37:53,3,134.95999999999998
2878,2024-12-17 10:06:35,2025-02-17 12:06:46,3,97.19999999999999
2879,2025-02-17 11:56:37,2025-02-17 11:56:37,1,38.48
2880,2025-02-17 11:05:50,2025-02-17 11:05:50,1,28.05
2881,2025-02-17 07:27:18,2025-02-17 07:27:18,1,30.0
2882,2025-02-16 23:06:55,2025-02-16 23:06:55,1,33.75
2883,2025-02-16 18:25:46,2025-02-16 18:25:46,1,48.09
2884,2024-05-13 14:38:43,2025-02-16 16:47:57,8,290.39
2885,2025-02-16 10:33:53,2025-02-16 10:33:53,1,33.75
2886,2025-02-15 21:57:36,2025-02-15 21:57:36,1,35.62
2887,2024-11-24 14:34:39,2025-02-15 19:18:18,2,77.02000000000001
2888,2025-02-15 15:55:19,2025-02-15 15:55:19,1,32.07
2889,2025-02-15 10:02:46,2025-02-15 10:02:46,1,30.04
2890,2025-02-15 06:47:10,2025-02-15 06:47:10,1,35.62
2891,2025-02-14 10:27:43,2025-02-14 10:27:43,1,33.75
2892,2023-11-17 00:13:22,2025-02-14 02:49:17,4,211.36
2893,2025-02-13 19:08:13,2025-02-13 19:08:13,1,40.34
2894,2024-11-11 15:49:06,2025-02-13 17:03:25,4,142.04
2895,2025-02-13 11:47:58,2025-02-13 11:47:58,1,37.8
2896,2024-11-08 16:43:23,2024-12-13 09:40:32,2,136.07999999999998
2897,2025-02-13 09:30:01,2025-02-13 09:30:01,1,34.88
2898,2025-02-13 08:23:41,2025-02-13 08:23:41,1,40.65
2899,2025-02-11 16:21:28,2025-02-11 16:21:28,1,55.99
2900,2025-02-11 14:50:25,2025-02-11 14:50:25,1,37.5
2901,2025-02-11 13:56:43,2025-02-11 13:56:43,1,36.0
2902,2025-01-18 08:12:27,2025-02-11 12:00:45,2,77.25
2903,2025-02-11 07:53:37,2025-02-11 07:53:37,1,37.5
2904,2024-10-10 14:56:43,2025-02-10 17:58:41,5,107.94
2905,2025-02-10 17:02:19,2025-02-10 17:02:19,1,17.25
2906,2025-02-10 16:19:22,2025-02-10 16:19:22,1,58.2
2907,2024-03-26 10:31:27,2025-02-10 15:25:18,4,245.76
2908,2024-07-30 11:07:06,2025-02-10 14:12:14,3,156.53
2909,2024-05-21 20:46:16,2025-02-10 08:48:20,2,95.1
2910,2025-02-10 00:17:08,2025-02-10 00:17:08,1,32.4
2911,2024-07-21 14:07:52,2025-02-09 09:40:10,5,254.45
2912,2025-02-08 23:11:31,2025-02-08 23:11:31,1,38.74
2913,2024-02-28 06:11:56,2025-02-08 19:32:47,2,71.85
2914,2024-07-06 12:41:56,2025-02-08 16:41:45,2,159.65
2915,2025-02-08 16:30:01,2025-02-08 16:30:01,1,49.2
2916,2024-12-07 10:43:40,2025-02-08 16:17:54,2,88.00999999999999
2917,2025-02-08 15:12:31,2025-02-08 15:12:31,1,34.2
2918,2024-10-02 13:24:44,2025-02-08 13:39:06,2,117.0
2919,2024-11-08 10:43:08,2025-02-08 13:38:15,4,266.72
2920,2024-10-25 10:27:13,2024-10-25 10:27:13,1,67.35
2921,2025-02-08 12:45:09,2025-02-08 12:45:09,1,42.64
2922,2025-02-08 07:36:57,2025-02-08 07:36:57,1,36.3
2923,2025-02-07 09:56:13,2025-02-07 09:56:13,1,30.0
2924,2025-02-06 19:59:13,2025-02-06 19:59:13,1,37.5
2925,2024-05-30 13:00:49,2025-02-06 14:12:52,5,188.92000000000002
2926,2025-02-05 19:12:11,2025-02-05 19:12:11,1,77.59
2927,2025-02-05 15:51:58,2025-02-05 15:51:58,1,112.96
2928,2024-12-10 16:34:58,2025-02-03 17:38:49,3,60.980000000000004
2929,2025-02-03 15:45:51,2025-02-03 15:45:51,1,30.38
2930,2024-10-13 12:16:20,2025-02-03 09:01:42,2,136.44
2931,2024-12-05 16:18:11,2025-02-03 02:24:57,3,100.68
2932,2025-02-01 17:28:07,2025-02-01 17:28:07,1,44.25
2933,2025-02-01 13:26:32,2025-02-01 13:26:32,1,43.88
2934,2025-02-01 11:08:18,2025-02-01 11:08:18,1,76.66
2935,2025-02-01 06:10:46,2025-02-01 06:10:46,1,77.76
2936,2024-12-08 07:43:45,2025-01-31 16:50:11,2,157.36
2937,2025-01-31 16:14:30,2025-01-31 16:14:30,1,33.75
2938,2025-01-31 12:31:15,2025-01-31 12:31:15,1,77.78
2939,2024-10-30 19:17:16,2025-01-31 12:10:57,2,134.23000000000002
2940,2025-01-30 19:56:12,2025-01-30 19:56:12,1,38.48
2941,2025-01-30 13:39:59,2025-01-30 13:39:59,1,34.44
2942,2025-01-30 13:33:28,2025-01-30 13:33:28,1,83.88
2943,2025-01-30 13:27:54,2025-01-30 13:27:54,1,32.4
2944,2025-01-30 08:46:17,2025-01-30 08:46:17,1,67.5
2945,2025-01-29 19:13:16,2025-01-29 19:13:16,1,85.52
2946,2025-01-29 18:15:16,2025-01-29 18:15:16,1,37.5
2947,2025-01-29 11:56:28,2025-01-29 11:56:28,1,30.0
2948,2025-01-28 19:40:24,2025-01-28 19:40:24,1,57.6
2949,2025-01-28 12:19:49,2025-01-28 12:19:49,1,34.44
2950,2024-11-22 09:12:34,2025-01-27 14:57:24,3,129.9
2951,2025-01-27 12:45:41,2025-01-27 12:45:41,1,156.76
2952,2025-01-27 10:38:55,2025-01-27 10:38:55,1,47.78
2953,2025-01-26 11:29:17,2025-01-26 11:29:17,1,42.38
2954,2025-01-26 10:04:37,2025-01-26 10:04:37,1,35.35
2955,2025-01-25 14:42:03,2025-01-25 14:42:03,1,36.0
2956,2024-11-12 13:58:19,2025-01-24 15:36:54,4,235.91
2957,2025-01-24 13:39:13,2025-01-24 13:39:13,1,32.4
2958,2024-07-11 15:17:16,2025-01-23 21:05:37,3,333.12
2959,2025-01-23 17:51:08,2025-01-23 17:51:08,1,36.0
2960,2025-01-23 17:18:31,2025-01-23 17:18:31,1,74.1
2961,2025-01-23 02:03:30,2025-01-23 02:03:30,1,17.25
2962,2025-01-23 16:15:26,2025-01-23 16:15:26,1,38.48
2963,2025-01-23 15:22:42,2025-01-23 15:22:42,1,36.87
2964,2025-01-23 12:43:35,2025-01-23 12:43:35,1,36.6
2965,2024-12-16 08:36:54,2025-01-23 01:11:07,2,153.56
2966,2025-01-22 17:52:11,2025-01-22 17:52:11,1,38.88
2967,2024-06-27 10:48:34,2025-01-22 15:38:53,2,71.25
2968,2024-11-22 09:04:11,2025-01-21 19:25:39,2,182.88
2969,2025-01-20 14:07:28,2025-01-20 14:07:28,1,33.91
2970,2025-01-19 14:56:51,2025-01-19 14:56:51,1,61.48
2971,2025-01-19 11:39:17,2025-01-19 11:39:17,1,78.73
2972,2025-01-19 07:57:47,2025-01-19 07:57:47,1,33.75
2973,2025-01-19 06:22:23,2025-01-19 06:22:23,1,76.5
2974,2025-01-18 22:42:36,2025-01-18 22:42:36,1,37.65
2975,2025-01-18 07:12:49,2025-01-18 07:12:49,2,72.6
2976,2025-01-17 17:42:46,2025-01-17 17:42:46,1,43.2
2977,2025-01-16 11:54:03,2025-01-16 11:54:03,1,88.69
2978,2025-01-15 16:33:45,2025-01-15 16:33:45,1,31.03
2980,2024-11-06 20:53:11,2025-01-15 09:12:27,2,111.43
2981,2025-01-14 21:36:57,2025-01-14 21:36:57,1,30.0
2982,2025-01-14 21:11:41,2025-01-14 21:11:41,1,36.0
2983,2025-01-14 17:03:36,2025-01-14 17:03:36,1,70.62
2984,2025-01-14 15:56:28,2025-01-14 15:56:28,1,78.75
2985,2025-01-14 13:53:23,2025-01-14 13:53:23,1,84.75
2986,2025-01-14 11:17:53,2025-01-14 11:17:53,1,37.13
2987,2025-01-14 08:21:05,2025-01-14 08:21:05,2,75.3
2988,2025-01-13 22:43:10,2025-01-13 22:43:10,1,33.75
2989,2025-01-13 20:47:08,2025-01-13 20:47:08,1,36.3
2990,2025-01-13 11:00:01,2025-01-13 11:00:01,1,36.0
2991,2023-12-05 22:44:12,2025-01-12 22:22:37,2,245.93
2992,2024-05-21 18:01:25,2025-01-12 20:28:54,9,469.26
2993,2023-11-02 14:53:32,2025-01-12 19:03:09,2,133.51
2994,2024-11-13 11:05:57,2025-01-12 11:27:10,3,105.75999999999999
2995,2024-11-15 10:16:53,2025-01-12 09:38:05,2,153.92000000000002
2996,2025-01-12 09:33:13,2025-01-12 09:33:13,1,48.9
2997,2023-02-26 16:46:44,2025-01-12 09:07:27,3,267.6
2998,2025-01-12 08:56:56,2025-01-12 08:56:56,1,51.3
2999,2023-03-04 15:03:32,2025-01-12 07:54:06,5,151.65
3000,2024-12-13 06:38:12,2025-01-12 07:13:59,2,87.0
3001,2025-01-12 06:49:56,2025-01-12 06:49:56,1,31.62
3002,2025-01-12 05:50:30,2025-01-12 05:50:30,1,31.88
3003,2023-11-28 11:56:10,2025-01-11 21:04:00,5,368.9
3004,2025-01-11 10:15:00,2025-01-11 10:15:00,1,30.38
3005,2024-12-12 05:31:48,2025-01-10 22:46:05,2,70.2
3007,2025-01-10 19:09:17,2025-01-10 19:09:17,1,30.0
3008,2025-01-10 16:48:50,2025-01-10 16:48:50,1,42.0
3009,2025-01-10 08:53:46,2025-01-10 08:53:46,1,44.1
3010,2025-01-09 22:00:18,2025-01-09 22:00:18,1,34.48
3011,2025-01-09 19:41:26,2025-01-09 19:41:26,1,33.9
3012,2025-01-09 18:08:59,2025-01-09 18:08:59,1,36.0
3013,2025-01-09 17:13:58,2025-01-09 17:13:58,1,56.04
3014,2025-01-09 15:28:47,2025-01-09 15:28:47,1,36.71
3015,2025-01-09 13:29:56,2025-01-09 13:29:56,1,37.5
3016,2025-01-09 09:02:19,2025-01-09 09:02:19,1,85.38
3017,2025-01-09 08:46:26,2025-01-09 08:46:26,1,74.61
3018,2024-10-24 13:07:52,2025-01-09 06:58:11,2,70.13
3019,2024-07-23 14:28:57,2025-01-09 06:50:19,3,267.36
3020,2025-01-08 17:46:01,2025-01-08 17:46:01,1,39.9
3021,2024-05-01 10:24:55,2025-01-08 11:58:06,2,92.47999999999999
3022,2025-01-08 11:51:12,2025-01-08 11:51:12,1,32.4
3023,2025-01-08 10:49:59,2025-01-08 10:49:59,1,37.5
3024,2024-07-09 17:12:24,2025-01-07 14:29:01,5,327.71999999999997
3025,2025-01-07 14:02:55,2025-01-07 14:02:55,1,30.0
3026,2025-01-07 12:49:37,2025-01-07 12:49:37,1,31.88
3027,2025-01-06 18:44:33,2025-01-06 18:44:33,1,36.0
3028,2025-01-06 12:18:36,2025-01-06 12:18:36,1,28.5
3029,2024-12-01 13:22:55,2025-01-06 10:21:42,2,107.24
3030,2023-11-13 20:41:19,2025-01-03 18:36:05,4,119.78
3031,2025-01-03 16:14:00,2025-01-03 16:14:00,1,48.6
3032,2025-01-03 15:45:36,2025-01-03 15:45:36,1,51.0
3034,2025-01-03 12:34:59,2025-01-03 12:34:59,1,32.4
3035,2023-11-19 06:49:27,2025-01-03 06:45:06,2,126.22999999999999
3036,2025-01-02 13:02:07,2025-01-02 13:02:07,1,30.71
3037,2025-01-02 10:30:52,2025-01-02 10:30:52,1,32.25
3038,2025-01-01 11:23:24,2025-01-01 11:23:24,1,20.99
3039,2024-12-31 14:51:25,2024-12-31 14:51:25,1,54.0
3040,2024-12-29 13:57:26,2024-12-29 13:57:26,1,36.0
3041,2024-12-29 13:00:49,2024-12-29 13:00:49,1,36.0
3044,2024-12-27 18:26:05,2024-12-27 18:26:05,1,79.8
3045,2024-12-27 16:40:16,2024-12-27 16:40:16,1,36.0
3046,2024-12-23 01:23:56,2024-12-23 01:23:56,1,22.88
3047,2024-12-22 11:00:06,2024-12-22 11:00:06,1,58.2
3048,2024-12-21 14:33:36,2024-12-21 14:33:36,1,88.97
3049,2024-12-20 10:29:31,2024-12-20 10:29:31,1,32.4
3050,2024-12-19 21:42:28,2024-12-19 21:42:28,1,33.75
3051,2024-12-19 14:09:30,2024-12-19 14:09:30,1,42.76
3052,2024-10-17 08:34:03,2024-12-19 13:28:34,2,130.34
3053,2024-12-18 17:55:26,2024-12-18 17:55:26,1,30.0
3054,2024-12-18 14:27:32,2024-12-18 14:27:32,1,72.98
3055,2024-12-18 12:21:00,2024-12-18 12:21:00,1,38.0
3056,2024-12-18 09:26:14,2024-12-18 09:26:14,1,33.75
3057,2024-11-26 20:27:13,2024-12-17 20:38:03,2,70.88
3058,2024-12-17 19:59:51,2024-12-17 19:59:51,1,20.99
3059,2024-11-06 15:20:05,2024-12-17 15:43:48,2,67.5
3060,2024-04-02 16:55:23,2024-12-17 08:31:10,2,487.89
3061,2024-12-16 21:08:02,2024-12-16 21:08:02,1,41.25
3062,2024-12-16 17:54:15,2024-12-16 17:54:15,1,107.8
3063,2024-12-16 15:17:11,2024-12-16 15:17:11,1,30.0
3064,2023-09-07 20:18:09,2024-12-15 23:00:24,2,103.39
3065,2024-12-15 19:20:22,2024-12-15 19:20:22,1,47.4
3066,2024-12-15 18:40:19,2024-12-15 18:40:19,1,41.25
3067,2024-12-15 16:31:51,2024-12-15 16:31:51,1,77.9
3068,2024-12-15 12:47:58,2024-12-15 12:47:58,1,36.0
3069,2024-05-19 05:32:45,2024-12-15 07:35:26,3,190.04
3070,2024-12-14 17:37:53,2024-12-14 17:37:53,1,33.75
3071,2024-11-02 22:08:46,2024-12-14 15:13:41,2,124.32
3072,2023-11-02 19:53:04,2024-12-14 15:06:05,3,171.2
3073,2024-12-14 13:58:39,2024-12-14 13:58:39,1,107.51
3074,2024-12-13 21:35:48,2024-12-13 21:35:48,1,33.75
3075,2024-12-13 17:00:33,2024-12-13 17:00:33,1,27.6
3076,2024-12-04 15:23:40,2024-12-13 14:54:39,2,198.67
3077,2024-12-13 13:11:45,2024-12-13 13:11:45,1,48.75
3078,2024-12-13 11:53:28,2024-12-13 11:53:28,1,64.12
3079,2024-12-12 09:23:10,2024-12-12 09:23:10,1,36.0
3080,2024-11-29 10:14:35,2024-12-11 21:35:04,2,67.65
3081,2024-12-11 16:41:34,2024-12-11 16:41:34,1,47.4
3082,2024-12-11 12:22:06,2024-12-11 12:22:06,1,30.0
3083,2024-12-11 11:29:37,2024-12-11 11:29:37,1,33.75
3084,2024-12-11 10:53:50,2024-12-11 10:53:50,1,26.25
3085,2024-12-11 08:42:48,2024-12-11 08:42:48,1,37.13
3086,2024-12-11 02:24:52,2024-12-11 02:24:52,1,71.25
3087,2024-08-31 16:12:24,2024-12-10 19:09:38,3,115.5
3088,2024-12-10 18:29:21,2024-12-10 18:29:21,1,36.0
3089,2024-12-10 16:48:20,2024-12-10 16:48:20,1,30.0
3090,2024-12-10 10:59:30,2024-12-10 10:59:30,1,60.0
3091,2024-12-10 08:47:12,2024-12-10 08:47:12,1,37.5
3092,2024-12-10 06:55:01,2024-12-10 06:55:01,1,47.25
3093,2024-12-10 06:53:44,2024-12-10 06:53:44,1,36.0
3094,2023-11-17 21:38:43,2024-12-10 03:25:14,2,228.25
3095,2023-02-21 00:34:22,2024-12-09 22:10:33,2,169.64
3096,2024-12-09 21:53:32,2024-12-09 21:53:32,1,34.44
3097,2023-11-30 07:59:57,2024-12-09 16:39:37,6,447.95
3098,2024-12-09 14:31:48,2024-12-09 14:31:48,1,70.64
3099,2024-12-09 10:20:09,2024-12-09 10:20:09,1,24.75
3100,2024-12-09 10:11:20,2024-12-09 10:11:20,1,32.4
3101,2024-12-09 09:26:02,2024-12-09 09:26:02,1,33.75
3102,2024-12-08 19:43:29,2024-12-08 19:43:29,1,77.73
3103,2024-11-05 21:28:49,2024-12-08 19:41:18,2,72.0
3104,2024-11-15 15:12:03,2024-12-08 19:36:45,2,84.27
3105,2024-12-08 06:33:01,2024-12-08 06:33:01,1,159.6
3106,2024-12-07 20:09:55,2024-12-07 20:09:55,1,55.08
3107,2024-11-13 15:52:29,2024-12-07 17:47:32,2,132.48000000000002
3108,2024-12-07 16:31:03,2024-12-07 16:31:03,1,71.24
3110,2023-11-14 18:39:00,2024-12-07 14:23:04,2,191.88
3111,2024-12-07 06:03:35,2024-12-07 06:03:35,1,30.0
3112,2024-12-06 21:48:53,2024-12-06 21:48:53,1,33.75
3113,2024-12-06 18:39:01,2024-12-06 18:39:01,1,72.38
3114,2024-12-06 14:45:00,2024-12-06 14:45:00,1,79.12
3115,2024-11-11 11:24:48,2024-12-06 14:00:33,2,84.38
3116,2024-05-22 10:49:19,2024-12-06 13:30:23,2,72.35
3117,2024-12-06 09:13:14,2024-12-06 09:13:14,1,36.0
3118,2024-12-06 08:58:34,2024-12-06 08:58:34,1,26.25
3119,2024-12-05 21:11:23,2024-12-05 21:11:23,1,68.85
3120,2024-12-05 18:13:27,2024-12-05 18:13:27,1,36.0
3121,2024-12-05 14:03:07,2024-12-05 14:03:07,1,42.76
3122,2024-12-05 11:36:08,2024-12-05 11:36:08,1,79.12
3123,2024-12-04 18:11:00,2024-12-04 18:11:00,1,34.44
3124,2024-12-04 17:41:21,2024-12-04 17:41:21,1,42.76
3125,2024-12-04 16:40:04,2024-12-04 16:40:04,1,119.02
3126,2024-12-04 14:41:29,2024-12-04 14:41:29,1,33.28
3127,2024-12-04 14:33:15,2024-12-04 14:33:15,1,30.0
3128,2024-12-04 11:26:31,2024-12-04 11:26:31,1,36.0
3129,2024-12-04 11:08:23,2024-12-04 11:08:23,1,90.32
3130,2024-12-04 11:01:16,2024-12-04 11:01:16,1,58.2
3131,2024-12-04 09:36:08,2024-12-04 09:36:08,1,85.52
3132,2024-12-03 19:14:10,2024-12-03 19:14:10,1,33.75
3133,2024-12-03 17:06:15,2024-12-03 17:06:15,1,37.13
3134,2023-03-18 11:15:21,2024-12-03 08:43:49,7,622.9399999999999
3135,2023-10-30 20:46:22,2024-12-02 21:39:40,2,197.11
3136,2024-12-02 19:46:14,2024-12-02 19:46:14,1,30.0
3137,2024-12-02 18:33:40,2024-12-02 18:33:40,1,37.5
3138,2024-12-02 18:03:45,2024-12-02 18:03:45,1,56.25
3139,2024-12-02 17:38:12,2024-12-02 17:38:12,1,83.16
3140,2024-12-02 16:28:10,2024-12-02 16:28:10,1,52.5
3141,2024-06-01 14:20:37,2024-12-02 11:55:05,3,101.42
3142,2024-12-02 10:58:40,2024-12-02 10:58:40,1,36.38
3143,2024-12-02 07:41:59,2024-12-02 07:41:59,1,24.75
3144,2024-12-01 18:38:38,2024-12-01 18:38:38,1,82.65
3145,2024-12-01 18:21:13,2024-12-01 18:21:13,1,115.37
3146,2024-01-08 15:45:51,2024-12-01 17:28:30,2,246.73999999999998
3147,2024-12-01 17:22:38,2024-12-01 17:22:38,1,30.0
3148,2024-12-01 15:16:38,2024-12-01 15:16:38,1,33.75
3149,2024-08-22 06:21:34,2024-12-01 12:34:46,2,78.75999999999999
3150,2024-11-15 15:17:26,2024-12-01 10:20:04,2,65.85
3151,2023-11-02 18:23:39,2024-12-01 09:28:00,3,150.4
3152,2024-11-30 03:28:30,2024-11-30 03:28:30,1,134.23
3153,2024-11-29 20:13:43,2024-11-29 20:13:43,1,79.12
3154,2024-07-26 18:28:39,2024-11-29 19:02:44,5,306.81
3155,2024-11-29 18:07:46,2024-11-29 18:07:46,1,71.14
3156,2024-11-29 15:59:18,2024-11-29 15:59:18,1,74.36
3157,2024-11-29 11:40:40,2024-11-29 11:40:40,1,33.28
3158,2024-11-29 10:29:42,2024-11-29 10:29:42,1,37.5
3159,2024-11-29 08:59:59,2024-11-29 08:59:59,1,71.24
3160,2024-11-28 17:32:16,2024-11-28 17:32:16,1,71.24
3161,2024-11-28 17:11:33,2024-11-28 17:11:33,1,37.5
3162,2024-11-28 13:48:24,2024-11-28 13:48:24,1,73.5
3163,2024-11-28 12:54:48,2024-11-28 12:54:48,1,36.0
3164,2024-11-02 14:14:49,2024-11-27 19:15:51,2,120.17
3165,2024-11-18 06:46:34,2024-11-27 15:01:09,2,60.0
3166,2024-11-27 09:44:18,2024-11-27 09:44:18,1,37.5
3167,2024-11-26 22:48:42,2024-11-26 22:48:42,1,35.25
3168,2024-11-26 19:56:41,2024-11-26 19:56:41,1,32.4
3169,2023-11-14 09:31:10,2024-11-26 18:49:02,2,406.90999999999997
3170,2024-11-26 16:09:48,2024-11-26 16:09:48,1,71.24
3171,2024-11-26 14:51:28,2024-11-26 14:51:28,1,17.25
3172,2024-11-26 00:30:19,2024-11-26 00:30:19,1,32.85
3173,2024-11-25 19:15:08,2024-11-25 19:15:08,1,32.4
3174,2024-07-10 16:20:48,2024-11-25 18:34:55,3,124.84
3175,2024-11-25 14:59:25,2024-11-25 14:59:25,1,102.78
3176,2024-11-25 07:39:59,2024-11-25 07:39:59,1,75.0
3177,2024-11-24 19:22:34,2024-11-24 19:22:34,1,60.0
3178,2024-06-07 10:57:24,2024-11-24 10:21:37,2,158.3
3179,2024-11-23 19:40:10,2024-11-23 19:40:10,1,79.2
3180,2024-11-07 20:44:10,2024-11-23 13:59:48,2,169.54
3181,2023-02-18 18:08:41,2024-11-23 11:47:56,2,180.81
3182,2024-06-04 11:36:48,2024-11-23 10:44:21,2,72.75
3183,2024-11-23 07:04:41,2024-11-23 07:04:41,1,36.0
3184,2024-11-22 23:22:37,2024-11-22 23:22:37,1,43.2
3185,2024-11-22 21:39:02,2024-11-22 21:39:02,1,33.75
3186,2024-11-22 18:44:29,2024-11-22 18:44:29,1,32.4
3187,2024-11-22 18:38:45,2024-11-22 18:38:45,1,84.55
3188,2023-08-03 17:02:57,2024-11-22 17:05:46,3,391.95
3189,2024-11-22 14:19:04,2024-11-22 14:19:04,1,33.28
3190,2024-10-22 08:39:28,2024-11-22 13:47:34,2,111.88999999999999
3191,2023-01-05 09:15:11,2024-11-22 11:48:07,4,244.34
3192,2024-11-22 03:17:16,2024-11-22 03:17:16,1,37.5
3193,2024-07-22 22:08:10,2024-11-21 22:26:35,2,60.75
3194,2024-11-21 14:07:36,2024-11-21 14:07:36,1,72.0
3195,2024-11-21 07:18:38,2024-11-21 07:18:38,1,32.4
3197,2024-11-20 23:34:21,2024-11-20 23:34:21,1,172.69
3198,2024-11-20 20:23:23,2024-11-20 20:23:23,1,84.0
3199,2024-11-07 17:30:54,2024-11-20 17:15:20,2,72.23
3200,2024-11-20 17:13:26,2024-11-20 17:13:26,1,75.33
3201,2023-02-04 17:29:16,2024-11-20 16:15:46,6,907.67
3202,2024-03-10 12:56:32,2024-11-20 15:34:30,2,124.42
3203,2024-01-08 14:42:30,2024-11-20 13:24:40,3,122.93
3204,2024-11-20 08:25:27,2024-11-20 08:25:27,1,34.44
3205,2024-11-20 05:51:57,2024-11-20 05:51:57,1,30.0
3207,2024-11-19 16:06:38,2024-11-19 16:06:38,1,35.25
3208,2024-11-19 11:04:05,2024-11-19 11:04:05,1,57.43
3209,2024-11-19 10:07:23,2024-11-19 10:07:23,1,37.5
3210,2024-11-04 22:28:43,2024-11-19 09:55:53,2,63.75
3211,2024-11-19 07:13:43,2024-11-19 07:13:43,1,41.25
3212,2024-11-19 05:51:10,2024-11-19 05:51:10,1,34.44
3213,2024-10-24 16:03:50,2024-11-18 18:26:28,2,107.24
3214,2024-11-18 18:08:28,2024-11-18 18:08:28,1,32.25
3215,2024-11-18 18:02:09,2024-11-18 18:02:09,1,45.38
3216,2024-11-18 11:29:56,2024-11-18 11:29:56,1,73.65
3217,2024-11-18 09:41:47,2024-11-18 09:41:47,1,37.5
3218,2024-08-12 10:27:40,2024-11-17 20:43:33,2,67.88
3219,2024-11-17 14:09:52,2024-11-17 14:09:52,1,51.0
3220,2024-11-17 12:54:41,2024-11-17 12:54:41,1,35.25
3221,2024-11-17 12:42:35,2024-11-17 12:42:35,1,24.75
3222,2024-11-17 11:59:49,2024-11-17 11:59:49,1,22.88
3223,2024-10-15 12:00:01,2024-11-17 08:58:43,2,233.04000000000002
3224,2024-11-17 08:25:20,2024-11-17 08:25:20,1,42.76
3225,2023-09-03 16:35:17,2024-11-17 06:45:41,2,199.28
3226,2024-08-20 12:56:18,2024-11-17 06:37:15,2,69.38
3227,2024-04-23 17:20:19,2024-11-16 19:31:26,2,106.1
3228,2024-04-04 14:42:00,2024-11-16 15:49:06,4,152.03
3229,2024-11-15 17:12:59,2024-11-15 17:12:59,1,30.0
3230,2024-11-15 16:33:15,2024-11-15 16:33:15,1,30.0
3231,2024-11-15 14:19:35,2024-11-15 14:19:35,1,60.0
3232,2024-11-15 13:08:47,2024-11-15 13:08:47,1,33.75
3233,2024-11-15 07:45:30,2024-11-15 07:45:30,1,71.24
3234,2024-11-15 07:34:38,2024-11-15 07:34:38,1,36.0
3235,2024-11-15 00:55:33,2024-11-15 00:55:33,1,36.0
3236,2024-11-14 19:35:12,2024-11-14 19:48:04,2,207.04
3237,2024-11-14 15:05:19,2024-11-14 15:05:19,1,31.62
3238,2024-11-14 11:07:37,2024-11-14 11:07:37,1,36.0
3239,2024-10-26 23:32:08,2024-11-13 21:54:40,2,84.0
3240,2024-09-28 17:23:47,2024-11-13 20:23:40,2,70.13
3241,2024-11-13 19:20:53,2024-11-13 19:20:53,1,38.88
3242,2024-06-15 17:17:59,2024-11-13 18:51:05,6,154.5
3243,2024-11-13 18:29:24,2024-11-13 18:29:24,1,74.93
3245,2024-11-13 18:02:29,2024-11-13 18:02:29,1,33.75
3246,2024-11-13 17:03:36,2024-11-13 17:03:36,1,36.0
3247,2024-07-12 11:11:22,2024-11-13 15:59:26,2,60.0
3248,2024-11-13 15:22:01,2024-11-13 15:22:01,1,30.0
3249,2023-08-30 12:57:45,2024-11-13 14:18:30,4,941.17
3250,2024-09-11 05:50:07,2024-11-13 13:58:12,2,182.56
3251,2024-11-13 13:39:38,2024-11-13 13:39:38,1,40.35
3252,2024-11-13 10:58:41,2024-11-13 10:58:41,1,30.38
3253,2024-11-13 10:08:07,2024-11-13 10:08:07,1,36.32
3254,2024-11-12 16:48:21,2024-11-12 16:48:21,1,47.25
3255,2024-11-12 15:44:40,2024-11-12 15:44:40,1,41.25
3256,2024-11-12 11:45:40,2024-11-12 11:45:40,1,41.25
3257,2024-11-12 11:06:31,2024-11-12 11:06:31,1,35.25
3258,2024-11-11 19:00:23,2024-11-11 19:00:23,1,38.88
3259,2024-07-19 09:58:09,2024-11-11 18:45:17,3,87.6
3260,2024-11-11 16:31:32,2024-11-11 16:31:32,1,106.97
3261,2024-11-11 16:23:49,2024-11-11 16:23:49,1,42.38
3262,2024-11-11 15:19:49,2024-11-11 15:19:49,1,37.5
3263,2024-11-11 14:46:52,2024-11-11 14:46:52,1,45.0
3264,2024-07-09 10:17:03,2024-11-11 13:45:24,2,68.75
3265,2024-11-11 13:16:17,2024-11-11 13:16:17,1,78.76
3266,2024-11-11 12:51:43,2024-11-11 12:51:43,1,31.88
3267,2024-11-11 05:09:15,2024-11-11 05:09:15,1,33.75
3268,2024-11-10 18:46:43,2024-11-10 18:46:43,1,110.64
3269,2024-11-10 17:31:08,2024-11-10 17:31:08,1,33.75
3270,2024-11-10 12:17:14,2024-11-10 12:17:14,1,37.5
3271,2024-11-10 09:19:46,2024-11-10 09:19:46,1,72.0
3272,2024-07-30 12:19:17,2024-11-10 06:59:33,3,99.13
3273,2024-11-09 11:49:22,2024-11-09 11:49:22,1,36.0
3274,2024-11-09 10:59:12,2024-11-09 10:59:12,1,72.0
3275,2024-11-09 10:42:20,2024-11-09 10:42:20,1,33.75
3276,2024-11-09 10:02:15,2024-11-09 10:02:15,1,117.77
3277,2024-10-28 07:45:26,2024-11-08 21:51:02,2,120.17
3278,2024-08-11 12:50:05,2024-11-08 18:13:36,4,107.97999999999999
3279,2024-10-03 16:53:07,2024-11-08 16:52:50,2,170.62
3280,2024-09-15 09:52:11,2024-11-08 15:07:38,3,138.0
3281,2024-11-08 14:24:16,2024-11-08 14:24:16,1,43.65
3282,2023-09-14 03:08:49,2024-11-08 13:56:40,2,114.89
3283,2024-11-08 12:00:20,2024-11-08 12:00:20,1,32.4
3284,2024-11-08 09:15:26,2024-11-08 09:15:26,1,76.97
3285,2024-11-07 22:27:09,2024-11-07 22:27:09,1,54.75
3286,2024-11-07 21:05:24,2024-11-07 21:05:24,1,17.25
3287,2024-11-07 20:13:47,2024-11-07 20:13:47,1,47.85
3288,2024-11-07 18:33:12,2024-11-07 18:33:12,1,34.44
3289,2024-11-07 15:36:27,2024-11-07 15:36:27,1,35.25
3290,2024-11-07 10:17:27,2024-11-07 10:17:27,1,30.94
3291,2024-11-07 10:11:28,2024-11-07 10:11:28,1,71.24
3292,2024-11-07 09:31:12,2024-11-07 09:31:12,1,30.38
3293,2024-11-07 08:54:46,2024-11-07 08:54:46,1,37.5
3294,2024-11-06 18:50:11,2024-11-06 18:50:11,1,36.0
3295,2024-11-06 18:02:38,2024-11-06 18:02:38,1,41.25
3296,2024-11-06 16:32:19,2024-11-06 16:32:19,1,38.88
3297,2023-11-17 10:00:28,2024-11-05 20:49:30,2,167.11
3298,2024-08-19 16:51:16,2024-11-05 16:10:39,2,74.1
3299,2024-11-05 15:50:39,2024-11-05 15:50:39,1,32.4
3300,2024-11-05 11:10:17,2024-11-05 11:10:17,1,30.0
3301,2024-11-05 10:55:26,2024-11-05 10:55:26,1,54.45
3302,2024-11-05 09:21:27,2024-11-05 09:21:27,1,30.38
3303,2024-11-05 08:08:07,2024-11-05 08:08:07,1,36.0
3304,2024-11-04 19:48:29,2024-11-04 19:48:29,1,79.07
3305,2024-10-01 13:26:07,2024-11-04 19:44:41,2,85.73
3306,2024-05-19 09:52:09,2024-11-04 18:37:38,5,684.66
3307,2024-11-04 18:17:55,2024-11-04 18:17:55,1,22.88
3308,2023-08-05 05:24:59,2024-11-04 15:40:51,2,382.97
3309,2024-11-04 15:21:12,2024-11-04 15:21:12,1,36.0
3310,2024-11-04 13:56:47,2024-11-04 13:56:47,1,32.4
3311,2024-11-03 22:53:51,2024-11-03 22:53:51,1,37.5
3312,2024-07-17 12:31:20,2024-11-03 21:19:27,2,78.75
3313,2024-11-03 14:31:23,2024-11-03 14:31:23,1,32.4
3314,2024-11-03 11:33:18,2024-11-03 11:33:18,1,47.25
3315,2024-10-19 09:51:50,2024-11-02 13:51:21,3,114.3
3316,2024-11-02 13:48:36,2024-11-02 13:48:36,1,36.0
3317,2024-11-02 09:37:36,2024-11-02 09:37:36,1,58.5
3318,2024-03-04 16:04:10,2024-11-02 08:29:41,6,304.77
3319,2024-11-02 08:25:10,2024-11-02 08:25:10,1,130.86
3320,2024-11-02 08:08:23,2024-11-02 08:08:23,1,36.6
3321,2024-11-01 18:07:06,2024-11-01 18:07:06,1,37.5
3322,2024-11-01 16:13:46,2024-11-01 16:13:46,1,42.76
3323,2024-11-01 15:13:59,2024-11-01 15:13:59,1,30.0
3324,2024-11-01 13:08:35,2024-11-01 13:08:35,1,30.62
3325,2024-09-05 12:04:19,2024-11-01 12:07:00,3,203.67
3326,2024-10-31 20:42:23,2024-10-31 20:42:23,1,30.0
3327,2024-10-31 16:05:21,2024-10-31 16:05:21,1,42.76
3328,2024-07-12 08:53:23,2024-10-31 08:02:24,2,120.06
3329,2024-10-30 19:52:26,2024-10-30 19:52:26,1,50.59
3330,2024-10-30 13:37:04,2024-10-30 13:37:04,1,68.04
3331,2024-10-30 12:18:40,2024-10-30 12:18:40,1,34.44
3332,2024-10-30 12:18:07,2024-10-30 12:18:07,1,63.75
3333,2024-10-30 07:16:39,2024-10-30 07:16:39,1,32.85
3334,2024-10-29 18:39:54,2024-10-29 18:39:54,1,30.0
3335,2024-04-22 14:53:38,2024-10-29 15:56:33,4,157.65
3336,2024-10-14 08:48:34,2024-10-29 14:36:52,2,124.0
3337,2024-10-28 16:06:44,2024-10-28 16:06:44,1,36.0
3338,2024-09-17 13:17:31,2024-10-28 13:16:45,2,63.6
3339,2024-10-27 17:36:49,2024-10-27 17:36:49,1,32.4
3340,2024-10-27 14:33:30,2024-10-27 14:33:30,1,51.0
3341,2024-10-27 13:58:02,2024-10-27 13:58:02,1,30.0
3342,2024-10-27 13:09:51,2024-10-27 13:09:51,1,33.75
3343,2024-10-27 10:02:44,2024-10-27 10:02:44,1,37.13
3344,2024-10-27 06:26:42,2024-10-27 06:26:42,1,73.5
3345,2024-10-26 17:07:36,2024-10-26 17:07:36,1,98.85
3346,2024-10-25 15:46:34,2024-10-25 15:46:34,1,33.75
3347,2024-10-25 15:14:48,2024-10-25 15:14:48,1,64.12
3348,2024-10-12 08:51:18,2024-10-25 07:59:43,2,73.5
3349,2024-10-25 07:49:01,2024-10-25 07:49:01,1,64.12
3350,2024-10-25 07:48:44,2024-10-25 07:48:44,1,33.75
3351,2024-05-26 12:23:49,2024-10-25 06:02:38,5,315.95
3352,2024-10-24 16:39:11,2024-10-24 16:39:11,1,42.76
3353,2024-10-24 16:19:39,2024-10-24 16:19:39,1,36.32
3354,2024-10-24 16:16:26,2024-10-24 16:16:26,1,81.99
3355,2024-08-02 10:40:37,2024-10-24 10:11:20,2,85.35
3356,2024-10-23 21:30:09,2024-10-23 21:30:09,1,64.8
3357,2024-10-23 15:36:48,2024-10-23 15:36:48,1,42.53
3358,2024-10-22 20:31:17,2024-10-22 20:31:17,1,38.88
3359,2024-10-22 19:34:08,2024-10-22 19:34:08,1,32.4
3360,2024-10-22 18:11:18,2024-10-22 18:11:18,1,33.75
3361,2024-10-22 13:21:05,2024-10-22 13:21:05,1,31.88
3362,2024-10-22 12:42:08,2024-10-22 12:42:08,1,86.24
3363,2024-10-22 11:49:28,2024-10-22 11:49:28,1,22.88
3364,2024-10-22 11:39:42,2024-10-22 11:39:42,1,33.75
3365,2024-10-21 15:48:27,2024-10-21 15:48:27,1,33.75
3366,2024-10-21 14:19:26,2024-10-21 14:19:26,1,71.24
3367,2024-05-28 06:00:11,2024-10-21 13:23:31,2,91.35
3368,2024-10-21 12:46:28,2024-10-21 12:46:28,1,45.0
3369,2024-10-21 10:36:27,2024-10-21 10:36:27,1,30.0
3370,2024-10-14 09:20:25,2024-10-21 06:09:19,2,54.7
3371,2024-02-21 13:05:00,2024-10-20 15:42:40,6,380.04
3372,2024-10-20 14:40:23,2024-10-20 14:40:23,1,78.82
3373,2024-10-20 13:43:50,2024-10-20 13:43:50,1,48.6
3374,2024-10-20 13:39:08,2024-10-20 13:39:08,1,36.0
3375,2024-10-19 13:01:20,2024-10-20 13:36:40,2,83.4
3376,2024-09-26 18:21:54,2024-10-20 10:10:53,2,91.96
3377,2024-10-20 09:31:02,2024-10-20 09:31:02,1,54.75
3378,2024-10-20 08:24:06,2024-10-20 08:24:06,1,109.37
3379,2024-10-19 17:25:18,2024-10-19 17:25:18,1,24.75
3380,2024-10-19 12:26:47,2024-10-19 12:26:47,1,33.75
3381,2024-10-19 00:48:53,2024-10-19 00:48:53,1,63.14
3382,2024-07-07 16:15:23,2024-10-18 12:17:33,2,115.44999999999999
3383,2024-10-18 08:33:17,2024-10-18 08:33:17,1,54.0
3384,2024-10-18 08:25:16,2024-10-18 08:25:16,1,28.5
3385,2023-09-17 10:42:31,2024-10-18 06:14:21,4,369.05
3386,2024-10-17 22:48:26,2024-10-17 22:48:26,1,30.0
3387,2024-10-17 18:03:14,2024-10-17 18:03:14,1,37.5
3388,2024-10-17 16:52:32,2024-10-17 16:52:32,1,94.8
3389,2024-10-17 14:57:30,2024-10-17 14:57:30,1,51.84
3390,2024-10-17 14:07:36,2024-10-17 14:07:36,1,36.0
3391,2024-10-17 12:36:23,2024-10-17 12:36:23,1,33.28
3392,2024-06-26 16:08:28,2024-10-17 11:12:13,2,83.45
3393,2024-10-17 10:15:36,2024-10-17 10:15:36,1,37.5
3394,2024-10-17 09:40:55,2024-10-17 09:40:55,1,33.28
3395,2024-10-17 08:25:24,2024-10-17 08:25:24,1,32.4
3396,2024-10-17 08:23:46,2024-10-17 08:23:46,1,30.0
3397,2024-10-16 12:41:29,2024-10-16 12:41:29,1,33.28
3398,2024-10-15 11:38:52,2024-10-15 11:38:52,1,47.85
3399,2024-10-15 10:01:22,2024-10-15 10:01:22,1,71.24
3400,2024-10-14 14:28:27,2024-10-14 14:28:27,1,42.76
3401,2024-10-14 12:59:01,2024-10-14 12:59:01,1,47.4
3402,2024-06-05 10:39:28,2024-10-14 11:31:04,4,166.54
3403,2024-10-14 10:55:44,2024-10-14 10:55:44,1,24.75
3404,2024-10-13 18:33:27,2024-10-13 18:33:27,1,45.0
3405,2024-10-13 18:21:25,2024-10-13 18:21:25,1,30.0
3406,2024-10-13 11:20:29,2024-10-13 11:20:29,1,36.0
3407,2024-09-29 10:45:36,2024-10-13 11:00:23,2,102.57
3408,2024-10-13 10:09:55,2024-10-13 10:09:55,1,37.5
3409,2024-10-11 14:42:45,2024-10-11 14:42:45,1,51.0
3410,2024-10-11 13:05:28,2024-10-11 13:05:28,1,51.0
3411,2024-10-11 11:17:58,2024-10-11 11:17:58,1,76.97
3412,2024-10-11 09:22:29,2024-10-11 09:22:29,1,54.0
3413,2024-10-11 08:48:59,2024-10-11 08:48:59,1,32.4
3414,2024-10-11 04:23:18,2024-10-11 05:46:46,2,44.25
3415,2024-10-10 18:56:27,2024-10-10 18:56:27,1,47.4
3416,2024-10-10 18:00:50,2024-10-10 18:00:50,1,43.88
3417,2024-10-10 15:55:08,2024-10-10 15:55:08,1,32.4
3418,2024-10-10 12:44:28,2024-10-10 12:44:28,1,25.44
3419,2024-10-10 11:30:40,2024-10-10 11:30:40,1,36.32
3420,2024-10-10 10:33:15,2024-10-10 10:33:15,1,42.76
3421,2024-10-09 13:58:43,2024-10-09 13:58:43,1,36.0
3422,2024-10-09 11:32:34,2024-10-09 11:32:34,1,33.92
3423,2024-10-09 09:34:12,2024-10-09 09:34:12,1,50.64
3424,2024-10-09 07:52:51,2024-10-09 07:52:51,1,38.88
3425,2024-10-09 06:47:26,2024-10-09 06:47:26,1,71.24
3426,2024-10-09 06:01:08,2024-10-09 06:01:08,1,36.0
3427,2024-10-08 17:42:21,2024-10-08 17:42:21,1,47.4
3428,2024-10-08 14:56:05,2024-10-08 14:56:05,1,39.75
3429,2024-10-08 09:24:50,2024-10-08 09:24:50,1,86.24
3430,2024-10-07 22:11:29,2024-10-07 22:11:29,1,35.25
3431,2024-10-07 19:53:14,2024-10-07 19:53:14,1,30.0
3432,2024-10-07 16:14:33,2024-10-07 16:14:33,1,38.48
3433,2024-10-07 13:18:47,2024-10-07 13:18:47,1,71.28
3434,2024-10-07 09:33:56,2024-10-07 09:33:56,1,94.62
3435,2024-10-07 08:35:49,2024-10-07 08:35:49,1,37.5
3436,2024-10-06 19:06:40,2024-10-06 19:06:40,1,36.0
3437,2024-10-06 12:52:09,2024-10-06 12:52:09,1,36.32
3438,2024-10-06 11:12:39,2024-10-06 11:12:39,1,37.5
3439,2024-10-06 11:03:13,2024-10-06 11:03:13,1,33.75
3440,2024-10-06 10:27:54,2024-10-06 10:27:54,1,34.44
3441,2024-10-06 09:02:06,2024-10-06 09:02:06,1,17.25
3442,2024-10-06 08:42:40,2024-10-06 08:42:40,1,61.51
3443,2024-01-26 20:49:49,2024-10-05 19:44:18,3,193.73
3444,2024-10-05 16:28:03,2024-10-05 16:28:03,1,36.0
3445,2024-10-05 15:24:56,2024-10-05 15:24:56,1,38.03
3446,2024-10-05 03:39:13,2024-10-05 03:39:13,1,42.76
3447,2024-01-11 17:19:24,2024-10-04 19:28:05,4,175.61
3448,2023-08-04 07:43:59,2024-10-04 19:20:10,5,291.33
3449,2024-10-04 18:31:42,2024-10-04 18:31:42,1,36.0
3450,2024-10-04 16:29:40,2024-10-04 16:29:40,1,59.4
3451,2024-07-18 11:12:45,2024-10-04 16:21:02,2,138.92000000000002
3452,2024-10-04 11:41:02,2024-10-04 11:41:02,1,31.21
3453,2024-10-04 10:38:13,2024-10-04 10:38:13,1,94.75
3454,2024-10-04 10:19:55,2024-10-04 10:19:55,1,30.0
3455,2023-12-15 09:26:19,2024-10-04 10:11:27,3,133.51
3456,2024-10-04 09:39:42,2024-10-04 09:39:42,1,39.19
3457,2024-10-04 09:10:32,2024-10-04 09:10:32,1,52.01
3458,2024-07-18 14:38:40,2024-10-04 08:56:51,2,69.75
3459,2024-10-04 07:13:39,2024-10-04 07:13:39,1,66.0
3460,2024-10-04 05:50:50,2024-10-04 05:50:50,1,35.63
3461,2024-08-06 17:32:57,2024-10-03 19:13:35,2,67.95
3462,2024-10-03 16:55:27,2024-10-03 16:55:27,1,41.95
3463,2024-09-13 07:16:51,2024-10-03 16:08:11,2,101.14
3464,2024-10-03 15:24:51,2024-10-03 15:24:51,1,55.62
3465,2024-08-07 20:25:35,2024-10-03 14:30:56,2,164.23
3466,2024-06-23 09:37:51,2024-10-03 14:01:40,2,63.75
3467,2024-10-03 11:43:43,2024-10-03 11:43:43,1,51.84
3468,2024-10-03 10:04:37,2024-10-03 10:04:37,1,33.75
3469,2024-10-03 09:36:33,2024-10-03 09:36:33,1,34.44
3470,2023-12-18 06:10:05,2024-10-03 06:35:33,3,185.18
3471,2024-10-02 18:16:14,2024-10-02 18:16:14,1,33.75
3472,2024-08-07 09:13:20,2024-10-02 17:46:29,2,87.0
3473,2024-10-02 08:16:12,2024-10-02 08:16:12,1,47.4
3474,2024-10-02 06:44:12,2024-10-02 06:44:12,1,32.4
3475,2024-10-01 19:11:34,2024-10-01 19:11:34,1,42.76
3476,2024-10-01 17:10:10,2024-10-01 17:10:10,1,33.75
3477,2024-10-01 13:07:53,2024-10-01 13:07:53,1,37.13
3478,2024-10-01 07:29:30,2024-10-01 07:29:30,1,42.53
3479,2024-03-17 19:54:39,2024-10-01 06:46:14,4,220.09
3480,2024-09-30 16:59:54,2024-09-30 16:59:54,1,128.23
3481,2024-09-30 16:46:52,2024-09-30 16:46:52,1,42.76
3482,2024-09-30 12:34:11,2024-09-30 12:34:11,1,51.15
3483,2024-09-30 08:21:48,2024-09-30 08:21:48,1,33.75
3484,2024-09-29 13:09:00,2024-09-29 13:09:00,1,35.25
3485,2024-09-28 13:51:57,2024-09-28 13:51:57,1,32.4
3486,2024-09-27 18:07:04,2024-09-27 18:07:04,1,35.25
3487,2024-09-27 09:10:13,2024-09-27 09:10:13,1,31.88
3488,2024-09-26 21:23:00,2024-09-26 21:23:00,1,33.75
3489,2024-02-11 21:36:52,2024-09-26 20:03:41,2,153.0
3490,2024-05-28 09:44:54,2024-09-26 16:33:50,3,213.39999999999998
3491,2024-09-25 10:36:25,2024-09-25 10:36:25,1,30.98
3492,2024-09-25 07:22:03,2024-09-25 07:22:03,1,33.75
3493,2024-09-24 14:30:30,2024-09-24 14:30:30,1,33.0
3494,2024-09-23 14:43:07,2024-09-23 14:43:07,1,342.13
3495,2024-09-23 10:43:27,2024-09-23 10:43:27,1,33.75
3496,2024-07-17 07:58:44,2024-09-23 08:24:34,4,143.25
3497,2024-09-22 14:33:03,2024-09-22 14:33:03,1,33.75
3498,2024-09-21 21:45:04,2024-09-21 21:45:04,1,80.1
3499,2024-09-21 12:02:04,2024-09-21 12:02:04,1,22.88
3500,2024-09-21 07:59:53,2024-09-21 07:59:53,1,86.24
3501,2024-02-04 12:30:56,2024-09-19 19:21:20,2,113.97
3502,2024-09-19 17:57:17,2024-09-19 17:57:17,1,27.6
3503,2024-09-19 16:30:54,2024-09-19 16:30:54,1,181.5
3504,2024-09-19 15:46:13,2024-09-19 15:46:13,1,33.75
3505,2024-09-19 12:12:34,2024-09-19 12:12:34,1,43.75
3506,2024-05-29 12:43:28,2024-09-19 11:52:19,2,61.879999999999995
3507,2024-09-18 20:50:35,2024-09-18 20:50:35,1,24.75
3508,2024-09-18 18:41:15,2024-09-18 18:41:15,1,24.75
3509,2024-09-18 18:36:52,2024-09-18 18:36:52,1,42.27
3510,2024-09-17 20:20:51,2024-09-17 20:20:51,1,31.88
3511,2024-09-17 16:42:39,2024-09-17 16:42:39,1,24.75
3512,2024-09-17 16:08:52,2024-09-17 16:08:52,1,53.74
3513,2024-05-18 06:17:37,2024-09-17 16:08:26,3,102.75
3514,2024-09-17 15:05:14,2024-09-17 15:05:14,1,64.12
3515,2024-09-17 14:54:39,2024-09-17 14:54:39,1,22.88
3516,2024-09-16 16:56:49,2024-09-16 16:56:49,1,33.75
3517,2024-09-16 14:55:37,2024-09-16 14:55:37,1,98.56
3518,2024-09-16 10:34:50,2024-09-16 10:34:50,1,42.0
3519,2024-09-16 09:26:56,2024-09-16 09:26:56,1,24.75
3520,2024-09-16 06:50:49,2024-09-16 06:50:49,1,42.76
3521,2024-06-02 18:39:46,2024-09-15 17:08:23,3,93.82
3522,2024-09-15 16:19:30,2024-09-15 16:19:30,1,32.4
3523,2024-09-13 09:10:57,2024-09-15 13:17:24,2,83.74000000000001
3524,2024-09-15 10:59:35,2024-09-15 10:59:35,1,36.0
3525,2024-09-15 10:04:00,2024-09-15 10:04:00,1,68.59
3526,2024-09-15 10:00:39,2024-09-15 10:00:39,1,36.0
3527,2024-09-15 08:26:48,2024-09-15 08:26:48,1,31.88
3528,2024-09-14 15:32:21,2024-09-14 15:32:21,1,36.0
3529,2024-09-14 09:12:04,2024-09-14 09:12:04,1,64.14
3530,2024-09-14 08:47:08,2024-09-14 08:47:08,1,31.88
3532,2024-09-14 08:12:16,2024-09-14 08:12:16,1,52.13
3533,2024-09-13 18:19:41,2024-09-13 18:19:41,1,52.65
3534,2024-09-13 14:44:52,2024-09-13 14:44:52,1,52.5
3535,2024-09-13 14:13:28,2024-09-13 14:13:28,1,24.75
3536,2024-09-13 08:06:48,2024-09-13 08:06:48,1,152.82
3537,2024-09-13 07:57:03,2024-09-13 07:57:03,1,30.0
3538,2024-08-03 09:06:57,2024-09-13 07:26:02,2,90.0
3539,2024-09-12 18:59:27,2024-09-12 18:59:27,1,43.2
3540,2024-09-12 05:57:13,2024-09-12 05:57:13,1,48.75
3541,2024-09-12 00:40:30,2024-09-12 00:40:30,1,37.1
3542,2024-09-11 06:39:36,2024-09-11 06:39:36,1,30.0
3543,2024-07-14 11:00:29,2024-09-10 19:40:02,2,67.13
3544,2024-03-18 16:09:09,2024-09-10 17:32:45,2,233.24
3545,2023-02-26 08:52:51,2024-09-10 16:45:27,5,655.03
3546,2024-09-10 16:25:17,2024-09-10 16:25:17,1,30.0
3547,2024-09-10 06:37:37,2024-09-10 06:37:37,1,45.0
3548,2024-09-09 21:32:56,2024-09-09 21:32:56,1,33.75
3549,2024-09-08 19:39:43,2024-09-08 19:39:43,1,38.48
3550,2024-08-21 09:40:28,2024-09-08 19:30:35,2,160.79000000000002
3551,2024-09-08 17:51:07,2024-09-08 17:51:07,1,51.0
3552,2024-09-08 08:36:14,2024-09-08 08:36:14,1,17.25
3553,2024-09-06 18:11:09,2024-09-06 18:11:09,1,30.0
3554,2024-08-05 05:41:40,2024-09-06 17:44:43,2,84.45
3555,2024-09-06 13:50:41,2024-09-06 13:50:41,1,56.25
3556,2023-12-07 19:40:07,2024-09-06 13:23:52,2,91.63999999999999
3557,2023-03-20 07:52:45,2024-09-06 12:41:31,4,200.48
3558,2024-05-07 12:58:02,2024-09-05 13:59:56,2,114.94
3559,2024-01-13 05:20:41,2024-09-05 12:28:39,3,157.15
3560,2024-09-05 11:49:49,2024-09-05 11:49:49,1,37.76
3561,2024-09-05 11:11:10,2024-09-05 11:11:10,1,86.24
3562,2024-09-05 01:12:16,2024-09-05 01:12:16,1,32.4
3563,2024-09-03 13:52:31,2024-09-03 13:52:31,1,38.88
3564,2024-09-02 17:19:29,2024-09-02 17:19:29,1,148.22
3565,2024-02-10 09:02:50,2024-09-02 16:11:09,2,52.879999999999995
3566,2024-09-02 12:43:47,2024-09-02 12:43:47,1,22.88
3567,2024-09-01 20:18:05,2024-09-01 20:18:05,1,37.5
3568,2024-09-01 13:15:25,2024-09-01 13:15:25,1,30.0
3569,2024-09-01 09:33:07,2024-09-01 09:33:07,1,118.63
3570,2024-09-01 08:06:28,2024-09-01 08:06:28,1,64.12
3571,2024-08-31 18:56:02,2024-08-31 18:56:02,1,36.0
3572,2024-08-31 12:05:39,2024-08-31 12:05:39,1,185.28
3573,2024-08-31 09:47:42,2024-08-31 09:47:42,1,38.48
3574,2024-08-30 14:39:20,2024-08-30 14:39:20,1,62.4
3575,2024-08-30 09:44:30,2024-08-30 09:44:30,1,48.75
3576,2024-08-29 17:44:12,2024-08-29 17:44:12,1,36.0
3577,2024-08-29 14:21:30,2024-08-29 14:21:30,1,47.4
3578,2024-05-29 17:00:25,2024-08-29 13:37:03,2,85.96000000000001
3579,2024-08-29 00:32:53,2024-08-29 00:32:53,1,30.0
3580,2024-08-28 18:59:41,2024-08-28 18:59:41,1,36.0
3581,2024-08-28 13:05:11,2024-08-28 13:05:11,1,30.0
3582,2024-03-21 13:15:57,2024-08-28 10:09:12,2,222.01
3583,2024-08-28 07:33:08,2024-08-28 07:33:08,1,45.0
3584,2024-08-27 17:18:24,2024-08-27 17:18:24,1,42.53
3585,2024-08-27 06:35:02,2024-08-27 06:35:02,1,51.0
3586,2024-08-26 16:28:54,2024-08-26 16:28:54,1,64.12
3587,2023-07-26 08:35:34,2024-08-26 14:41:54,2,107.80000000000001
3588,2024-08-25 15:02:19,2024-08-25 15:02:19,1,38.5
3589,2024-08-25 06:02:01,2024-08-25 06:02:01,1,43.2
3590,2024-08-24 17:13:08,2024-08-24 17:13:08,1,51.6
3591,2024-08-23 14:35:53,2024-08-23 14:35:53,1,52.5
3592,2024-05-21 11:10:30,2024-08-22 17:31:51,2,60.0
3593,2024-08-22 16:18:47,2024-08-22 16:18:47,1,33.75
3594,2024-08-22 15:33:28,2024-08-22 15:33:28,1,37.5
3595,2023-03-14 20:06:04,2024-08-22 12:06:27,2,203.03
3596,2024-08-22 10:47:42,2024-08-22 10:47:42,1,30.0
3597,2024-08-21 17:12:52,2024-08-21 17:12:52,1,33.75
3598,2024-08-21 16:33:29,2024-08-21 16:33:29,1,33.75
3599,2024-07-08 13:56:08,2024-08-21 15:16:14,2,74.08
3600,2024-08-21 10:58:07,2024-08-21 10:58:07,1,25.44
3601,2024-08-21 10:20:17,2024-08-21 10:20:17,1,39.15
3602,2024-07-13 05:57:53,2024-08-21 08:21:33,2,107.71
3603,2024-08-20 17:32:07,2024-08-20 17:32:07,1,32.4
3604,2024-08-20 13:50:31,2024-08-20 13:50:31,1,37.5
3605,2024-08-20 11:40:43,2024-08-20 11:40:43,1,97.95
3606,2024-08-20 07:49:29,2024-08-20 11:00:02,2,95.97
3607,2024-08-20 08:04:38,2024-08-20 08:04:38,1,56.25
3608,2024-08-20 07:45:47,2024-08-20 07:45:47,1,30.38
3609,2024-08-19 11:24:47,2024-08-19 11:24:47,1,62.85
3610,2024-08-19 08:59:23,2024-08-19 08:59:23,1,33.75
3611,2024-07-02 13:10:06,2024-08-18 17:21:33,3,116.84
3612,2024-08-16 18:01:44,2024-08-16 18:01:44,1,24.75
3614,2024-06-24 09:40:22,2024-08-16 16:34:19,2,78.53
3615,2024-08-16 14:03:24,2024-08-16 14:03:24,1,32.85
3616,2024-08-14 20:59:40,2024-08-14 20:59:40,1,71.24
3617,2024-08-14 03:01:47,2024-08-14 03:01:47,1,52.5
3618,2024-08-13 11:46:07,2024-08-13 11:46:07,1,37.13
3619,2024-08-13 10:50:53,2024-08-13 10:50:53,1,56.97
3620,2024-08-13 04:17:21,2024-08-13 04:17:21,1,22.88
3621,2024-08-11 07:19:58,2024-08-11 07:19:58,1,71.24
3622,2024-08-10 09:53:13,2024-08-10 09:53:13,1,36.0
3623,2024-08-10 09:35:47,2024-08-10 09:35:47,1,36.0
3624,2024-08-10 07:47:57,2024-08-10 07:47:57,1,17.25
3626,2024-08-09 09:37:57,2024-08-09 09:37:57,1,58.6
3627,2024-08-08 21:51:56,2024-08-08 21:51:56,1,30.0
3628,2024-08-08 18:21:27,2024-08-08 18:21:27,1,30.0
3629,2024-08-08 16:01:51,2024-08-08 16:01:51,1,30.0
3630,2024-03-06 10:31:11,2024-08-08 15:34:04,2,183.74
3631,2023-08-03 13:11:53,2024-08-08 15:33:01,2,175.93
3632,2024-08-08 09:12:15,2024-08-08 09:12:15,1,30.0
3633,2024-08-07 22:39:10,2024-08-07 22:39:10,1,36.0
3634,2024-05-17 18:37:26,2024-08-07 14:57:05,2,158.62
3635,2024-08-07 07:18:10,2024-08-07 07:18:10,1,32.4
3636,2024-08-06 13:19:57,2024-08-06 13:19:57,1,36.0
3637,2024-08-05 22:26:45,2024-08-05 22:26:45,1,17.25
3638,2024-08-05 17:23:00,2024-08-05 17:23:00,1,72.0
3639,2024-02-06 11:47:04,2024-08-05 16:21:13,2,75.75
3640,2024-08-05 08:42:56,2024-08-05 08:42:56,1,57.76
3641,2024-08-04 16:07:18,2024-08-04 16:07:18,1,36.0
3642,2024-08-04 11:49:21,2024-08-04 11:49:21,1,62.2
3643,2024-08-04 09:36:49,2024-08-04 09:36:49,1,64.12
3644,2024-08-04 08:58:56,2024-08-04 08:58:56,1,32.85
3645,2024-08-04 07:53:27,2024-08-04 07:53:27,1,36.0
3646,2024-08-03 19:18:22,2024-08-03 19:18:22,1,36.0
3647,2024-08-03 17:54:51,2024-08-03 17:54:51,1,31.88
3648,2024-08-03 16:48:23,2024-08-03 16:48:23,1,28.5
3649,2024-08-03 16:44:40,2024-08-03 16:44:40,1,64.8
3650,2024-08-03 16:16:36,2024-08-03 16:16:36,1,85.96
3651,2024-08-03 11:36:14,2024-08-03 11:36:14,1,213.72
3652,2023-03-03 15:35:34,2024-08-02 11:06:50,4,230.28
3653,2024-08-02 11:01:37,2024-08-02 11:01:37,1,38.88
3654,2024-08-02 08:59:06,2024-08-02 08:59:06,1,120.56
3655,2024-08-02 03:57:53,2024-08-02 03:57:53,1,35.25
3656,2024-08-01 20:50:23,2024-08-01 20:50:23,1,33.75
3657,2024-06-22 14:45:28,2024-08-01 19:48:08,2,73.5
3658,2024-08-01 14:59:15,2024-08-01 15:00:55,2,142.48
3659,2024-08-01 14:49:27,2024-08-01 14:49:27,1,38.48
3660,2024-08-01 09:30:21,2024-08-01 09:30:21,1,38.88
3661,2024-07-11 16:13:12,2024-07-11 16:13:12,1,22.88
3662,2024-08-01 05:06:45,2024-08-01 05:06:45,1,33.75
3663,2024-07-31 11:56:50,2024-07-31 11:56:50,1,56.25
3664,2024-07-31 11:55:46,2024-07-31 11:55:46,1,37.5
3665,2024-07-01 01:20:52,2024-07-31 11:23:04,3,108.7
3666,2024-04-16 03:01:34,2024-07-31 09:09:24,3,126.0
3667,2024-07-30 13:08:25,2024-07-30 13:08:25,1,45.64
3668,2024-07-30 11:08:28,2024-07-30 11:08:28,1,37.5
3669,2024-07-30 09:07:58,2024-07-30 09:07:58,1,37.5
3670,2024-07-29 13:29:45,2024-07-29 13:29:45,1,64.12
3671,2024-07-28 17:54:16,2024-07-28 18:04:18,2,89.78999999999999
3672,2024-07-28 11:49:50,2024-07-28 11:49:50,1,24.75
3673,2024-07-28 06:42:35,2024-07-28 06:42:35,1,97.08
3674,2024-07-28 06:14:25,2024-07-28 06:14:25,1,37.13
3675,2024-07-21 10:50:12,2024-07-27 19:22:00,2,72.0
3676,2024-07-27 17:11:36,2024-07-27 17:11:36,1,36.0
3677,2024-07-27 15:00:14,2024-07-27 15:00:14,1,30.0
3678,2024-07-27 08:24:40,2024-07-27 08:24:40,1,37.5
3679,2024-07-26 22:14:06,2024-07-26 22:14:06,1,36.0
3680,2024-07-25 20:15:54,2024-07-25 20:15:54,1,53.88
3681,2024-02-15 09:23:47,2024-07-25 13:49:23,2,97.47999999999999
3682,2024-07-25 08:46:36,2024-07-25 08:46:36,1,32.4
3683,2024-06-27 06:31:59,2024-07-24 23:09:54,2,66.32
3684,2024-07-24 22:28:07,2024-07-24 22:28:07,1,56.05
3685,2024-07-24 19:02:33,2024-07-24 19:02:33,1,36.0
3686,2024-07-24 14:31:04,2024-07-24 14:31:04,1,16.13
3687,2024-04-23 12:45:09,2024-07-24 12:01:36,8,379.03
3688,2024-07-24 06:25:51,2024-07-24 06:25:51,1,36.6
3689,2024-05-08 19:55:19,2024-07-24 05:50:32,2,149.37
3690,2024-07-24 05:36:13,2024-07-24 05:36:13,1,37.13
3691,2024-07-24 03:18:42,2024-07-24 03:18:42,1,43.08
3692,2024-07-23 22:35:20,2024-07-23 22:35:20,1,24.75
3693,2024-07-23 21:19:35,2024-07-23 21:19:35,1,71.24
3694,2024-07-23 20:40:59,2024-07-23 20:40:59,1,37.5
3695,2023-02-07 17:16:16,2024-07-23 17:09:21,3,171.68
3696,2023-11-18 13:24:44,2024-07-23 16:57:52,2,123.94999999999999
3697,2024-07-23 16:09:52,2024-07-23 16:09:52,1,31.88
3698,2024-07-23 14:39:55,2024-07-23 14:39:55,1,30.13
3699,2024-07-23 12:57:43,2024-07-23 12:57:43,1,31.88
3700,2024-07-23 12:43:46,2024-07-23 12:43:46,1,38.48
3701,2024-07-23 11:54:32,2024-07-23 11:54:32,1,35.25
3702,2024-07-22 13:12:41,2024-07-22 13:12:41,1,51.6
3704,2024-07-21 08:56:08,2024-07-21 08:56:08,1,48.6
3705,2024-07-21 06:27:40,2024-07-21 06:27:40,1,42.76
3706,2024-07-21 06:17:21,2024-07-21 06:17:21,1,72.0
3707,2024-07-20 12:06:01,2024-07-20 12:06:01,1,52.5
3708,2024-07-20 11:36:51,2024-07-20 11:36:51,1,60.0
3709,2024-07-20 08:20:16,2024-07-20 08:20:16,1,32.93
3710,2024-07-20 04:52:28,2024-07-20 04:52:28,1,71.24
3711,2024-07-19 21:24:06,2024-07-19 21:24:06,1,36.0
3712,2024-07-07 18:02:33,2024-07-19 10:52:21,2,62.4
3713,2024-07-18 14:02:24,2024-07-18 14:02:24,1,45.0
3714,2024-07-18 12:08:28,2024-07-18 12:08:28,1,56.25
3715,2024-07-17 10:28:12,2024-07-17 10:28:12,1,54.75
3716,2024-07-17 06:45:26,2024-07-17 06:45:26,1,24.75
3717,2024-07-17 03:18:20,2024-07-17 03:18:20,1,70.88
3718,2024-07-16 19:10:39,2024-07-16 19:10:39,1,72.0
3719,2024-07-16 18:55:33,2024-07-16 18:55:33,1,266.0
3720,2024-07-16 16:43:28,2024-07-16 16:43:28,1,32.4
3721,2024-07-16 16:23:17,2024-07-16 16:23:17,1,31.88
3722,2024-07-16 15:18:53,2024-07-16 15:18:53,1,38.48
3723,2023-12-07 17:39:15,2024-07-16 11:52:51,8,540.02
3724,2024-07-16 09:13:51,2024-07-16 09:13:51,1,96.17
3725,2024-07-16 07:54:22,2024-07-16 07:54:22,1,42.76
3726,2023-12-17 12:45:31,2024-07-16 07:03:30,4,394.84000000000003
3727,2024-07-15 11:33:34,2024-07-15 11:33:34,1,36.6
3728,2024-02-13 13:35:05,2024-07-15 10:58:05,4,162.28
3729,2024-07-15 10:28:33,2024-07-15 10:28:33,1,71.24
3730,2024-07-15 06:32:46,2024-07-15 06:32:46,1,85.52
3731,2024-07-15 00:26:58,2024-07-15 00:26:58,1,35.48
3732,2024-07-14 21:45:09,2024-07-14 21:45:09,1,38.48
3733,2024-07-14 18:35:02,2024-07-14 18:35:02,1,36.0
3734,2024-07-14 17:13:01,2024-07-14 17:13:01,1,71.24
3735,2024-07-14 13:47:00,2024-07-14 13:47:00,1,38.74
3736,2024-07-14 13:44:51,2024-07-14 13:44:51,1,33.75
3737,2024-07-14 13:29:35,2024-07-14 13:29:35,1,31.88
3738,2024-06-23 08:54:41,2024-07-14 13:10:49,2,67.5
3739,2024-07-14 11:49:06,2024-07-14 11:49:06,1,36.0
3740,2024-07-14 09:10:13,2024-07-14 09:10:13,1,43.2
3741,2024-07-14 07:44:36,2024-07-14 07:44:36,1,71.24
3742,2024-07-14 07:34:14,2024-07-14 07:34:14,1,100.76
3743,2024-07-14 05:39:17,2024-07-14 05:39:17,1,85.52
3744,2024-07-13 22:02:22,2024-07-13 22:02:22,1,33.75
3745,2024-07-13 20:08:54,2024-07-13 20:08:54,1,43.2
3746,2023-05-17 17:25:06,2024-07-13 17:12:17,3,231.47000000000003
3747,2024-07-13 17:08:39,2024-07-13 17:08:39,1,31.88
3748,2024-07-13 16:33:05,2024-07-13 16:33:05,1,30.0
3749,2024-07-13 14:30:38,2024-07-13 14:30:38,2,72.66
3750,2024-06-26 08:18:18,2024-07-13 08:50:28,2,60.75
3751,2024-07-12 20:20:16,2024-07-12 20:20:16,1,47.25
3752,2024-07-12 17:52:54,2024-07-12 17:52:54,1,41.25
3753,2024-07-12 16:49:24,2024-07-12 16:49:24,1,81.24
3754,2024-07-12 13:13:25,2024-07-12 13:13:25,1,48.6
3755,2024-07-12 10:49:55,2024-07-12 10:49:55,1,71.24
3756,2024-07-12 10:09:53,2024-07-12 10:09:53,1,33.75
3757,2024-07-12 09:58:47,2024-07-12 09:58:47,1,33.75
3758,2024-07-12 09:56:59,2024-07-12 09:56:59,1,36.0
3759,2024-07-12 09:19:26,2024-07-12 09:19:26,1,35.25
3760,2024-07-12 06:55:33,2024-07-12 06:55:33,1,33.0
3761,2024-06-29 22:29:10,2024-07-11 20:09:59,2,57.0
3762,2024-07-11 18:51:58,2024-07-11 18:51:58,1,51.6
3763,2024-07-11 15:55:31,2024-07-11 15:55:31,1,36.0
3764,2024-07-11 14:12:04,2024-07-11 14:12:04,1,17.25
3765,2024-07-11 13:49:48,2024-07-11 13:49:48,1,32.4
3766,2024-07-11 13:03:07,2024-07-11 13:03:07,1,74.95
3767,2024-07-11 09:38:44,2024-07-11 09:38:44,1,30.0
3768,2024-07-11 09:10:37,2024-07-11 09:10:37,1,36.0
3769,2024-07-11 07:27:29,2024-07-11 07:27:29,1,37.45
3770,2023-03-17 13:31:30,2024-07-10 16:54:18,2,117.32
3771,2024-07-10 13:03:17,2024-07-10 13:03:17,1,36.0
3772,2024-07-10 12:58:03,2024-07-10 12:58:03,1,53.48
3773,2024-06-21 14:59:25,2024-07-10 12:19:19,3,59.25
3774,2024-07-10 10:55:32,2024-07-10 10:55:32,1,74.8
3775,2024-07-10 10:21:51,2024-07-10 10:21:51,1,33.75
3776,2024-07-09 16:37:28,2024-07-09 16:37:28,1,22.88
3777,2024-07-09 15:20:55,2024-07-09 15:20:55,1,42.76
3778,2024-07-09 14:11:41,2024-07-09 14:11:41,1,64.51
3779,2024-07-09 13:14:13,2024-07-09 13:14:13,1,36.0
3780,2024-07-09 12:59:36,2024-07-09 12:59:36,1,37.5
3781,2024-07-09 11:54:01,2024-07-09 11:54:01,1,33.75
3782,2024-05-31 09:49:09,2024-07-09 09:58:34,2,72.0
3783,2024-07-08 20:19:31,2024-07-08 20:19:31,1,33.75
3784,2024-07-08 16:33:53,2024-07-08 16:33:53,1,17.25
3785,2024-07-08 15:16:52,2024-07-08 15:16:52,1,64.8
3786,2024-07-08 10:17:22,2024-07-08 10:17:22,1,32.4
3787,2024-07-08 10:06:52,2024-07-08 10:06:52,1,57.59
3788,2024-07-08 07:27:34,2024-07-08 07:27:34,1,51.0
3789,2024-03-09 18:45:52,2024-07-08 06:56:00,2,106.88
3790,2024-07-07 17:35:53,2024-07-07 17:35:53,1,41.98
3791,2024-07-07 09:49:20,2024-07-07 09:49:20,1,79.12
3792,2024-07-07 09:39:43,2024-07-07 09:39:43,1,33.75
3793,2023-01-02 19:09:18,2024-07-07 09:00:24,2,95.3
3794,2024-07-07 05:42:15,2024-07-07 05:42:15,1,64.68
3795,2024-07-07 05:33:21,2024-07-07 05:33:21,1,24.75
3796,2024-07-06 19:50:59,2024-07-06 19:50:59,1,78.57
3797,2024-05-01 15:13:55,2024-07-06 13:57:53,2,153.64999999999998
3798,2024-07-06 09:32:24,2024-07-06 09:32:24,1,16.13
3799,2024-07-06 08:44:51,2024-07-06 08:44:51,1,25.44
3800,2024-07-06 07:57:07,2024-07-06 07:57:07,1,43.2
3801,2024-07-06 07:08:10,2024-07-06 07:08:10,1,79.8
3802,2024-06-20 04:51:06,2024-07-06 06:53:10,2,104.99
3803,2024-07-05 21:26:26,2024-07-05 21:26:26,1,36.87
3804,2024-07-05 14:50:57,2024-07-05 14:50:57,1,32.4
3805,2024-07-05 12:59:13,2024-07-05 12:59:13,1,24.75
3806,2024-07-05 12:10:45,2024-07-05 12:10:45,1,35.99
3807,2024-07-05 11:23:58,2024-07-05 11:23:58,1,22.88
3808,2024-07-05 10:00:21,2024-07-05 10:00:21,1,41.25
3809,2024-07-05 09:59:58,2024-07-05 09:59:58,1,35.25
3810,2024-07-05 09:01:05,2024-07-05 09:01:05,1,37.5
3811,2024-07-04 20:16:15,2024-07-04 20:16:15,1,63.3
3812,2024-06-08 11:33:42,2024-07-04 11:08:59,2,62.85
3813,2024-07-04 09:00:46,2024-07-04 09:00:46,1,48.6
3814,2024-07-04 05:20:42,2024-07-04 05:20:42,1,36.6
3815,2024-07-03 23:42:04,2024-07-03 23:42:04,1,37.13
3816,2024-05-09 20:00:26,2024-07-03 20:18:45,2,120.50999999999999
3817,2024-07-03 18:37:48,2024-07-03 18:37:48,1,38.74
3818,2024-07-03 17:41:44,2024-07-03 17:41:44,1,31.88
3819,2024-07-03 17:09:24,2024-07-03 17:09:24,1,30.0
3820,2024-07-03 15:40:35,2024-07-03 15:40:35,1,54.75
3821,2024-07-03 14:10:11,2024-07-03 14:10:11,1,35.49
3822,2024-07-03 12:40:40,2024-07-03 12:40:40,1,37.5
3823,2024-07-02 22:24:57,2024-07-02 22:24:57,1,30.0
3824,2024-07-02 18:37:35,2024-07-02 18:37:35,1,30.0
3825,2024-07-02 15:18:26,2024-07-02 15:18:26,1,59.97
3826,2024-07-02 15:14:58,2024-07-02 15:14:58,1,48.75
3827,2024-07-02 13:47:20,2024-07-02 13:47:20,1,30.0
3828,2024-07-02 11:23:24,2024-07-02 11:23:24,1,91.23
3829,2024-07-02 08:40:00,2024-07-02 08:40:00,1,85.52
3830,2024-07-02 06:48:07,2024-07-02 06:48:07,1,71.24
3831,2024-07-02 06:28:55,2024-07-02 06:28:55,1,28.5
3832,2024-07-01 20:05:37,2024-07-01 20:05:37,1,36.0
3833,2024-01-29 18:17:08,2024-05-30 16:53:37,6,269.15999999999997
3834,2024-06-30 17:28:50,2024-06-30 17:28:50,1,42.76
3835,2024-04-26 17:05:03,2024-06-30 16:58:15,2,114.67
3836,2024-06-13 21:08:44,2024-06-30 13:18:05,2,66.32
3837,2024-06-30 12:49:12,2024-06-30 12:49:12,1,22.88
3838,2024-06-30 08:18:20,2024-06-30 08:18:20,1,54.75
3839,2024-06-29 15:02:49,2024-06-29 15:07:05,2,71.98
3840,2024-06-29 11:39:46,2024-06-29 11:39:46,1,89.05
3841,2024-06-18 08:44:00,2024-06-29 09:12:16,2,100.12
3842,2024-06-28 19:53:19,2024-06-28 19:53:19,1,41.25
3843,2024-06-28 11:19:51,2024-06-28 11:19:51,1,53.88
3844,2024-06-27 17:06:56,2024-06-27 17:06:56,1,55.99
3845,2024-01-18 15:55:16,2024-06-27 15:36:08,2,96.52000000000001
3846,2024-06-27 14:06:59,2024-06-27 14:06:59,1,36.0
3847,2024-06-27 13:58:06,2024-06-27 13:58:06,1,51.15
3848,2024-06-27 13:52:28,2024-06-27 13:52:28,1,11.25
3849,2024-06-27 13:13:11,2024-06-27 13:13:11,1,68.59
3850,2024-05-21 16:53:35,2024-06-27 11:07:00,2,87.00999999999999
3851,2024-06-27 10:58:46,2024-06-27 10:58:46,1,38.74
3852,2024-06-26 17:54:30,2024-06-26 17:54:30,1,33.75
3853,2024-06-26 17:39:18,2024-06-26 17:39:18,1,42.76
3854,2024-04-30 08:40:20,2024-06-26 11:36:52,4,317.14
3855,2024-06-26 11:22:35,2024-06-26 11:22:35,1,31.88
3857,2024-06-26 06:35:48,2024-06-26 06:35:48,1,38.48
3858,2024-06-25 18:10:47,2024-06-25 18:10:47,1,82.45
3859,2024-06-25 17:44:45,2024-06-25 17:44:45,1,36.0
3860,2024-06-24 16:29:44,2024-06-25 16:38:29,2,108.0
3861,2024-06-25 14:31:19,2024-06-25 14:31:19,1,45.0
3862,2024-06-25 12:54:30,2024-06-25 12:54:30,1,33.75
3863,2024-06-25 11:02:12,2024-06-25 11:02:12,1,33.28
3864,2023-12-07 08:10:07,2024-06-24 17:07:52,2,87.46000000000001
3865,2024-06-24 15:56:47,2024-06-24 15:56:47,1,32.4
3866,2024-05-06 11:37:55,2024-05-06 11:37:55,1,32.4
3867,2024-06-24 06:42:53,2024-06-24 06:42:53,1,32.4
3868,2024-06-24 05:44:59,2024-06-24 05:44:59,1,50.9
3869,2024-06-23 17:08:26,2024-06-23 17:08:26,1,33.28
3870,2024-06-23 14:33:51,2024-06-23 14:33:51,1,35.99
3871,2024-06-23 14:08:59,2024-06-23 14:08:59,1,57.6
3873,2024-06-22 12:59:45,2024-06-22 12:59:45,1,42.53
3874,2024-06-22 09:23:14,2024-06-22 09:23:14,1,33.75
3875,2024-06-22 08:04:24,2024-06-22 08:04:24,1,99.64
3876,2024-06-21 21:43:10,2024-06-21 21:43:10,1,36.0
3877,2024-06-21 21:24:57,2024-06-21 21:24:57,1,40.62
3878,2024-06-21 09:52:04,2024-06-21 09:52:04,1,30.0
3879,2024-06-21 08:19:26,2024-06-21 08:19:26,1,158.7
3880,2023-02-11 16:42:48,2024-06-20 17:06:29,4,230.63
3881,2024-06-20 10:43:33,2024-06-20 10:43:33,1,77.16
3882,2024-06-20 09:44:04,2024-06-20 09:44:04,1,36.0
3883,2024-06-20 05:10:38,2024-06-20 05:10:38,1,27.6
3884,2024-01-08 16:23:44,2024-06-19 17:38:28,7,447.02
3885,2024-06-19 08:40:37,2024-06-19 08:40:37,1,38.48
3886,2024-06-18 20:33:38,2024-06-18 20:33:38,1,136.4
3887,2024-06-18 17:29:15,2024-06-18 17:29:15,1,40.35
3888,2024-06-18 16:48:03,2024-06-18 16:48:03,1,34.22
3889,2024-06-18 16:40:56,2024-06-18 16:40:56,1,36.0
3890,2024-06-18 12:38:34,2024-06-18 12:38:34,1,36.0
3891,2024-06-18 04:13:01,2024-06-18 04:13:01,1,40.35
3892,2024-06-17 22:36:57,2024-06-17 22:36:57,1,36.0
3893,2024-03-12 20:51:20,2024-06-17 20:43:39,2,159.17000000000002
3894,2024-06-10 09:44:16,2024-06-17 19:39:12,2,95.25
3895,2024-06-17 13:49:11,2024-06-17 13:49:11,1,28.5
3896,2023-11-10 09:42:36,2024-06-17 13:04:31,2,359.89
3897,2024-06-16 17:49:24,2024-06-16 17:49:24,1,32.4
3898,2024-06-12 16:54:03,2024-06-16 15:11:16,2,79.2
3899,2024-06-16 13:24:06,2024-06-16 13:24:06,1,33.06
3900,2024-06-16 13:13:49,2024-06-16 13:13:49,1,34.23
3901,2024-02-19 15:36:40,2024-06-16 13:05:28,2,84.0
3902,2024-06-16 13:03:32,2024-06-16 13:03:32,1,30.6
3903,2024-02-15 14:49:17,2024-06-16 12:40:32,2,124.9
3904,2024-06-16 09:38:40,2024-06-16 09:38:40,1,16.13
3905,2024-06-16 07:01:52,2024-06-16 07:01:52,1,60.0
3906,2024-06-15 14:47:57,2024-06-15 14:47:57,1,32.4
3907,2024-06-15 10:51:43,2024-06-15 10:51:43,1,42.76
3908,2024-06-15 09:39:45,2024-06-15 09:39:45,1,36.0
3909,2024-05-16 09:37:21,2024-06-15 09:37:12,2,81.84
3910,2024-02-04 14:58:00,2024-06-15 09:31:49,3,139.51999999999998
3911,2024-06-15 06:47:28,2024-06-15 06:47:28,1,42.76
3912,2024-06-14 17:52:19,2024-06-14 17:52:19,1,31.8
3913,2024-04-25 06:07:29,2024-06-14 14:36:49,2,101.08
3914,2024-06-14 11:02:41,2024-06-14 11:02:41,1,22.88
3915,2024-06-14 09:37:11,2024-06-14 09:37:11,1,99.64
3916,2024-06-14 07:03:08,2024-06-14 07:03:08,1,32.4
3917,2023-02-01 12:16:18,2024-06-13 15:02:04,2,91.49000000000001
3918,2024-06-13 08:00:21,2024-06-13 08:00:21,1,48.75
3919,2024-06-13 07:47:19,2024-06-13 07:47:19,1,50.64
3920,2024-06-12 15:39:57,2024-06-12 15:39:58,2,72.0
3921,2024-05-14 19:45:17,2024-06-12 13:51:59,2,87.75999999999999
3922,2024-06-12 10:25:25,2024-06-12 10:25:25,1,36.99
3923,2023-03-21 12:45:15,2024-06-12 09:53:19,2,418.33
3924,2024-06-12 09:06:47,2024-06-12 09:06:47,1,36.0
3925,2024-06-11 18:22:48,2024-06-11 18:22:48,1,26.25
3926,2024-06-11 11:01:16,2024-06-11 11:01:16,1,36.0
3927,2024-06-11 08:43:24,2024-06-11 08:43:24,1,40.35
3928,2024-06-10 22:16:20,2024-06-10 22:16:20,1,36.32
3929,2024-05-23 14:46:25,2024-06-10 19:53:35,2,85.52
3930,2024-06-10 19:25:22,2024-06-10 19:25:22,1,27.6
3931,2024-05-21 19:05:01,2024-06-10 18:06:56,2,68.38
3932,2024-06-10 15:32:51,2024-06-10 15:32:51,1,38.88
3933,2024-06-10 11:42:59,2024-06-10 11:42:59,1,36.0
3934,2024-06-10 09:09:56,2024-06-10 09:09:56,1,30.0
3935,2024-06-10 08:01:47,2024-06-10 08:01:47,1,36.0
3937,2024-06-09 17:21:25,2024-06-09 17:21:25,1,98.7
3938,2024-06-09 16:10:13,2024-06-09 16:10:13,1,43.2
3939,2024-06-09 15:26:14,2024-06-09 15:26:14,1,32.4
3940,2024-06-09 06:17:19,2024-06-09 06:17:19,1,36.0
3941,2024-06-08 21:10:28,2024-06-08 21:10:28,1,30.0
3942,2024-06-08 13:09:43,2024-06-08 13:09:43,1,44.1
3945,2023-07-20 10:38:39,2024-06-06 10:09:03,2,130.85
3946,2024-06-06 10:08:18,2024-06-06 10:08:18,1,31.94
3947,2024-01-17 05:27:37,2024-06-06 03:42:06,5,256.79
3948,2024-05-06 07:20:10,2024-06-05 08:24:50,3,112.05
3949,2024-05-09 16:58:08,2024-06-04 12:56:31,2,99.75
3950,2024-06-04 12:55:31,2024-06-04 12:55:31,1,33.28
3951,2024-06-04 12:23:49,2024-06-04 12:23:49,1,30.0
3952,2024-06-04 10:36:43,2024-06-04 10:36:43,1,38.88
3953,2024-06-04 07:54:21,2024-06-04 07:54:21,1,30.0
3954,2024-06-04 06:57:14,2024-06-04 06:57:14,1,33.28
3955,2024-06-03 19:22:58,2024-06-03 19:22:58,1,71.24
3956,2024-06-03 18:44:24,2024-06-03 18:44:24,1,37.13
3957,2024-06-03 15:06:35,2024-06-03 15:06:35,1,39.69
3958,2024-05-29 13:39:40,2024-06-03 15:00:24,2,155.55
3959,2024-05-30 03:16:13,2024-06-03 08:40:31,2,105.61
3960,2024-06-03 08:28:26,2024-06-03 08:28:26,1,32.4
3961,2024-06-02 10:57:30,2024-06-02 10:57:30,1,36.0
3962,2024-06-02 08:44:01,2024-06-02 08:44:01,1,38.48
3963,2024-02-01 17:26:49,2024-05-01 20:27:28,4,71.96
3964,2024-06-01 18:57:54,2024-06-01 18:57:54,1,33.75
3965,2023-10-12 13:41:56,2024-06-01 17:12:58,3,331.38
3966,2024-06-01 12:39:20,2024-06-01 12:39:20,1,70.34
3967,2024-06-01 10:25:39,2024-06-01 10:25:39,1,36.0
3968,2024-06-01 08:08:24,2024-06-01 08:08:24,1,24.75
3969,2024-05-31 13:15:27,2024-05-31 13:15:27,1,37.13
3970,2024-05-31 11:58:28,2024-05-31 11:58:28,1,83.15
3971,2024-05-31 03:40:03,2024-05-31 03:40:03,1,36.0
3972,2024-05-30 17:11:44,2024-05-30 17:11:44,1,30.0
3973,2024-05-30 09:18:39,2024-05-30 09:18:39,1,36.0
3974,2024-05-30 09:03:39,2024-05-30 09:03:39,1,62.85
3975,2024-05-29 19:07:28,2024-05-29 19:07:28,1,36.0
3976,2024-05-29 15:59:05,2024-05-29 15:59:05,1,58.14
3977,2024-05-29 07:20:40,2024-05-29 07:20:40,1,43.2
3978,2024-05-28 09:20:07,2024-05-28 09:20:07,1,65.9
3979,2024-01-20 18:45:10,2024-05-27 18:05:08,2,66.37
3980,2024-05-27 16:20:34,2024-05-27 16:20:34,1,24.75
3981,2023-12-05 13:13:19,2024-05-27 15:45:12,3,180.79999999999998
3982,2023-12-06 21:42:08,2024-05-27 13:56:09,3,282.65
3983,2024-05-27 13:39:12,2024-05-27 13:39:12,1,36.0
3984,2024-01-07 13:59:58,2024-05-27 12:21:14,3,198.76999999999998
3985,2024-04-02 12:50:56,2024-05-27 10:57:21,3,176.24
3986,2024-02-18 13:44:41,2024-05-27 10:26:34,5,510.15
3987,2023-12-11 14:28:59,2024-05-26 20:19:22,3,131.28
3988,2024-05-25 12:42:59,2024-05-25 12:42:59,1,85.52
3989,2024-05-24 14:31:26,2024-05-24 14:31:26,1,36.32
3990,2024-05-24 07:51:40,2024-05-24 07:51:40,1,72.0
3991,2024-05-23 03:22:28,2024-05-23 03:22:28,1,36.0
3992,2024-05-22 20:29:34,2024-05-22 20:29:34,1,64.4
3993,2024-05-22 16:02:43,2024-05-22 16:02:43,1,71.24
3994,2024-05-21 16:42:04,2024-05-21 16:42:04,1,57.6
3995,2024-05-21 14:09:54,2024-05-21 14:09:54,1,38.48
3996,2024-02-23 15:15:31,2024-05-21 13:07:56,2,86.4
3997,2024-05-21 08:59:17,2024-05-21 08:59:17,1,31.77
3998,2024-05-20 19:37:56,2024-05-20 19:37:56,1,36.0
3999,2024-05-20 19:00:43,2024-05-20 19:00:43,1,30.0
4000,2024-05-20 17:22:25,2024-05-20 17:22:25,1,43.2
4001,2024-05-20 16:18:30,2024-05-20 16:18:30,1,60.72
4002,2024-05-20 12:43:44,2024-05-20 12:43:44,1,32.85
4003,2024-05-20 09:55:27,2024-05-20 09:55:27,1,35.45
4004,2024-05-20 09:13:53,2024-05-20 09:13:53,1,38.88
4005,2024-01-17 08:34:40,2024-05-20 03:18:36,2,89.43
4006,2024-05-19 16:07:52,2024-05-19 16:07:52,1,31.03
4007,2024-02-08 07:59:42,2024-05-19 05:51:26,2,118.12
4009,2024-01-18 10:02:13,2024-05-18 11:56:28,6,233.98
4010,2024-05-17 12:34:33,2024-05-17 12:34:33,1,36.0
4011,2024-05-17 09:51:23,2024-05-17 09:51:23,1,37.5
4012,2024-05-16 17:29:00,2024-05-16 17:29:00,1,32.4
4013,2024-05-16 10:33:32,2024-05-16 10:33:32,1,30.38
4014,2024-05-16 06:46:44,2024-05-16 06:46:44,1,70.74
4015,2024-05-06 02:31:01,2024-05-15 06:10:42,2,106.28999999999999
4016,2024-05-14 12:31:17,2024-05-14 12:31:17,1,33.75
4017,2024-01-18 15:50:40,2024-05-13 12:14:50,2,174.45
4018,2024-05-13 11:01:32,2024-05-13 11:01:32,1,64.14
4019,2024-05-13 09:00:30,2024-05-13 09:00:30,1,32.4
4020,2024-01-26 07:18:41,2024-05-12 19:19:52,3,144.4
4021,2024-05-12 15:47:23,2024-05-12 15:47:23,1,50.16
4022,2023-12-06 13:15:40,2024-05-12 13:35:20,2,361.4
4023,2024-05-12 10:41:31,2024-05-12 10:41:31,1,64.13
4024,2024-05-12 09:28:37,2024-05-12 09:28:37,1,33.75
4025,2024-05-11 17:53:52,2024-05-11 17:53:52,1,37.5
4026,2024-04-22 10:53:18,2024-05-11 17:13:33,2,58.5
4027,2024-03-19 22:30:08,2024-05-11 17:08:49,2,97.19
4028,2024-05-11 15:29:34,2024-05-11 15:29:34,2,95.2
4029,2024-05-11 12:54:00,2024-05-11 12:54:00,1,33.75
4030,2024-05-11 12:28:36,2024-05-11 12:28:36,1,32.73
4031,2024-05-10 15:48:15,2024-05-10 15:48:15,1,53.97
4032,2024-05-10 14:20:48,2024-05-10 14:20:48,1,33.75
4033,2024-01-18 11:16:06,2024-05-10 13:31:45,2,87.18
4034,2024-02-28 14:15:16,2024-05-10 12:01:22,2,154.98
4035,2024-05-10 09:14:09,2024-05-10 09:14:09,1,32.4
4036,2023-02-08 09:18:55,2024-05-10 08:37:07,3,1213.02
4037,2024-05-09 17:06:31,2024-05-09 17:06:31,1,57.38
4038,2024-05-09 13:10:24,2024-05-09 13:10:24,1,48.6
4039,2024-03-01 17:25:24,2024-05-09 13:04:45,3,118.87
4040,2024-05-09 12:44:52,2024-05-09 12:44:52,1,48.75
4041,2024-02-20 20:26:25,2024-05-08 16:12:32,3,111.15
4042,2024-05-08 14:02:33,2024-05-08 14:02:33,1,64.14
4043,2024-05-07 15:15:57,2024-05-07 15:15:57,1,48.6
4044,2024-05-07 11:54:30,2024-05-07 11:54:30,1,79.32
4045,2024-05-07 11:34:55,2024-05-07 11:34:55,1,33.75
4047,2024-02-20 16:43:05,2024-05-06 12:47:21,3,197.63
4048,2024-05-05 16:42:05,2024-05-05 16:42:05,1,54.0
4049,2024-05-05 08:28:13,2024-05-05 08:28:13,1,30.0
4050,2024-05-04 19:29:14,2024-05-04 19:29:14,1,33.28
4051,2024-05-04 17:02:14,2024-05-04 17:02:14,1,32.39
4052,2024-05-04 16:25:03,2024-05-04 16:25:03,1,54.0
4053,2024-05-04 09:59:41,2024-05-04 09:59:41,1,29.16
4054,2024-05-04 04:24:48,2024-05-04 04:24:48,1,97.2
4055,2024-05-03 12:52:10,2024-05-03 12:52:10,1,30.0
4056,2024-05-03 09:17:41,2024-05-03 09:17:41,1,32.4
4057,2024-05-03 07:40:28,2024-05-03 07:40:28,1,54.74
4058,2024-05-02 11:08:08,2024-05-02 11:08:08,1,58.73
4059,2024-05-01 15:57:10,2024-05-01 15:57:10,1,54.0
4060,2024-05-01 14:12:42,2024-05-01 14:12:42,1,53.99
4061,2024-04-01 14:22:01,2024-04-30 19:49:28,2,108.0
4062,2024-04-30 15:34:48,2024-04-30 15:34:48,1,54.0
4063,2024-04-30 10:13:35,2024-04-30 10:13:35,1,115.74
4064,2024-04-29 19:48:08,2024-04-29 19:48:08,1,53.22
4065,2024-04-28 16:26:14,2024-04-28 16:26:14,1,54.0
4066,2024-04-28 08:44:21,2024-04-28 08:44:21,1,54.0
4067,2024-04-28 08:36:32,2024-04-28 08:36:32,1,54.0
4068,2023-11-16 19:04:02,2024-04-27 12:58:56,3,165.71
4069,2024-04-04 06:10:30,2024-04-24 13:28:14,3,99.4
4070,2024-04-25 17:48:32,2024-04-25 17:48:32,1,54.0
4071,2024-04-25 10:44:00,2024-04-25 10:44:00,1,66.29
4072,2024-04-24 16:47:37,2024-04-24 16:47:37,1,54.0
4073,2024-01-11 17:19:15,2024-04-24 14:38:40,2,127.50999999999999
4074,2024-03-25 16:43:30,2024-04-24 11:01:18,2,54.0
4075,2024-04-23 20:50:13,2024-04-23 20:50:13,1,54.0
4076,2023-02-03 18:11:22,2024-04-23 12:40:52,2,296.4
4077,2024-04-23 10:57:21,2024-04-23 10:57:21,1,41.25
4078,2024-04-23 08:22:29,2024-04-23 08:22:29,1,140.28
4079,2024-04-23 06:15:33,2024-04-23 06:15:33,1,54.0
4080,2024-04-22 20:37:50,2024-04-22 20:37:50,1,52.5
4081,2024-04-22 15:11:15,2024-04-22 15:11:15,1,26.25
4082,2024-04-22 09:49:11,2024-04-22 09:49:11,1,54.0
4083,2024-04-22 09:28:21,2024-04-22 09:28:21,1,54.0
4084,2024-04-22 05:02:32,2024-04-22 05:02:32,1,54.0
4085,2024-04-20 06:20:30,2024-04-20 06:20:30,1,52.5
4086,2024-04-19 11:59:40,2024-04-19 11:59:40,1,54.0
4087,2024-04-19 11:44:45,2024-04-19 11:44:45,1,61.79
4088,2024-04-19 06:24:27,2024-04-19 06:24:27,1,43.13
4089,2024-04-15 17:54:23,2024-04-15 17:54:23,1,59.97
4090,2024-04-15 10:05:17,2024-04-15 10:05:17,1,140.33
4091,2024-04-14 05:48:36,2024-04-14 05:48:36,1,54.0
4092,2024-04-13 16:18:13,2024-04-13 16:18:13,1,54.0
4093,2024-04-10 22:07:12,2024-04-10 22:07:12,1,66.84
4094,2024-04-10 20:53:01,2024-04-10 20:53:01,1,24.75
4095,2024-04-10 17:18:45,2024-04-10 17:18:45,1,54.0
4096,2024-04-10 09:03:31,2024-04-10 09:03:31,1,69.9
4097,2024-04-09 18:35:14,2024-04-09 18:35:14,1,126.48
4098,2024-04-09 16:44:08,2024-04-09 16:44:08,1,54.0
4099,2024-04-09 08:39:25,2024-04-09 08:39:25,1,22.88
4100,2024-02-06 18:42:46,2024-03-06 20:43:04,2,46.18
4101,2024-04-05 07:50:53,2024-04-05 07:50:53,1,66.84
4102,2023-12-01 12:56:08,2024-04-02 16:05:03,2,107.88
4103,2024-04-02 09:16:42,2024-04-02 09:16:42,1,106.92
4104,2024-04-02 07:26:57,2024-04-02 07:26:57,1,111.15
4105,2024-04-01 21:34:22,2024-04-01 21:34:22,1,66.84
4106,2023-11-15 20:41:41,2024-03-31 20:33:34,3,340.54999999999995
4107,2024-03-29 14:07:31,2024-03-29 14:07:31,1,66.84
4108,2024-03-29 12:40:17,2024-03-29 12:40:17,1,52.03
4109,2024-03-29 08:20:55,2024-03-29 08:20:55,1,64.8
4110,2024-02-21 14:25:29,2024-03-28 18:48:12,2,108.0
4111,2024-03-28 17:19:06,2024-03-28 17:19:06,1,54.0
4113,2024-03-26 14:15:16,2024-03-26 14:15:16,1,54.0
4114,2024-03-25 16:28:55,2024-03-25 16:28:55,1,33.0
4115,2024-03-25 12:52:11,2024-03-25 12:52:11,1,69.94
4116,2023-11-11 08:41:54,2024-03-25 10:06:48,2,74.88
4117,2024-03-21 18:18:06,2024-03-24 16:37:59,2,49.5
4118,2024-03-24 12:06:01,2024-03-24 12:06:01,1,30.75
4119,2024-03-23 20:08:45,2024-03-23 20:15:58,2,126.49
4120,2024-03-23 18:03:13,2024-03-23 18:03:13,1,48.6
4121,2024-03-23 17:29:34,2024-03-23 17:29:34,1,54.0
4123,2024-03-23 00:24:33,2024-03-23 00:24:33,1,54.0
4124,2023-11-14 21:32:51,2024-03-22 18:38:20,2,131.24
4125,2024-03-22 14:40:32,2024-03-22 14:40:32,1,367.52
4126,2023-09-02 05:34:30,2024-03-21 19:09:46,4,258.48
4127,2023-11-18 07:06:29,2024-03-21 14:28:34,4,323.1
4128,2024-03-21 13:58:42,2024-03-21 13:58:42,1,52.99
4129,2024-03-20 21:45:10,2024-03-20 21:45:10,1,48.6
4130,2024-03-20 19:07:03,2024-03-20 19:07:03,1,54.6
4131,2023-02-12 16:21:11,2024-03-20 16:23:08,6,425.06
4132,2024-03-20 09:01:25,2024-03-20 09:01:25,1,63.88
4134,2023-08-03 15:07:55,2024-03-19 13:22:37,2,143.16
4135,2024-03-19 11:23:29,2024-03-19 11:23:29,1,49.98
4136,2024-03-18 21:19:44,2024-03-18 21:19:44,1,60.16
4137,2024-03-18 19:41:11,2024-03-18 19:41:11,1,54.0
4138,2024-03-18 18:20:14,2024-03-18 18:20:14,1,54.0
4139,2024-01-17 09:39:12,2024-03-18 17:22:43,4,257.13
4140,2024-03-18 14:16:59,2024-03-18 14:16:59,1,53.97
4141,2024-02-12 17:50:31,2024-03-18 14:10:18,2,128.64
4142,2024-03-18 09:10:21,2024-03-18 09:10:21,1,54.0
4143,2024-03-18 08:47:35,2024-03-18 08:47:35,1,66.84
4144,2024-03-16 23:09:05,2024-03-16 23:09:05,1,66.84
4145,2023-11-28 12:54:43,2024-03-16 13:55:59,4,220.23000000000002
4146,2023-11-14 15:28:10,2024-03-16 12:26:13,3,181.95999999999998
4147,2024-02-04 07:55:35,2024-03-16 11:58:15,2,156.26999999999998
4148,2024-03-16 08:05:38,2024-03-16 08:05:38,1,54.0
4149,2024-03-15 20:10:46,2024-03-15 20:10:46,1,28.44
4150,2023-11-16 17:50:13,2024-03-15 15:19:51,2,112.28999999999999
4151,2024-03-15 06:12:57,2024-03-15 06:12:57,1,54.65
4152,2024-02-16 12:35:10,2024-03-14 15:40:43,2,124.88
4153,2024-01-10 10:12:08,2024-03-13 21:41:09,2,122.61000000000001
4154,2024-03-13 20:11:20,2024-03-13 20:11:20,1,68.65
4155,2024-03-13 16:50:59,2024-03-13 16:50:59,1,36.52
4156,2024-03-13 15:41:53,2024-03-13 15:41:53,1,96.42
4157,2024-03-13 07:49:03,2024-03-13 07:49:03,1,54.0
4158,2024-02-04 09:39:04,2024-03-13 06:12:33,2,193.4
4159,2023-02-02 09:53:30,2024-03-12 14:04:02,2,184.74
4160,2024-03-12 13:05:00,2024-03-12 13:05:00,1,24.75
4161,2024-01-20 22:23:18,2024-03-11 22:47:17,2,82.28
4162,2024-03-11 13:06:21,2024-03-11 13:06:21,1,52.04
4163,2024-03-11 08:22:49,2024-03-11 08:22:49,1,54.75
4164,2024-03-11 07:20:02,2024-03-11 07:20:02,1,120.31
4165,2024-03-09 18:46:18,2024-03-09 18:46:18,1,67.0
4166,2024-01-16 07:03:48,2024-03-09 14:50:24,2,50.739999999999995
4167,2024-03-09 09:48:05,2024-03-09 09:48:05,1,54.0
4168,2024-03-08 19:57:33,2024-03-08 19:57:33,1,63.3
4169,2024-03-07 15:55:32,2024-03-07 15:55:32,1,51.15
4170,2024-03-07 15:45:00,2024-03-07 15:45:00,1,76.5
4171,2024-03-07 14:23:42,2024-03-07 14:23:42,1,42.25
4172,2024-03-07 14:21:56,2024-03-07 14:21:56,1,52.03
4173,2024-03-07 12:50:21,2024-03-07 12:50:21,1,54.6
4174,2024-03-07 05:27:10,2024-03-07 05:27:10,1,24.75
4175,2024-03-06 16:53:51,2024-03-06 16:53:51,1,59.97
4176,2024-03-05 18:27:00,2024-03-05 18:27:00,1,101.65
4177,2024-03-05 13:53:42,2024-03-05 13:53:42,1,43.5
4178,2024-03-05 06:34:18,2024-03-05 06:34:18,1,72.0
4179,2024-03-04 13:40:07,2024-03-04 21:26:43,2,128.36
4180,2024-03-04 20:30:48,2024-03-04 20:30:48,1,22.88
4181,2024-03-04 09:27:56,2024-03-04 09:27:56,1,54.0
4182,2024-03-04 09:18:05,2024-03-04 09:18:05,1,54.0
4183,2024-03-03 14:57:00,2024-03-03 14:57:00,1,64.8
4184,2024-03-03 10:21:15,2024-03-03 10:21:15,1,60.72
4185,2024-03-02 15:34:15,2024-03-02 15:34:15,1,22.88
4186,2024-03-02 13:30:48,2024-03-02 13:30:48,1,16.88
4187,2024-03-02 12:36:48,2024-03-02 12:36:48,1,65.25
4189,2024-03-01 14:15:40,2024-03-01 14:15:40,1,123.97
4190,2024-03-01 14:06:54,2024-03-01 14:06:54,1,54.0
4191,2024-03-01 09:22:53,2024-03-01 09:22:53,1,49.9
4192,2024-03-01 08:43:16,2024-03-01 08:43:16,1,54.0
4193,2024-02-29 19:44:44,2024-02-29 19:44:44,1,50.64
4194,2024-02-29 18:31:12,2024-02-29 18:31:12,1,19.88
4195,2024-02-29 13:23:19,2024-02-29 13:23:19,1,36.0
4196,2024-02-29 10:51:37,2024-02-29 10:51:37,1,52.03
4197,2024-02-29 09:33:25,2024-02-29 09:33:25,1,54.0
4198,2024-02-28 21:56:31,2024-02-28 21:56:31,1,54.0
4199,2024-02-28 21:09:16,2024-02-28 21:09:16,1,50.64
4200,2024-02-28 11:19:23,2024-02-28 11:19:23,1,54.0
4201,2024-02-27 18:02:34,2024-02-27 18:02:34,1,54.0
4202,2024-02-27 17:57:05,2024-02-27 17:57:05,1,54.0
4203,2024-02-27 14:58:56,2024-02-27 14:58:56,1,49.9
4204,2024-02-27 14:35:20,2024-02-27 14:35:20,1,54.0
4206,2024-02-27 09:07:21,2024-02-27 09:07:21,1,58.32
4207,2024-02-26 17:10:17,2024-02-26 17:10:17,1,55.08
4208,2023-04-19 18:03:24,2024-02-26 17:08:53,4,301.28
4209,2023-12-01 17:45:10,2024-02-26 13:31:45,3,202.9
4210,2024-02-26 09:56:07,2024-02-26 09:56:07,1,54.0
4211,2024-02-25 08:34:02,2024-02-25 08:34:02,1,54.0
4212,2024-02-24 18:15:50,2024-02-24 18:15:50,1,59.97
4213,2024-02-23 19:21:39,2024-02-23 19:21:39,1,63.21
4214,2024-02-23 19:10:38,2024-02-23 19:10:38,1,54.6
4215,2024-02-23 11:11:45,2024-02-23 11:11:45,1,63.3
4216,2024-02-23 10:28:22,2024-02-23 10:28:22,1,74.6
4217,2024-02-23 07:45:15,2024-02-23 07:45:15,1,24.75
4218,2024-02-22 21:17:53,2024-02-22 21:17:53,1,96.81
4219,2024-02-22 20:40:22,2024-02-22 20:40:22,1,77.76
4220,2024-02-22 16:58:51,2024-02-22 16:58:51,1,56.94
4221,2024-02-22 13:46:55,2024-02-22 13:46:55,1,38.4
4222,2023-01-11 16:04:49,2024-02-22 08:53:39,3,284.34000000000003
4223,2024-02-21 12:10:23,2024-02-21 12:10:23,1,60.0
4224,2024-02-20 18:36:20,2024-02-20 18:36:20,1,24.75
4225,2024-02-20 16:28:46,2024-02-20 16:28:46,1,49.9
4226,2024-02-19 11:15:51,2024-02-19 11:15:51,1,36.0
4227,2024-02-19 10:44:27,2024-02-19 10:44:27,1,54.0
4228,2023-11-02 17:31:15,2024-02-19 09:00:43,2,106.35
4229,2024-01-18 17:33:12,2024-02-18 18:38:56,2,104.5
4230,2024-02-18 12:22:02,2024-02-18 12:22:02,1,50.59
4231,2024-02-17 16:19:48,2024-02-17 16:19:48,1,60.0
4232,2024-02-17 06:42:36,2024-02-17 06:42:36,1,54.0
4233,2024-02-16 21:38:07,2024-02-16 21:38:07,1,59.97
4234,2024-02-15 17:50:59,2024-02-15 17:50:59,1,60.0
4235,2024-02-15 16:43:26,2024-02-15 16:43:26,1,97.4
4236,2024-02-15 15:16:48,2024-02-15 15:16:48,1,50.23
4237,2024-02-06 12:48:42,2024-02-15 13:59:08,2,95.97999999999999
4238,2023-10-25 13:04:29,2024-02-15 13:26:47,3,260.04
4239,2024-02-14 12:05:10,2024-02-14 12:05:10,1,77.76
4240,2023-08-04 10:25:12,2024-02-14 11:24:27,2,132.29
4241,2024-02-13 19:45:30,2024-02-13 19:45:30,1,54.0
4242,2024-02-13 17:43:37,2024-02-13 17:43:37,1,56.97
4243,2024-02-13 09:37:16,2024-02-13 09:37:16,1,57.75
4244,2024-02-13 07:14:19,2024-02-13 07:14:19,1,54.0
4245,2024-02-13 01:40:34,2024-02-13 01:40:34,1,64.8
4246,2024-02-12 09:21:12,2024-02-12 09:21:12,1,48.6
4247,2024-02-12 08:45:56,2024-02-12 08:45:56,1,131.95
4248,2024-02-11 15:47:17,2024-02-11 15:47:17,1,67.1
4249,2023-12-18 20:00:45,2024-02-11 10:38:47,2,175.41
4250,2024-02-10 19:12:17,2024-02-10 19:12:17,1,54.0
4251,2024-02-10 15:05:48,2024-02-10 15:05:48,1,22.88
4252,2024-02-09 15:03:32,2024-02-09 15:03:32,1,50.7
4253,2024-02-09 13:43:03,2024-02-09 13:43:03,1,54.0
4254,2024-02-09 07:12:04,2024-02-09 07:12:04,1,49.9
4255,2024-02-08 18:12:54,2024-02-08 18:12:54,1,49.9
4256,2024-02-08 15:16:30,2024-02-08 15:16:30,1,22.19
4258,2024-02-08 08:38:56,2024-02-08 08:38:56,1,69.48
4260,2024-02-07 17:16:07,2024-02-07 17:16:07,1,24.75
4261,2024-02-07 13:21:33,2024-02-07 13:21:33,1,24.75
4262,2024-02-06 16:51:42,2024-02-06 16:51:42,1,39.75
4263,2024-02-06 14:14:16,2024-02-06 14:14:16,1,24.75
4264,2024-02-06 11:43:55,2024-02-06 11:43:55,1,22.88
4271,2024-02-05 14:41:58,2024-02-05 14:41:58,1,0.0
4273,2024-02-05 12:14:29,2024-02-05 12:14:29,1,22.88
4276,2024-02-04 15:37:50,2024-02-04 15:37:50,1,0.0
4277,2024-02-04 07:30:03,2024-02-04 07:30:03,1,97.2
4278,2024-02-03 22:07:46,2024-02-03 22:07:46,1,59.6
4279,2024-02-03 22:03:06,2024-02-03 22:03:06,1,24.75
4280,2023-02-01 14:49:40,2024-02-03 21:35:15,2,50.3
4281,2024-02-03 17:40:13,2024-02-03 17:40:13,1,81.0
4282,2023-01-26 21:42:39,2023-01-26 21:42:39,1,24.75
4283,2024-02-03 16:36:40,2024-02-03 16:36:40,1,0.0
4284,2024-02-03 15:39:29,2024-02-03 15:39:29,1,53.97
4285,2024-02-03 07:08:02,2024-02-03 07:08:02,1,54.0
4286,2024-02-02 15:52:48,2024-02-02 15:52:48,1,0.0
4287,2024-02-02 14:11:32,2024-02-02 14:11:32,1,48.6
4288,2024-02-02 13:27:18,2024-02-02 13:27:18,1,49.9
4289,2024-02-02 13:11:51,2024-02-02 13:11:51,1,0.0
4290,2024-02-02 09:17:28,2024-02-02 09:17:28,1,24.75
4291,2024-02-02 08:40:09,2024-02-02 08:40:09,1,54.0
4292,2024-02-01 18:13:03,2024-02-01 18:13:03,1,54.89
4293,2024-02-01 13:26:58,2024-02-01 13:26:58,1,0.0
4294,2024-02-01 11:53:49,2024-02-01 11:53:49,1,0.0
4295,2024-01-31 17:46:07,2024-01-31 17:46:07,1,0.0
4296,2024-01-17 16:33:38,2024-01-31 16:57:58,2,121.95
4298,2024-01-31 08:15:26,2024-01-31 08:15:26,1,54.6
4299,2024-01-31 00:13:18,2024-01-31 00:13:18,1,54.6
4300,2024-01-30 21:43:39,2024-01-30 21:43:39,1,64.8
4301,2024-01-30 20:23:18,2024-01-30 20:23:18,1,54.0
4302,2024-01-30 14:00:47,2024-01-30 14:00:47,1,0.0
4303,2024-01-30 13:35:46,2024-01-30 13:35:46,1,53.97
4304,2024-01-30 10:45:32,2024-01-30 10:45:32,1,53.37
4305,2024-01-30 09:01:19,2024-01-30 09:01:19,1,0.0
4306,2024-01-29 20:35:18,2024-01-29 20:35:18,1,51.98
4307,2024-01-28 14:49:12,2024-01-28 14:49:12,1,24.75
4308,2023-11-20 17:59:36,2024-01-27 21:44:39,2,213.39
4309,2024-01-26 17:21:05,2024-01-26 17:21:05,1,90.0
4310,2024-01-26 15:01:50,2024-01-26 15:01:50,1,54.0
4311,2024-01-26 12:05:34,2024-01-26 12:05:34,1,0.0
4312,2024-01-26 10:28:22,2024-01-26 10:28:22,1,54.0
4313,2024-01-26 07:26:36,2024-01-26 07:26:36,1,54.0
4314,2024-01-25 19:32:06,2024-01-25 19:32:06,1,54.0
4315,2024-01-25 07:43:51,2024-01-25 07:43:51,1,54.0
4316,2024-01-24 17:02:38,2024-01-24 17:02:38,1,24.75
4317,2024-01-24 16:50:09,2024-01-24 16:50:09,1,54.0
4318,2024-01-24 16:42:18,2024-01-24 16:42:18,1,27.98
4319,2024-01-24 14:59:38,2024-01-24 14:59:38,1,12.27
4320,2024-01-24 04:53:36,2024-01-24 04:53:36,1,22.88
4322,2024-01-23 19:46:59,2024-01-23 19:46:59,1,75.64
4323,2023-12-04 12:05:37,2024-01-23 08:23:23,3,200.14
4324,2024-01-23 08:16:25,2024-01-23 08:16:25,1,64.8
4325,2024-01-22 21:35:32,2024-01-22 21:35:32,1,50.27
4326,2024-01-22 14:44:06,2024-01-22 14:44:06,1,57.75
4327,2024-01-22 10:12:21,2024-01-22 10:12:21,1,24.75
4328,2024-01-21 12:17:24,2024-01-21 12:17:24,1,54.0
4329,2024-01-21 08:42:50,2024-01-21 08:42:50,1,24.75
4330,2024-01-20 18:30:33,2024-01-20 18:30:33,1,54.6
4331,2024-01-20 18:21:50,2024-01-20 18:21:50,1,54.0
4332,2024-01-20 06:39:51,2024-01-20 06:39:51,1,64.8
4333,2024-01-19 23:50:40,2024-01-19 23:50:40,1,24.75
4334,2024-01-19 21:24:29,2024-01-19 21:24:29,1,64.8
4335,2024-01-19 17:34:39,2024-01-19 17:34:39,1,94.8
4336,2024-01-18 14:10:50,2024-01-18 14:10:50,1,59.97
4337,2024-01-18 14:10:38,2024-01-18 14:10:38,1,59.97
4338,2024-01-18 12:59:24,2024-01-18 12:59:24,1,64.12
4339,2024-01-17 20:07:03,2024-01-17 20:07:03,1,38.74
4340,2024-01-17 19:10:31,2024-01-17 19:10:31,1,55.08
4341,2024-01-17 16:11:21,2024-01-17 16:11:21,1,53.43
4342,2024-01-17 13:47:11,2024-01-17 13:47:11,1,53.43
4343,2024-01-17 12:35:31,2024-01-17 12:35:31,1,50.6
4344,2024-01-17 00:09:14,2024-01-17 00:09:14,1,64.12
4345,2023-02-02 17:28:39,2024-01-16 21:21:48,2,447.78
4346,2024-01-16 20:47:55,2024-01-16 20:47:55,1,59.97
4347,2024-01-16 14:18:04,2024-01-16 14:18:04,1,54.09
4349,2024-01-15 22:03:50,2024-01-15 22:03:50,1,126.48
4350,2024-01-15 17:05:24,2024-01-15 17:05:24,1,50.24
4351,2024-01-15 15:17:21,2024-01-15 15:17:21,1,121.52
4352,2024-01-15 14:11:13,2024-01-15 14:11:13,1,44.38
4353,2024-01-14 12:23:52,2024-01-14 12:23:52,1,86.95
4354,2024-01-14 10:41:08,2024-01-14 10:41:08,1,55.77
4355,2024-01-14 10:15:00,2024-01-14 10:15:00,1,50.27
4356,2024-01-13 17:36:12,2024-01-13 17:36:12,1,85.86
4357,2024-01-13 17:05:06,2024-01-13 17:05:06,1,114.68
4358,2024-01-12 21:03:43,2024-01-12 21:03:43,1,148.41
4359,2024-01-12 09:57:28,2024-01-12 09:57:28,1,44.38
4360,2024-01-12 09:01:31,2024-01-12 09:01:31,1,50.19
4361,2023-12-02 09:13:48,2024-01-12 07:29:01,2,124.57
4362,2024-01-11 20:59:21,2024-01-11 20:59:21,1,50.19
4363,2024-01-11 15:23:04,2024-01-11 15:23:04,1,66.35
4364,2023-11-08 21:01:10,2024-01-10 21:29:25,2,140.69
4365,2024-01-09 08:52:19,2024-01-09 08:52:19,1,50.19
4366,2024-01-09 00:02:13,2024-01-09 00:02:13,1,23.99
4367,2024-01-08 15:45:14,2024-01-08 15:45:14,1,25.99
4368,2024-01-06 18:33:38,2024-01-06 18:33:38,1,53.68
4369,2024-01-06 15:51:31,2024-01-06 15:51:31,1,55.77
4370,2024-01-06 15:26:18,2024-01-06 15:26:18,1,55.77
4371,2024-01-06 14:37:00,2024-01-06 14:37:00,1,27.56
4372,2024-01-06 06:48:39,2024-01-06 06:48:39,1,105.27
4373,2024-01-05 18:31:17,2024-01-05 18:31:17,1,57.38
4374,2024-01-05 17:32:47,2024-01-05 17:32:47,1,50.73
4375,2024-01-05 13:02:11,2024-01-05 13:02:11,1,56.37
4376,2024-01-04 22:33:29,2024-01-04 22:33:29,1,49.9
4377,2024-01-04 12:59:51,2024-01-04 12:59:51,1,56.37
4378,2024-01-04 09:29:48,2024-01-04 09:29:48,1,61.67
4379,2023-12-06 08:29:42,2024-01-04 08:33:12,2,77.15
4380,2024-01-03 17:30:52,2024-01-03 17:30:52,1,50.27
4381,2024-01-03 17:05:48,2024-01-03 17:05:48,1,59.64
4382,2024-01-03 16:56:23,2024-01-03 16:56:23,1,27.25
4383,2023-11-07 17:29:30,2024-01-02 21:54:11,3,266.07
4384,2024-01-02 20:04:27,2024-01-02 20:04:27,1,60.75
4385,2024-01-02 19:53:19,2024-01-02 19:53:19,1,94.55
4386,2024-01-02 14:34:52,2024-01-02 14:34:52,1,49.9
4387,2024-01-02 09:07:57,2024-01-02 09:07:57,1,64.69
4388,2023-12-31 11:05:23,2023-12-31 11:05:23,1,71.15
4389,2023-08-31 09:12:21,2023-12-30 17:25:33,2,118.31
4390,2023-12-30 14:26:48,2023-12-30 14:26:48,1,67.07
4391,2023-12-30 09:31:18,2023-12-30 09:31:18,1,52.31
4392,2023-08-25 21:53:32,2023-12-27 14:38:10,3,189.95000000000002
4393,2023-12-25 08:21:33,2023-12-25 08:21:33,1,94.55
4394,2023-12-23 20:22:31,2023-12-23 20:22:31,1,49.9
4395,2023-12-23 09:34:23,2023-12-23 09:34:23,1,118.2
4396,2023-12-23 08:32:09,2023-12-23 08:32:09,1,105.27
4397,2023-12-21 18:23:37,2023-12-21 18:23:37,1,239.8
4398,2023-12-20 16:24:33,2023-12-20 16:24:33,1,68.67
4399,2023-12-19 11:27:37,2023-12-19 11:27:37,1,50.49
4400,2023-12-19 11:02:28,2023-12-19 11:02:28,1,86.26
4401,2023-12-18 15:11:06,2023-12-18 15:11:06,1,49.9
4402,2023-03-15 15:09:43,2023-12-18 14:18:43,2,376.0
4403,2023-12-18 11:10:37,2023-12-18 11:10:37,1,78.16
4404,2023-01-03 10:07:31,2023-12-18 10:07:37,2,326.54
4405,2023-12-17 17:51:34,2023-12-17 17:51:34,1,70.44
4406,2023-12-16 09:54:13,2023-12-16 09:54:13,1,55.69
4407,2023-12-15 09:47:36,2023-12-15 09:47:36,1,57.09
4408,2023-12-14 20:57:41,2023-12-14 20:57:41,1,79.04
4409,2023-12-14 16:53:27,2023-12-14 16:53:27,1,89.82
4410,2023-12-13 18:32:27,2023-12-13 18:32:27,1,79.04
4411,2023-12-13 16:58:38,2023-12-13 16:58:38,1,95.2
4412,2023-12-13 14:05:14,2023-12-13 14:05:14,1,29.55
4413,2023-12-13 13:44:47,2023-12-13 13:44:47,1,41.22
4414,2023-12-13 08:30:00,2023-12-13 08:30:00,1,57.74
4415,2023-10-20 12:58:55,2023-12-12 19:10:54,2,147.2
4416,2023-12-12 12:45:58,2023-12-12 12:45:58,1,70.44
4417,2023-12-12 12:27:03,2023-12-12 12:27:03,1,106.49
4418,2023-12-12 10:32:48,2023-12-12 10:32:48,1,27.56
4419,2023-11-12 12:36:00,2023-12-11 19:11:44,2,160.77
4420,2023-12-11 16:51:04,2023-12-11 16:51:04,1,54.51
4421,2023-12-11 14:55:18,2023-12-11 14:55:18,1,60.57
4422,2023-12-11 14:47:12,2023-12-11 14:47:12,1,129.4
4423,2023-12-10 17:45:14,2023-12-10 17:45:14,1,67.07
4424,2023-12-10 16:31:08,2023-12-10 16:31:08,1,49.9
4425,2023-12-10 07:29:30,2023-12-10 07:29:30,1,53.57
4426,2023-12-10 04:35:55,2023-12-10 04:35:55,1,53.1
4427,2023-11-16 18:06:31,2023-12-09 17:57:44,2,82.87
4428,2023-09-16 21:32:56,2023-12-09 17:20:55,2,182.45999999999998
4429,2023-12-09 16:08:38,2023-12-09 16:08:38,1,53.88
4430,2023-04-17 12:31:27,2023-12-08 15:44:24,5,517.54
4431,2023-12-08 14:54:49,2023-12-08 14:54:49,1,66.52
4433,2023-12-08 10:42:28,2023-12-08 10:42:28,1,49.9
4434,2023-12-07 20:26:33,2023-12-07 20:26:33,1,109.94
4435,2023-12-07 16:08:42,2023-12-07 16:08:42,1,153.09
4436,2023-12-07 09:33:59,2023-12-07 09:33:59,1,64.69
4437,2023-02-17 08:35:24,2023-12-06 15:07:53,2,221.4
4438,2023-12-06 14:41:20,2023-12-06 14:41:20,1,60.36
4439,2023-12-06 10:05:42,2023-12-06 10:05:42,1,99.25
4440,2023-12-06 09:23:20,2023-12-06 09:23:20,1,43.04
4441,2023-12-05 10:30:12,2023-12-05 10:30:12,1,50.78
4442,2023-12-04 22:43:26,2023-12-04 22:43:26,1,94.37
4443,2023-12-04 17:04:15,2023-12-04 17:04:15,1,50.27
4444,2023-12-03 17:48:28,2023-12-03 17:48:28,1,16.78
4445,2023-12-03 13:13:43,2023-12-03 13:13:43,1,24.9
4446,2023-12-03 11:09:07,2023-12-03 11:09:07,1,101.28
4447,2023-12-02 17:23:11,2023-12-02 17:23:11,1,99.8
4448,2023-11-11 09:17:10,2023-12-02 13:42:52,2,103.67
4449,2023-12-02 12:14:28,2023-12-02 12:14:28,1,100.38
4450,2023-12-02 08:34:12,2023-12-02 08:34:12,1,65.1
4451,2023-12-01 20:20:33,2023-12-01 20:20:33,1,50.91
4452,2023-12-01 17:48:33,2023-12-01 17:48:33,1,23.96
4453,2023-11-30 20:41:07,2023-11-30 20:41:07,1,53.18
4454,2023-11-29 19:19:24,2023-11-29 19:19:24,1,49.9
4455,2023-11-29 15:11:36,2023-11-29 15:11:36,1,62.51
4456,2023-11-29 13:35:14,2023-11-29 13:35:14,1,68.8
4457,2023-11-20 08:12:12,2023-11-29 12:28:36,2,86.64
4458,2023-11-28 21:06:34,2023-11-28 21:06:34,1,49.9
4459,2023-11-28 17:12:22,2023-11-28 17:12:22,1,62.1
4460,2023-11-28 14:17:41,2023-11-28 14:17:41,1,50.96
4461,2023-11-28 13:43:03,2023-11-28 13:43:03,1,49.9
4462,2023-11-28 10:49:07,2023-11-28 10:49:07,1,53.88
4463,2023-11-27 20:22:01,2023-11-27 20:22:01,1,49.9
4464,2023-11-27 17:51:01,2023-11-27 17:51:01,1,51.72
4465,2023-11-27 16:43:02,2023-11-27 16:43:02,1,57.08
4466,2023-11-27 16:36:34,2023-11-27 16:36:34,1,53.88
4467,2023-05-18 09:06:26,2023-11-27 16:27:14,2,458.7
4468,2023-11-27 15:37:01,2023-11-27 16:16:09,2,99.8
4469,2023-11-27 14:48:20,2023-11-27 14:57:54,2,100.0
4470,2023-11-18 11:44:26,2023-11-26 11:21:53,2,120.72
4471,2023-09-20 18:24:42,2023-11-25 09:10:56,4,215.3
4472,2023-04-23 09:56:16,2023-11-24 22:37:27,2,118.03
4473,2023-11-23 16:39:38,2023-11-23 16:39:38,1,127.67
4474,2023-11-23 09:23:57,2023-11-23 09:23:57,1,67.07
4475,2023-11-22 17:20:51,2023-11-22 17:20:51,1,49.9
4476,2023-11-21 15:50:31,2023-11-21 15:50:31,1,68.6
4477,2023-11-21 13:03:35,2023-11-21 13:03:35,1,49.9
4478,2023-11-21 12:54:37,2023-11-21 12:54:37,1,158.4
4479,2023-11-19 15:00:16,2023-11-19 15:00:16,1,86.24
4480,2023-11-19 07:15:00,2023-11-19 07:15:00,1,276.01
4481,2023-11-18 15:14:54,2023-11-18 15:14:54,1,101.28
4482,2023-11-18 15:08:34,2023-11-18 15:08:34,1,53.88
4483,2023-11-17 22:09:22,2023-11-17 22:09:22,1,64.38
4484,2023-11-17 20:56:18,2023-11-17 20:56:18,1,154.12
4485,2023-11-16 06:29:41,2023-11-17 20:20:34,2,120.96
4486,2023-11-17 19:18:27,2023-11-17 19:18:27,1,52.74
4487,2023-11-17 18:48:01,2023-11-17 18:48:01,1,161.6
4488,2023-11-17 18:36:06,2023-11-17 18:36:06,1,0.0
4489,2023-11-17 16:39:44,2023-11-17 16:39:44,1,49.9
4490,2023-11-17 15:29:01,2023-11-17 15:29:01,1,74.36
4491,2023-11-17 14:14:44,2023-11-17 14:14:44,1,51.7
4492,2023-11-17 12:49:05,2023-11-17 12:49:05,1,52.74
4493,2023-11-17 11:05:36,2023-11-17 11:12:52,2,211.04999999999998
4494,2023-11-17 10:47:37,2023-11-17 10:47:37,1,24.9
4495,2023-11-17 10:26:18,2023-11-17 10:26:18,1,51.56
4496,2023-11-17 10:07:28,2023-11-17 10:07:28,1,49.9
4497,2023-11-17 09:10:36,2023-11-17 09:10:36,1,61.02
4498,2023-11-17 07:06:03,2023-11-17 07:06:03,1,24.9
4499,2023-08-24 10:31:00,2023-11-16 20:31:35,2,190.94
4500,2023-11-16 19:54:39,2023-11-16 19:54:39,1,80.35
4501,2023-11-16 18:55:28,2023-11-16 18:55:28,1,57.46
4502,2023-11-16 16:03:55,2023-11-16 16:03:55,1,46.87
4503,2023-11-16 14:04:25,2023-11-16 14:04:25,1,57.94
4504,2023-11-16 13:56:06,2023-11-16 13:56:06,1,49.9
4505,2023-01-15 11:22:48,2023-11-16 12:07:30,3,111.4
4506,2023-11-16 11:53:35,2023-11-16 11:53:35,1,154.12
4507,2023-11-16 11:50:40,2023-11-16 11:50:40,1,0.0
4508,2023-11-16 08:56:43,2023-11-16 08:56:43,1,49.9
4509,2023-11-15 12:09:46,2023-11-16 08:31:15,2,89.34
4510,2023-11-04 08:54:11,2023-11-16 05:45:34,3,157.91
4511,2023-11-15 20:45:52,2023-11-15 20:45:52,1,59.38
4512,2023-11-15 19:42:27,2023-11-15 19:42:27,1,118.39
4513,2023-03-24 09:22:01,2023-11-15 16:56:53,3,296.79
4514,2023-11-15 15:55:58,2023-11-15 15:55:58,1,56.66
4515,2023-11-15 15:31:53,2023-11-15 15:31:53,1,107.42
4516,2023-11-15 15:29:00,2023-11-15 15:29:00,1,95.96
4517,2023-03-17 10:40:40,2023-11-15 14:00:30,2,376.97
4518,2023-11-15 12:26:19,2023-11-15 12:26:19,1,94.07
4519,2023-11-15 10:08:04,2023-11-15 10:08:04,1,73.84
4520,2023-11-15 09:41:08,2023-11-15 09:41:08,1,58.3
4521,2023-11-14 21:32:09,2023-11-14 21:32:09,1,52.74
4522,2023-11-14 20:17:49,2023-11-14 20:17:49,1,124.9
4523,2023-11-14 19:43:37,2023-11-14 19:43:37,1,52.74
4524,2023-11-14 18:37:17,2023-11-14 18:37:17,1,42.5
4525,2023-11-14 13:53:30,2023-11-14 13:53:30,1,56.05
4526,2023-11-14 13:05:48,2023-11-14 13:05:48,1,176.88
4527,2023-11-14 10:39:04,2023-11-14 10:39:04,1,49.9
4528,2023-08-25 07:05:35,2023-11-14 10:38:08,2,142.77
4529,2023-11-14 09:22:04,2023-11-14 09:22:04,1,68.04
4530,2023-11-14 09:21:27,2023-11-14 09:21:27,1,23.01
4531,2023-02-14 09:35:41,2023-11-14 07:14:12,3,573.86
4532,2023-11-14 05:24:58,2023-11-14 05:24:58,1,53.71
4533,2023-11-14 00:04:58,2023-11-14 00:04:58,1,60.48
4534,2023-11-13 23:55:36,2023-11-13 23:55:36,1,50.92
4535,2023-11-13 20:52:03,2023-11-13 20:52:03,1,70.9
4536,2023-11-13 19:12:01,2023-11-13 19:12:01,1,65.78
4537,2023-11-13 17:50:35,2023-11-13 17:50:35,1,61.62
4538,2023-11-13 17:33:02,2023-11-13 17:33:02,1,79.6
4539,2023-11-13 17:18:06,2023-11-13 17:18:06,1,0.0
4540,2023-11-13 16:26:49,2023-11-13 16:26:49,1,60.48
4541,2023-11-13 16:07:23,2023-11-13 16:07:23,1,124.8
4542,2023-11-13 15:57:11,2023-11-13 15:57:11,1,40.02
4543,2023-11-13 14:49:10,2023-11-13 15:01:01,2,124.19999999999999
4544,2023-11-13 14:39:34,2023-11-13 14:39:34,1,24.9
4545,2023-11-13 14:23:35,2023-11-13 14:23:35,1,119.76
4546,2023-11-13 14:13:41,2023-11-13 14:13:41,1,50.91
4547,2023-11-13 14:04:27,2023-11-13 14:04:27,1,68.44
4548,2023-09-26 09:43:58,2023-11-13 13:46:47,2,123.22
4549,2023-11-13 13:46:15,2023-11-13 13:46:15,1,24.9
4550,2023-11-13 13:43:46,2023-11-13 13:43:46,1,49.9
4551,2023-11-13 13:12:28,2023-11-13 13:12:28,1,199.6
4552,2023-11-13 12:54:11,2023-11-13 12:54:11,1,103.78
4553,2023-11-12 21:29:55,2023-11-12 21:29:55,1,218.38
4554,2023-11-12 16:32:12,2023-11-12 16:32:12,1,65.0
4555,2023-11-12 14:22:16,2023-11-12 14:22:16,1,53.74
4556,2023-11-11 19:18:28,2023-11-11 19:18:28,1,82.52
4557,2023-11-11 18:38:51,2023-11-11 18:38:51,1,53.77
4558,2023-11-11 10:55:14,2023-11-11 10:55:14,1,51.18
4559,2023-11-11 08:05:07,2023-11-11 08:05:07,1,81.65
4560,2023-11-10 20:26:48,2023-11-10 20:26:48,1,107.54
4561,2023-11-10 17:11:53,2023-11-10 17:11:53,1,123.85
4562,2023-11-10 02:34:37,2023-11-10 02:34:37,1,96.9
4563,2023-11-09 18:29:27,2023-11-09 18:29:27,1,377.28
4564,2023-11-09 10:24:15,2023-11-09 10:24:15,1,59.76
4565,2023-11-09 06:47:14,2023-11-09 06:47:14,1,53.77
4566,2023-11-08 16:37:02,2023-11-08 16:37:02,1,87.1
4567,2023-11-08 16:02:31,2023-11-08 16:02:31,1,59.18
4568,2023-11-07 18:36:12,2023-11-07 18:36:12,1,53.77
4569,2023-11-07 09:43:57,2023-11-07 09:43:57,1,53.77
4570,2023-11-07 06:23:52,2023-11-07 06:23:52,1,64.25
4571,2023-11-05 08:34:29,2023-11-05 08:34:29,1,86.62
4572,2023-11-04 16:21:14,2023-11-04 16:21:14,1,53.88
4573,2023-05-07 17:05:39,2023-11-04 07:45:45,2,286.56
4574,2023-11-03 19:28:33,2023-11-03 19:28:33,1,59.76
4575,2023-11-02 19:43:54,2023-11-02 19:43:54,1,68.28
4576,2023-11-02 19:38:28,2023-11-02 19:38:28,1,59.12
4577,2023-11-02 17:44:45,2023-11-02 17:44:45,1,53.77
4578,2023-11-02 07:05:40,2023-11-02 07:05:40,1,53.77
4579,2023-11-02 06:46:26,2023-11-02 06:46:26,1,53.77
4580,2023-11-01 20:24:36,2023-11-01 20:24:36,1,53.24
4581,2023-11-01 20:00:21,2023-11-01 20:00:21,1,41.22
4582,2023-11-01 12:21:08,2023-11-01 12:21:08,1,51.18
4583,2023-11-01 11:09:09,2023-11-01 11:09:09,1,54.39
4584,2023-11-01 09:09:15,2023-11-01 09:09:15,1,123.87
4585,2023-11-01 08:49:15,2023-11-01 08:49:15,1,96.79
4586,2023-11-01 08:28:46,2023-11-01 08:28:46,1,59.62
4587,2023-11-01 06:34:17,2023-11-01 06:34:17,1,78.45
4588,2023-11-01 05:11:51,2023-11-01 05:11:51,1,53.77
4589,2023-10-31 20:48:41,2023-10-31 20:48:41,1,68.28
4590,2023-10-31 14:44:08,2023-10-31 14:44:08,1,59.76
4591,2023-10-31 10:25:12,2023-10-31 10:25:12,1,86.35
4592,2023-10-30 20:08:32,2023-10-30 20:08:32,1,117.34
4593,2023-10-30 20:07:01,2023-10-30 20:07:01,1,57.83
4594,2023-10-30 19:32:07,2023-10-30 19:32:07,1,55.24
4595,2023-10-30 17:00:15,2023-10-30 17:00:15,1,117.34
4596,2023-10-30 15:48:41,2023-10-30 15:48:41,1,57.62
4597,2023-08-21 16:50:10,2023-10-30 14:36:58,2,114.22999999999999
4598,2023-10-30 13:46:50,2023-10-30 13:46:50,1,105.95
4599,2023-07-03 14:24:12,2023-10-30 12:38:21,2,192.23000000000002
4600,2023-10-30 12:13:37,2023-10-30 12:13:37,1,51.18
4601,2023-10-30 08:52:03,2023-10-30 08:52:03,1,61.62
4602,2023-10-29 22:39:26,2023-10-29 22:39:26,1,332.63
4603,2023-10-28 15:02:59,2023-10-28 15:02:59,1,67.07
4604,2023-10-28 12:42:54,2023-10-28 12:42:54,1,32.4
4605,2023-10-28 10:55:43,2023-10-28 10:55:43,1,110.94
4606,2023-10-28 09:03:42,2023-10-28 09:03:42,1,80.52
4607,2023-10-28 08:01:26,2023-10-28 08:01:26,1,53.21
4608,2023-10-27 09:59:06,2023-10-27 09:59:06,1,110.94
4609,2023-05-10 17:30:16,2023-10-27 06:29:05,2,136.2
4610,2023-10-26 15:29:07,2023-10-26 15:29:07,1,105.61
4611,2023-10-23 15:51:48,2023-10-23 15:51:48,1,68.28
4612,2023-10-22 11:42:54,2023-10-22 11:42:54,1,70.56
4613,2023-10-22 10:21:33,2023-10-22 10:21:33,1,61.45
4614,2023-10-21 11:54:58,2023-10-21 11:54:58,1,53.77
4615,2023-10-18 15:27:53,2023-10-18 15:27:53,1,53.77
4616,2023-10-18 13:50:37,2023-10-18 13:50:37,1,68.28
4617,2023-10-18 08:27:53,2023-10-18 08:27:53,1,74.28
4618,2023-10-17 15:34:38,2023-10-17 15:34:38,1,66.73
4619,2023-10-16 11:43:43,2023-10-16 11:43:43,1,108.04
4620,2023-10-15 19:10:53,2023-10-15 19:10:53,1,67.07
4621,2023-10-12 16:43:40,2023-10-12 16:43:40,1,152.6
4622,2023-10-09 12:30:52,2023-10-09 12:30:52,1,67.07
4623,2023-10-05 15:19:42,2023-10-05 15:19:42,1,59.76
4624,2023-10-05 08:07:41,2023-10-05 08:07:41,1,121.32
4625,2023-07-12 08:47:24,2023-10-03 13:54:47,3,517.2
4626,2023-10-01 12:08:19,2023-10-01 12:08:19,1,112.44
4627,2023-09-30 09:30:27,2023-09-30 09:30:27,1,76.28
4628,2023-09-30 07:21:28,2023-09-30 07:21:28,1,53.37
4629,2023-09-30 06:41:59,2023-09-30 06:41:59,1,57.19
4630,2023-02-06 11:29:38,2023-09-27 20:11:25,2,132.06
4631,2023-09-27 09:00:42,2023-09-27 09:00:42,1,55.74
4632,2023-08-21 12:28:13,2023-09-26 18:20:22,2,258.43
4633,2023-09-26 17:04:26,2023-09-26 17:04:26,1,14.6
4634,2023-09-26 12:41:13,2023-09-26 12:41:13,1,108.18
4635,2023-01-11 14:16:12,2023-09-26 11:53:40,2,120.9
4636,2023-09-25 11:01:32,2023-09-25 11:01:32,1,55.74
4637,2023-09-23 07:24:06,2023-09-23 07:24:06,1,178.3
4638,2023-09-21 08:35:25,2023-09-21 08:35:25,1,61.02
4639,2023-09-20 08:52:56,2023-09-20 08:52:56,1,81.7
4640,2023-08-25 11:46:58,2023-09-19 18:30:24,2,165.47
4641,2023-03-17 15:49:13,2023-09-19 16:32:57,2,150.64999999999998
4642,2023-09-19 14:40:47,2023-09-19 14:40:47,1,55.07
4643,2023-09-19 13:02:52,2023-09-19 13:02:52,1,280.44
4644,2023-09-19 12:56:57,2023-09-19 12:56:57,1,55.74
4645,2023-09-19 12:39:15,2023-09-19 12:39:15,1,264.24
4646,2023-09-17 11:57:26,2023-09-17 11:57:26,1,72.48
4647,2023-09-16 15:57:39,2023-09-16 15:57:39,1,56.2
4648,2023-03-14 21:16:33,2023-09-16 13:44:02,2,276.54
4649,2023-02-10 21:14:11,2023-09-15 13:45:19,2,404.26
4650,2023-07-07 10:39:55,2023-09-15 06:53:12,2,222.64
4651,2023-09-14 12:32:15,2023-09-14 12:32:15,1,104.76
4652,2023-02-19 09:38:50,2023-09-14 09:19:57,2,235.68
4653,2023-07-09 01:53:42,2023-09-14 09:17:15,2,149.72
4654,2023-05-01 15:36:39,2023-09-13 20:19:15,2,335.8
4655,2023-06-12 22:15:09,2023-09-13 17:58:07,2,140.05
4656,2023-09-13 17:08:48,2023-09-13 17:08:48,1,53.78
4657,2023-02-06 13:20:14,2023-09-13 12:50:11,2,86.53999999999999
4658,2023-05-12 21:19:28,2023-09-10 12:00:55,2,133.93
4659,2023-02-17 13:57:13,2023-09-10 09:42:41,2,167.02
4660,2023-09-08 15:02:55,2023-09-08 15:02:55,1,121.5
4661,2023-09-07 20:24:34,2023-09-07 20:24:34,1,114.98
4662,2023-09-07 18:57:11,2023-09-07 18:57:11,1,69.08
4663,2023-08-09 15:39:31,2023-09-06 17:22:01,2,374.58000000000004
4664,2023-09-06 13:53:04,2023-09-06 13:53:04,1,65.57
4665,2023-09-06 13:50:13,2023-09-06 13:50:13,1,99.26
4666,2023-09-05 17:41:56,2023-09-05 17:41:56,1,165.12
4667,2023-09-05 08:17:07,2023-09-05 08:17:07,1,103.48
4668,2023-09-04 19:12:00,2023-09-04 19:12:00,1,56.32
4669,2023-09-04 16:34:32,2023-09-04 16:34:32,1,54.47
4670,2023-09-04 07:17:06,2023-09-04 07:17:06,1,52.44
4671,2023-09-03 10:41:06,2023-09-03 10:41:06,1,57.49
4672,2023-09-03 08:31:04,2023-09-03 08:31:04,1,50.44
4673,2023-09-02 23:07:39,2023-09-02 23:07:39,1,88.03
4674,2023-09-02 20:39:44,2023-09-02 20:39:44,1,96.08
4675,2023-09-02 14:55:29,2023-09-02 14:55:29,1,52.8
4676,2023-09-02 13:14:51,2023-09-02 13:14:51,1,67.71
4677,2023-01-03 22:04:26,2023-09-01 20:54:00,3,232.72
4678,2023-02-06 11:51:14,2023-08-30 20:48:44,2,109.25999999999999
4679,2023-08-30 16:30:30,2023-08-30 16:30:30,1,199.2
4680,2023-01-20 12:01:39,2023-08-30 13:59:48,2,193.49
4681,2023-08-30 13:46:57,2023-08-30 13:46:57,1,60.2
4682,2023-08-30 12:56:19,2023-08-30 12:56:19,1,54.47
4683,2023-08-28 18:13:04,2023-08-28 18:13:04,1,56.04
4684,2023-08-28 13:19:28,2023-08-28 13:19:28,1,55.02
4685,2023-08-25 21:35:27,2023-08-25 21:35:27,1,52.8
4686,2023-08-25 11:31:35,2023-08-25 11:31:35,1,92.38
4687,2023-03-15 19:54:49,2023-08-24 23:26:55,2,106.32
4688,2023-08-23 17:04:07,2023-08-23 17:04:07,1,59.16
4689,2023-08-23 16:51:14,2023-08-23 16:51:14,1,56.04
4690,2023-08-23 13:27:07,2023-08-23 13:27:07,1,61.59
4691,2023-08-23 06:47:26,2023-08-23 06:47:26,1,95.26
4692,2023-08-22 11:49:47,2023-08-22 11:49:47,1,93.45
4693,2023-08-21 16:41:37,2023-08-21 16:41:37,1,59.16
4694,2023-08-21 15:41:26,2023-08-21 15:41:26,1,54.47
4695,2023-08-21 12:46:40,2023-08-21 12:46:40,1,53.24
4696,2023-08-20 17:34:45,2023-08-20 17:34:45,1,206.96
4697,2023-08-17 19:30:08,2023-08-17 19:30:08,1,50.44
4698,2023-08-17 11:58:50,2023-08-17 11:58:50,1,53.3
4699,2023-08-10 19:30:42,2023-08-10 19:30:42,1,88.49
4701,2023-08-10 18:16:09,2023-08-10 18:16:09,1,61.29
4702,2023-02-14 19:06:49,2023-08-10 16:24:15,2,162.0
4703,2023-08-10 06:48:01,2023-08-10 06:48:01,1,122.16
4704,2023-08-10 05:05:14,2023-08-10 05:05:14,1,54.47
4705,2023-02-01 18:44:29,2023-08-09 21:17:55,2,121.11
4706,2023-03-18 13:20:04,2023-08-08 19:01:09,2,101.53999999999999
4707,2023-08-08 16:02:22,2023-08-08 16:02:22,1,129.36
4708,2023-02-14 10:34:52,2023-08-08 09:49:21,2,89.46000000000001
4709,2023-08-08 06:50:10,2023-08-08 06:50:10,1,36.11
4710,2023-08-07 19:49:09,2023-08-07 19:49:09,1,121.54
4711,2023-03-16 17:49:46,2023-08-07 18:39:52,2,91.69999999999999
4712,2023-08-07 07:20:08,2023-08-07 07:20:08,1,51.99
4713,2023-08-06 16:20:12,2023-08-06 16:20:12,1,180.0
4714,2023-08-05 19:32:36,2023-08-05 19:32:36,1,58.21
4715,2023-08-05 19:19:54,2023-08-05 19:19:54,1,54.62
4716,2023-08-05 18:35:53,2023-08-05 18:35:53,1,67.07
4717,2023-08-05 18:35:03,2023-08-05 18:35:03,1,75.01
4718,2023-08-05 17:59:38,2023-08-05 17:59:38,1,104.84
4719,2023-08-05 13:05:28,2023-08-05 13:05:28,1,64.68
4720,2023-08-05 10:09:22,2023-08-05 10:09:22,1,53.77
4721,2023-08-04 19:47:11,2023-08-04 19:47:11,1,38.34
4722,2023-08-04 14:29:49,2023-08-04 14:29:49,1,52.07
4723,2023-08-04 11:21:56,2023-08-04 11:21:56,1,53.77
4724,2023-08-04 10:11:56,2023-08-04 10:11:56,1,59.58
4725,2023-08-04 07:23:49,2023-08-04 07:23:49,1,60.0
4726,2023-08-03 20:30:17,2023-08-03 20:30:17,1,157.92
4727,2023-08-03 20:17:44,2023-08-03 20:17:44,1,52.48
4728,2023-08-03 15:36:20,2023-08-03 15:36:20,1,43.46
4729,2023-08-03 14:05:57,2023-08-03 14:05:57,1,109.7
4730,2023-07-18 04:51:10,2023-08-03 13:17:59,2,134.47
4731,2023-08-01 07:10:01,2023-08-01 07:10:01,1,101.88
4732,2023-07-31 20:03:40,2023-07-31 20:03:40,1,0.0
4733,2023-07-30 17:42:31,2023-07-30 17:42:31,1,0.0
4734,2023-07-30 00:11:32,2023-07-30 00:11:32,1,0.0
4735,2023-07-29 12:25:37,2023-07-29 12:25:37,1,80.76
4736,2023-07-28 08:31:00,2023-07-28 08:31:00,1,0.0
4737,2023-07-28 04:54:54,2023-07-28 04:54:54,1,0.0
4738,2023-07-27 16:56:27,2023-07-27 16:56:27,1,0.0
4739,2023-07-25 11:00:20,2023-07-25 11:00:20,1,0.0
4740,2023-07-23 23:00:19,2023-07-23 23:00:19,1,0.0
4741,2023-07-23 10:00:46,2023-07-23 10:00:46,1,68.7
4742,2023-07-22 17:57:33,2023-07-22 17:57:33,1,0.0
4743,2023-07-22 10:56:51,2023-07-22 10:56:51,1,0.0
4744,2023-07-22 08:19:33,2023-07-22 08:19:33,1,0.0
4745,2023-07-21 18:59:00,2023-07-21 18:59:00,1,89.88
4746,2023-07-21 09:01:23,2023-07-21 09:01:23,1,0.0
4747,2023-07-21 08:57:12,2023-07-21 08:57:12,1,0.0
4748,2023-07-16 06:32:32,2023-07-16 06:32:32,1,60.0
4749,2023-07-12 13:08:57,2023-07-12 13:08:57,1,68.7
4750,2023-07-08 10:42:08,2023-07-08 10:42:08,1,50.94
4751,2023-07-07 06:56:03,2023-07-07 06:56:03,1,50.94
4752,2023-07-03 13:42:11,2023-07-03 13:42:11,1,148.38
4753,2023-06-20 16:23:13,2023-06-20 16:23:13,1,80.89
4754,2023-02-04 17:10:39,2023-06-20 14:41:05,2,321.37
4755,2023-04-17 15:54:30,2023-06-18 20:03:34,2,133.4
4756,2023-06-14 16:56:03,2023-06-14 16:56:03,1,68.7
4757,2023-06-14 11:03:15,2023-06-14 11:03:15,1,55.74
4758,2023-06-08 10:02:26,2023-06-08 10:02:26,1,51.74
4759,2023-06-06 16:01:17,2023-06-06 16:01:17,1,89.88
4760,2023-06-03 16:26:34,2023-06-03 16:26:34,1,54.99
4761,2023-06-02 07:55:05,2023-06-02 07:55:05,1,114.44
4762,2023-05-30 19:19:27,2023-05-30 19:19:27,1,76.44
4763,2023-05-29 10:39:27,2023-05-29 10:39:27,1,68.7
4764,2023-05-25 18:57:25,2023-05-25 18:57:25,1,68.7
4765,2023-05-24 18:56:31,2023-05-24 18:56:31,1,68.7
4766,2023-05-24 09:47:59,2023-05-24 09:47:59,1,80.94
4767,2023-05-20 19:56:45,2023-05-20 19:56:45,1,68.7
4768,2023-05-20 08:36:40,2023-05-20 08:36:40,1,68.7
4769,2023-03-21 11:50:56,2023-05-17 15:29:56,2,169.44
4770,2023-05-13 11:43:16,2023-05-13 11:43:16,1,78.7
4771,2023-05-12 16:42:55,2023-05-12 16:42:55,1,76.44
4772,2023-05-09 12:12:56,2023-05-09 12:12:56,1,50.94
4773,2023-05-08 21:34:53,2023-05-08 21:34:53,1,51.72
4774,2023-05-06 07:38:56,2023-05-06 07:38:56,1,99.38
4775,2023-05-06 07:13:26,2023-05-06 07:13:26,1,68.7
4776,2023-05-06 03:35:21,2023-05-06 03:35:21,1,68.7
4777,2023-05-04 07:23:21,2023-05-04 07:23:21,1,72.68
4778,2023-05-04 04:50:40,2023-05-04 04:50:40,1,68.8
4779,2023-05-03 10:05:55,2023-05-03 10:05:55,1,50.94
4780,2023-04-29 09:54:34,2023-04-29 09:54:34,1,67.44
4781,2023-04-28 17:02:07,2023-04-28 17:02:07,1,68.7
4782,2023-04-26 14:28:29,2023-04-26 14:28:29,1,254.7
4783,2023-04-24 22:30:10,2023-04-24 22:30:10,1,55.73
4784,2023-04-23 11:28:59,2023-04-23 11:28:59,1,63.68
4785,2023-04-19 17:53:06,2023-04-19 17:53:06,1,96.68
4786,2023-04-19 10:21:30,2023-04-19 10:21:30,1,65.61
4787,2023-04-14 16:49:31,2023-04-14 16:49:31,1,35.98
4788,2023-03-13 10:19:48,2023-03-27 17:07:46,2,116.38
4789,2023-03-24 10:30:46,2023-03-24 10:30:46,1,100.05
4790,2023-02-16 14:25:39,2023-03-23 07:49:14,2,60.05
4791,2023-03-22 13:26:01,2023-03-22 13:26:01,1,66.4
4792,2023-03-21 20:15:35,2023-03-21 20:15:35,1,52.6
4793,2023-03-21 16:42:35,2023-03-21 16:42:35,1,180.0
4794,2023-03-21 15:37:36,2023-03-21 15:37:36,1,49.45
4795,2023-02-06 18:35:47,2023-03-21 14:24:45,2,84.27000000000001
4796,2023-03-21 13:03:37,2023-03-21 13:03:37,1,52.2
4797,2023-03-21 11:46:14,2023-03-21 11:46:14,1,19.9
4798,2023-03-20 14:39:08,2023-03-20 14:39:08,1,95.52
4799,2023-03-19 10:48:14,2023-03-19 10:48:14,1,47.65
4800,2023-03-18 22:19:46,2023-03-18 22:19:46,1,50.64
4801,2023-03-18 15:36:48,2023-03-18 15:36:48,1,60.69
4802,2023-02-08 02:48:05,2023-03-18 06:22:25,2,314.04999999999995
4803,2023-03-17 23:19:05,2023-03-17 23:19:05,1,54.0
4804,2023-03-17 22:17:49,2023-03-17 22:17:49,1,50.64
4805,2023-03-17 20:52:37,2023-03-17 20:52:37,1,51.4
4806,2023-03-17 20:22:15,2023-03-17 20:22:15,1,116.64
4807,2023-03-17 19:44:21,2023-03-17 19:44:21,1,77.08
4808,2023-03-17 19:19:10,2023-03-17 19:19:10,1,86.16
4809,2023-03-17 17:55:08,2023-03-17 17:55:08,1,44.64
4810,2023-02-02 09:45:17,2023-03-17 17:29:58,2,82.6
4811,2023-03-17 16:25:56,2023-03-17 16:25:56,1,86.08
4812,2023-03-17 15:53:36,2023-03-17 15:53:36,1,83.76
4813,2023-03-17 15:31:50,2023-03-17 15:31:50,1,52.56
4814,2023-03-17 15:29:43,2023-03-17 15:29:43,1,123.36
4815,2023-03-17 15:04:39,2023-03-17 15:04:39,1,262.08
4816,2023-02-03 17:49:17,2023-03-17 14:35:58,2,135.84
4817,2023-03-17 13:40:26,2023-03-17 13:40:26,1,60.0
4818,2023-03-17 13:03:39,2023-03-17 13:03:39,1,53.72
4819,2023-03-17 12:59:49,2023-03-17 12:59:49,1,56.88
4820,2023-01-09 15:28:33,2023-03-17 12:43:42,2,68.36
4821,2023-03-17 12:38:50,2023-03-17 12:38:50,1,51.32
4822,2023-03-17 12:26:35,2023-03-17 12:26:35,1,55.12
4823,2023-03-17 09:10:42,2023-03-17 09:10:42,1,81.5
4824,2023-03-16 22:59:53,2023-03-16 22:59:53,1,199.68
4825,2023-03-16 14:30:40,2023-03-16 14:30:40,1,73.68
4826,2023-03-08 10:50:07,2023-03-16 11:16:02,2,137.8
4827,2023-03-16 06:54:47,2023-03-16 06:54:47,1,126.6
4828,2023-03-15 07:37:51,2023-03-15 07:37:51,1,117.6
4829,2023-03-14 21:41:58,2023-03-14 21:41:58,1,79.2
4830,2023-03-14 20:39:06,2023-03-14 20:39:06,1,120.65
4831,2023-03-14 20:07:24,2023-03-14 20:07:24,1,63.04
4832,2023-03-14 19:57:25,2023-03-14 19:57:25,1,37.04
4833,2023-02-10 17:54:38,2023-03-14 19:51:47,2,120.0
4834,2023-03-14 19:48:27,2023-03-14 19:48:27,1,62.64
4835,2023-03-14 19:37:17,2023-03-14 19:37:17,1,120.75
4836,2023-03-14 18:31:07,2023-03-14 18:31:07,1,121.24
4837,2023-03-13 09:20:38,2023-03-13 09:20:38,1,47.9
4838,2023-03-08 23:30:55,2023-03-08 23:30:55,1,24.75
4839,2023-03-05 19:46:55,2023-03-05 19:46:55,1,125.55
4840,2023-02-24 13:09:12,2023-03-05 15:00:21,3,146.6
4841,2023-03-05 08:27:52,2023-03-05 08:27:52,1,92.7
4842,2023-03-03 08:16:56,2023-03-03 08:16:56,1,24.75
4843,2023-02-28 13:49:52,2023-02-28 13:49:52,1,22.5
4844,2023-02-26 11:15:16,2023-02-26 11:15:16,1,199.0
4845,2023-02-26 08:33:08,2023-02-26 08:33:08,1,50.64
4846,2023-02-23 09:56:53,2023-02-23 09:56:53,1,63.12
4847,2023-02-14 15:01:22,2023-02-20 07:14:30,2,213.65
4848,2023-02-19 08:33:47,2023-02-19 08:33:47,1,62.9
4849,2023-02-18 14:18:43,2023-02-18 14:18:43,1,51.04
4850,2023-02-18 11:26:33,2023-02-18 11:26:33,1,56.24
4851,2023-02-18 10:35:51,2023-02-18 10:35:51,1,0.0
4852,2023-01-06 07:21:19,2023-02-18 10:27:29,2,139.9
4853,2023-02-18 10:09:12,2023-02-18 10:09:12,1,60.0
4854,2023-02-18 09:21:55,2023-02-18 09:21:55,1,82.16
4855,2023-02-18 09:20:50,2023-02-18 09:20:50,1,73.4
4856,2023-01-05 10:13:55,2023-02-15 23:21:31,2,125.8
4857,2023-02-14 16:32:20,2023-02-14 16:32:20,1,55.35
4858,2023-02-14 15:30:20,2023-02-14 15:30:20,1,24.75
4859,2023-02-14 09:54:26,2023-02-14 09:54:26,1,84.5
4860,2023-02-13 17:38:33,2023-02-13 17:38:33,1,130.2
4861,2023-02-12 16:53:47,2023-02-12 16:53:47,1,36.25
4862,2023-02-11 18:44:39,2023-02-11 18:44:39,1,47.05
4863,2023-02-11 14:45:38,2023-02-11 14:45:38,1,46.75
4864,2023-02-09 15:42:40,2023-02-09 15:42:40,1,24.75
4865,2023-02-08 14:45:16,2023-02-08 14:45:16,1,53.55
4866,2023-02-08 10:12:35,2023-02-08 10:12:35,1,90.25
4867,2023-02-07 18:33:14,2023-02-07 18:33:14,1,45.0
4868,2023-02-07 17:47:49,2023-02-07 17:47:49,1,62.9
4869,2023-02-06 18:16:21,2023-02-06 18:16:21,1,78.0
4870,2023-02-01 17:23:41,2023-02-01 17:23:41,1,69.9
4871,2023-01-09 10:34:17,2023-02-01 14:37:20,2,102.25
4872,2023-01-31 10:50:51,2023-01-31 11:01:49,2,201.08
4873,2023-01-30 16:35:11,2023-01-30 16:35:11,1,69.9
4874,2023-01-30 14:10:19,2023-01-30 14:10:19,1,30.75
4875,2023-01-25 20:18:43,2023-01-25 20:18:43,1,62.9
4876,2023-01-23 09:41:53,2023-01-23 09:41:53,1,62.9
4877,2023-01-23 09:03:46,2023-01-23 09:03:46,1,51.7
4878,2023-01-20 14:45:26,2023-01-20 14:45:26,1,72.45
4879,2023-01-17 16:56:49,2023-01-17 16:56:49,1,49.9
4880,2023-01-17 11:35:57,2023-01-17 11:35:57,1,0.0
4881,2023-01-17 10:40:26,2023-01-17 10:40:26,1,0.0
4882,2023-01-17 09:54:13,2023-01-17 09:54:13,1,0.0
4883,2023-01-17 08:14:14,2023-01-17 08:14:14,1,0.0
4884,2023-01-17 07:59:06,2023-01-17 07:59:06,1,0.0
4885,2023-01-17 07:39:54,2023-01-17 07:39:54,1,0.0
4886,2023-01-17 07:26:50,2023-01-17 07:26:50,1,98.01
4887,2023-01-16 16:03:07,2023-01-16 16:03:07,1,0.0
4888,2023-01-16 14:53:12,2023-01-16 14:53:12,1,0.0
4889,2023-01-16 14:45:49,2023-01-16 14:45:49,1,0.0
4890,2023-01-16 14:29:25,2023-01-16 14:29:25,1,0.0
4891,2023-01-16 14:08:49,2023-01-16 14:08:49,1,0.0
4892,2023-01-03 13:55:31,2023-01-15 12:03:25,2,74.25
4893,2023-01-14 10:58:26,2023-01-14 10:58:26,1,63.0
4894,2023-01-12 12:54:16,2023-01-12 12:54:16,1,30.75
4895,2023-01-12 08:24:55,2023-01-12 08:24:55,1,0.0
4896,2023-01-12 08:08:55,2023-01-12 08:08:55,1,0.0
4897,2023-01-12 08:00:46,2023-01-12 08:00:46,1,0.0
4898,2023-01-11 14:03:00,2023-01-11 14:03:00,1,0.0
4899,2023-01-11 13:51:58,2023-01-11 13:51:58,1,0.0
4900,2023-01-11 13:45:16,2023-01-11 13:45:16,1,0.0
4901,2023-01-11 13:36:59,2023-01-11 13:36:59,1,0.0
4902,2023-01-11 09:20:48,2023-01-11 09:20:48,1,0.0
4903,2023-01-11 09:08:05,2023-01-11 09:08:05,1,0.0
4904,2023-01-11 08:51:00,2023-01-11 08:51:00,1,0.0
4905,2023-01-11 08:36:44,2023-01-11 08:36:44,1,0.0
4906,2023-01-10 15:33:45,2023-01-10 15:33:45,1,0.0
4907,2023-01-10 15:03:27,2023-01-10 15:03:27,1,0.0
4908,2023-01-10 14:43:08,2023-01-10 14:43:08,1,0.0
4909,2023-01-10 14:20:50,2023-01-10 14:20:50,1,0.0
4910,2023-01-10 14:04:07,2023-01-10 14:04:07,1,0.0
4911,2023-01-10 13:45:35,2023-01-10 13:45:35,1,0.0
4912,2023-01-10 13:33:03,2023-01-10 13:33:03,1,0.0
4913,2023-01-10 13:22:27,2023-01-10 13:22:27,1,0.0
4914,2023-01-09 20:52:03,2023-01-09 20:52:03,1,30.75
4915,2023-01-09 15:36:59,2023-01-09 15:36:59,1,0.0
4916,2023-01-09 13:57:10,2023-01-09 13:57:10,1,0.0
4917,2023-01-09 13:05:57,2023-01-09 13:05:57,1,0.0
4918,2023-01-09 12:50:02,2023-01-09 12:50:02,1,0.0
4919,2023-01-09 12:41:16,2023-01-09 12:41:16,1,0.0
4920,2023-01-09 12:07:11,2023-01-09 12:07:11,1,0.0
4921,2023-01-09 12:02:38,2023-01-09 12:02:38,1,0.0
4922,2023-01-08 12:15:31,2023-01-08 12:15:31,1,49.9
4923,2023-01-07 09:01:11,2023-01-07 09:01:11,1,0.0
4924,2023-01-07 08:57:05,2023-01-07 08:57:05,1,0.0
4925,2023-01-07 08:54:00,2023-01-07 08:54:00,1,0.0
4926,2023-01-07 08:50:53,2023-01-07 08:50:53,1,0.0
4927,2023-01-07 08:47:54,2023-01-07 08:47:54,1,0.0
4928,2023-01-07 08:44:30,2023-01-07 08:44:30,1,0.0
4929,2023-01-07 08:40:41,2023-01-07 08:40:41,1,0.0
4930,2023-01-05 15:24:45,2023-01-07 08:36:54,2,0.0
4931,2023-01-07 08:33:01,2023-01-07 08:33:01,1,0.0
4932,2023-01-07 08:29:33,2023-01-07 08:29:33,1,0.0
4933,2023-01-07 08:25:13,2023-01-07 08:25:13,1,0.0
4934,2023-01-07 08:20:44,2023-01-07 08:20:44,1,0.0
4935,2023-01-07 08:16:54,2023-01-07 08:16:54,1,0.0
4936,2023-01-07 08:09:35,2023-01-07 08:09:35,1,0.0
4937,2023-01-07 00:10:28,2023-01-07 00:10:28,1,49.9
4938,2023-01-06 18:17:27,2023-01-06 18:17:27,1,99.8
4939,2023-01-06 16:02:21,2023-01-06 16:02:21,1,49.5
4940,2023-01-06 12:37:19,2023-01-06 12:37:19,1,112.8
4941,2023-01-05 16:37:48,2023-01-05 16:37:48,1,0.0
4942,2023-01-05 16:06:34,2023-01-05 16:06:34,1,0.0
4943,2023-01-05 10:50:35,2023-01-05 10:50:35,1,0.0
4944,2023-01-05 10:41:42,2023-01-05 10:41:42,1,0.0
4945,2023-01-02 18:55:18,2023-01-02 18:55:18,1,49.9
