order_id,product_id,product_quantity,product_subtotal,product_subtotal_tax,product_total,product_total_tax
44818,31527,1.0,32.704918,7.2,29.434426,6.48
44818,41685,1.0,32.704918,7.2,29.434426,6.48
44818,38454,1.0,0.0,0.0,0.0,0.0
44816,25001,2.0,47.055738,10.35,42.35082,9.32
44816,3870,1.0,15.918033,3.5,15.918033,3.5
44816,38454,1.0,0.0,0.0,0.0,0.0
44814,43160,1.0,17.95082,3.95,17.95082,3.95
44814,43160,1.0,12.385246,2.72,12.385246,2.72
44813,25752,2.0,32.622951,7.18,32.622951,7.18
44813,31856,2.0,31.318033,6.89,31.318033,6.89
44813,38454,1.0,0.0,0.0,0.0,0.0
44812,31856,1.0,16.311475,3.59,16.311475,3.59
44812,42937,1.0,13.032787,2.87,13.032787,2.87
44810,42937,1.0,17.95082,3.95,17.95082,3.95
44810,42360,1.0,16.311475,3.59,16.311475,3.59
44809,3865,1.0,16.311475,3.59,16.311475,3.59
44809,25752,1.0,16.311475,3.59,16.311475,3.59
44808,3865,1.0,16.311475,3.59,16.311475,3.59
44808,43160,1.0,12.385246,2.72,12.385246,2.72
44785,31856,1.0,16.311475,3.59,13.860656,3.05
44785,43160,1.0,13.032787,2.87,11.07377,2.44
44785,42937,1.0,13.032787,2.87,11.07377,2.44
44785,3320,1.0,9.811475,2.16,8.344262,1.84
44785,25752,1.0,11.065574,2.43,9.409836,2.07
44785,38454,1.0,0.0,0.0,0.0,0.0
44784,3865,2.0,32.622951,7.18,32.622951,7.18
44784,3870,1.0,16.311475,3.59,16.311475,3.59
44784,38454,1.0,0.0,0.0,0.0,0.0
44783,25752,2.0,32.622951,7.18,29.360656,6.46
44783,31856,1.0,16.311475,3.59,14.680328,3.23
44782,25001,1.0,17.95082,3.95,17.95082,3.95
44782,42360,1.0,6.54918,1.44,6.54918,1.44
44780,3865,2.0,32.622951,7.18,32.622951,7.18
44780,25001,1.0,24.508197,5.39,24.508197,5.39
44780,38454,1.0,0.0,0.0,0.0,0.0
44779,31527,1.0,32.704918,7.2,32.704918,7.2
44778,31527,1.0,32.704918,7.2,32.704918,7.2
44777,42937,1.0,7.368852,1.62,7.368852,1.62
44777,43160,1.0,7.368852,1.62,7.368852,1.62
44775,3386,6.0,36.909836,8.12,36.909836,8.12
44775,3313,3.0,28.384426,6.24,28.384426,6.24
44775,38454,1.0,0.0,0.0,0.0,0.0
44775,3314,3.0,25.99918,5.72,25.99918,5.72
44775,43160,1.0,17.95082,3.95,17.95082,3.95
44775,25752,1.0,16.311475,3.59,16.311475,3.59
44774,3870,1.0,16.311475,3.59,16.311475,3.59
44773,31856,2.0,31.318033,6.89,28.186885,6.2
44772,42937,1.0,7.368852,1.62,5.991803,1.32
44772,43160,1.0,7.368852,1.62,6.0,1.32
44771,42937,1.0,17.95082,3.95,16.155738,3.55
44771,3870,1.0,15.918033,3.5,15.918033,3.5
44769,31856,2.0,31.318033,6.89,31.318033,6.89
44768,43160,1.0,17.95082,3.95,17.95082,3.95
44768,31856,1.0,16.311475,3.59,16.311475,3.59
44768,41242,1.0,15.491803,3.41,15.491803,3.41
44768,38454,1.0,0.0,0.0,0.0,0.0
44767,32526,1.0,31.967213,7.03,31.967213,7.03
44766,32396,1.0,16.311475,3.59,16.311475,3.59
44765,42360,3.0,32.532787,7.16,32.532787,7.16
44765,42937,1.0,13.032787,2.87,13.032787,2.87
44765,43160,1.0,13.032787,2.87,13.032787,2.87
44765,38454,1.0,0.0,0.0,0.0,0.0
44765,24422,1.0,16.311475,3.59,16.311475,3.59
44764,25752,1.0,12.295081970000002,2.7,12.295081970000002,2.7
44761,31856,2.0,31.318033,6.89,31.318033,6.89
44759,3313,12.0,49.18032787,10.82,49.18032787,10.82
44759,43074,1.0,16.393442620000002,3.61,16.393442620000002,3.61
44758,3314,6.0,24.59016393,5.41,24.59016393,5.41
44758,3313,6.0,24.59016393,5.41,24.59016393,5.41
44758,3592,1.0,4.09836066,0.9,4.09836066,0.9
44757,43880,1.0,34.598361,7.61,34.598361,7.61
44757,3870,1.0,0.0,0.0,0.0,0.0
44757,35699,1.0,0.0,0.0,0.0,0.0
44757,38794,1.0,0.0,0.0,0.0,0.0
44756,31856,1.0,16.311475,3.59,16.311475,3.59
44755,31856,1.0,16.311475,3.59,16.311475,3.59
44755,41242,1.0,15.491803,3.41,15.491803,3.41
44754,41685,1.0,32.704918,7.2,32.704918,7.2
44754,31527,1.0,32.704918,7.2,32.704918,7.2
44754,38454,1.0,0.0,0.0,0.0,0.0
44753,31856,1.0,16.311475,3.59,14.680328,3.23
44753,25752,1.0,16.311475,3.59,14.680328,3.23
44752,25752,3.0,48.934426,10.77,41.590164,9.15
44752,3865,1.0,16.311475,3.59,13.868852,3.05
44752,38454,1.0,0.0,0.0,0.0,0.0
44751,25752,2.0,32.622951,7.18,32.622951,7.18
44750,25752,1.0,16.311475,3.59,16.311475,3.59
44750,3865,1.0,16.311475,3.59,16.311475,3.59
44749,43074,2.0,25.544262,5.62,25.544262,5.62
44748,31856,1.0,16.311475,3.59,16.311475,3.59
44747,31856,1.0,16.311475,3.59,16.311475,3.59
44747,44635,1.0,32.704918,7.2,32.704918,7.2
44747,44615,1.0,0.0,0.0,0.0,0.0
44747,44595,1.0,0.0,0.0,0.0,0.0
44747,38794,1.0,0.0,0.0,0.0,0.0
44747,38454,1.0,0.0,0.0,0.0,0.0
44742,25752,2.0,32.622951,7.18,32.622951,7.18
44741,3386,5.0,31.405738,6.91,28.266393,6.22
44740,31856,1.0,16.311475,3.59,16.311475,3.59
44740,38454,1.0,0.0,0.0,0.0,0.0
44740,42360,1.0,16.311475,3.59,16.311475,3.59
44740,43074,1.0,17.95082,3.95,17.95082,3.95
44739,31856,1.0,16.311475,3.59,16.311475,3.59
44739,42937,1.0,17.95082,3.95,17.95082,3.95
44738,31527,2.0,64.101639,14.1,64.101639,14.1
44738,38454,1.0,0.0,0.0,0.0,0.0
44737,30799,1.0,40.901639,9.0,36.811475,8.1
44737,3870,1.0,0.0,0.0,0.0,0.0
44737,35699,1.0,0.0,0.0,0.0,0.0
44737,37170,1.0,0.0,0.0,0.0,0.0
44736,25752,5.0,81.557377,17.94,81.557377,17.94
44736,38454,1.0,0.0,0.0,0.0,0.0
44736,3865,3.0,48.934426,10.77,48.934426,10.77
44735,41685,1.0,32.704918,7.2,32.704918,7.2
44734,43880,1.0,34.598361,7.61,34.598361,7.61
44734,3870,1.0,0.0,0.0,0.0,0.0
44734,35699,1.0,0.0,0.0,0.0,0.0
44734,38794,1.0,0.0,0.0,0.0,0.0
44733,3865,2.0,32.622951,7.18,32.622951,7.18
44733,25752,1.0,16.311475,3.59,16.311475,3.59
44733,3870,1.0,15.918033,3.5,15.918033,3.5
44733,38454,1.0,0.0,0.0,0.0,0.0
44731,3870,2.0,32.622951,7.18,32.622951,7.18
44730,25752,1.0,16.311475,3.59,16.311475,3.59
44730,3865,1.0,16.311475,3.59,16.311475,3.59
44729,3361,6.0,32.237705,7.09,32.237705,7.09
44729,3386,6.0,36.909836,8.12,36.909836,8.12
44729,38454,1.0,0.0,0.0,0.0,0.0
44728,31856,1.0,16.311475,3.59,14.680328,3.23
44725,44635,1.0,32.704918,7.2,29.434426,6.48
44725,44615,1.0,0.0,0.0,0.0,0.0
44725,44595,1.0,0.0,0.0,0.0,0.0
44725,38794,1.0,0.0,0.0,0.0,0.0
44724,25001,1.0,17.95082,3.95,15.254098,3.36
44724,24422,1.0,16.311475,3.59,13.868852,3.05
44724,3314,1.0,8.934426,1.97,7.598361,1.67
44722,44635,1.0,32.704918,7.2,29.434426,6.48
44722,44615,1.0,0.0,0.0,0.0,0.0
44722,44595,1.0,0.0,0.0,0.0,0.0
44722,38794,1.0,0.0,0.0,0.0,0.0
44722,31856,1.0,16.311475,3.59,14.680328,3.23
44722,38454,1.0,0.0,0.0,0.0,0.0
44722,25752,1.0,16.311475,3.59,14.680328,3.23
44721,25752,1.0,11.065574,2.43,11.065574,2.43
44721,3865,1.0,16.311475,3.59,16.311475,3.59
44720,3865,2.0,32.622951,7.18,29.360656,6.46
44720,42360,1.0,16.311475,3.59,14.680328,3.23
44716,44635,1.0,32.704918,7.2,32.704918,7.2
44716,44615,1.0,0.0,0.0,0.0,0.0
44716,44595,1.0,0.0,0.0,0.0,0.0
44716,38794,1.0,0.0,0.0,0.0,0.0
44715,3865,1.0,11.065574,2.43,11.065574,2.43
44714,3386,3.0,22.13114754,4.87,22.13114754,4.87
44713,42495,12.0,59.01639344,12.98,59.01639344,12.98
44713,3313,12.0,78.68852459,17.31,78.68852459,17.31
44713,3386,6.0,24.59016393,5.41,24.59016393,5.41
44712,3865,1.0,16.311475,3.59,16.311475,3.59
44712,42360,1.0,16.311475,3.59,16.311475,3.59
44712,3870,1.0,16.311475,3.59,16.311475,3.59
44712,38454,1.0,0.0,0.0,0.0,0.0
44711,3865,1.0,16.311475,3.59,16.311475,3.59
44710,3865,1.0,16.311475,3.59,16.311475,3.59
44709,3361,17.0,89.417213,19.67,76.007377,16.72
44709,38454,1.0,0.0,0.0,0.0,0.0
44708,3361,6.0,32.237705,7.09,29.016393,6.38
44708,3386,6.0,36.909836,8.12,33.213115,7.31
44708,38454,1.0,0.0,0.0,0.0,0.0
44707,3865,1.0,16.311475,3.59,14.680328,3.23
44706,31527,2.0,64.101639,14.1,57.691803,12.69
44706,38454,1.0,0.0,0.0,0.0,0.0
44705,42937,1.0,7.368852,1.62,7.368852,1.62
44705,43160,1.0,7.368852,1.62,7.368852,1.62
44702,24422,1.0,16.311475,3.59,13.860656,3.05
44702,31856,1.0,16.311475,3.59,13.868852,3.05
44702,25752,1.0,16.311475,3.59,13.868852,3.05
44701,36951,1.0,20.409836,4.49,20.409836,4.49
44701,3386,1.0,0.0,0.0,0.0,0.0
44701,38054,1.0,0.0,0.0,0.0,0.0
44701,42516,1.0,8.606557,1.89,8.606557,1.89
44701,3313,1.0,9.754098,2.15,9.754098,2.15
44701,3314,2.0,17.868852,3.93,17.868852,3.93
44701,38454,1.0,0.0,0.0,0.0,0.0
44700,31856,1.0,16.311475,3.59,16.311475,3.59
44699,44635,1.0,32.704918,7.2,32.704918,7.2
44699,44615,1.0,0.0,0.0,0.0,0.0
44699,44595,1.0,0.0,0.0,0.0,0.0
44699,38794,1.0,0.0,0.0,0.0,0.0
44696,31856,1.0,16.311475,3.59,16.311475,3.59
44694,44635,1.0,32.704918,7.2,27.795082,6.11
44694,44615,1.0,0.0,0.0,0.0,0.0
44694,44595,1.0,0.0,0.0,0.0,0.0
44694,38794,1.0,0.0,0.0,0.0,0.0
44694,25752,1.0,16.311475,3.59,13.868852,3.05
44693,3870,5.0,81.557377,17.94,81.557377,17.94
44693,38454,1.0,0.0,0.0,0.0,0.0
44692,43880,1.0,34.598361,7.61,29.401639,6.47
44692,3870,1.0,0.0,0.0,0.0,0.0
44692,35699,1.0,0.0,0.0,0.0,0.0
44692,38794,1.0,0.0,0.0,0.0,0.0
44692,3313,1.0,9.754098,2.15,8.295082,1.82
44691,25752,1.0,16.311475,3.59,14.680328,3.23
44691,31856,1.0,16.311475,3.59,14.680328,3.23
44690,41242,2.0,11.229836,2.47,11.229836,2.47
44690,25752,1.0,6.54918,1.44,6.54918,1.44
44690,43160,1.0,7.368852,1.62,7.368852,1.62
44689,24422,1.0,16.311475,3.59,13.860656,3.05
44689,25001,1.0,17.95082,3.95,15.254098,3.36
44689,42937,1.0,7.368852,1.62,6.262295,1.38
44689,43160,1.0,7.368852,1.62,6.270492,1.38
44688,41685,1.0,32.704918,7.2,32.704918,7.2
44687,31856,1.0,16.311475,3.59,16.311475,3.59
44686,41242,1.0,15.491803,3.41,13.172131,2.9
44686,31856,1.0,16.311475,3.59,13.860656,3.05
44686,3865,1.0,16.311475,3.59,13.868852,3.05
44685,30799,1.0,40.901639,9.0,34.762295,7.65
44685,3870,1.0,0.0,0.0,0.0,0.0
44685,35699,1.0,0.0,0.0,0.0,0.0
44685,37170,1.0,0.0,0.0,0.0,0.0
44685,3314,1.0,8.934426,1.97,7.598361,1.67
44684,25752,1.0,11.065574,2.43,11.065574,2.43
44683,3865,2.0,13.098361,2.88,13.098361,2.88
44683,42360,1.0,6.54918,1.44,6.54918,1.44
44683,41242,1.0,5.729508,1.26,5.729508,1.26
44682,42937,1.0,17.95082,3.95,15.254098,3.36
44682,3870,1.0,16.311475,3.59,13.860656,3.05
44682,43160,1.0,13.032787,2.87,11.081967,2.44
44682,3865,1.0,11.065574,2.43,9.409836,2.07
44682,38454,1.0,0.0,0.0,0.0,0.0
44681,3313,6.0,55.598361,12.23,47.254098,10.4
44681,38454,1.0,0.0,0.0,0.0,0.0
44681,3592,6.0,55.598361,12.23,47.262295,10.4
44680,25752,1.0,16.311475,3.59,16.311475,3.59
44679,3314,24.0,199.416393,43.87,169.506557,37.29
44679,38454,1.0,0.0,0.0,0.0,0.0
44679,31856,1.0,16.311475,3.59,13.868852,3.05
44679,24422,1.0,22.868852,5.03,19.434426,4.28
44679,3870,2.0,32.622951,7.18,27.729508,6.1
44673,25752,1.0,11.065574,2.43,9.959016,2.19
44673,43160,1.0,13.032787,2.87,11.729508,2.58
44593,31527,2.0,64.101639,14.1,64.101639,14.1
44593,38454,1.0,0.0,0.0,0.0,0.0
44592,3865,2.0,32.622951,7.18,32.622951,7.18
44592,31856,1.0,16.311475,3.59,16.311475,3.59
44592,38454,1.0,0.0,0.0,0.0,0.0
44592,24422,1.0,16.311475,3.59,16.311475,3.59
44591,25752,2.0,32.622951,7.18,32.622951,7.18
44591,3865,1.0,16.311475,3.59,16.311475,3.59
44591,38454,1.0,0.0,0.0,0.0,0.0
44590,3865,1.0,11.065574,2.43,11.065574,2.43
44534,31856,1.0,16.311475,3.59,16.311475,3.59
44534,43160,1.0,12.385246,2.72,12.385246,2.72
44514,31856,1.0,16.311475,3.59,14.680328,3.23
44514,24422,1.0,16.311475,3.59,14.680328,3.23
44499,41685,1.0,32.704918,7.2,32.704918,7.2
44498,25752,3.0,33.196721,7.3,33.196721,7.3
44498,43160,2.0,24.770492,5.45,24.770492,5.45
44498,38454,1.0,0.0,0.0,0.0,0.0
44497,3865,1.0,16.311475,3.59,14.680328,3.23
44497,31856,2.0,31.318033,6.89,28.186885,6.2
44496,31856,2.0,31.318033,6.89,31.318033,6.89
44495,31856,2.0,31.318033,6.89,31.318033,6.89
44494,25752,2.0,32.622951,7.18,32.622951,7.18
44494,43160,1.0,17.95082,3.95,17.95082,3.95
44494,38454,1.0,0.0,0.0,0.0,0.0
44493,31856,2.0,31.318033,6.89,31.318033,6.89
44493,25752,1.0,16.311475,3.59,16.311475,3.59
44493,38454,1.0,0.0,0.0,0.0,0.0
44492,31856,2.0,31.318033,6.89,31.318033,6.89
44490,3865,1.0,16.311475,3.59,14.680328,3.23
44490,25752,1.0,16.311475,3.59,14.680328,3.23
44490,43160,1.0,17.95082,3.95,16.155738,3.55
44490,38454,1.0,0.0,0.0,0.0,0.0
44490,25001,1.0,24.508197,5.39,22.057377,4.85
44489,43160,1.0,17.95082,3.95,17.95082,3.95
44488,42937,2.0,35.183607,7.74,29.904918,6.58
44488,25752,2.0,32.622951,7.18,27.729508,6.1
44488,38454,1.0,0.0,0.0,0.0,0.0
44487,24422,1.0,16.311475,3.59,14.680328,3.23
44487,3314,1.0,8.934426,1.97,8.040984,1.77
44487,36357,1.0,5.655738,1.24,5.090164,1.12
44487,3313,1.0,9.754098,2.15,8.778689,1.93
44487,3361,1.0,5.655738,1.24,5.090164,1.12
44485,41685,1.0,32.704918,7.2,32.704918,7.2
44482,42360,2.0,31.970492,7.03,31.970492,7.03
44481,25752,1.0,16.311475,3.59,14.680328,3.23
44481,31856,1.0,16.311475,3.59,14.680328,3.23
44452,25752,3.0,48.934426,10.77,44.040984,9.69
44429,36205,1.0,22.868852,5.03,20.983607,4.62
44429,42495,1.0,0.0,0.0,0.0,0.0
44429,3314,1.0,0.0,0.0,0.0,0.0
44429,3313,1.0,0.0,0.0,0.0,0.0
44429,36951,1.0,20.409836,4.49,18.52459,4.08
44429,3386,1.0,0.0,0.0,0.0,0.0
44429,38054,1.0,0.0,0.0,0.0,0.0
44429,3386,1.0,6.47541,1.42,4.590164,1.01
44428,25752,1.0,16.311475,3.59,16.311475,3.59
44428,24422,1.0,16.311475,3.59,16.311475,3.59
44427,41685,1.0,32.704918,7.2,31.92623,7.02
44414,32396,1.0,31.967213,7.03,29.491803,6.49
44413,32396,1.0,31.967213,7.03,31.967213,7.03
44403,31856,2.0,31.318033,6.89,31.318033,6.89
44403,3870,1.0,15.918033,3.5,15.918033,3.5
44403,43160,1.0,12.385246,2.72,12.385246,2.72
44403,38454,1.0,0.0,0.0,0.0,0.0
44401,24422,1.0,16.311475,3.59,14.942623,3.29
44401,31856,1.0,16.311475,3.59,14.942623,3.29
44401,3865,1.0,11.065574,2.43,9.704918,2.14
44400,41685,1.0,32.704918,7.2,32.704918,7.2
44399,31527,1.0,32.704918,7.2,32.704918,7.2
44398,42937,1.0,13.032787,2.87,13.032787,2.87
44398,43160,1.0,12.385246,2.72,12.385246,2.72
44398,25752,1.0,11.065574,2.43,11.065574,2.43
44397,42937,2.0,25.544262,5.62,22.986885,5.06
44397,3865,2.0,13.098361,2.88,11.795082,2.59
44396,3386,18.0,108.398361,23.85,108.398361,23.85
44396,38454,1.0,0.0,0.0,0.0,0.0
44396,36357,6.0,32.237705,7.09,32.237705,7.09
44395,42937,2.0,25.544262,5.62,25.544262,5.62
44364,31856,2.0,31.318033,6.89,31.318033,6.89
44326,3865,2.0,22.131148,4.87,18.811475,4.14
44326,43074,1.0,13.032787,2.87,11.081967,2.44
44316,3870,1.0,16.311475,3.59,16.311475,3.59
44283,43160,1.0,17.95082,3.95,13.934426,3.07
44281,25001,4.0,68.931148,15.16,68.931148,15.16
44281,38454,1.0,0.0,0.0,0.0,0.0
44280,25752,3.0,48.934426,10.77,48.934426,10.77
44280,38454,1.0,0.0,0.0,0.0,0.0
44278,25752,3.0,48.934426,10.77,48.934426,10.77
44278,38454,1.0,0.0,0.0,0.0,0.0
44277,25752,3.0,33.196721,7.3,33.196721,7.3
44277,43160,1.0,13.032787,2.87,13.032787,2.87
44277,43880,1.0,34.598361,7.61,34.598361,7.61
44277,3870,1.0,0.0,0.0,0.0,0.0
44277,35699,1.0,0.0,0.0,0.0,0.0
44277,38794,1.0,0.0,0.0,0.0,0.0
44277,38454,1.0,0.0,0.0,0.0,0.0
44276,36205,1.0,22.868852,5.03,18.5,4.07
44276,42495,1.0,0.0,0.0,0.0,0.0
44276,3314,1.0,0.0,0.0,0.0,0.0
44276,3313,1.0,0.0,0.0,0.0,0.0
44276,42479,1.0,5.327869,1.17,0.967213,0.21
44276,3321,1.0,12.213115,2.69,7.844262,1.73
44275,25752,1.0,11.065574,2.43,11.065574,2.43
44274,31856,2.0,31.318033,6.89,31.318033,6.89
44265,38454,1.0,0.0,0.0,0.0,0.0
44265,31856,1.0,16.311475,3.59,16.311475,3.59
44265,3865,5.0,81.557377,17.94,81.557377,17.94
44240,31856,1.0,16.311475,3.59,13.860656,3.05
44240,42937,1.0,7.368852,1.62,6.262295,1.38
44240,42360,1.0,6.54918,1.44,5.57377,1.23
44239,43880,1.0,34.598361,7.61,29.401639,6.47
44239,3870,1.0,0.0,0.0,0.0,0.0
44239,35699,1.0,0.0,0.0,0.0,0.0
44239,38794,1.0,0.0,0.0,0.0,0.0
44239,31856,1.0,16.311475,3.59,13.868852,3.05
44238,31527,1.0,32.704918,7.2,32.704918,7.2
44237,31856,3.0,46.977049,10.33,46.977049,10.33
44237,38454,1.0,0.0,0.0,0.0,0.0
44236,31856,3.0,46.977049,10.33,46.977049,10.33
44235,3865,1.0,16.311475,3.59,16.311475,3.59
44235,3870,1.0,16.311475,3.59,16.311475,3.59
44235,25001,1.0,17.95082,3.95,17.95082,3.95
44235,38454,1.0,0.0,0.0,0.0,0.0
44234,31856,1.0,16.311475,3.59,16.311475,3.59
44234,24422,1.0,22.868852,5.03,22.868852,5.03
44233,42937,1.0,17.95082,3.95,17.95082,3.95
44233,31856,1.0,16.311475,3.59,16.311475,3.59
44231,41242,1.0,15.491803,3.41,15.491803,3.41
44231,42937,1.0,17.95082,3.95,17.95082,3.95
44201,43880,1.0,34.598361,7.61,34.598361,7.61
44201,3870,1.0,0.0,0.0,0.0,0.0
44201,35699,1.0,0.0,0.0,0.0,0.0
44201,38794,1.0,0.0,0.0,0.0,0.0
44200,3865,1.0,16.311475,3.59,16.311475,3.59
44186,31856,1.0,16.311475,3.59,16.311475,3.59
44186,42937,1.0,17.95082,3.95,17.95082,3.95
44186,24422,1.0,16.311475,3.59,16.311475,3.59
44186,38454,1.0,0.0,0.0,0.0,0.0
44173,43160,2.0,35.183607,7.74,29.904918,6.58
44148,31856,2.0,31.318033,6.89,31.318033,6.89
44147,43160,1.0,17.95082,3.95,17.95082,3.95
44147,42360,2.0,31.970492,7.03,31.970492,7.03
44147,38454,1.0,0.0,0.0,0.0,0.0
44146,43880,1.0,34.598361,7.61,34.598361,7.61
44146,3870,1.0,0.0,0.0,0.0,0.0
44146,35699,1.0,0.0,0.0,0.0,0.0
44146,38794,1.0,0.0,0.0,0.0,0.0
44143,42937,1.0,13.032787,2.87,13.032787,2.87
44143,43160,1.0,13.032787,2.87,13.032787,2.87
44142,31856,2.0,31.318033,6.89,31.318033,6.89
44142,3865,2.0,32.622951,7.18,32.622951,7.18
44142,38454,1.0,0.0,0.0,0.0,0.0
44140,43880,1.0,34.598361,7.61,34.598361,7.61
44140,3870,1.0,0.0,0.0,0.0,0.0
44140,35699,1.0,0.0,0.0,0.0,0.0
44140,38794,1.0,0.0,0.0,0.0,0.0
44139,31527,1.0,32.704918,7.2,29.434426,6.48
44138,24422,2.0,31.318033,6.89,28.186885,6.2
44138,38454,1.0,0.0,0.0,0.0,0.0
44138,42937,1.0,17.95082,3.95,16.155738,3.55
44138,31856,1.0,16.311475,3.59,14.680328,3.23
44138,3870,1.0,16.311475,3.59,14.680328,3.23
44137,43160,1.0,17.95082,3.95,17.95082,3.95
44137,42937,1.0,17.95082,3.95,17.95082,3.95
44137,31856,1.0,16.311475,3.59,16.311475,3.59
44137,38454,1.0,0.0,0.0,0.0,0.0
44135,31856,1.0,16.311475,3.59,16.311475,3.59
44135,3870,1.0,15.918033,3.5,15.918033,3.5
44135,3386,1.0,5.352459,1.18,5.352459,1.18
44133,36205,2.0,45.737705,10.06,41.163934,9.06
44133,42495,2.0,0.0,0.0,0.0,0.0
44133,3314,2.0,0.0,0.0,0.0,0.0
44133,3313,2.0,0.0,0.0,0.0,0.0
44112,31527,6.0,192.304918,42.31,182.690164,40.19
44110,3865,2.0,32.622951,7.18,29.360656,6.46
44109,41685,2.0,64.101639,14.1,57.691803,12.69
44109,31527,1.0,32.704918,7.2,29.434426,6.48
44108,31856,1.0,16.311475,3.59,14.680328,3.23
44108,25752,1.0,11.065574,2.43,9.959016,2.19
44107,31527,1.0,32.704918,7.2,32.704918,7.2
44107,25752,1.0,6.54918,1.44,6.54918,1.44
44106,3314,3.0,25.99918,5.72,25.99918,5.72
44106,36357,1.0,5.655738,1.24,5.655738,1.24
44106,3386,3.0,18.843443,4.15,18.843443,4.15
44106,38454,1.0,0.0,0.0,0.0,0.0
44105,43160,6.0,76.632787,16.86,71.198361,15.66
44105,38454,1.0,0.0,0.0,0.0,0.0
44104,31856,2.0,31.318033,6.89,31.318033,6.89
44103,3865,1.0,16.311475,3.59,16.311475,3.59
44103,36951,1.0,20.409836,4.49,20.409836,4.49
44103,3386,1.0,0.0,0.0,0.0,0.0
44103,38054,1.0,0.0,0.0,0.0,0.0
44103,43160,1.0,13.032787,2.87,13.032787,2.87
44103,38454,1.0,0.0,0.0,0.0,0.0
44101,31527,4.0,128.203279,28.2,128.203279,28.2
44101,38454,1.0,0.0,0.0,0.0,0.0
44099,43160,2.0,35.183607,7.74,35.183607,7.74
44099,31856,2.0,31.318033,6.89,31.318033,6.89
44099,38454,1.0,0.0,0.0,0.0,0.0
44099,42937,1.0,17.95082,3.95,17.95082,3.95
44098,3865,2.0,32.622951,7.18,32.622951,7.18
44096,43160,1.0,17.95082,3.95,17.95082,3.95
44095,42937,1.0,13.032787,2.87,13.032787,2.87
44095,42360,1.0,6.54918,1.44,6.54918,1.44
44095,43160,1.0,7.368852,1.62,7.368852,1.62
44094,32396,1.0,16.311475,3.59,16.311475,3.59
44093,3870,1.0,16.311475,3.59,16.311475,3.59
44093,43160,1.0,17.95082,3.95,17.95082,3.95
44093,3313,1.0,8.860656,1.95,8.860656,1.95
44092,31527,3.0,96.152459,21.15,96.152459,21.15
44092,38454,1.0,0.0,0.0,0.0,0.0
44092,3870,1.0,15.918033,3.5,15.918033,3.5
44091,31856,2.0,31.318033,6.89,31.318033,6.89
44090,43160,2.0,35.183607,7.74,35.183607,7.74
44090,42937,1.0,17.95082,3.95,17.95082,3.95
44090,38454,1.0,0.0,0.0,0.0,0.0
44089,31527,1.0,32.704918,7.2,32.704918,7.2
44089,3870,1.0,15.918033,3.5,15.918033,3.5
44089,38454,1.0,0.0,0.0,0.0,0.0
44088,25752,1.0,11.065574,2.43,11.065574,2.43
44088,43160,1.0,13.032787,2.87,13.032787,2.87
44070,31856,2.0,31.318033,6.89,31.318033,6.89
44035,31856,1.0,16.311475,3.59,16.311475,3.59
44034,38054,2.0,29.50819672,6.49,29.50819672,6.49
44034,3386,2.0,14.75409836,3.25,14.75409836,3.25
44033,31856,1.0,16.311475,3.59,16.311475,3.59
44033,42360,1.0,11.065574,2.43,11.065574,2.43
44032,43880,2.0,69.196721,15.22,69.196721,15.22
44032,3870,2.0,0.0,0.0,0.0,0.0
44032,35699,2.0,0.0,0.0,0.0,0.0
44032,38794,2.0,0.0,0.0,0.0,0.0
44032,3313,1.0,8.860656,1.95,8.860656,1.95
44032,38454,1.0,0.0,0.0,0.0,0.0
44031,25752,3.0,33.196721,7.3,33.196721,7.3
44031,3870,1.0,15.918033,3.5,15.918033,3.5
44031,38454,1.0,0.0,0.0,0.0,0.0
44030,43074,2.0,35.183607,7.74,35.183607,7.74
44028,36205,1.0,22.868852,5.03,22.868852,5.03
44028,42495,1.0,0.0,0.0,0.0,0.0
44028,3314,1.0,0.0,0.0,0.0,0.0
44028,3313,1.0,0.0,0.0,0.0,0.0
44028,3386,1.0,6.47541,1.42,6.47541,1.42
44027,3865,5.0,81.557377,17.94,69.327869,15.25
44027,38454,1.0,0.0,0.0,0.0,0.0
44026,25752,7.0,77.459016,17.04,77.459016,17.04
44026,38454,1.0,0.0,0.0,0.0,0.0
44025,3361,12.0,63.118033,13.89,63.118033,13.89
44025,38454,1.0,0.0,0.0,0.0,0.0
44023,31856,3.0,46.977049,10.33,42.280328,9.3
44023,3865,1.0,16.311475,3.59,14.680328,3.23
44023,38454,1.0,0.0,0.0,0.0,0.0
44022,43160,1.0,17.95082,3.95,17.95082,3.95
44022,42937,1.0,7.368852,1.62,7.368852,1.62
44021,31856,1.0,16.311475,3.59,16.311475,3.59
44018,43160,1.0,13.032787,2.87,11.729508,2.58
44018,42937,1.0,13.032787,2.87,11.729508,2.58
44018,24422,1.0,16.311475,3.59,14.680328,3.23
43988,3865,6.0,97.868852,21.53,88.081967,19.38
43988,38454,1.0,0.0,0.0,0.0,0.0
43987,24422,1.0,16.311475,3.59,16.311475,3.59
43984,43880,1.0,34.598361,7.61,34.598361,7.61
43984,3870,1.0,0.0,0.0,0.0,0.0
43984,35699,1.0,0.0,0.0,0.0,0.0
43984,38794,1.0,0.0,0.0,0.0,0.0
43983,25001,1.0,24.508197,5.39,24.508197,5.39
43983,25001,1.0,17.95082,3.95,17.95082,3.95
43982,25001,3.0,70.583607,15.53,68.985246,15.18
43981,41242,1.0,10.57377,2.33,10.57377,2.33
43981,41685,1.0,32.704918,7.2,32.704918,7.2
43980,24422,2.0,31.318033,6.89,26.621311,5.86
43979,30799,1.0,40.901639,9.0,39.934426,8.79
43979,3870,1.0,0.0,0.0,0.0,0.0
43979,35699,1.0,0.0,0.0,0.0,0.0
43979,37170,1.0,0.0,0.0,0.0,0.0
43978,3865,1.0,7.37704918,1.62,7.37704918,1.62
43977,25001,2.0,34.465574,7.58,34.465574,7.58
43976,3386,6.0,36.909836,8.12,36.909836,8.12
43976,36205,2.0,45.737705,10.06,45.737705,10.06
43976,42495,2.0,0.0,0.0,0.0,0.0
43976,3314,2.0,0.0,0.0,0.0,0.0
43976,3313,2.0,0.0,0.0,0.0,0.0
43975,25752,1.0,11.065574,2.43,11.065574,2.43
43975,43880,1.0,34.598361,7.61,34.598361,7.61
43975,3870,1.0,0.0,0.0,0.0,0.0
43975,35699,1.0,0.0,0.0,0.0,0.0
43975,38794,1.0,0.0,0.0,0.0,0.0
43974,31527,1.0,32.704918,7.2,29.434426,6.48
43973,31856,5.0,78.295082,17.22,70.467213,15.5
43973,25001,6.0,103.396721,22.75,93.052459,20.47
43972,25001,1.0,17.95082,3.95,17.172131,3.78
43970,42937,2.0,25.544262,5.62,25.544262,5.62
43969,3865,2.0,32.622951,7.18,29.360656,6.46
43960,24422,1.0,16.311475,3.59,16.311475,3.59
43960,31856,1.0,16.311475,3.59,16.311475,3.59
43960,43160,1.0,13.032787,2.87,13.032787,2.87
43959,3386,12.0,49.18032787,10.82,49.18032787,10.82
43959,3314,12.0,49.18032787,10.82,49.18032787,10.82
43958,3865,1.0,16.311475,3.59,16.311475,3.59
43958,25001,1.0,24.508197,5.39,24.508197,5.39
43957,42360,2.0,31.970492,7.03,28.413115,6.25
43957,31856,2.0,31.318033,6.89,27.760656,6.11
43956,3865,4.0,65.245902,14.35,65.245902,14.35
43956,38454,1.0,0.0,0.0,0.0,0.0
43955,3865,2.0,32.622951,7.18,32.622951,7.18
43955,43160,1.0,17.95082,3.95,17.95082,3.95
43954,31527,1.0,32.704918,7.2,32.704918,7.2
43954,41685,1.0,32.704918,7.2,32.704918,7.2
43953,31856,1.0,16.311475,3.59,16.311475,3.59
43952,3865,1.0,16.311475,3.59,16.311475,3.59
43952,31856,1.0,16.311475,3.59,16.311475,3.59
43950,3865,3.0,48.934426,10.77,48.934426,10.77
43949,42937,2.0,35.183607,7.74,35.183607,7.74
43949,3870,1.0,15.918033,3.5,15.918033,3.5
43949,43160,1.0,12.385246,2.72,12.385246,2.72
43948,31856,1.0,16.311475,3.59,16.311475,3.59
43948,42937,1.0,17.95082,3.95,17.95082,3.95
43947,31856,1.0,16.311475,3.59,16.311475,3.59
43947,3870,1.0,15.918033,3.5,15.918033,3.5
43946,43880,1.0,34.598361,7.61,31.139344,6.85
43946,3870,1.0,0.0,0.0,0.0,0.0
43946,35699,1.0,0.0,0.0,0.0,0.0
43946,38794,1.0,0.0,0.0,0.0,0.0
43946,42937,1.0,17.95082,3.95,16.155738,3.55
43945,24422,1.0,16.311475,3.59,16.311475,3.59
43945,25752,2.0,13.098361,2.88,13.098361,2.88
43944,43160,2.0,35.183607,7.74,33.027869,7.27
43943,3386,6.0,36.909836,8.12,36.909836,8.12
43942,31856,1.0,16.311475,3.59,16.311475,3.59
43941,36205,1.0,22.868852,5.03,19.434426,4.28
43941,42495,1.0,0.0,0.0,0.0,0.0
43941,3314,1.0,0.0,0.0,0.0,0.0
43941,3313,1.0,0.0,0.0,0.0,0.0
43941,42937,1.0,13.032787,2.87,11.081967,2.44
43936,43160,1.0,7.368852,1.62,7.368852,1.62
43936,42937,1.0,7.368852,1.62,7.368852,1.62
43936,25752,1.0,6.54918,1.44,6.54918,1.44
43936,31856,1.0,16.311475,3.59,16.311475,3.59
43935,43880,1.0,34.598361,7.61,31.139344,6.85
43935,3870,1.0,0.0,0.0,0.0,0.0
43935,35699,1.0,0.0,0.0,0.0,0.0
43935,38794,1.0,0.0,0.0,0.0,0.0
43933,25752,2.0,7.37704918,1.62,7.37704918,1.62
43933,3865,3.0,11.06557377,2.43,11.06557377,2.43
43932,41242,10.0,65.57377049,14.43,64.926229,14.28
43932,35699,3.0,17.21311475,3.79,17.040984,3.75
43930,3870,1.0,16.311475,3.59,16.311475,3.59
43930,3313,1.0,8.860656,1.95,8.860656,1.95
43929,3865,4.0,65.245902,14.35,57.983607,12.76
43929,43160,1.0,17.95082,3.95,16.131148,3.55
43928,31856,3.0,46.977049,10.33,44.640984,9.82
43923,3314,2.0,8.196721310000001,1.8,8.196721310000001,1.8
43923,3865,2.0,7.37704918,1.62,7.37704918,1.62
43923,43074,1.0,7.37704918,1.62,7.37704918,1.62
43922,43160,2.0,35.183607,7.74,35.183607,7.74
43920,31856,1.0,16.311475,3.59,16.311475,3.59
43920,41242,1.0,15.491803,3.41,15.491803,3.41
43918,42495,12.0,59.01639344,12.98,59.01639344,12.98
43918,3386,12.0,49.18032787,10.82,49.18032787,10.82
43918,3314,12.0,59.01639344,12.98,59.01639344,12.98
43917,31856,2.0,31.318033,6.89,31.318033,6.89
43916,3361,24.0,126.236066,27.77,126.236066,27.77
43914,31856,1.0,16.311475,3.59,16.311475,3.59
43914,3865,1.0,16.311475,3.59,16.311475,3.59
43914,43160,1.0,17.95082,3.95,17.95082,3.95
43909,43160,2.0,35.183607,7.74,35.183607,7.74
43909,42937,2.0,35.183607,7.74,35.183607,7.74
43909,36951,2.0,40.819672,8.98,40.819672,8.98
43909,3386,2.0,0.0,0.0,0.0,0.0
43909,38054,2.0,0.0,0.0,0.0,0.0
43908,31856,1.0,16.311475,3.59,16.311475,3.59
43907,24422,1.0,22.868852,5.03,22.868852,5.03
43907,43160,1.0,7.368852,1.62,7.368852,1.62
43907,25752,1.0,11.065574,2.43,11.065574,2.43
43906,31856,2.0,31.318033,6.89,26.621311,5.86
43903,43880,1.0,34.344262,7.56,34.344262,7.56
43903,3870,1.0,0.0,0.0,0.0,0.0
43903,35699,1.0,0.0,0.0,0.0,0.0
43903,38794,1.0,0.0,0.0,0.0,0.0
43902,31856,1.0,16.311475,3.59,16.311475,3.59
43902,43160,1.0,17.95082,3.95,17.95082,3.95
43901,42360,1.0,16.311475,3.59,16.311475,3.59
43901,25001,1.0,17.95082,3.95,17.95082,3.95
43901,3865,1.0,16.311475,3.59,16.311475,3.59
43900,31856,1.0,16.311475,3.59,16.311475,3.59
43900,3870,1.0,15.918033,3.5,15.918033,3.5
43899,43160,1.0,17.95082,3.95,17.95082,3.95
43898,42360,4.0,63.940984,14.07,63.940984,14.07
43897,31856,1.0,16.311475,3.59,14.680328,3.23
43897,25001,1.0,24.508197,5.39,22.057377,4.85
43896,42360,1.0,16.311475,3.59,16.008197,3.52
43896,3870,1.0,15.918033,3.5,15.622951,3.44
43895,41685,1.0,32.704918,7.2,29.434426,6.48
43875,3865,2.0,32.622951,7.18,31.852459,7.01
43875,31856,1.0,16.311475,3.59,15.934426,3.51
43874,31856,1.0,16.311475,3.59,16.311475,3.59
43874,42360,1.0,16.311475,3.59,16.311475,3.59
43874,42937,1.0,13.032787,2.87,13.032787,2.87
43873,31856,2.0,31.318033,6.89,26.621311,5.86
43872,31527,2.0,64.101639,14.1,64.101639,14.1
43871,31856,1.0,16.311475,3.59,13.868852,3.05
43871,43160,1.0,17.95082,3.95,17.95082,3.95
43870,31856,4.0,62.636066,13.78,53.242623,11.71
43869,31856,2.0,31.318033,6.89,31.318033,6.89
43868,41242,4.0,60.727869,13.36,54.662295,12.03
43868,31856,1.0,16.311475,3.59,14.672131,3.23
43868,25752,2.0,32.622951,7.18,32.622951,7.18
43867,31856,1.0,16.311475,3.59,13.868852,3.05
43867,3386,2.0,10.704918,2.36,10.704918,2.36
43864,31856,2.0,31.318033,6.89,28.916393,6.36
43863,42937,1.0,17.95082,3.95,17.483607,3.85
43863,31856,1.0,16.311475,3.59,15.852459,3.49
43862,25752,2.0,32.622951,7.18,31.45082,6.92
43861,31527,1.0,32.704918,7.2,29.434426,6.48
43861,41685,1.0,32.704918,7.2,29.434426,6.48
43860,31856,1.0,16.311475,3.59,13.868852,3.05
43860,42937,1.0,17.95082,3.95,17.95082,3.95
43859,43160,1.0,17.95082,3.95,17.95082,3.95
43858,25752,3.0,48.934426,10.77,48.934426,10.77
43858,42937,1.0,17.95082,3.95,17.95082,3.95
43857,3865,3.0,33.196721,7.3,32.295082,7.1
43856,31856,2.0,31.318033,6.89,31.318033,6.89
43855,25752,1.0,16.311475,3.59,14.680328,3.23
43855,36951,1.0,20.409836,4.49,18.368852,4.04
43855,3386,1.0,0.0,0.0,0.0,0.0
43855,38054,1.0,0.0,0.0,0.0,0.0
43854,42495,6.0,44.26229508,9.74,44.26229508,9.74
43854,42360,1.0,15.57377049,3.43,15.57377049,3.43
43854,3314,1.0,8.196721310000001,1.8,8.196721310000001,1.8
43854,3313,1.0,9.83606557,2.16,9.83606557,2.16
43853,38808,1.0,16.311475,3.59,16.311475,3.59
43853,3386,1.0,0.0,0.0,0.0,0.0
43853,38794,1.0,0.0,0.0,0.0,0.0
43853,31856,1.0,16.311475,3.59,16.311475,3.59
43852,31856,1.0,16.311475,3.59,16.311475,3.59
43852,41242,1.0,10.57377,2.33,10.57377,2.33
43851,24422,1.0,16.311475,3.59,16.311475,3.59
43851,41685,1.0,32.704918,7.2,32.704918,7.2
43850,3870,3.0,48.934426,10.77,48.098361,10.58
43850,25752,1.0,11.065574,2.43,10.786885,2.37
43850,43074,1.0,13.032787,2.87,12.754098,2.81
43849,3313,6.0,55.598361,12.23,55.598361,12.23
43849,3321,1.0,11.778689,2.59,11.778689,2.59
43848,3865,1.0,16.311475,3.59,16.311475,3.59
43848,25752,3.0,48.934426,10.77,48.934426,10.77
43847,25752,1.0,16.311475,3.59,16.311475,3.59
43847,31856,1.0,16.311475,3.59,16.311475,3.59
43846,25752,2.0,32.622951,7.18,32.622951,7.18
43845,31856,1.0,16.311475,3.59,16.311475,3.59
43844,31856,1.0,16.311475,3.59,14.680328,3.23
43844,25752,1.0,16.311475,3.59,14.680328,3.23
43843,31856,2.0,31.318033,6.89,31.318033,6.89
43843,25001,2.0,47.055738,10.35,47.055738,10.35
43842,31527,8.0,256.406557,56.41,256.406557,56.41
43841,42937,1.0,17.95082,3.95,17.95082,3.95
43841,3386,2.0,12.95082,2.85,12.95082,2.85
43840,31856,2.0,31.318033,6.89,28.186885,6.2
43839,31856,2.0,31.318033,6.89,31.318033,6.89
43838,3865,2.0,32.622951,7.18,28.885246,6.35
43838,25752,2.0,32.622951,7.18,28.901639,6.36
43837,31856,1.0,16.311475,3.59,16.311475,3.59
43837,43160,1.0,7.368852,1.62,7.368852,1.62
43837,42937,1.0,7.368852,1.62,7.368852,1.62
43836,31856,1.0,16.311475,3.59,16.311475,3.59
43835,3865,1.0,11.065574,2.43,9.959016,2.19
43835,36649,1.0,20.327869,4.47,18.295082,4.02
43835,42495,1.0,0.0,0.0,0.0,0.0
43835,3870,1.0,0.0,0.0,0.0,0.0
43835,3386,1.0,6.47541,1.42,5.827869,1.28
43834,3865,1.0,11.065574,2.43,9.959016,2.19
43834,25752,1.0,11.065574,2.43,9.959016,2.19
43834,31856,1.0,16.311475,3.59,14.680328,3.23
43834,42360,1.0,11.065574,2.43,9.959016,2.19
43834,41677,1.0,20.0,4.4,18.0,3.96
43834,41660,1.0,0.0,0.0,0.0,0.0
43834,38794,1.0,0.0,0.0,0.0,0.0
43833,31856,2.0,31.318033,6.89,28.186885,6.2
43831,43160,2.0,35.183607,7.74,31.667213,6.97
43831,3865,1.0,16.311475,3.59,14.680328,3.23
43830,38054,1.0,15.491803,3.41,15.491803,3.41
43830,43160,1.0,13.032787,2.87,13.032787,2.87
43830,25752,1.0,11.065574,2.43,11.065574,2.43
43829,3865,1.0,16.311475,3.59,16.311475,3.59
43828,3865,1.0,16.311475,3.59,14.680328,3.23
43828,31856,1.0,16.311475,3.59,14.680328,3.23
43827,3865,2.0,32.622951,7.18,32.622951,7.18
43826,3865,1.0,16.311475,3.59,16.311475,3.59
43826,42937,1.0,13.032787,2.87,13.032787,2.87
43826,43160,1.0,13.032787,2.87,13.032787,2.87
43826,25752,1.0,11.065574,2.43,11.065574,2.43
43825,31856,1.0,16.311475,3.59,16.311475,3.59
43825,25752,1.0,16.311475,3.59,16.311475,3.59
43824,42360,1.0,16.311475,3.59,16.311475,3.59
43824,25001,1.0,24.508197,5.39,24.508197,5.39
43823,3865,1.0,16.311475,3.59,16.311475,3.59
43823,25752,1.0,16.311475,3.59,16.311475,3.59
43822,31527,2.0,64.101639,14.1,57.691803,12.69
43821,31856,1.0,16.311475,3.59,14.680328,3.23
43821,42937,1.0,17.95082,3.95,16.155738,3.55
43819,31856,1.0,16.311475,3.59,16.311475,3.59
43818,31856,2.0,31.318033,6.89,31.318033,6.89
43817,25001,3.0,70.583607,15.53,59.993443,13.2
43817,3313,1.0,8.860656,1.95,8.860656,1.95
43816,3386,6.0,36.909836,8.12,36.909836,8.12
43815,42360,1.0,16.311475,3.59,16.311475,3.59
43814,42937,1.0,13.032787,2.87,13.032787,2.87
43814,25752,1.0,11.065574,2.43,11.065574,2.43
43813,25752,1.0,11.065574,2.43,11.065574,2.43
43813,42937,1.0,13.032787,2.87,13.032787,2.87
43812,31527,4.0,128.203279,28.2,128.203279,28.2
43811,3865,2.0,32.622951,7.18,32.622951,7.18
43811,25752,2.0,32.622951,7.18,32.622951,7.18
43810,25752,2.0,7.37704918,1.62,7.37704918,1.62
43810,3865,2.0,7.37704918,1.62,7.37704918,1.62
43809,31856,5.0,40.98360656,9.02,40.98360656,9.02
43809,3386,6.0,24.59016393,5.41,24.59016393,5.41
43808,43160,1.0,17.95082,3.95,17.95082,3.95
43807,43160,1.0,17.95082,3.95,17.95082,3.95
43806,3865,2.0,32.622951,7.18,32.622951,7.18
43805,25752,1.0,16.311475,3.59,16.311475,3.59
43805,42937,1.0,17.95082,3.95,17.95082,3.95
43804,3865,2.0,32.622951,7.18,32.622951,7.18
43803,25752,3.0,33.196721,7.3,33.196721,7.3
43803,42360,1.0,16.311475,3.59,16.311475,3.59
43803,43074,1.0,13.032787,2.87,13.032787,2.87
43803,43160,1.0,13.032787,2.87,13.032787,2.87
43803,42937,1.0,13.032787,2.87,13.032787,2.87
43803,3321,1.0,12.213115,2.69,12.213115,2.69
43803,3865,3.0,48.934426,10.77,48.934426,10.77
43802,25001,3.0,51.63934426,11.36,51.63934426,11.36
43802,25001,1.0,26.2295082,5.77,26.2295082,5.77
43802,3361,6.0,44.26229508,9.74,44.26229508,9.74
43801,3386,6.0,44.26229508,9.74,44.26229508,9.74
43801,3361,6.0,44.26229508,9.74,44.26229508,9.74
43801,25001,2.0,52.45901639,11.54,52.45901639,11.54
43800,3314,6.0,54.09836066,11.9,54.09836066,11.9
43800,3386,6.0,44.26229508,9.74,44.26229508,9.74
43799,42360,1.0,9.83606557,2.16,9.83606557,2.16
43799,42495,6.0,44.26229508,9.74,44.26229508,9.74
43799,3313,6.0,59.01639344,12.98,59.01639344,12.98
43798,3865,1.0,16.311475,3.59,14.680328,3.23
43798,3870,1.0,15.713115,3.46,15.713115,3.46
43798,41242,1.0,15.491803,3.41,13.942623,3.07
43797,31856,4.0,62.636066,13.78,59.685246,13.13
43796,41242,1.0,15.491803,3.41,13.942623,3.07
43796,3865,1.0,16.311475,3.59,14.680328,3.23
43795,24422,2.0,31.318033,6.89,28.178689,6.2
43795,42937,2.0,25.544262,5.62,22.995082,5.06
43792,36205,2.0,45.737705,10.06,35.303279,7.77
43792,42495,2.0,0.0,0.0,0.0,0.0
43792,3314,2.0,0.0,0.0,0.0,0.0
43792,3313,2.0,0.0,0.0,0.0,0.0
43791,3865,1.0,16.311475,3.59,16.311475,3.59
43791,25752,1.0,16.311475,3.59,16.311475,3.59
43790,42495,2.0,12.295081970000002,2.7,12.295081970000002,2.7
43790,42360,2.0,11.47540984,2.52,11.47540984,2.52
43789,24422,2.0,31.318033,6.89,31.318033,6.89
43789,43160,1.0,13.032787,2.87,13.032787,2.87
43789,25752,1.0,11.065574,2.43,11.065574,2.43
43788,31527,2.0,64.101639,14.1,64.101639,14.1
43787,3314,12.0,99.708197,21.94,99.708197,21.94
43787,3313,12.0,108.855738,23.95,108.855738,23.95
43787,36796,1.0,24.42623,5.37,24.42623,5.37
43787,37170,1.0,0.0,0.0,0.0,0.0
43787,3313,1.0,0.0,0.0,0.0,0.0
43786,42937,1.0,17.95082,3.95,17.95082,3.95
43786,3386,1.0,6.47541,1.42,6.47541,1.42
43785,42937,2.0,35.183607,7.74,31.667213,6.97
43785,43160,1.0,17.95082,3.95,16.155738,3.55
43784,42937,2.0,35.183607,7.74,35.183607,7.74
43784,3386,1.0,5.352459,1.18,5.352459,1.18
43764,25752,2.0,32.622951,7.18,32.622951,7.18
43758,42937,2.0,35.183607,7.74,35.183607,7.74
43752,42937,1.0,13.032787,2.87,13.032787,2.87
43752,25752,1.0,11.065574,2.43,11.065574,2.43
43751,3865,1.0,16.311475,3.59,16.311475,3.59
43751,3321,1.0,11.778689,2.59,11.778689,2.59
43750,32526,2.0,125.245902,27.55,125.245902,27.55
43749,42937,2.0,35.183607,7.74,29.904918,6.58
43748,42937,1.0,13.032787,2.87,13.032787,2.87
43748,43160,1.0,13.032787,2.87,13.032787,2.87
43747,41242,1.0,15.491803,3.41,13.483607,2.97
43747,42937,1.0,13.032787,2.87,11.02459,2.43
43747,43074,1.0,13.032787,2.87,11.032787,2.43
43747,43160,1.0,13.032787,2.87,11.032787,2.43
43746,42937,2.0,25.544262,5.62,25.544262,5.62
43746,3321,1.0,12.213115,2.69,12.213115,2.69
43745,42937,1.0,17.95082,3.95,17.95082,3.95
43745,41242,1.0,15.491803,3.41,15.491803,3.41
43744,3865,1.0,16.311475,3.59,14.680328,3.23
43744,43160,1.0,17.95082,3.95,16.155738,3.55
43744,36205,1.0,22.868852,5.03,20.581967,4.53
43744,42495,1.0,0.0,0.0,0.0,0.0
43744,3314,1.0,0.0,0.0,0.0,0.0
43744,3313,1.0,0.0,0.0,0.0,0.0
43743,42937,2.0,25.544262,5.62,25.544262,5.62
43742,3314,18.0,88.52459016,19.48,88.52459016,19.48
43729,24422,1.0,16.311475,3.59,15.967213,3.51
43729,3870,1.0,16.311475,3.59,15.97541,3.51
43728,3865,2.0,32.622951,7.18,29.360656,6.46
43727,24422,2.0,31.318033,6.89,31.318033,6.89
43726,3865,1.0,16.311475,3.59,16.311475,3.59
43726,41242,1.0,10.57377,2.33,10.57377,2.33
43725,41242,2.0,30.363934,6.68,30.363934,6.68
43722,25752,2.0,32.622951,7.18,32.622951,7.18
43721,3865,2.0,22.131148,4.87,19.918033,4.38
43721,43160,1.0,13.032787,2.87,11.729508,2.58
43721,42360,1.0,11.065574,2.43,9.959016,2.19
43720,36796,1.0,24.42623,5.37,24.42623,5.37
43720,37170,1.0,0.0,0.0,0.0,0.0
43720,3313,1.0,0.0,0.0,0.0,0.0
43719,30799,1.0,40.97541,9.01,40.97541,9.01
43719,3870,1.0,0.0,0.0,0.0,0.0
43719,35699,1.0,0.0,0.0,0.0,0.0
43719,37170,1.0,0.0,0.0,0.0,0.0
43718,3865,2.0,32.622951,7.18,32.622951,7.18
43717,3865,1.0,16.311475,3.59,16.311475,3.59
43717,41242,1.0,15.491803,3.41,15.491803,3.41
43716,42960,2.0,7.791803,1.71,5.627869,1.24
43716,42516,1.0,8.606557,1.89,7.52459,1.66
43716,42479,1.0,8.196721,1.8,7.114754,1.57
43716,3321,2.0,23.693443,5.21,21.529508,4.74
43716,36796,2.0,48.852459,10.75,46.672131,10.27
43716,37170,2.0,0.0,0.0,0.0,0.0
43716,3313,2.0,0.0,0.0,0.0,0.0
43715,42360,1.0,16.311475,3.59,16.311475,3.59
43715,25752,1.0,16.311475,3.59,16.311475,3.59
43714,43160,1.0,7.368852,1.62,6.631148,1.46
43714,3870,1.0,16.311475,3.59,14.672131,3.23
43714,3386,1.0,6.47541,1.42,5.827869,1.28
43714,3865,1.0,6.54918,1.44,5.893443,1.3
43714,42937,1.0,7.368852,1.62,6.631148,1.46
43714,42360,1.0,6.54918,1.44,5.901639,1.3
43713,3361,30.0,157.795082,34.71,157.795082,34.71
43710,3865,2.0,32.622951,7.18,32.622951,7.18
43710,31856,1.0,16.311475,3.59,16.311475,3.59
43710,38054,1.0,15.491803,3.41,15.491803,3.41
43706,31527,1.0,32.704918,7.2,32.704918,7.2
43704,42937,1.0,17.95082,3.95,17.95082,3.95
43704,3386,1.0,5.352459,1.18,5.352459,1.18
43702,3870,1.0,16.311475,3.59,16.311475,3.59
43702,25752,1.0,11.065574,2.43,11.065574,2.43
43701,25001,2.0,34.106557,7.5,34.106557,7.5
43701,24422,2.0,30.991803,6.82,30.991803,6.82
43699,3865,3.0,47.955738,10.55,47.955738,10.55
43698,3865,1.0,16.311475,3.59,16.311475,3.59
43698,36951,1.0,20.409836,4.49,20.409836,4.49
43698,3386,1.0,0.0,0.0,0.0,0.0
43698,38054,1.0,0.0,0.0,0.0,0.0
43682,31527,2.0,64.101639,14.1,58.404918,12.85
43681,3865,2.0,21.688525,4.77,21.688525,4.77
43681,25752,1.0,6.54918,1.44,6.54918,1.44
43680,41685,1.0,32.704918,7.2,32.704918,7.2
43674,42360,1.0,16.311475,3.59,16.311475,3.59
43674,24422,1.0,16.311475,3.59,16.311475,3.59
43673,42360,1.0,16.311475,3.59,16.311475,3.59
43673,42937,1.0,17.95082,3.95,17.95082,3.95
43672,3865,1.0,16.311475,3.59,16.311475,3.59
43671,41242,1.0,10.57377,2.33,10.57377,2.33
43671,3870,3.0,46.487705,10.23,46.487705,10.23
43669,25752,1.0,16.311475,3.59,16.311475,3.59
43665,25752,2.0,31.970492,7.03,31.970492,7.03
43664,43074,1.0,13.03278689,2.87,13.03278689,2.87
43664,42495,1.0,5.73770492,1.26,5.73770492,1.26
43664,3865,1.0,15.6557377,3.44,15.6557377,3.44
43663,30799,1.0,40.97541,9.01,35.032787,7.71
43663,3870,1.0,0.0,0.0,0.0,0.0
43663,35699,1.0,0.0,0.0,0.0,0.0
43663,37170,1.0,0.0,0.0,0.0,0.0
43659,3865,2.0,31.970492,7.03,31.970492,7.03
43657,32396,1.0,31.967213,7.03,29.491803,6.49
43654,32396,1.0,31.967213,7.03,28.606557,6.29
43653,3865,1.0,6.54918,1.44,6.54918,1.44
43653,42360,1.0,6.54918,1.44,6.54918,1.44
43653,3361,1.0,5.655738,1.24,5.655738,1.24
43653,3314,1.0,8.934426,1.97,8.934426,1.97
43644,3865,1.0,11.065574,2.43,11.065574,2.43
43644,31856,1.0,16.311475,3.59,16.311475,3.59
43640,3865,2.0,31.970492,7.03,31.970492,7.03
43638,3865,1.0,16.311475,3.59,16.311475,3.59
43638,25752,1.0,16.311475,3.59,16.311475,3.59
43637,25752,2.0,12.836393,2.82,11.557705,2.54
43637,41242,1.0,10.57377,2.33,9.508197,2.09
43637,3865,1.0,6.54918,1.44,5.901639,1.3
43621,43074,1.0,17.95082,3.95,16.155738,3.55
43621,25001,1.0,17.95082,3.95,16.155738,3.55
43621,3865,1.0,10.57377,2.33,9.516393,2.09
43621,3321,1.0,12.213115,2.69,10.991803,2.42
43620,25001,2.0,52.172131,11.48,52.172131,11.48
43619,3865,1.0,16.311475,3.59,16.311475,3.59
43619,25752,1.0,16.311475,3.59,16.311475,3.59
43618,25752,1.0,16.311475,3.59,16.311475,3.59
43618,3865,1.0,16.311475,3.59,16.311475,3.59
43617,3865,2.0,31.970492,7.03,31.970492,7.03
43616,3865,2.0,31.970492,7.03,31.970492,7.03
43615,3870,2.0,30.991803,6.82,30.991803,6.82
43615,24422,1.0,16.311475,3.59,16.311475,3.59
43614,25752,1.0,10.57377,2.33,8.991803,1.98
43614,31856,1.0,16.311475,3.59,13.860656,3.05
43614,3865,1.0,10.57377,2.33,8.991803,1.98
43613,42360,1.0,10.57377,2.33,10.57377,2.33
43613,25752,1.0,10.57377,2.33,10.57377,2.33
43613,43160,1.0,17.95082,3.95,17.95082,3.95
43612,24422,1.0,16.311475,3.59,16.311475,3.59
43612,3865,1.0,5.729508,1.26,5.729508,1.26
43612,25752,1.0,5.729508,1.26,5.729508,1.26
43612,25001,1.0,17.95082,3.95,17.95082,3.95
43611,41685,2.0,64.101639,14.1,57.691803,12.69
43611,31527,1.0,32.704918,7.2,29.434426,6.48
43610,3865,2.0,31.970492,7.03,31.970492,7.03
43609,3865,2.0,31.970492,7.03,31.970492,7.03
43609,3870,2.0,30.991803,6.82,30.991803,6.82
43608,38794,4.0,42.295082,9.3,42.295082,9.3
43606,36205,1.0,22.868852,5.03,22.868852,5.03
43606,42495,1.0,0.0,0.0,0.0,0.0
43606,3314,1.0,0.0,0.0,0.0,0.0
43606,3313,1.0,0.0,0.0,0.0,0.0
43606,39466,1.0,14.672131,3.23,14.672131,3.23
43606,36357,1.0,0.0,0.0,0.0,0.0
43606,35699,1.0,0.0,0.0,0.0,0.0
43605,43160,1.0,17.95082,3.95,17.95082,3.95
43605,3865,1.0,16.311475,3.59,16.311475,3.59
43600,31856,1.0,16.311475,3.59,16.311475,3.59
43600,43160,1.0,12.213115,2.69,12.213115,2.69
43599,25752,1.0,16.311475,3.59,16.311475,3.59
43599,31856,2.0,30.991803,6.82,30.991803,6.82
43599,3865,2.0,31.970492,7.03,31.970492,7.03
43598,31527,2.0,64.101639,14.1,64.101639,14.1
43596,31856,1.0,16.311475,3.59,16.311475,3.59
43596,41242,1.0,15.491803,3.41,15.491803,3.41
43596,24422,1.0,22.04918,4.85,22.04918,4.85
43595,3865,1.0,16.311475,3.59,14.680328,3.23
43595,43074,1.0,17.95082,3.95,16.155738,3.55
43594,42360,2.0,31.970492,7.03,31.970492,7.03
43593,25752,2.0,31.970492,7.03,31.970492,7.03
43593,43074,2.0,34.106557,7.5,34.106557,7.5
43592,3865,1.0,10.57377,2.33,10.57377,2.33
43592,3870,1.0,16.311475,3.59,16.311475,3.59
43591,25752,1.0,16.311475,3.59,11.754098,2.59
43591,43160,1.0,17.95082,3.95,13.385246,2.94
43580,24422,1.0,16.311475,3.59,16.311475,3.59
43580,43160,1.0,12.213115,2.69,12.213115,2.69
43580,3386,1.0,4.852459,1.07,4.852459,1.07
43579,42360,1.0,16.311475,3.59,16.311475,3.59
43578,3386,6.0,32.237705,7.09,25.885246,5.69
43577,3865,2.0,31.970492,7.03,31.970492,7.03
43577,3870,2.0,30.991803,6.82,30.991803,6.82
43575,31856,3.0,46.487705,10.23,46.487705,10.23
43574,30799,1.0,42.540984,9.36,38.286885,8.42
43574,3870,1.0,0.0,0.0,0.0,0.0
43574,35699,1.0,0.0,0.0,0.0,0.0
43574,37170,1.0,0.0,0.0,0.0,0.0
43573,43160,2.0,35.901639,7.9,35.901639,7.9
43573,3386,1.0,4.852459,1.07,4.852459,1.07
43572,42360,1.0,5.729508,1.26,5.163934,1.14
43572,41242,1.0,10.57377,2.33,9.516393,2.09
43572,31856,1.0,16.311475,3.59,14.672131,3.23
43571,25752,1.0,16.311475,3.59,16.311475,3.59
43570,42360,1.0,10.57377,2.33,10.57377,2.33
43569,25752,3.0,47.955738,10.55,47.955738,10.55
43568,36357,3.0,16.458197,3.62,14.818852,3.26
43568,3361,6.0,32.237705,7.09,29.016393,6.38
43568,36205,1.0,22.868852,5.03,20.57377,4.53
43568,42495,1.0,0.0,0.0,0.0,0.0
43568,3314,1.0,0.0,0.0,0.0,0.0
43568,3313,1.0,0.0,0.0,0.0,0.0
43567,25752,3.0,47.955738,10.55,47.955738,10.55
43565,3865,1.0,10.57377,2.33,10.57377,2.33
43565,42360,1.0,10.57377,2.33,10.57377,2.33
43565,25752,1.0,10.57377,2.33,10.57377,2.33
43564,43160,1.0,12.213115,2.69,12.213115,2.69
43564,31856,1.0,16.311475,3.59,16.311475,3.59
43564,36951,1.0,21.229508,4.67,21.229508,4.67
43564,3386,1.0,0.0,0.0,0.0,0.0
43564,38054,1.0,0.0,0.0,0.0,0.0
43564,3313,3.0,28.384426,6.24,28.384426,6.24
43563,3865,1.0,16.311475,3.59,16.311475,3.59
43563,3321,1.0,11.778689,2.59,11.778689,2.59
43562,41685,1.0,32.704918,7.2,31.942623,7.03
43561,41242,2.0,30.983607,6.82,30.983607,6.82
43560,25752,7.0,72.536066,15.96,72.536066,15.96
43560,43160,4.0,48.852459,10.75,48.852459,10.75
43559,42360,5.0,79.92623,17.58,79.92623,17.58
43558,31527,4.0,128.203279,28.2,114.678689,25.23
43557,25752,1.0,16.311475,3.59,14.672131,3.23
43557,3865,2.0,20.72459,4.56,18.659016,4.1
43555,32396,1.0,16.311475,3.59,16.311475,3.59
43554,3865,4.0,63.940984,14.07,63.940984,14.07
43554,38454,1.0,0.0,0.0,0.0,0.0
43553,41685,1.0,32.704918,7.2,24.770492,5.45
43552,31527,2.0,64.101639,14.1,64.101639,14.1
43541,42304,1.0,5.655738,1.24,5.655738,1.24
43541,36796,1.0,24.508197,5.39,24.508197,5.39
43541,37170,1.0,0.0,0.0,0.0,0.0
43541,3313,1.0,0.0,0.0,0.0,0.0
43541,36205,2.0,45.737705,10.06,45.737705,10.06
43541,42495,2.0,0.0,0.0,0.0,0.0
43541,3314,2.0,0.0,0.0,0.0,0.0
43541,3313,2.0,0.0,0.0,0.0,0.0
43541,3313,3.0,28.384426,6.24,28.384426,6.24
43540,43160,3.0,36.639344,8.06,36.639344,8.06
43540,25001,1.0,17.95082,3.95,17.95082,3.95
43540,41242,1.0,15.491803,3.41,15.491803,3.41
43537,36205,1.0,22.868852,5.03,22.868852,5.03
43537,42495,1.0,0.0,0.0,0.0,0.0
43537,3314,1.0,0.0,0.0,0.0,0.0
43537,3313,1.0,0.0,0.0,0.0,0.0
43537,36357,1.0,5.655738,1.24,5.655738,1.24
43536,3314,2.0,18.03278689,3.97,18.03278689,3.97
43536,3313,4.0,39.3442623,8.66,39.3442623,8.66
43522,43160,1.0,17.95082,3.95,17.95082,3.95
43522,42360,1.0,10.57377,2.33,10.57377,2.33
43521,43160,1.0,12.213115,2.69,12.213115,2.69
43521,42360,1.0,5.729508,1.26,5.729508,1.26
43521,43160,2.0,13.098361,2.88,13.098361,2.88
43521,25752,2.0,11.229836,2.47,11.229836,2.47
43520,36796,1.0,24.508197,5.39,20.827869,4.58
43520,37170,1.0,0.0,0.0,0.0,0.0
43520,3313,1.0,0.0,0.0,0.0,0.0
43520,36649,1.0,21.229508,4.67,18.04918,3.97
43520,42495,1.0,0.0,0.0,0.0,0.0
43520,3870,1.0,0.0,0.0,0.0,0.0
43519,42360,1.0,16.311475,3.59,16.311475,3.59
43519,43074,1.0,17.95082,3.95,17.95082,3.95
43518,25001,2.0,34.106557,7.5,34.106557,7.5
43517,42360,2.0,31.970492,7.03,31.970492,7.03
43516,3865,1.0,5.729508,1.26,5.729508,1.26
43516,42360,1.0,5.729508,1.26,5.729508,1.26
43516,3870,1.0,16.311475,3.59,16.311475,3.59
43516,43074,1.0,5.729508,1.26,5.729508,1.26
43515,25752,1.0,16.311475,3.59,16.311475,3.59
43515,3865,4.0,63.940984,14.07,63.940984,14.07
43513,31527,1.0,32.704918,7.2,29.434426,6.48
43512,31856,2.0,30.991803,6.82,26.344262,5.8
43510,3865,5.0,49.18032787,10.82,49.18032787,10.82
43509,3314,12.0,49.18032787,10.82,49.18032787,10.82
43509,35699,1.0,9.83606557,2.16,9.83606557,2.16
43508,37170,1.0,16.393442620000002,3.61,16.393442620000002,3.61
43508,3865,3.0,12.295081970000002,2.7,12.295081970000002,2.7
43508,25752,3.0,12.295081970000002,2.7,12.295081970000002,2.7
43507,42360,2.0,31.970492,7.03,31.970492,7.03
43504,3865,1.0,16.311475,3.59,16.311475,3.59
43476,43074,1.0,11.393443,2.51,11.122951,2.45
43476,36357,3.0,16.458197,3.62,15.646721,3.44
43476,3361,3.0,16.458197,3.62,15.671311,3.45
43475,41685,1.0,32.704918,7.2,32.704918,7.2
43459,25752,1.0,16.311475,3.59,14.680328,3.23
43459,3865,1.0,16.311475,3.59,14.680328,3.23
43458,31527,4.0,128.203279,28.2,117.686885,25.89
43457,43160,1.0,17.95082,3.95,17.95082,3.95
43457,41242,1.0,10.57377,2.33,10.57377,2.33
43456,3865,2.0,31.970492,7.03,31.970492,7.03
43455,42360,1.0,16.311475,3.59,14.680328,3.23
43455,25752,2.0,11.229836,2.47,10.106885,2.22
43454,41242,1.0,10.57377,2.33,10.57377,2.33
43454,3865,1.0,9.778689,2.15,9.778689,2.15
43454,3870,1.0,16.311475,3.59,16.311475,3.59
43451,3870,2.0,30.991803,6.82,30.991803,6.82
43451,41242,1.0,16.311475,3.59,16.311475,3.59
43450,3865,1.0,5.729508,1.26,5.155738,1.13
43450,42360,1.0,5.729508,1.26,5.155738,1.13
43450,3386,6.0,32.237705,7.09,29.016393,6.38
43449,24422,2.0,41.893443,9.22,41.893443,9.22
43449,3865,2.0,31.970492,7.03,31.970492,7.03
43448,3865,1.0,16.311475,3.59,16.311475,3.59
43448,42360,2.0,31.970492,7.03,31.970492,7.03
43448,43160,1.0,12.213115,2.69,12.213115,2.69
43447,36796,1.0,24.508197,5.39,24.508197,5.39
43447,37170,1.0,0.0,0.0,0.0,0.0
43447,3313,1.0,0.0,0.0,0.0,0.0
43447,3361,1.0,5.655738,1.24,5.655738,1.24
43446,3870,1.0,16.311475,3.59,16.311475,3.59
43446,3865,1.0,16.311475,3.59,16.311475,3.59
43445,3865,1.0,16.311475,3.59,16.311475,3.59
43445,3870,1.0,15.762295,3.47,15.762295,3.47
43444,42360,1.0,10.57377,2.33,10.221311,2.25
43444,43160,1.0,12.213115,2.69,11.852459,2.61
43444,43074,1.0,11.393443,2.51,11.040984,2.43
43443,42360,3.0,31.086885,6.84,31.086885,6.84
43443,3865,2.0,20.72459,4.56,20.72459,4.56
43442,43160,1.0,17.95082,3.95,17.95082,3.95
43442,43074,1.0,17.95082,3.95,17.95082,3.95
43441,31527,1.0,32.704918,7.2,32.704918,7.2
43441,41685,1.0,32.704918,7.2,32.704918,7.2
43439,3865,1.0,16.311475,3.59,16.311475,3.59
43439,3870,1.0,15.762295,3.47,15.762295,3.47
43438,39466,2.0,29.344262,6.46,29.344262,6.46
43438,36357,2.0,0.0,0.0,0.0,0.0
43438,35699,2.0,0.0,0.0,0.0,0.0
43437,43074,2.0,34.106557,7.5,34.106557,7.5
43437,36951,1.0,21.229508,4.67,21.229508,4.67
43437,3386,1.0,0.0,0.0,0.0,0.0
43437,38054,1.0,0.0,0.0,0.0,0.0
43437,38808,1.0,14.672131,3.23,14.672131,3.23
43437,3386,1.0,0.0,0.0,0.0,0.0
43437,38794,1.0,0.0,0.0,0.0,0.0
43437,43160,1.0,17.95082,3.95,17.95082,3.95
43436,3865,4.0,63.940984,14.07,57.547541,12.66
43435,3865,3.0,31.086885,6.84,31.086885,6.84
43432,25752,1.0,16.311475,3.59,16.311475,3.59
43432,3865,2.0,31.970492,7.03,31.970492,7.03
43431,3870,1.0,16.311475,3.59,16.311475,3.59
43430,43074,2.0,34.106557,7.5,30.696721,6.75
43429,3865,3.0,47.955738,10.55,47.955738,10.55
43427,43074,2.0,21.647541,4.76,21.647541,4.76
43427,3361,1.0,5.655738,1.24,5.655738,1.24
43426,31856,2.0,30.991803,6.82,26.344262,5.8
43425,42360,1.0,5.729508,1.26,5.155738,1.13
43425,25752,1.0,5.729508,1.26,5.155738,1.13
43424,3865,1.0,10.57377,2.33,10.57377,2.33
43424,42360,2.0,20.72459,4.56,20.72459,4.56
43424,25752,1.0,10.57377,2.33,10.57377,2.33
43423,42360,2.0,31.970492,7.03,31.970492,7.03
43422,3865,1.0,16.311475,3.59,16.311475,3.59
43422,3870,1.0,15.762295,3.47,15.762295,3.47
43421,42360,1.0,10.57377,2.33,10.57377,2.33
43421,24422,1.0,16.311475,3.59,16.311475,3.59
43421,41677,1.0,19.508197,4.29,19.508197,4.29
43421,41660,1.0,0.0,0.0,0.0,0.0
43421,38794,1.0,0.0,0.0,0.0,0.0
43420,3361,3.0,16.458197,3.62,16.458197,3.62
43420,3314,3.0,25.99918,5.72,25.99918,5.72
43420,36357,1.0,5.655738,1.24,5.655738,1.24
43419,3865,1.0,16.311475,3.59,16.311475,3.59
43419,25752,1.0,16.311475,3.59,16.311475,3.59
43418,3865,1.0,16.311475,3.59,16.311475,3.59
43418,3870,1.0,15.762295,3.47,15.762295,3.47
43417,38808,1.0,14.672131,3.23,14.672131,3.23
43417,3386,1.0,0.0,0.0,0.0,0.0
43417,38794,1.0,0.0,0.0,0.0,0.0
43416,42360,1.0,16.311475,3.59,16.311475,3.59
43416,43074,1.0,17.95082,3.95,17.95082,3.95
43415,25001,1.0,17.95082,3.95,15.262295,3.36
43415,38296,1.0,19.590164,4.31,16.647541,3.66
43414,3865,1.0,16.311475,3.59,14.680328,3.23
43414,3870,1.0,15.762295,3.47,15.762295,3.47
43414,25752,1.0,16.311475,3.59,14.680328,3.23
43413,39466,1.0,14.672131,3.23,13.204918,2.91
43413,36357,1.0,0.0,0.0,0.0,0.0
43413,35699,1.0,0.0,0.0,0.0,0.0
43413,38808,1.0,14.672131,3.23,13.204918,2.91
43413,3386,1.0,0.0,0.0,0.0,0.0
43413,38794,1.0,0.0,0.0,0.0,0.0
43411,41242,2.0,31.970492,7.03,31.970492,7.03
43410,3313,3.0,28.384426,6.24,24.105738,5.3
43410,3314,3.0,25.99918,5.72,22.105738,4.86
43410,36357,6.0,32.237705,7.09,27.409836,6.03
43410,3386,6.0,32.237705,7.09,27.409836,6.03
43409,3865,2.0,31.970492,7.03,27.17541,5.98
43409,43160,2.0,35.901639,7.9,30.516393,6.71
43407,24422,1.0,16.311475,3.59,14.680328,3.23
43407,25001,1.0,17.95082,3.95,16.155738,3.55
43406,43074,2.0,34.106557,7.5,30.696721,6.75
43405,36951,1.0,21.229508,4.67,21.229508,4.67
43405,3386,1.0,0.0,0.0,0.0,0.0
43405,38054,1.0,0.0,0.0,0.0,0.0
43405,42960,1.0,4.016393,0.88,4.016393,0.88
43404,41242,1.0,16.311475,3.59,13.860656,3.05
43404,25752,1.0,16.311475,3.59,13.860656,3.05
43403,24422,1.0,16.311475,3.59,16.311475,3.59
43403,3865,1.0,10.57377,2.33,10.57377,2.33
43403,3321,1.0,11.778689,2.59,11.778689,2.59
43401,25752,3.0,47.955738,10.55,47.955738,10.55
43400,42360,1.0,16.311475,3.59,16.311475,3.59
43400,3361,6.0,32.237705,7.09,32.237705,7.09
43399,3865,1.0,16.311475,3.59,16.311475,3.59
43399,3870,2.0,30.991803,6.82,30.991803,6.82
43399,3313,1.0,8.901639,1.96,8.901639,1.96
43397,3865,3.0,47.955738,10.55,47.955738,10.55
43395,3865,1.0,16.311475,3.59,16.311475,3.59
43395,3870,1.0,15.762295,3.47,15.762295,3.47
43393,37157,1.0,9.836066,2.16,9.836066,2.16
43392,3870,2.0,30.991803,6.82,30.991803,6.82
43392,25001,2.0,52.172131,11.48,52.172131,11.48
43392,3865,2.0,31.970492,7.03,31.970492,7.03
43391,41242,2.0,31.970492,7.03,29.134426,6.41
43391,3865,2.0,31.970492,7.03,29.15082,6.41
43369,41685,1.0,32.704918,7.2,29.434426,6.48
43368,3865,2.0,31.970492,7.03,31.970492,7.03
43367,3865,4.0,63.940984,14.07,63.940984,14.07
43365,42360,1.0,16.311475,3.59,16.311475,3.59
43365,25752,1.0,16.311475,3.59,16.311475,3.59
43365,3386,1.0,4.852459,1.07,4.852459,1.07
43364,3865,1.0,16.311475,3.59,16.311475,3.59
43364,3321,1.0,11.778689,2.59,11.778689,2.59
43363,31527,1.0,32.704918,7.2,29.434426,6.48
43362,3865,2.0,31.970492,7.03,28.77377,6.33
43362,25752,1.0,16.311475,3.59,14.680328,3.23
43361,3865,2.0,31.970492,7.03,31.970492,7.03
43360,3865,6.0,95.911475,21.1,84.313115,18.55
43359,3865,6.0,95.911475,21.1,95.911475,21.1
43359,38454,1.0,0.0,0.0,0.0,0.0
43358,31527,1.0,32.704918,7.2,32.704918,7.2
43357,3865,1.0,16.311475,3.59,16.311475,3.59
43357,3865,1.0,10.57377,2.33,10.57377,2.33
43357,25752,1.0,16.311475,3.59,16.311475,3.59
43357,25752,1.0,10.57377,2.33,10.57377,2.33
43356,31856,2.0,30.991803,6.82,30.991803,6.82
43355,3865,2.0,31.970492,7.03,25.290164,5.56
43355,25752,1.0,16.311475,3.59,12.967213,2.85
43354,3865,3.0,47.955738,10.55,47.955738,10.55
43350,42360,2.0,31.970492,7.03,28.77377,6.33
43349,31527,2.0,64.101639,14.1,56.847541,12.51
43341,25001,1.0,17.95082,3.95,17.95082,3.95
43341,31527,1.0,32.704918,7.2,32.704918,7.2
43340,42360,1.0,16.311475,3.59,14.680328,3.23
43340,39466,1.0,14.672131,3.23,13.204918,2.91
43340,36357,1.0,0.0,0.0,0.0,0.0
43340,35699,1.0,0.0,0.0,0.0,0.0
43340,31856,1.0,16.311475,3.59,16.311475,3.59
43338,31856,1.0,16.311475,3.59,16.311475,3.59
43338,3321,1.0,12.213115,2.69,12.213115,2.69
43337,42360,1.0,5.729508,1.26,5.729508,1.26
43337,43074,1.0,5.729508,1.26,5.729508,1.26
43337,3865,3.0,16.844754,3.71,16.844754,3.71
43336,3865,2.0,31.970492,7.03,31.970492,7.03
43335,24422,1.0,16.311475,3.59,16.311475,3.59
43334,31527,2.0,64.101639,14.1,52.159016,11.47
43333,43074,2.0,34.106557,7.5,30.336066,6.67
43333,3314,1.0,8.934426,1.97,7.04918,1.55
43331,42360,2.0,31.970492,7.03,28.77377,6.33
43330,3870,3.0,46.487705,10.23,45.282787,9.96
43330,41242,1.0,10.57377,2.33,10.180328,2.24
43329,25752,3.0,31.086885,6.84,27.980328,6.16
43328,25752,1.0,10.57377,2.33,10.57377,2.33
43328,38808,1.0,14.672131,3.23,14.672131,3.23
43328,3386,1.0,0.0,0.0,0.0,0.0
43328,38794,1.0,0.0,0.0,0.0,0.0
43328,42360,1.0,10.57377,2.33,10.57377,2.33
43327,42360,2.0,31.970492,7.03,31.970492,7.03
43327,3870,1.0,16.311475,3.59,16.311475,3.59
43327,3865,1.0,16.311475,3.59,16.311475,3.59
43326,42360,1.0,10.57377,2.33,9.516393,2.09
43326,43074,1.0,11.393443,2.51,10.245902,2.25
43326,3865,1.0,5.729508,1.26,5.163934,1.14
43325,3865,1.0,16.311475,3.59,16.311475,3.59
43325,38808,1.0,14.672131,3.23,14.672131,3.23
43325,3386,1.0,0.0,0.0,0.0,0.0
43325,38794,1.0,0.0,0.0,0.0,0.0
43325,3321,1.0,12.213115,2.69,12.213115,2.69
43323,24422,1.0,16.311475,3.59,16.311475,3.59
43323,42360,1.0,16.311475,3.59,16.311475,3.59
43323,25001,1.0,17.95082,3.95,17.95082,3.95
43323,3865,1.0,10.57377,2.33,10.57377,2.33
43322,3865,2.0,11.229836,2.47,10.106885,2.22
43322,42360,2.0,11.229836,2.47,10.106885,2.22
43321,3865,1.0,16.311475,3.59,16.311475,3.59
43321,42360,1.0,16.311475,3.59,16.311475,3.59
43321,24422,1.0,22.04918,4.85,22.04918,4.85
43320,43074,1.0,17.95082,3.95,17.95082,3.95
43320,3870,1.0,16.311475,3.59,16.311475,3.59
43317,31527,1.0,32.704918,7.2,32.704918,7.2
43317,41685,1.0,32.704918,7.2,32.704918,7.2
43315,3865,1.0,16.311475,3.59,16.311475,3.59
43315,31856,1.0,16.311475,3.59,16.311475,3.59
43314,3865,1.0,16.311475,3.59,16.311475,3.59
43314,42360,1.0,16.311475,3.59,16.311475,3.59
43313,25001,4.0,68.213115,15.01,65.032787,14.31
43312,3865,2.0,31.970492,7.03,31.970492,7.03
43311,31527,2.0,64.101639,14.1,64.101639,14.1
43310,3865,2.0,31.970492,7.03,31.970492,7.03
43309,41677,1.0,19.508197,4.29,16.401639,3.61
43309,41660,1.0,0.0,0.0,0.0,0.0
43309,38794,1.0,0.0,0.0,0.0,0.0
43309,42360,1.0,10.57377,2.33,7.467213,1.64
43308,31527,2.0,64.101639,14.1,64.101639,14.1
43307,36796,1.0,24.508197,5.39,24.508197,5.39
43307,37170,1.0,0.0,0.0,0.0,0.0
43307,3313,1.0,0.0,0.0,0.0,0.0
43306,3870,1.0,16.311475,3.59,16.311475,3.59
43306,3865,1.0,10.57377,2.33,10.57377,2.33
43305,42360,1.0,16.311475,3.59,14.680328,3.23
43305,39466,2.0,29.344262,6.46,26.409836,5.81
43305,36357,2.0,0.0,0.0,0.0,0.0
43305,35699,2.0,0.0,0.0,0.0,0.0
43304,3865,1.0,16.311475,3.59,15.491803,3.41
43304,3870,1.0,16.311475,3.59,15.5,3.41
43303,25752,1.0,16.311475,3.59,16.311475,3.59
43303,25001,2.0,34.106557,7.5,34.106557,7.5
43302,42360,3.0,47.955738,10.55,43.160656,9.5
43301,3865,2.0,31.970492,7.03,31.003279,6.82
43301,25752,1.0,16.311475,3.59,15.819672,3.48
43300,25001,1.0,27.459016,6.04,27.459016,6.04
43300,3870,1.0,16.311475,3.59,16.311475,3.59
43299,3870,6.0,92.97541,20.45,92.97541,20.45
43298,43074,1.0,17.95082,3.95,17.95082,3.95
43298,3870,1.0,16.311475,3.59,16.311475,3.59
43297,42360,1.0,16.311475,3.59,16.311475,3.59
43297,41242,1.0,16.311475,3.59,14.680328,3.23
43297,31856,2.0,30.991803,6.82,27.893443,6.14
43296,3865,2.0,31.970492,7.03,31.970492,7.03
43285,3321,1.0,12.213115,2.69,12.213115,2.69
43285,3865,4.0,63.940984,14.07,63.940984,14.07
43285,25752,4.0,41.44918,9.12,41.44918,9.12
43284,3865,2.0,31.970492,7.03,31.970492,7.03
43283,3865,2.0,31.970492,7.03,31.970492,7.03
43282,42360,1.0,10.57377,2.33,9.516393,2.09
43282,25752,1.0,10.57377,2.33,10.57377,2.33
43281,42360,2.0,31.970492,7.03,28.77377,6.33
43280,42360,1.0,16.311475,3.59,15.262295,3.36
43280,3321,1.0,12.213115,2.69,11.172131,2.46
43280,25752,3.0,47.955738,10.55,44.82459,9.86
43280,38296,2.0,39.180328,8.62,37.081967,8.16
43279,3870,1.0,16.311475,3.59,13.868852,3.05
43279,3361,3.0,16.458197,3.62,13.990984,3.08
43279,36357,3.0,16.458197,3.62,13.990984,3.08
43279,25001,1.0,17.95082,3.95,15.254098,3.36
43278,25752,2.0,20.72459,4.56,20.72459,4.56
43278,36951,1.0,21.229508,4.67,21.229508,4.67
43278,3386,1.0,0.0,0.0,0.0,0.0
43278,38054,1.0,0.0,0.0,0.0,0.0
43277,39466,1.0,14.672131,3.23,13.204918,2.91
43277,36357,1.0,0.0,0.0,0.0,0.0
43277,35699,1.0,0.0,0.0,0.0,0.0
43277,42360,1.0,10.57377,2.33,9.516393,2.09
43277,31856,1.0,16.311475,3.59,16.311475,3.59
43277,3386,1.0,4.852459,1.07,4.852459,1.07
43276,42360,1.0,16.311475,3.59,14.680328,3.23
43276,25752,1.0,16.311475,3.59,16.311475,3.59
43276,3865,1.0,16.311475,3.59,14.680328,3.23
43275,42360,3.0,47.955738,10.55,47.955738,10.55
43274,25752,2.0,31.970492,7.03,31.970492,7.03
43274,42360,2.0,31.970492,7.03,31.970492,7.03
43273,42360,5.0,79.92623,17.58,71.934426,15.83
43272,3865,1.0,10.57377,2.33,9.516393,2.09
43272,3870,1.0,16.311475,3.59,16.311475,3.59
43272,25752,1.0,10.57377,2.33,10.57377,2.33
43271,25752,1.0,16.311475,3.59,16.311475,3.59
43271,31856,1.0,16.311475,3.59,16.311475,3.59
43270,3865,1.0,16.311475,3.59,14.680328,3.23
43270,42360,2.0,31.970492,7.03,28.77377,6.33
43270,3870,1.0,15.762295,3.47,15.762295,3.47
43270,39466,1.0,14.672131,3.23,13.204918,2.91
43270,36357,1.0,0.0,0.0,0.0,0.0
43270,35699,1.0,0.0,0.0,0.0,0.0
43269,42360,1.0,16.311475,3.59,15.663934,3.45
43269,3361,1.0,5.655738,1.24,5.016393,1.1
43269,42304,1.0,4.016393,0.88,3.377049,0.74
43267,3865,1.0,16.311475,3.59,14.680328,3.23
43267,41242,1.0,16.311475,3.59,14.680328,3.23
43266,42360,2.0,31.970492,7.03,31.970492,7.03
43265,3870,2.0,30.991803,6.82,30.991803,6.82
43265,3865,2.0,11.229836,2.47,10.106885,2.22
43244,42360,1.0,10.57377,2.33,9.516393,2.09
43243,42360,2.0,31.970492,7.03,28.77377,6.33
43242,25001,3.0,78.258197,17.22,76.922131,16.92
43241,42360,2.0,31.970492,7.03,28.77377,6.33
43231,24422,1.0,16.311475,3.59,15.901639,3.5
43231,3870,1.0,16.311475,3.59,15.909836,3.5
43231,3865,1.0,16.311475,3.59,15.909836,3.5
43230,42360,2.0,20.72459,4.56,20.72459,4.56
43230,3870,2.0,31.52459,6.94,31.52459,6.94
43230,25001,4.0,104.344262,22.96,104.344262,22.96
43223,3865,2.0,31.970492,7.03,31.970492,7.03
43222,42360,2.0,21.14754098,4.65,21.14754098,4.65
43222,3870,2.0,31.14754098,6.85,31.14754098,6.85
43222,25752,1.0,10.16393443,2.24,10.16393443,2.24
43222,25752,2.0,11.31147541,2.49,11.31147541,2.49
43222,37170,1.0,18.03278689,3.97,18.03278689,3.97
43221,3314,12.0,49.18032787,10.82,49.18032787,10.82
43220,3865,1.0,10.57377,2.33,9.516393,2.09
43220,25752,1.0,16.311475,3.59,14.680328,3.23
43219,3870,2.0,30.991803,6.82,30.991803,6.82
43218,41242,1.0,10.57377,2.33,10.57377,2.33
43218,3865,1.0,9.778689,2.15,9.778689,2.15
43218,42360,1.0,10.57377,2.33,10.57377,2.33
43216,30799,1.0,42.540984,9.36,38.286885,8.42
43216,3870,1.0,0.0,0.0,0.0,0.0
43216,35699,1.0,0.0,0.0,0.0,0.0
43216,37170,1.0,0.0,0.0,0.0,0.0
43215,30799,1.0,42.540984,9.36,42.540984,9.36
43215,3870,1.0,0.0,0.0,0.0,0.0
43215,35699,1.0,0.0,0.0,0.0,0.0
43215,37170,1.0,0.0,0.0,0.0,0.0
43215,3313,1.0,8.901639,1.96,8.901639,1.96
43200,3386,1.0,5.655738,1.24,5.655738,1.24
43200,36205,1.0,22.868852,5.03,22.868852,5.03
43200,42495,1.0,0.0,0.0,0.0,0.0
43200,3314,1.0,0.0,0.0,0.0,0.0
43200,3313,1.0,0.0,0.0,0.0,0.0
43194,31527,2.0,64.101639,14.1,57.691803,12.69
43193,36951,1.0,21.229508,4.67,21.229508,4.67
43193,3386,1.0,0.0,0.0,0.0,0.0
43193,38054,1.0,0.0,0.0,0.0,0.0
43193,3386,1.0,5.655738,1.24,5.655738,1.24
43172,3865,1.0,16.311475,3.59,16.311475,3.59
43172,36205,1.0,22.868852,5.03,22.868852,5.03
43172,42495,1.0,0.0,0.0,0.0,0.0
43172,3314,1.0,0.0,0.0,0.0,0.0
43172,3313,1.0,0.0,0.0,0.0,0.0
43109,38808,2.0,29.344262,6.46,29.344262,6.46
43109,3386,2.0,0.0,0.0,0.0,0.0
43109,38794,2.0,0.0,0.0,0.0,0.0
43067,25001,1.0,27.459016,6.04,27.459016,6.04
43066,25001,1.0,24.59016393,5.41,24.59016393,5.41
43066,3313,12.0,49.18032787,10.82,49.18032787,10.82
43065,3314,18.0,88.52459016,19.48,88.52459016,19.48
43064,3865,2.0,31.970492,7.03,31.970492,7.03
43063,41685,1.0,32.704918,7.2,30.959016,6.81
43062,3865,2.0,31.970492,7.03,25.716393,5.66
43061,25001,2.0,34.106557,7.5,34.106557,7.5
43060,3865,4.0,63.940984,14.07,63.940984,14.07
43059,3865,2.0,31.970492,7.03,31.970492,7.03
43059,31856,1.0,16.311475,3.59,16.311475,3.59
43059,24422,1.0,16.311475,3.59,16.311475,3.59
43051,38808,2.0,29.344262,6.46,26.409836,5.81
43051,3386,2.0,0.0,0.0,0.0,0.0
43051,38794,2.0,0.0,0.0,0.0,0.0
43051,3321,1.0,11.778689,2.59,11.778689,2.59
43050,41242,1.0,16.311475,3.59,16.311475,3.59
43050,42360,2.0,31.970492,7.03,31.970492,7.03
43050,41685,1.0,32.704918,7.2,32.704918,7.2
43049,31527,2.0,64.101639,14.1,64.101639,14.1
43048,3870,2.0,30.991803,6.82,26.172131,5.76
43047,3870,2.0,30.991803,6.82,30.991803,6.82
43047,25752,2.0,20.72459,4.56,20.72459,4.56
43046,25752,1.0,16.311475,3.59,16.311475,3.59
43046,3865,1.0,16.311475,3.59,16.311475,3.59
43045,25752,1.0,16.311475,3.59,16.311475,3.59
43045,41242,1.0,16.311475,3.59,16.311475,3.59
43044,3870,1.0,16.311475,3.59,13.860656,3.05
43044,3361,3.0,16.458197,3.62,13.990984,3.08
43043,25001,4.0,104.344262,22.96,104.344262,22.96
43041,25001,2.0,52.172131,11.48,52.172131,11.48
43040,3865,1.0,16.311475,3.59,14.680328,3.23
43040,25752,1.0,10.57377,2.33,9.516393,2.09
43039,41242,1.0,16.311475,3.59,14.680328,3.23
43039,42360,1.0,16.311475,3.59,14.680328,3.23
43039,41677,1.0,19.508197,4.29,17.557377,3.86
43039,41660,1.0,0.0,0.0,0.0,0.0
43039,38794,1.0,0.0,0.0,0.0,0.0
43038,3386,1.0,5.655738,1.24,5.655738,1.24
43038,36205,1.0,22.868852,5.03,22.868852,5.03
43038,42495,1.0,0.0,0.0,0.0,0.0
43038,3314,1.0,0.0,0.0,0.0,0.0
43038,3313,1.0,0.0,0.0,0.0,0.0
43037,36205,1.0,22.868852,5.03,22.868852,5.03
43037,42495,1.0,0.0,0.0,0.0,0.0
43037,3314,1.0,0.0,0.0,0.0,0.0
43037,3313,1.0,0.0,0.0,0.0,0.0
43037,3386,1.0,5.655738,1.24,5.655738,1.24
43036,25752,2.0,31.970492,7.03,31.970492,7.03
43036,38808,1.0,14.672131,3.23,14.672131,3.23
43036,3386,1.0,0.0,0.0,0.0,0.0
43036,38794,1.0,0.0,0.0,0.0,0.0
43036,39466,1.0,14.672131,3.23,14.672131,3.23
43036,36357,1.0,0.0,0.0,0.0,0.0
43036,35699,1.0,0.0,0.0,0.0,0.0
43035,3865,2.0,31.970492,7.03,28.77377,6.33
43034,3865,2.0,31.970492,7.03,28.77377,6.33
43032,32526,2.0,125.245902,27.55,112.680328,24.79
43031,3865,2.0,31.970492,7.03,31.970492,7.03
43030,39466,1.0,14.672131,3.23,14.672131,3.23
43030,36357,1.0,0.0,0.0,0.0,0.0
43030,35699,1.0,0.0,0.0,0.0,0.0
43029,3865,1.0,10.57377,2.33,10.57377,2.33
43029,3870,1.0,16.311475,3.59,16.311475,3.59
43029,3321,1.0,12.213115,2.69,12.213115,2.69
43028,36796,1.0,24.508197,5.39,24.508197,5.39
43028,37170,1.0,0.0,0.0,0.0,0.0
43028,3313,1.0,0.0,0.0,0.0,0.0
43027,36205,1.0,22.868852,5.03,20.581967,4.53
43027,42495,1.0,0.0,0.0,0.0,0.0
43027,3314,1.0,0.0,0.0,0.0,0.0
43027,3313,1.0,0.0,0.0,0.0,0.0
43027,41242,2.0,31.970492,7.03,28.77377,6.33
43026,3865,1.0,16.311475,3.59,16.311475,3.59
43026,3870,1.0,15.762295,3.47,15.762295,3.47
43025,36205,1.0,22.868852,5.03,22.868852,5.03
43025,42495,1.0,0.0,0.0,0.0,0.0
43025,3314,1.0,0.0,0.0,0.0,0.0
43025,3313,1.0,0.0,0.0,0.0,0.0
43024,36796,1.0,24.508197,5.39,24.508197,5.39
43024,37170,1.0,0.0,0.0,0.0,0.0
43024,3313,1.0,0.0,0.0,0.0,0.0
43023,3865,2.0,31.970492,7.03,31.970492,7.03
43022,30799,1.0,42.540984,9.36,38.286885,8.42
43022,3870,1.0,0.0,0.0,0.0,0.0
43022,35699,1.0,0.0,0.0,0.0,0.0
43022,37170,1.0,0.0,0.0,0.0,0.0
43021,3386,6.0,32.237705,7.09,29.016393,6.38
43021,3361,6.0,32.237705,7.09,29.016393,6.38
43021,3314,6.0,50.92623,11.2,45.827869,10.08
43019,3865,1.0,16.311475,3.59,14.680328,3.23
43019,25752,1.0,10.57377,2.33,9.516393,2.09
43018,36205,1.0,22.868852,5.03,22.868852,5.03
43018,42495,1.0,0.0,0.0,0.0,0.0
43018,3314,1.0,0.0,0.0,0.0,0.0
43018,3313,1.0,0.0,0.0,0.0,0.0
43018,3321,2.0,23.557377,5.18,23.557377,5.18
43017,41242,1.0,16.311475,3.59,16.311475,3.59
43017,31856,1.0,16.311475,3.59,16.311475,3.59
43017,25752,1.0,16.311475,3.59,16.311475,3.59
43014,3321,1.0,12.213115,2.69,12.213115,2.69
43014,41242,1.0,16.311475,3.59,16.311475,3.59
43014,24422,1.0,16.311475,3.59,16.311475,3.59
43014,35699,1.0,10.57377,2.33,10.57377,2.33
43013,3865,1.0,16.311475,3.59,16.311475,3.59
43013,38296,1.0,20.409836,4.49,20.409836,4.49
43012,3865,1.0,16.311475,3.59,14.680328,3.23
43012,41242,1.0,16.311475,3.59,14.680328,3.23
43009,25752,1.0,10.57377,2.33,10.57377,2.33
43009,25001,1.0,17.95082,3.95,17.95082,3.95
43001,3314,3.0,25.99918,5.72,25.99918,5.72
43001,36951,1.0,21.229508,4.67,21.229508,4.67
43001,3386,1.0,0.0,0.0,0.0,0.0
43001,38054,1.0,0.0,0.0,0.0,0.0
43001,36796,1.0,24.508197,5.39,24.508197,5.39
43001,37170,1.0,0.0,0.0,0.0,0.0
43001,3313,1.0,0.0,0.0,0.0,0.0
42999,3865,1.0,16.311475,3.59,14.680328,3.23
42998,32396,1.0,16.311475,3.59,14.745902,3.24
42993,31527,1.0,32.704918,7.2,32.704918,7.2
42992,3870,2.0,30.991803,6.82,26.336066,5.79
42992,3314,1.0,8.934426,1.97,7.598361,1.67
42992,3313,1.0,8.901639,1.96,8.901639,1.96
42991,25001,1.0,17.95082,3.95,17.95082,3.95
42991,3865,1.0,16.311475,3.59,16.311475,3.59
42989,37170,1.0,8.196721310000001,1.8,8.196721310000001,1.8
42988,3865,1.0,16.311475,3.59,16.311475,3.59
42988,25752,1.0,10.57377,2.33,10.57377,2.33
42987,3865,1.0,16.311475,3.59,14.680328,3.23
42987,25752,2.0,31.970492,7.03,28.77377,6.33
42986,41685,2.0,64.101639,14.1,64.101639,14.1
42984,32396,1.0,16.311475,3.59,16.311475,3.59
42983,36796,1.0,24.508197,5.39,24.508197,5.39
42983,37170,1.0,0.0,0.0,0.0,0.0
42983,3313,1.0,0.0,0.0,0.0,0.0
42983,3314,12.0,96.491803,21.23,96.491803,21.23
42983,3313,6.0,55.598361,12.23,55.598361,12.23
42983,3386,6.0,32.237705,7.09,32.237705,7.09
42982,41677,2.0,39.016393,8.58,35.114754,7.73
42982,41660,2.0,0.0,0.0,0.0,0.0
42982,38794,2.0,0.0,0.0,0.0,0.0
42981,3865,5.0,79.92623,17.58,68.245902,15.01
42980,41242,1.0,10.57377,2.33,10.57377,2.33
42980,3386,2.0,11.311475,2.49,11.311475,2.49
42979,41242,1.0,10.57377,2.33,9.516393,2.09
42979,31856,1.0,16.311475,3.59,14.680328,3.23
42978,41242,1.0,16.311475,3.59,14.680328,3.23
42978,3386,2.0,11.311475,2.49,11.311475,2.49
42977,3865,1.0,16.311475,3.59,16.311475,3.59
42977,25752,1.0,16.311475,3.59,16.311475,3.59
42973,3865,2.0,31.970492,7.03,31.970492,7.03
42971,3865,10.0,103.622951,22.8,103.622951,22.8
42970,36205,1.0,22.868852,5.03,20.008197,4.4
42970,42495,1.0,0.0,0.0,0.0,0.0
42970,3314,1.0,0.0,0.0,0.0,0.0
42970,3313,1.0,0.0,0.0,0.0,0.0
42970,3321,1.0,11.778689,2.59,8.918033,1.96
42968,3865,1.0,10.57377,2.33,10.57377,2.33
42968,25752,1.0,10.57377,2.33,10.57377,2.33
42968,3870,1.0,16.311475,3.59,16.311475,3.59
42917,25752,1.0,16.311475,3.59,16.311475,3.59
42917,41685,1.0,32.704918,7.2,32.704918,7.2
42915,3865,2.0,31.970492,7.03,31.970492,7.03
42914,3865,2.0,31.970492,7.03,31.970492,7.03
42914,25752,1.0,10.57377,2.33,10.57377,2.33
42914,31856,1.0,16.311475,3.59,16.311475,3.59
42913,3865,1.0,16.311475,3.59,16.311475,3.59
42912,3865,2.0,31.970492,7.03,28.77377,6.33
42911,31527,3.0,96.152459,21.15,96.152459,21.15
42909,25752,2.0,31.970492,7.03,31.970492,7.03
42908,3870,1.0,16.311475,3.59,16.311475,3.59
42908,25001,1.0,17.95082,3.95,17.95082,3.95
42898,3314,6.0,24.59016393,5.41,24.59016393,5.41
42897,3865,2.0,31.970492,7.03,31.970492,7.03
42896,3361,3.0,16.627869,3.66,14.972131,3.29
42896,25001,1.0,17.95082,3.95,16.147541,3.55
42896,3865,1.0,16.311475,3.59,14.672131,3.23
42896,3313,3.0,28.677049,6.31,25.816393,5.68
42895,41242,1.0,16.311475,3.59,16.311475,3.59
42895,31856,1.0,16.311475,3.59,16.311475,3.59
42895,36951,1.0,21.229508,4.67,21.229508,4.67
42895,3386,1.0,0.0,0.0,0.0,0.0
42895,38054,1.0,0.0,0.0,0.0,0.0
42894,3865,3.0,47.955738,10.55,47.955738,10.55
42894,25752,2.0,31.970492,7.03,31.970492,7.03
42893,38808,2.0,29.344262,6.46,28.647541,6.3
42893,3386,2.0,0.0,0.0,0.0,0.0
42893,38794,2.0,0.0,0.0,0.0,0.0
42892,31527,1.0,32.704918,7.2,32.704918,7.2
42891,3865,1.0,16.311475,3.59,16.311475,3.59
42889,25752,4.0,41.44918,9.12,37.301639,8.21
42888,30799,1.0,42.540984,9.36,38.286885,8.42
42888,3870,1.0,0.0,0.0,0.0,0.0
42888,35699,1.0,0.0,0.0,0.0,0.0
42888,37170,1.0,0.0,0.0,0.0,0.0
42887,3865,1.0,16.311475,3.59,16.311475,3.59
42886,31527,4.0,128.203279,28.2,128.203279,28.2
42885,3313,1.0,9.754098,2.15,8.778689,1.93
42885,3314,2.0,17.868852,3.93,16.081967,3.54
42883,31527,1.0,32.704918,7.2,29.434426,6.48
42883,41685,2.0,64.101639,14.1,57.691803,12.69
42882,25001,4.0,68.213115,15.01,57.983607,12.76
42881,25752,1.0,16.311475,3.59,16.311475,3.59
42881,3870,1.0,16.311475,3.59,16.311475,3.59
42880,3865,1.0,16.311475,3.59,16.311475,3.59
42880,41242,1.0,16.311475,3.59,16.311475,3.59
42879,30799,1.0,42.540984,9.36,42.540984,9.36
42879,3870,1.0,0.0,0.0,0.0,0.0
42879,35699,1.0,0.0,0.0,0.0,0.0
42879,37170,1.0,0.0,0.0,0.0,0.0
42878,3865,2.0,11.229836,2.47,10.106885,2.22
42876,3865,1.0,16.311475,3.59,14.680328,3.23
42876,31856,1.0,16.311475,3.59,14.680328,3.23
42875,3361,2.0,14.75409836,3.25,14.75409836,3.25
42875,3313,2.0,19.67213115,4.33,19.67213115,4.33
42875,3314,2.0,18.03278689,3.97,18.03278689,3.97
42875,38054,1.0,15.57377049,3.43,15.57377049,3.43
42874,3865,1.0,16.311475,3.59,16.311475,3.59
42874,25752,1.0,16.311475,3.59,16.311475,3.59
42872,24422,1.0,16.311475,3.59,13.868852,3.05
42870,31527,1.0,32.704918,7.2,32.704918,7.2
42870,41685,1.0,32.704918,7.2,32.704918,7.2
42869,31527,2.0,64.101639,14.1,64.101639,14.1
42869,3321,1.0,11.778689,2.59,11.778689,2.59
42868,25752,2.0,31.970492,7.03,28.77377,6.33
42867,31856,2.0,30.991803,6.82,30.991803,6.82
42866,3865,2.0,31.970492,7.03,28.77377,6.33
42865,41242,2.0,31.970492,7.03,28.77377,6.33
42864,24422,1.0,22.04918,4.85,22.04918,4.85
42864,25001,1.0,27.459016,6.04,27.459016,6.04
42863,41242,1.0,16.311475,3.59,16.311475,3.59
42862,36357,2.0,11.311475,2.49,9.606557,2.11
42862,3361,6.0,32.237705,7.09,27.409836,6.03
42861,3870,2.0,30.991803,6.82,30.991803,6.82
42860,3865,1.0,5.729508,1.26,5.729508,1.26
42854,31527,1.0,32.704918,7.2,32.704918,7.2
42849,41685,1.0,32.704918,7.2,32.704918,7.2
42848,25752,1.0,16.311475,3.59,14.672131,3.23
42848,3386,30.0,152.704918,33.6,137.434426,30.24
42848,3361,33.0,167.97541,36.95,151.180328,33.26
42848,36357,18.0,91.622951,20.16,82.467213,18.14
42847,25001,2.0,52.172131,11.48,52.172131,11.48
42846,3865,1.0,16.311475,3.59,16.311475,3.59
42845,36796,1.0,24.508197,5.39,22.057377,4.85
42845,37170,1.0,0.0,0.0,0.0,0.0
42845,3313,1.0,0.0,0.0,0.0,0.0
42845,3386,1.0,5.655738,1.24,5.090164,1.12
42844,3865,2.0,20.72459,4.56,20.72459,4.56
42843,31527,2.0,64.101639,14.1,57.691803,12.69
42842,3865,1.0,10.57377,2.33,10.57377,2.33
42842,25752,1.0,16.311475,3.59,16.311475,3.59
42841,3865,1.0,16.311475,3.59,16.311475,3.59
42841,3386,2.0,11.311475,2.49,11.311475,2.49
42840,3865,5.0,28.07459,6.18,28.07459,6.18
42804,25752,1.0,16.311475,3.59,14.680328,3.23
42804,3865,1.0,16.311475,3.59,14.680328,3.23
42803,25001,1.0,27.459016,6.04,26.803279,5.9
42802,31527,4.0,128.203279,28.2,128.203279,28.2
42801,31527,4.0,128.203279,28.2,125.678689,27.65
42800,3865,2.0,31.970492,7.03,28.77377,6.33
42800,38808,1.0,14.672131,3.23,13.204918,2.91
42800,3386,1.0,0.0,0.0,0.0,0.0
42800,38794,1.0,0.0,0.0,0.0,0.0
42800,3870,1.0,16.311475,3.59,14.680328,3.23
42798,38296,1.0,20.409836,4.49,20.409836,4.49
42798,25752,1.0,10.57377,2.33,10.57377,2.33
42797,30799,1.0,42.540984,9.36,40.54918,8.92
42797,3870,1.0,0.0,0.0,0.0,0.0
42797,35699,1.0,0.0,0.0,0.0,0.0
42797,37170,1.0,0.0,0.0,0.0,0.0
42796,41242,2.0,31.970492,7.03,31.970492,7.03
42795,3865,2.0,31.970492,7.03,31.970492,7.03
42795,31856,2.0,30.991803,6.82,30.991803,6.82
42793,36649,3.0,63.688525,14.01,63.688525,14.01
42793,42495,3.0,0.0,0.0,0.0,0.0
42793,3870,3.0,0.0,0.0,0.0,0.0
42792,41242,1.0,10.57377,2.33,9.327869,2.05
42792,3321,1.0,12.213115,2.69,10.967213,2.41
42792,25752,2.0,31.970492,7.03,29.462295,6.48
42791,25752,2.0,31.970492,7.03,27.17541,5.98
42791,3865,1.0,16.311475,3.59,13.860656,3.05
42791,3870,2.0,30.991803,6.82,26.344262,5.8
42791,3321,1.0,11.778689,2.59,11.778689,2.59
42791,24422,1.0,16.311475,3.59,13.860656,3.05
42791,42516,1.0,8.606557,1.89,7.319672,1.61
42790,3865,1.0,16.311475,3.59,14.680328,3.23
42790,25752,1.0,16.311475,3.59,14.680328,3.23
42788,25001,1.0,27.459016,6.04,27.459016,6.04
42728,3865,1.0,16.311475,3.59,16.311475,3.59
42728,3870,1.0,15.762295,3.47,15.762295,3.47
42728,3321,1.0,11.778689,2.59,11.778689,2.59
42711,3361,8.0,32.78688525,7.21,32.78688525,7.21
42711,3314,6.0,24.59016393,5.41,24.59016393,5.41
42711,3313,6.0,24.59016393,5.41,24.59016393,5.41
42710,3865,2.0,31.970492,7.03,31.970492,7.03
42709,3865,1.0,10.57377,2.33,10.57377,2.33
42709,3870,1.0,16.311475,3.59,16.311475,3.59
42708,3865,1.0,16.311475,3.59,16.311475,3.59
42708,25001,1.0,17.95082,3.95,17.95082,3.95
42707,3865,3.0,31.086885,6.84,31.086885,6.84
42704,3865,6.0,95.911475,21.1,95.911475,21.1
42704,38454,1.0,0.0,0.0,0.0,0.0
42700,3865,2.0,31.970492,7.03,31.970492,7.03
42699,41685,1.0,32.704918,7.2,32.704918,7.2
42698,3865,4.0,63.940984,14.07,63.940984,14.07
42698,38454,1.0,0.0,0.0,0.0,0.0
42697,3865,2.0,31.970492,7.03,31.970492,7.03
42696,31856,3.0,46.487705,10.23,46.487705,10.23
42695,3865,2.0,31.970492,7.03,31.970492,7.03
42694,3321,1.0,12.213115,2.69,12.213115,2.69
42694,3865,1.0,16.311475,3.59,16.311475,3.59
42694,25752,1.0,16.311475,3.59,16.311475,3.59
42693,3865,1.0,16.311475,3.59,16.311475,3.59
42692,39466,1.0,14.672131,3.23,14.672131,3.23
42692,36357,1.0,0.0,0.0,0.0,0.0
42692,35699,1.0,0.0,0.0,0.0,0.0
42692,3870,1.0,15.762295,3.47,15.762295,3.47
42691,3865,2.0,31.970492,7.03,31.970492,7.03
42691,3870,1.0,15.762295,3.47,15.762295,3.47
42688,3865,1.0,16.311475,3.59,16.311475,3.59
42686,36205,2.0,45.737705,10.06,45.737705,10.06
42686,42495,2.0,0.0,0.0,0.0,0.0
42686,3314,2.0,0.0,0.0,0.0,0.0
42686,3313,2.0,0.0,0.0,0.0,0.0
42684,3865,2.0,31.970492,7.03,31.970492,7.03
42683,24422,1.0,22.04918,4.85,20.778689,4.57
42683,41677,1.0,19.508197,4.29,18.237705,4.01
42683,41660,1.0,0.0,0.0,0.0,0.0
42683,38794,1.0,0.0,0.0,0.0,0.0
42683,3865,1.0,16.311475,3.59,15.040984,3.31
42683,3386,3.0,14.557377,3.2,10.762295,2.37
42683,3361,3.0,16.627869,3.66,12.816393,2.82
42682,31856,1.0,16.311475,3.59,16.311475,3.59
42682,36796,1.0,24.508197,5.39,24.508197,5.39
42682,37170,1.0,0.0,0.0,0.0,0.0
42682,3313,1.0,0.0,0.0,0.0,0.0
42682,25752,1.0,10.57377,2.33,10.57377,2.33
42681,3870,2.0,30.991803,6.82,27.893443,6.14
42679,25001,2.0,52.172131,11.48,52.172131,11.48
42678,3865,1.0,16.311475,3.59,14.680327,3.23
42678,41242,1.0,16.311475,3.59,14.680327,3.23
42677,3321,1.0,11.778689,2.59,11.778689,2.59
42677,3865,2.0,31.970492,7.03,28.77377,6.33
42673,25752,1.0,16.311475,3.59,16.311475,3.59
42672,32526,1.0,31.967213,7.03,31.967213,7.03
42671,30799,1.0,42.540984,9.36,42.540984,9.36
42671,3870,1.0,0.0,0.0,0.0,0.0
42671,35699,1.0,0.0,0.0,0.0,0.0
42671,37170,1.0,0.0,0.0,0.0,0.0
42670,31856,1.0,16.311475,3.59,13.860656,3.05
42670,3865,1.0,16.311475,3.59,13.860656,3.05
42670,3870,1.0,16.311475,3.59,13.868852,3.05
42670,25752,1.0,16.311475,3.59,13.868852,3.05
42649,3865,2.0,31.970492,7.03,28.773771,6.33
42644,3865,1.0,16.311475,3.59,16.311475,3.59
42644,25752,1.0,16.311475,3.59,16.311475,3.59
42643,31527,4.0,128.203279,28.2,128.203279,28.2
42643,38454,1.0,0.0,0.0,0.0,0.0
42642,3870,1.0,16.311475,3.59,14.680328,3.23
42642,3865,1.0,16.311475,3.59,14.680328,3.23
42640,39466,2.0,29.344262,6.46,24.942623,5.49
42640,36357,2.0,0.0,0.0,0.0,0.0
42640,35699,2.0,0.0,0.0,0.0,0.0
42639,3865,2.0,31.970492,7.03,31.970492,7.03
42638,3865,2.0,31.970492,7.03,31.970492,7.03
42638,3321,1.0,12.213115,2.69,12.213115,2.69
42637,24422,2.0,30.991803,6.82,26.344262,5.8
42637,25752,2.0,20.72459,4.56,17.618033,3.88
42635,32396,4.0,65.245902,14.35,58.360656,12.84
42634,25001,2.0,34.106557,7.5,28.991803,6.38
42631,23378,1.0,29.491803,6.49,29.491803,6.49
42630,41685,1.0,32.704918,7.2,27.803279,6.12
42620,3361,2.0,11.311475,2.49,11.311475,2.49
42620,3870,1.0,16.311475,3.59,16.311475,3.59
42619,31527,1.0,32.704918,7.2,32.704918,7.2
42618,3865,1.0,16.311475,3.59,16.311475,3.59
42618,3870,1.0,16.311475,3.59,16.311475,3.59
42618,31856,1.0,16.311475,3.59,16.311475,3.59
42617,3865,1.0,16.311475,3.59,16.311475,3.59
42617,3386,2.0,11.311475,2.49,11.311475,2.49
42615,3313,2.0,19.50819672,4.29,18.852459,4.15
42615,3314,2.0,17.86885246,3.93,17.213114,3.79
42615,3386,2.0,11.31147541,2.49,10.655737,2.34
42615,3361,2.0,11.31147541,2.49,10.655737,2.34
42613,3386,2.0,11.31147541,2.49,11.147541,2.45
42613,3314,1.0,8.93442623,1.97,8.852459,1.95
42613,25752,2.0,21.14754098,4.65,20.983607,4.62
42611,25001,1.0,27.459016,6.04,24.713115,5.44
42610,31856,1.0,16.311475,3.59,13.868852,3.05
42610,41677,1.0,19.508197,4.29,16.581967,3.65
42610,41660,1.0,0.0,0.0,0.0,0.0
42610,38794,1.0,0.0,0.0,0.0,0.0
42609,41242,1.0,16.311475,3.59,16.311475,3.59
42609,25752,1.0,16.311475,3.59,16.311475,3.59
42608,31527,2.0,64.101639,14.1,64.101639,14.1
42607,3870,1.0,16.311475,3.59,15.983607,3.52
42607,25752,1.0,10.57377,2.33,10.245902,2.25
42606,3865,1.0,16.311475,3.59,16.311475,3.59
42605,32526,1.0,16.311475,3.59,16.311475,3.59
42596,3865,4.0,63.940984,14.07,63.940984,14.07
42580,3865,1.0,16.311475,3.59,13.860656,3.05
42580,25752,1.0,16.311475,3.59,13.868852,3.05
42579,3865,2.0,31.970492,7.03,31.970492,7.03
42578,3865,1.0,16.311475,3.59,16.311475,3.59
42578,25752,1.0,16.311475,3.59,16.311475,3.59
42575,36796,1.0,24.508197,5.39,24.409836,5.37
42575,37170,1.0,0.0,0.0,0.0,0.0
42575,3313,1.0,0.0,0.0,0.0,0.0
42575,3313,6.0,55.598361,12.23,55.040984,12.11
42569,41685,1.0,32.704918,7.2,27.803279,6.12
42567,38296,1.0,20.409836,4.49,20.409836,4.49
42567,25752,1.0,10.57377,2.33,10.57377,2.33
42566,3865,1.0,16.311475,3.59,12.311475,2.71
42566,25752,1.0,16.311475,3.59,12.319672,2.71
42565,3870,1.0,16.311475,3.59,14.680328,3.23
42565,3865,1.0,16.311475,3.59,14.680328,3.23
42563,31527,1.0,32.704918,7.2,32.704918,7.2
42562,3865,2.0,31.970492,7.03,31.970492,7.03
42561,3865,1.0,16.311475,3.59,16.311475,3.59
42560,3865,2.0,31.970492,7.03,31.970492,7.03
42559,3865,1.0,10.57377,2.33,10.57377,2.33
42559,3865,1.0,16.311475,3.59,16.311475,3.59
42558,25001,2.0,52.172131,11.48,44.344262,9.76
42557,23378,2.0,29.491803,6.49,29.491803,6.49
42556,3865,1.0,16.311475,3.59,16.311475,3.59
42555,3865,6.0,95.911475,21.1,95.911475,21.1
42554,30799,1.0,42.540984,9.36,42.540984,9.36
42554,3870,1.0,0.0,0.0,0.0,0.0
42554,35699,1.0,0.0,0.0,0.0,0.0
42554,37170,1.0,0.0,0.0,0.0,0.0
42554,25752,1.0,16.311475,3.59,16.311475,3.59
42553,3865,4.0,63.940984,14.07,63.940984,14.07
42553,38454,1.0,0.0,0.0,0.0,0.0
42552,39466,2.0,29.344262,6.46,24.942623,5.49
42552,36357,2.0,0.0,0.0,0.0,0.0
42552,35699,2.0,0.0,0.0,0.0,0.0
42552,25752,1.0,16.311475,3.59,13.868852,3.05
42552,3870,1.0,15.762295,3.47,15.762295,3.47
42551,3865,2.0,31.970492,7.03,31.970492,7.03
42550,3865,2.0,31.970492,7.03,31.970492,7.03
42549,31527,2.0,64.101639,14.1,64.101639,14.1
42548,41677,1.0,19.508197,4.29,16.581967,3.65
42548,41660,1.0,0.0,0.0,0.0,0.0
42548,38794,1.0,0.0,0.0,0.0,0.0
42548,38808,1.0,14.672131,3.23,12.47541,2.74
42548,3386,1.0,0.0,0.0,0.0,0.0
42548,38794,1.0,0.0,0.0,0.0,0.0
42547,30799,1.0,42.540984,9.36,42.540984,9.36
42547,3870,1.0,0.0,0.0,0.0,0.0
42547,35699,1.0,0.0,0.0,0.0,0.0
42547,37170,1.0,0.0,0.0,0.0,0.0
42547,24422,1.0,16.311475,3.59,16.311475,3.59
42546,25001,2.0,34.106557,7.5,34.106557,7.5
42545,3865,6.0,95.911475,21.1,95.911475,21.1
42545,38454,1.0,0.0,0.0,0.0,0.0
42545,39466,1.0,14.672131,3.23,14.672131,3.23
42545,36357,1.0,0.0,0.0,0.0,0.0
42545,35699,1.0,0.0,0.0,0.0,0.0
42544,25752,1.0,16.311475,3.59,16.311475,3.59
42544,3865,1.0,16.311475,3.59,16.311475,3.59
42542,41677,2.0,39.016393,8.58,39.016393,8.58
42542,41660,2.0,0.0,0.0,0.0,0.0
42542,38794,2.0,0.0,0.0,0.0,0.0
42540,3865,1.0,5.729508,1.26,5.729508,1.26
42540,25752,1.0,10.57377,2.33,10.57377,2.33
42539,36205,1.0,22.868852,5.03,19.434426,4.28
42539,42495,1.0,0.0,0.0,0.0,0.0
42539,3314,1.0,0.0,0.0,0.0,0.0
42539,3313,1.0,0.0,0.0,0.0,0.0
42539,36357,3.0,16.627869,3.66,14.136066,3.11
42538,3865,3.0,47.955738,10.55,47.955738,10.55
42538,3865,3.0,31.086885,6.84,31.086885,6.84
42538,25752,2.0,31.970492,7.03,31.970492,7.03
42538,31856,1.0,17.131148,3.77,17.131148,3.77
42537,3361,2.0,11.311475,2.49,9.614754,2.12
42537,3313,1.0,9.754098,2.15,8.286885,1.82
42537,3386,1.0,5.655738,1.24,4.811475,1.06
42536,3361,12.0,61.081967,13.44,51.92623,11.42
42536,3314,6.0,50.92623,11.2,43.278689,9.52
42535,3870,2.0,30.991803,6.82,26.344262,5.8
42534,36951,1.0,21.229508,4.67,18.040984,3.97
42534,3386,1.0,0.0,0.0,0.0,0.0
42534,38054,1.0,0.0,0.0,0.0,0.0
42534,39466,1.0,14.672131,3.23,12.47541,2.74
42534,36357,1.0,0.0,0.0,0.0,0.0
42534,35699,1.0,0.0,0.0,0.0,0.0
42533,3314,1.0,9.01639344,1.98,9.01639344,1.98
42533,3386,1.0,7.37704918,1.62,7.37704918,1.62
42533,3865,1.0,16.393442620000002,3.61,16.393442620000002,3.61
42532,3313,6.0,29.50819672,6.49,29.50819672,6.49
42532,3386,6.0,24.59016393,5.41,24.59016393,5.41
42531,3870,4.0,61.983607,13.64,58.213115,12.81
42531,24422,2.0,30.991803,6.82,29.106557,6.4
42530,3865,1.0,16.311475,3.59,16.311475,3.59
42530,3870,1.0,15.762295,3.47,15.762295,3.47
42529,31527,6.0,192.304918,42.31,173.07541,38.08
42528,24422,1.0,16.311475,3.59,16.311475,3.59
42528,30799,1.0,42.540984,9.36,42.540984,9.36
42528,3870,1.0,0.0,0.0,0.0,0.0
42528,35699,1.0,0.0,0.0,0.0,0.0
42528,37170,1.0,0.0,0.0,0.0,0.0
42482,31856,1.0,17.131148,3.77,17.131148,3.77
42482,3386,1.0,4.852459,1.07,4.852459,1.07
42482,25752,1.0,16.311475,3.59,16.311475,3.59
42478,41685,1.0,32.704918,7.2,32.704918,7.2
42478,3321,1.0,12.04918,2.65,12.04918,2.65
42478,3865,1.0,10.57377,2.33,10.57377,2.33
42477,31527,2.0,64.101639,14.1,64.101639,14.1
42476,25752,1.0,16.311475,3.59,16.311475,3.59
42476,3865,1.0,16.311475,3.59,16.311475,3.59
42475,3870,1.0,16.311475,3.59,14.680328,3.23
42475,3865,1.0,16.311475,3.59,14.680328,3.23
42475,3314,1.0,7.97541,1.75,7.97541,1.75
42473,31527,2.0,64.101639,14.1,64.101639,14.1
42448,25752,2.0,31.970492,7.03,31.970492,7.03
42448,3386,1.0,4.852459,1.07,4.852459,1.07
42447,3865,2.0,31.970492,7.03,31.970492,7.03
42446,3361,3.0,16.627869,3.66,16.627869,3.66
42446,3321,1.0,12.04918,2.65,12.04918,2.65
42446,36357,2.0,11.311475,2.49,11.311475,2.49
42444,38296,1.0,20.409836,4.49,18.368852,4.04
42444,41242,1.0,10.57377,2.33,9.516393,2.09
42443,3870,3.0,46.487705,10.23,45.577869,10.03
42443,41677,1.0,19.508197,4.29,19.204918,4.23
42443,41660,1.0,0.0,0.0,0.0,0.0
42443,38794,1.0,0.0,0.0,0.0,0.0
42440,3865,1.0,16.311475,3.59,14.680328,3.23
42440,25752,1.0,16.311475,3.59,14.680328,3.23
42431,32526,1.0,62.196721,13.68,62.196721,13.68
42421,41242,2.0,31.970492,7.03,27.17541,5.98
42420,3361,6.0,32.237705,7.09,29.008197,6.38
42420,36357,6.0,32.237705,7.09,29.016393,6.38
42412,25001,1.0,27.459016,6.04,27.459016,6.04
42399,3865,1.0,16.311475,3.59,14.680328,3.23
42399,3870,1.0,15.762295,3.47,15.762295,3.47
42398,3865,3.0,16.844754,3.71,15.311967,3.37
42398,3865,1.0,10.57377,2.33,10.057377,2.21
42386,3865,1.0,16.311475,3.59,16.311475,3.59
42386,3870,1.0,15.352459,3.38,15.352459,3.38
42385,3865,1.0,10.57377,2.33,10.57377,2.33
42385,24422,1.0,16.311475,3.59,16.311475,3.59
42383,25001,4.0,66.059016,14.53,66.059016,14.53
42379,3865,1.0,16.311475,3.59,16.311475,3.59
42379,24422,1.0,16.311475,3.59,16.311475,3.59
42372,3865,1.0,16.311475,3.59,14.680328,3.23
42372,3870,1.0,15.352459,3.38,15.352459,3.38
42351,3361,9.0,48.356557,10.64,48.356557,10.64
42351,3314,21.0,168.860656,37.15,168.860656,37.15
42351,3865,2.0,31.970492,7.03,31.970492,7.03
42350,31856,1.0,17.131148,3.77,17.131148,3.77
42350,24422,1.0,16.311475,3.59,16.311475,3.59
42350,3865,1.0,16.311475,3.59,16.311475,3.59
42350,41242,1.0,15.491803,3.41,15.491803,3.41
42319,30799,1.0,42.540984,9.36,42.540984,9.36
42319,3870,1.0,0.0,0.0,0.0,0.0
42319,35699,1.0,0.0,0.0,0.0,0.0
42319,37170,1.0,0.0,0.0,0.0,0.0
42276,41685,2.0,64.101639,14.1,61.536066,13.54
42255,3870,3.0,46.487705,10.23,41.840164,9.2
42254,31856,2.0,32.54918,7.16,29.295082,6.44
42253,3865,4.0,61.983607,13.64,55.786885,12.27
42252,37157,1.0,19.672131,4.33,19.672131,4.33
42251,3865,1.0,16.311475,3.59,16.311475,3.59
42251,3361,2.0,11.311475,2.49,11.311475,2.49
42250,25001,1.0,26.2295082,5.77,26.2295082,5.77
42250,3865,1.0,10.6557377,2.34,10.6557377,2.34
42250,3865,2.0,32.78688525,7.21,32.78688525,7.21
42250,3870,1.0,15.57377049,3.43,15.57377049,3.43
42249,37157,1.0,9.836066,2.16,9.836066,2.16
42248,3865,5.0,77.479508,17.05,77.479508,17.05
42247,36205,1.0,22.868852,5.03,22.868852,5.03
42247,3361,1.0,0.0,0.0,0.0,0.0
42247,3314,1.0,0.0,0.0,0.0,0.0
42247,3313,1.0,0.0,0.0,0.0,0.0
42247,36357,1.0,4.811475,1.06,4.811475,1.06
42246,31527,4.0,124.278689,27.34,124.278689,27.34
42245,31527,2.0,64.101639,14.1,57.691803,12.69
42244,36205,1.0,22.868852,5.03,22.868852,5.03
42244,3361,1.0,0.0,0.0,0.0,0.0
42244,3314,1.0,0.0,0.0,0.0,0.0
42244,3313,1.0,0.0,0.0,0.0,0.0
42244,39466,1.0,14.672131,3.23,14.672131,3.23
42244,36357,1.0,0.0,0.0,0.0,0.0
42244,35699,1.0,0.0,0.0,0.0,0.0
42243,3870,1.0,16.311475,3.59,16.311475,3.59
42243,24422,1.0,16.311475,3.59,16.311475,3.59
42242,25001,1.0,17.95082,3.95,17.95082,3.95
42242,24422,1.0,16.311475,3.59,16.311475,3.59
42241,3865,1.0,10.57377,2.33,9.516393,2.09
42241,3870,1.0,16.311475,3.59,14.680328,3.23
42240,3865,2.0,31.970492,7.03,31.970492,7.03
42239,31527,1.0,32.704918,7.2,32.704918,7.2
42238,3865,2.0,31.970492,7.03,31.970492,7.03
42237,38808,1.0,14.672131,3.23,14.672131,3.23
42237,3386,1.0,0.0,0.0,0.0,0.0
42237,38794,1.0,0.0,0.0,0.0,0.0
42236,25001,4.0,64.622951,14.22,58.163934,12.8
42154,3865,1.0,16.311475,3.59,15.786885,3.47
42154,38794,1.0,10.57377,2.33,10.057377,2.21
42154,3386,1.0,5.655738,1.24,5.139345,1.13
42145,3865,5.0,27.215164,5.99,27.215164,5.99
42132,36205,2.0,45.737705,10.06,41.163934,9.06
42132,3361,2.0,0.0,0.0,0.0,0.0
42132,3314,2.0,0.0,0.0,0.0,0.0
42132,3313,2.0,0.0,0.0,0.0,0.0
42131,25001,3.0,51.159836,11.26,51.159836,11.26
42126,3865,1.0,10.57377,2.33,10.57377,2.33
42126,25752,1.0,10.57377,2.33,10.57377,2.33
42115,3870,1.0,16.311475,3.59,16.311475,3.59
42115,3386,1.0,5.655738,1.24,5.655738,1.24
42115,3314,1.0,7.97541,1.75,7.97541,1.75
42114,3313,3.0,12.295081970000002,2.7,12.295081970000002,2.7
42114,3314,3.0,12.295081970000002,2.7,12.295081970000002,2.7
42111,31527,1.0,32.704918,7.2,32.704918,7.2
42111,3865,1.0,10.57377,2.33,10.57377,2.33
42110,3361,12.0,63.118033,13.89,56.806557,12.5
42110,3870,1.0,15.352459,3.38,15.352459,3.38
42091,3865,2.0,31.970492,7.03,31.970492,7.03
42091,3361,3.0,16.458197,3.62,16.458197,3.62
42086,3865,1.0,16.311475,3.59,14.680328,3.23
42086,3870,1.0,16.311475,3.59,14.680328,3.23
42056,3865,1.0,16.311475,3.59,16.311475,3.59
42055,25001,1.0,17.95082,3.95,17.95082,3.95
42055,3865,1.0,10.57377,2.33,10.57377,2.33
42054,25001,2.0,50.614754,11.14,50.614754,11.14
42053,3314,3.0,25.99918,5.72,25.99918,5.72
42053,3361,3.0,16.458197,3.62,16.458197,3.62
42053,3313,3.0,28.384426,6.24,28.384426,6.24
42053,36357,2.0,11.311475,2.49,11.311475,2.49
42052,3865,1.0,10.57377,2.33,9.516393,2.09
42052,25752,1.0,10.57377,2.33,9.516393,2.09
42052,3386,1.0,5.655738,1.24,5.090164,1.12
42051,3865,2.0,31.970492,7.03,31.970492,7.03
42050,3865,1.0,16.311475,3.59,16.311475,3.59
42050,38296,1.0,20.409836,4.49,20.409836,4.49
42050,3870,1.0,16.311475,3.59,16.311475,3.59
42049,41685,1.0,32.704918,7.2,32.704918,7.2
42048,31856,2.0,30.991803,6.82,27.893443,6.14
42048,25752,2.0,31.970492,7.03,28.765574,6.33
42048,41242,2.0,30.363934,6.68,27.331148,6.01
42048,3865,2.0,20.72459,4.56,18.659016,4.1
42047,3313,6.0,31.967213110000003,7.03,31.868852,7.01
42047,3361,6.0,25.57377049,5.63,25.508196,5.61
42045,3314,6.0,24.59016393,5.41,24.59016393,5.41
42044,35699,1.0,10.6557377,2.34,10.6557377,2.34
42043,3313,1.0,9.83606557,2.16,9.83606557,2.16
42043,3361,1.0,7.37704918,1.62,7.37704918,1.62
42042,25001,1.0,17.95082,3.95,17.95082,3.95
42042,24422,1.0,16.311475,3.59,16.311475,3.59
42042,3314,1.0,7.97541,1.75,7.97541,1.75
42041,3865,1.0,16.311475,3.59,16.311475,3.59
42040,3865,10.0,154.959016,34.09,139.467213,30.68
42039,3870,1.0,16.311475,3.59,16.311475,3.59
42039,24422,1.0,16.311475,3.59,16.311475,3.59
42035,3314,1.0,8.934426,1.97,8.934426,1.97
42035,3865,1.0,16.311475,3.59,16.311475,3.59
42033,24422,3.0,46.487705,10.23,41.840164,9.2
42032,31856,4.0,58.721311,12.92,52.852459,11.63
42031,36951,1.0,20.409836,4.49,18.368852,4.04
42031,3386,1.0,0.0,0.0,0.0,0.0
42031,38054,1.0,0.0,0.0,0.0,0.0
42031,3386,2.0,11.311475,2.49,10.180328,2.24
42030,3870,3.0,46.487705,10.23,41.840164,9.2
42029,25001,4.0,95.901639,21.1,86.311475,18.99
42028,25752,1.0,16.311475,3.59,16.311475,3.59
42028,3865,1.0,16.311475,3.59,16.311475,3.59
42027,3314,4.0,34.665574,7.63,34.665574,7.63
42026,24422,2.0,30.991803,6.82,30.991803,6.82
42024,30799,1.0,41.721311,9.18,37.54918,8.26
42024,3870,1.0,0.0,0.0,0.0,0.0
42024,35699,1.0,0.0,0.0,0.0,0.0
42024,37170,1.0,0.0,0.0,0.0,0.0
42024,39466,1.0,14.672131,3.23,13.204918,2.91
42024,36357,1.0,0.0,0.0,0.0,0.0
42024,35699,1.0,0.0,0.0,0.0,0.0
42023,3314,12.0,99.708197,21.94,89.740984,19.74
42022,3870,1.0,16.311475,3.59,14.680328,3.23
42022,3865,1.0,10.57377,2.33,9.516393,2.09
42021,31856,1.0,16.311475,3.59,14.680328,3.23
42021,36649,1.0,20.409836,4.49,18.368852,4.04
42021,3361,1.0,0.0,0.0,0.0,0.0
42021,3870,1.0,0.0,0.0,0.0,0.0
42021,25001,1.0,26.639344,5.86,23.97541,5.27
42019,25026,1.0,17.52459,3.86,17.52459,3.86
42018,24437,1.0,14.745902,3.24,14.745902,3.24
42017,3865,4.0,61.983607,13.64,61.983607,13.64
42017,3870,4.0,58.721311,12.92,58.721311,12.92
42017,3314,5.0,43.331967,9.53,43.331967,9.53
42017,25001,1.0,26.639344,5.86,26.639344,5.86
42016,24422,1.0,16.311475,3.59,13.262295,2.92
42016,3386,1.0,4.778689,1.05,1.737705,0.38
42015,3870,4.0,58.721311,12.92,58.721311,12.92
42015,38296,1.0,13.852459,3.05,13.852459,3.05
42014,3321,2.0,23.836557,5.24,21.451311,4.72
42014,36357,2.0,11.311475,2.49,10.180328,2.24
42014,3361,2.0,11.311475,2.49,10.180328,2.24
42013,3870,1.0,16.311475,3.59,13.606557,2.99
42013,3361,1.0,5.655738,1.24,4.02459,0.89
42013,37170,1.0,17.95082,3.95,15.081968,3.32
42013,3313,1.0,9.754098,2.15,7.713114,1.7
42010,3865,2.0,20.72459,4.56,20.72459,4.56
42010,3870,1.0,15.352459,3.38,15.352459,3.38
42007,31527,1.0,32.704918,7.2,32.704918,7.2
42007,41685,1.0,32.704918,7.2,32.704918,7.2
42001,30799,1.0,41.721311,9.18,37.54918,8.26
42001,3870,1.0,0.0,0.0,0.0,0.0
42001,35699,1.0,0.0,0.0,0.0,0.0
42001,37170,1.0,0.0,0.0,0.0,0.0
41999,30799,1.0,41.721311,9.18,41.721311,9.18
41999,3870,1.0,0.0,0.0,0.0,0.0
41999,35699,1.0,0.0,0.0,0.0,0.0
41999,37170,1.0,0.0,0.0,0.0,0.0
41998,3870,1.0,16.311475,3.59,16.311475,3.59
41998,3314,1.0,7.97541,1.75,7.97541,1.75
41997,3865,3.0,47.955738,10.55,43.160656,9.5
41996,3865,1.0,10.57377,2.33,9.516393,2.09
41996,25752,1.0,10.57377,2.33,9.516393,2.09
41996,3361,1.0,5.655738,1.24,5.090164,1.12
41996,3870,1.0,16.311475,3.59,14.680328,3.23
41996,3314,1.0,7.97541,1.75,7.97541,1.75
41996,36951,1.0,20.409836,4.49,18.368852,4.04
41996,3386,1.0,0.0,0.0,0.0,0.0
41996,38054,1.0,0.0,0.0,0.0,0.0
41995,25001,1.0,26.639344,5.86,25.819672,5.68
41994,30799,1.0,41.721311,9.18,37.54918,8.26
41994,3870,1.0,0.0,0.0,0.0,0.0
41994,35699,1.0,0.0,0.0,0.0,0.0
41994,37170,1.0,0.0,0.0,0.0,0.0
41992,36357,2.0,11.311475,2.49,10.180328,2.24
41992,3314,2.0,17.868852,3.93,16.081967,3.54
41992,3386,2.0,11.311475,2.49,10.180328,2.24
41991,32396,1.0,16.311475,3.59,14.745902,3.24
41990,24422,1.0,16.311475,3.59,16.311475,3.59
41990,3865,1.0,10.57377,2.33,10.57377,2.33
41988,3361,12.0,63.118033,13.89,56.806557,12.5
41988,3870,1.0,15.352459,3.38,15.352459,3.38
41988,3314,6.0,50.92623,11.2,45.836066,10.08
41988,39466,1.0,14.672131,3.23,13.204918,2.91
41988,36357,1.0,0.0,0.0,0.0,0.0
41988,35699,1.0,0.0,0.0,0.0,0.0
41988,3865,4.0,40.180328,8.84,36.163934,7.96
41987,3361,3.0,16.458197,3.62,16.458197,3.62
41987,3314,3.0,25.99918,5.72,25.99918,5.72
41984,3865,1.0,16.311475,3.59,16.311475,3.59
41984,3870,1.0,15.352459,3.38,15.352459,3.38
41983,36796,1.0,24.508197,5.39,22.04918,4.85
41983,37170,1.0,0.0,0.0,0.0,0.0
41983,3313,1.0,0.0,0.0,0.0,0.0
41983,3313,4.0,37.845902,8.33,34.067213,7.49
41982,41677,1.0,18.688525,4.11,16.819672,3.7
41982,41660,1.0,0.0,0.0,0.0,0.0
41982,38794,1.0,0.0,0.0,0.0,0.0
41982,3865,1.0,10.57377,2.33,9.516393,2.09
41982,3870,1.0,15.352459,3.38,15.352459,3.38
41981,3865,1.0,16.311475,3.59,16.311475,3.59
41981,3870,1.0,16.311475,3.59,16.311475,3.59
41977,3865,1.0,16.311475,3.59,16.311475,3.59
41977,3870,1.0,15.352459,3.38,15.352459,3.38
41976,25001,2.0,50.614754,11.14,45.557377,10.02
41975,36951,2.0,40.819672,8.98,34.696721,7.63
41975,3386,2.0,0.0,0.0,0.0,0.0
41975,38054,2.0,0.0,0.0,0.0,0.0
41974,3870,1.0,16.311475,3.59,14.680328,3.23
41973,41242,1.0,15.491803,3.41,15.491803,3.41
41973,3865,1.0,16.311475,3.59,16.311475,3.59
41972,3361,5.0,27.430328,6.03,27.430328,6.03
41971,3865,2.0,31.970492,7.03,31.970492,7.03
41970,3865,1.0,5.729508,1.26,5.729508,1.26
41969,31527,2.0,64.101639,14.1,57.691803,12.69
41968,3865,1.0,16.311475,3.59,16.311475,3.59
41968,3870,1.0,16.311475,3.59,16.311475,3.59
41968,31856,1.0,16.311475,3.59,16.311475,3.59
41967,36205,1.0,22.868852,5.03,20.57377,4.53
41967,3361,1.0,0.0,0.0,0.0,0.0
41967,3314,1.0,0.0,0.0,0.0,0.0
41967,3313,1.0,0.0,0.0,0.0,0.0
41967,3321,1.0,12.286885,2.7,11.065574,2.43
41966,3865,2.0,31.970492,7.03,31.363934,6.9
41966,3870,1.0,15.352459,3.38,15.057377,3.31
41965,25001,1.0,17.95082,3.95,17.95082,3.95
41965,3314,1.0,7.97541,1.75,7.97541,1.75
41964,3870,2.0,30.991803,6.82,29.95082,6.59
41964,3314,1.0,7.97541,1.75,7.459016,1.64
41963,3865,1.0,10.57377,2.33,10.57377,2.33
41962,3865,1.0,16.311475,3.59,16.311475,3.59
41962,3870,1.0,16.311475,3.59,16.311475,3.59
41961,31856,2.0,30.991803,6.82,30.991803,6.82
41960,3865,2.0,31.970492,7.03,31.970492,7.03
41959,3361,12.0,63.118033,13.89,63.118033,13.89
41959,36205,4.0,91.47541,20.12,91.47541,20.12
41959,3361,4.0,0.0,0.0,0.0,0.0
41959,3314,4.0,0.0,0.0,0.0,0.0
41959,3313,4.0,0.0,0.0,0.0,0.0
41958,3870,4.0,58.721311,12.92,58.721311,12.92
41957,31527,1.0,32.704918,7.2,32.704918,7.2
41957,41685,1.0,32.704918,7.2,32.704918,7.2
41957,30799,1.0,41.721311,9.18,41.721311,9.18
41957,3870,1.0,0.0,0.0,0.0,0.0
41957,35699,1.0,0.0,0.0,0.0,0.0
41957,37170,1.0,0.0,0.0,0.0,0.0
41956,3865,1.0,16.311475,3.59,16.311475,3.59
41956,3870,1.0,16.311475,3.59,16.311475,3.59
41955,3865,5.0,77.479508,17.05,77.479508,17.05
41954,41685,1.0,32.704918,7.2,32.704918,7.2
41953,3870,2.0,30.991803,6.82,30.991803,6.82
41952,3865,2.0,31.970492,7.03,31.970492,7.03
41952,3870,1.0,15.352459,3.38,15.352459,3.38
41950,38808,1.0,14.672131,3.23,14.672131,3.23
41950,3386,1.0,0.0,0.0,0.0,0.0
41950,38794,1.0,0.0,0.0,0.0,0.0
41949,3870,2.0,30.991803,6.82,30.991803,6.82
41946,3865,2.0,31.970492,7.03,28.77377,6.33
41945,25001,2.0,34.106557,7.5,30.696721,6.75
41944,36205,4.0,91.47541,20.12,91.47541,20.12
41944,3361,4.0,0.0,0.0,0.0,0.0
41944,3314,4.0,0.0,0.0,0.0,0.0
41944,3313,4.0,0.0,0.0,0.0,0.0
41943,31527,1.0,32.704918,7.2,32.704918,7.2
41942,38808,1.0,14.672131,3.23,14.672131,3.23
41942,3386,1.0,0.0,0.0,0.0,0.0
41942,38794,1.0,0.0,0.0,0.0,0.0
41942,31856,1.0,16.311475,3.59,16.311475,3.59
41941,41242,2.0,30.363934,6.68,30.363934,6.68
41941,41677,1.0,18.688525,4.11,18.688525,4.11
41941,41660,1.0,0.0,0.0,0.0,0.0
41941,38794,1.0,0.0,0.0,0.0,0.0
41940,36357,1.0,5.655738,1.24,4.713115,1.04
41940,3361,1.0,5.655738,1.24,4.713115,1.04
41940,3386,3.0,16.458197,3.62,13.646721,3.0
41939,3865,1.0,16.311475,3.59,16.311475,3.59
41939,25752,1.0,16.311475,3.59,16.311475,3.59
41936,3865,1.0,16.311475,3.59,16.311475,3.59
41936,3870,2.0,30.991803,6.82,30.991803,6.82
41932,3313,6.0,24.59016393,5.41,24.59016393,5.41
41931,3361,6.0,24.59016393,5.41,23.754098,5.23
41931,3386,6.0,19.67213115,4.33,18.885246,4.15
41931,3314,6.0,24.59016393,5.41,23.754098,5.23
41931,3313,6.0,24.59016393,5.41,23.770492,5.23
41929,3361,1.0,7.37704918,1.62,7.37704918,1.62
41929,3314,1.0,9.01639344,1.98,9.01639344,1.98
41929,3313,1.0,9.83606557,2.16,9.83606557,2.16
41929,3386,1.0,7.37704918,1.62,7.37704918,1.62
41929,38054,1.0,15.57377049,3.43,15.57377049,3.43
41929,37170,1.0,18.03278689,3.97,18.03278689,3.97
41929,41660,1.0,9.01639344,1.98,9.01639344,1.98
41928,41242,1.0,15.491803,3.41,15.491803,3.41
41927,3870,8.0,117.442623,25.84,117.442623,25.84
41925,41242,2.0,30.363934,6.68,30.363934,6.68
41923,3865,4.0,61.983607,13.64,55.237705,12.15
41912,3870,6.0,88.081967,19.38,88.081967,19.38
41909,3870,2.0,30.991803,6.82,27.893443,6.14
41908,3870,1.0,16.311475,3.59,16.311475,3.59
41908,38296,1.0,13.852459,3.05,13.852459,3.05
41908,30799,1.0,41.721311,9.18,41.721311,9.18
41908,3870,1.0,0.0,0.0,0.0,0.0
41908,35699,1.0,0.0,0.0,0.0,0.0
41908,37170,1.0,0.0,0.0,0.0,0.0
41901,3870,2.0,30.991803,6.82,30.991803,6.82
41890,3865,1.0,16.311475,3.59,14.680328,3.23
41890,41685,1.0,32.704918,7.2,29.434426,6.48
41890,31527,1.0,32.704918,7.2,29.434426,6.48
41890,3386,1.0,5.655738,1.24,5.090164,1.12
41890,3361,1.0,5.655738,1.24,5.090164,1.12
41889,36357,2.0,11.311475,2.49,11.311475,2.49
41889,3361,2.0,11.311475,2.49,11.311475,2.49
41889,3386,1.0,5.655738,1.24,5.655738,1.24
41888,41242,1.0,15.491803,3.41,13.942623,3.07
41888,25752,1.0,16.311475,3.59,14.680328,3.23
41887,3865,1.0,16.311475,3.59,16.311475,3.59
41887,3870,1.0,16.311475,3.59,16.311475,3.59
41887,31856,1.0,16.311475,3.59,16.311475,3.59
41886,3865,2.0,31.970492,7.03,24.67541,5.43
41886,25752,1.0,16.311475,3.59,12.663934,2.79
41885,3865,2.0,31.970492,7.03,31.970492,7.03
41883,41677,1.0,18.688525,4.11,18.688525,4.11
41883,41660,1.0,0.0,0.0,0.0,0.0
41883,38794,1.0,0.0,0.0,0.0,0.0
41882,3870,2.0,30.991803,6.82,29.491803,6.49
41880,25752,1.0,16.311475,3.59,10.098361,2.22
41879,24422,4.0,58.721311,12.92,53.557377,11.78
41878,31527,1.0,32.704918,7.2,29.434426,6.48
41877,3865,2.0,31.970492,7.03,28.77377,6.33
41876,3865,1.0,10.57377,2.33,10.57377,2.33
41876,3870,1.0,15.352459,3.38,15.352459,3.38
41875,31527,1.0,32.704918,7.2,32.704918,7.2
41874,3865,1.0,16.311475,3.59,16.311475,3.59
41874,3870,2.0,30.991803,6.82,30.991803,6.82
41872,31527,3.0,96.152459,21.15,86.537705,19.04
41872,41685,1.0,32.704918,7.2,29.434426,6.48
41870,41242,3.0,45.545902,10.02,45.545902,10.02
41856,25752,1.0,16.311475,3.59,16.311475,3.59
41856,31856,1.0,16.311475,3.59,16.311475,3.59
41853,3865,2.0,20.72459,4.56,20.72459,4.56
41852,31527,1.0,32.704918,7.2,32.704918,7.2
41851,3313,3.0,28.384426,6.24,25.605738,5.63
41851,3314,3.0,23.92623,5.26,21.147541,4.65
41835,31527,1.0,32.704918,7.2,31.92623,7.02
41834,41242,1.0,15.491803,3.41,15.491803,3.41
41833,31527,2.0,64.101639,14.1,64.101639,14.1
41832,3865,2.0,31.970492,7.03,31.970492,7.03
41831,23378,2.0,29.49,6.49,29.49,6.49
41830,41242,3.0,28.677049,6.31,28.677049,6.31
41830,3321,2.0,23.836557,5.24,23.836557,5.24
41830,31856,1.0,16.311475,3.59,16.311475,3.59
41830,3865,3.0,31.086885,6.84,31.086885,6.84
41830,25752,3.0,31.086885,6.84,31.086885,6.84
41829,3865,2.0,31.970492,7.03,28.77377,6.33
41828,41242,1.0,15.491803,3.41,13.942623,3.07
41825,3314,12.0,49.18032787,10.82,49.18032787,10.82
41825,3313,2.0,8.196721310000001,1.8,8.196721310000001,1.8
41824,3313,4.0,16.393442620000002,3.61,16.393442620000002,3.61
41824,3314,6.0,24.59016393,5.41,24.59016393,5.41
41823,41677,1.0,18.688525,4.11,18.688525,4.11
41823,41660,1.0,0.0,0.0,0.0,0.0
41823,38794,1.0,0.0,0.0,0.0,0.0
41823,3865,1.0,10.57377,2.33,10.57377,2.33
41822,3865,1.0,16.311475,3.59,14.680328,3.23
41822,31856,1.0,16.311475,3.59,14.680328,3.23
41818,3865,1.0,16.311475,3.59,16.311475,3.59
41818,3870,1.0,15.352459,3.38,15.352459,3.38
41816,31527,1.0,32.704918,7.2,32.704918,7.2
41816,3870,1.0,16.311475,3.59,16.311475,3.59
41810,3386,1.0,4.09836066,0.9,4.09836066,0.9
41810,36357,1.0,4.09836066,0.9,4.09836066,0.9
41809,3314,12.0,49.18032787,10.82,49.18032787,10.82
41808,3865,1.0,16.393442620000002,3.61,16.393442620000002,3.61
41808,37170,1.0,18.03278689,3.97,18.03278689,3.97
41808,3321,1.0,11.47540984,2.52,11.47540984,2.52
41807,3865,1.0,18.03278689,3.97,18.03278689,3.97
41807,25001,1.0,18.03278689,3.97,18.03278689,3.97
41806,3865,2.0,31.970492,7.03,31.970492,7.03
41805,3870,1.0,16.311475,3.59,16.311475,3.59
41805,31856,1.0,16.311475,3.59,16.311475,3.59
41805,24422,1.0,16.311475,3.59,16.311475,3.59
41804,3865,1.0,10.57377,2.33,10.57377,2.33
41804,3870,1.0,16.311475,3.59,16.311475,3.59
41804,3313,1.0,8.508197,1.87,8.508197,1.87
41778,3865,2.0,31.970492,7.03,31.970492,7.03
41710,41685,1.0,32.704918,7.2,32.704918,7.2
41709,35699,2.0,21.147541,4.65,21.147541,4.65
41708,41242,1.0,15.491803,3.41,15.491803,3.41
41708,25752,1.0,16.311475,3.59,16.311475,3.59
41707,38296,1.0,13.852459,3.05,13.852459,3.05
41707,3870,2.0,30.991803,6.82,30.991803,6.82
41706,30799,1.0,41.721311,9.18,39.483607,8.69
41706,3870,1.0,0.0,0.0,0.0,0.0
41706,35699,1.0,0.0,0.0,0.0,0.0
41706,37170,1.0,0.0,0.0,0.0,0.0
41674,41242,1.0,15.491803,3.41,15.491803,3.41
41674,3865,1.0,16.311475,3.59,16.311475,3.59
41658,3865,1.0,10.57377,2.33,10.57377,2.33
41658,3870,1.0,16.311475,3.59,16.311475,3.59
41657,25001,1.0,26.639344,5.86,26.639344,5.86
41657,3865,1.0,16.311475,3.59,16.311475,3.59
41657,31527,1.0,32.704918,7.2,32.704918,7.2
41657,3321,1.0,11.778689,2.59,11.778689,2.59
41656,32526,1.0,31.967213,7.03,31.967213,7.03
41655,24422,2.0,30.991803,6.82,29.442623,6.48
41655,3386,1.0,4.778689,1.05,4.778689,1.05
41654,31527,4.0,124.278689,27.34,124.278689,27.34
41653,3870,1.0,16.311475,3.59,14.680328,3.23
41653,3865,1.0,10.57377,2.33,9.516393,2.09
41652,30799,1.0,41.721311,9.18,41.721311,9.18
41652,3870,1.0,0.0,0.0,0.0,0.0
41652,35699,1.0,0.0,0.0,0.0,0.0
41652,37170,1.0,0.0,0.0,0.0,0.0
41651,31856,2.0,30.991803,6.82,30.991803,6.82
41651,38794,1.0,10.57377,2.33,10.57377,2.33
41651,41242,1.0,15.491803,3.41,15.491803,3.41
41651,3865,1.0,16.311475,3.59,16.311475,3.59
41650,3870,2.0,30.991803,6.82,29.47541,6.48
41649,3865,4.0,61.983607,13.64,61.983607,13.64
41644,3870,2.0,30.991803,6.82,30.991803,6.82
41643,3865,1.0,10.57377,2.33,10.57377,2.33
41643,25752,1.0,10.57377,2.33,10.57377,2.33
41643,38808,1.0,14.672131,3.23,14.672131,3.23
41643,3386,1.0,0.0,0.0,0.0,0.0
41643,38794,1.0,0.0,0.0,0.0,0.0
41641,25752,2.0,20.72459,4.56,20.72459,4.56
41641,3386,1.0,4.778689,1.05,4.778689,1.05
41640,3865,2.0,31.970492,7.03,31.970492,7.03
41638,3865,4.0,61.983607,13.64,61.983607,13.64
41638,38454,1.0,0.0,0.0,0.0,0.0
41636,3870,1.0,16.311475,3.59,14.672131,3.23
41636,38296,1.0,13.852459,3.05,12.467213,2.74
41636,25752,1.0,16.311475,3.59,14.680328,3.23
41636,3321,1.0,12.286885,2.7,11.065574,2.43
41635,3361,24.0,120.806557,26.58,108.732787,23.92
41635,3386,6.0,32.237705,7.09,29.008197,6.38
41634,41242,1.0,9.754098,2.15,9.754098,2.15
41634,3865,1.0,10.57377,2.33,10.57377,2.33
41634,3870,1.0,16.311475,3.59,16.311475,3.59
41633,23378,1.0,29.491803,6.49,29.491803,6.49
41632,3865,1.0,10.57377,2.33,10.57377,2.33
41632,3865,1.0,16.311475,3.59,16.311475,3.59
41632,25752,2.0,20.72459,4.56,20.72459,4.56
41632,3870,1.0,16.311475,3.59,16.311475,3.59
41631,39466,1.0,14.672131,3.23,13.942623,3.07
41631,36357,1.0,0.0,0.0,0.0,0.0
41631,35699,1.0,0.0,0.0,0.0,0.0
41631,36796,1.0,24.508197,5.39,23.278689,5.12
41631,37170,1.0,0.0,0.0,0.0,0.0
41631,3313,1.0,0.0,0.0,0.0,0.0
41631,38808,1.0,14.672131,3.23,13.942623,3.07
41631,3386,1.0,0.0,0.0,0.0,0.0
41631,38794,1.0,0.0,0.0,0.0,0.0
41630,3865,2.0,31.970492,7.03,31.970492,7.03
41630,3870,1.0,15.352459,3.38,15.352459,3.38
41630,38296,2.0,27.15082,5.97,27.15082,5.97
41630,25001,1.0,17.95082,3.95,17.95082,3.95
41629,3865,4.0,61.983607,13.64,61.983607,13.64
41629,25752,2.0,31.970492,7.03,31.970492,7.03
41628,25752,2.0,31.970492,7.03,26.896721,5.92
41628,36951,2.0,40.819672,8.98,35.286885,7.76
41628,3386,2.0,0.0,0.0,0.0,0.0
41628,38054,2.0,0.0,0.0,0.0,0.0
41628,36649,2.0,40.819672,8.98,35.295082,7.76
41628,3361,2.0,0.0,0.0,0.0,0.0
41628,3870,2.0,0.0,0.0,0.0,0.0
41627,31527,1.0,32.704918,7.2,31.07377,6.84
41626,25001,1.0,17.95082,3.95,17.95082,3.95
41626,3313,1.0,8.508197,1.87,8.508197,1.87
41625,32526,1.0,16.311475,3.59,16.311475,3.59
41624,36951,1.0,20.409836,4.49,20.409836,4.49
41624,3386,1.0,0.0,0.0,0.0,0.0
41624,38054,1.0,0.0,0.0,0.0,0.0
41624,36796,1.0,24.508197,5.39,24.508197,5.39
41624,37170,1.0,0.0,0.0,0.0,0.0
41624,3313,1.0,0.0,0.0,0.0,0.0
41624,3870,1.0,16.311475,3.59,16.311475,3.59
41623,39466,1.0,14.672131,3.23,14.672131,3.23
41623,36357,1.0,0.0,0.0,0.0,0.0
41623,35699,1.0,0.0,0.0,0.0,0.0
41621,3865,1.0,10.57377,2.33,9.516393,2.09
41621,3870,1.0,16.311475,3.59,14.680328,3.23
41620,41242,3.0,45.545902,10.02,45.545902,10.02
41619,38808,1.0,14.672131,3.23,13.934426,3.07
41619,3386,1.0,0.0,0.0,0.0,0.0
41619,38794,1.0,0.0,0.0,0.0,0.0
41619,3386,2.0,11.311475,2.49,10.745902,2.36
41619,3361,1.0,5.655738,1.24,5.377049,1.18
41618,30799,1.0,41.721311,9.18,36.155738,7.95
41618,3870,1.0,0.0,0.0,0.0,0.0
41618,35699,1.0,0.0,0.0,0.0,0.0
41618,37170,1.0,0.0,0.0,0.0,0.0
41618,3313,1.0,8.508197,1.87,5.02459,1.11
41617,3865,4.0,40.180328,8.84,36.877049,8.11
41616,41242,1.0,15.491803,3.41,15.491803,3.41
41615,3865,2.0,31.970492,7.03,18.511475,4.07
41615,25752,2.0,31.970492,7.03,18.519672,4.07
41614,3870,2.0,30.991803,6.82,27.893443,6.14
41614,25001,2.0,50.614754,11.14,45.54918,10.02
41612,3865,1.0,16.393442620000002,3.61,16.393442620000002,3.61
41612,3865,1.0,10.6557377,2.34,10.6557377,2.34
41611,31527,1.0,32.704918,7.2,31.07377,6.84
41610,3870,2.0,30.991803,6.82,30.106557,6.62
41606,36205,2.0,45.737705,10.06,43.442623,9.56
41606,3361,2.0,0.0,0.0,0.0,0.0
41606,3314,2.0,0.0,0.0,0.0,0.0
41606,3313,2.0,0.0,0.0,0.0,0.0
41606,3386,6.0,32.237705,7.09,30.631148,6.74
41603,3865,1.0,16.311475,3.59,16.311475,3.59
41603,25752,1.0,10.57377,2.33,10.57377,2.33
41594,3386,8.0,42.983607,9.46,38.688525,8.51
41593,3865,1.0,5.729508,1.26,5.729508,1.26
41593,25752,1.0,10.57377,2.33,10.57377,2.33
41593,3314,1.0,8.934426,1.97,8.934426,1.97
41592,25752,9.0,90.405738,19.89,76.422131,16.81
41586,3870,1.0,16.311475,3.59,16.311475,3.59
41586,3313,1.0,9.754098,2.15,9.754098,2.15
41585,31527,2.0,64.101639,14.1,57.691803,12.69
41584,3865,2.0,31.970492,7.03,31.970492,7.03
41583,3386,2.0,11.311475,2.49,11.311475,2.49
41583,36205,1.0,22.868852,5.03,22.868852,5.03
41583,3361,1.0,0.0,0.0,0.0,0.0
41583,3314,1.0,0.0,0.0,0.0,0.0
41583,3313,1.0,0.0,0.0,0.0,0.0
41582,3361,7.0,37.610656,8.27,34.454918,7.58
41582,3386,11.0,59.102459,13.0,54.077869,11.9
41576,25752,1.0,10.57377,2.33,9.516393,2.09
41576,3865,1.0,16.311475,3.59,14.680328,3.23
41574,24422,1.0,16.311475,3.59,14.680328,3.23
41574,3865,2.0,31.970492,7.03,28.77377,6.33
41573,25001,2.0,34.106557,7.5,30.97541,6.81
41573,3361,9.0,48.356557,10.64,39.594262,8.71
41573,36357,1.0,5.655738,1.24,4.672131,1.03
41572,41242,1.0,9.754098,2.15,9.270492,2.04
41572,3865,1.0,10.57377,2.33,10.040984,2.21
41572,25752,1.0,10.57377,2.33,10.04918,2.21
41571,25001,2.0,50.614754,11.14,48.081967,10.58
41570,31856,1.0,16.311475,3.59,16.311475,3.59
41570,41242,1.0,15.491803,3.41,15.491803,3.41
41569,3865,1.0,16.311475,3.59,15.491803,3.41
41569,25752,1.0,16.311475,3.59,15.5,3.41
41568,36357,3.0,16.458197,3.62,14.818852,3.26
41568,36205,1.0,22.868852,5.03,20.57377,4.53
41568,3361,1.0,0.0,0.0,0.0,0.0
41568,3314,1.0,0.0,0.0,0.0,0.0
41568,3313,1.0,0.0,0.0,0.0,0.0
41568,3361,1.0,5.655738,1.24,5.090164,1.12
41568,3386,6.0,32.237705,7.09,29.016393,6.38
41567,25001,1.0,17.95082,3.95,17.04918,3.75
41567,3870,3.0,46.487705,10.23,44.168033,9.72
41566,3865,1.0,10.57377,2.33,10.57377,2.33
41566,25752,1.0,10.57377,2.33,10.57377,2.33
41566,3386,1.0,4.778689,1.05,4.778689,1.05
41565,3865,1.0,16.311475,3.59,16.311475,3.59
41565,41242,1.0,15.491803,3.41,15.491803,3.41
41564,31856,1.0,16.311475,3.59,16.311475,3.59
41564,3865,1.0,16.311475,3.59,16.311475,3.59
41563,3870,1.0,16.311475,3.59,16.311475,3.59
41563,3865,1.0,10.57377,2.33,10.57377,2.33
41562,31527,1.0,32.704918,7.2,29.434426,6.48
41561,41242,1.0,15.491803,3.41,15.491803,3.41
41561,31856,1.0,16.311475,3.59,16.311475,3.59
41561,38808,1.0,14.672131,3.23,14.672131,3.23
41561,3386,1.0,0.0,0.0,0.0,0.0
41561,38794,1.0,0.0,0.0,0.0,0.0
41560,39466,1.0,14.672131,3.23,14.672131,3.23
41560,36357,1.0,0.0,0.0,0.0,0.0
41560,35699,1.0,0.0,0.0,0.0,0.0
41560,3870,1.0,15.352459,3.38,15.352459,3.38
41560,35699,1.0,10.57377,2.33,10.57377,2.33
41558,3865,2.0,31.970492,7.03,31.970492,7.03
41557,36796,3.0,73.52459,16.18,73.52459,16.18
41557,37170,3.0,0.0,0.0,0.0,0.0
41557,3313,3.0,0.0,0.0,0.0,0.0
41556,3865,3.0,31.086885,6.84,31.086885,6.84
41555,3865,1.0,16.311475,3.59,16.311475,3.59
41555,31856,1.0,16.311475,3.59,16.311475,3.59
41554,3865,2.0,20.72459,4.56,20.72459,4.56
41553,3865,4.0,61.983607,13.64,51.606557,11.35
41552,3865,2.0,31.970492,7.03,30.372131,6.68
41552,25752,1.0,10.57377,2.33,10.04918,2.21
41552,3361,2.0,11.311475,2.49,10.745902,2.36
41552,3870,1.0,15.352459,3.38,15.352459,3.38
41552,3386,1.0,4.778689,1.05,4.778689,1.05
41551,3865,2.0,31.970492,7.03,31.970492,7.03
41550,3865,2.0,31.970492,7.03,30.372131,6.68
41550,3870,1.0,15.352459,3.38,15.352459,3.38
41549,38808,1.0,14.672131,3.23,13.942623,3.07
41549,3386,1.0,0.0,0.0,0.0,0.0
41549,38794,1.0,0.0,0.0,0.0,0.0
41549,3865,1.0,16.311475,3.59,15.491803,3.41
41548,3386,1.0,5.655738,1.24,4.631148,1.02
41548,25752,1.0,10.57377,2.33,9.04918,1.99
41548,3870,1.0,16.311475,3.59,14.204918,3.13
41536,3865,3.0,47.955738,10.55,47.955738,10.55
41536,3870,1.0,15.352459,3.38,15.352459,3.38
41534,3865,6.0,92.97541,20.45,92.97541,20.45
41533,31527,1.0,32.704918,7.2,32.704918,7.2
41532,3865,1.0,16.311475,3.59,15.491803,3.41
41532,41242,1.0,15.491803,3.41,14.721311,3.24
41532,25752,3.0,47.955738,10.55,45.554098,10.02
41531,3865,4.0,61.983607,13.64,58.885246,12.95
41530,31856,1.0,16.311475,3.59,16.311475,3.59
41530,37170,2.0,35.901639,7.9,35.901639,7.9
41529,3865,3.0,47.955738,10.55,47.955738,10.55
41529,24422,1.0,16.311475,3.59,16.311475,3.59
41525,31856,1.0,16.311475,3.59,14.680328,3.23
41525,3870,1.0,16.311475,3.59,14.680328,3.23
41525,38808,1.0,14.672131,3.23,13.204918,2.91
41525,3386,1.0,0.0,0.0,0.0,0.0
41525,38794,1.0,0.0,0.0,0.0,0.0
41524,31527,3.0,96.152459,21.15,91.340984,20.1
41523,39466,1.0,14.672131,3.23,13.942623,3.07
41523,36357,1.0,0.0,0.0,0.0,0.0
41523,35699,1.0,0.0,0.0,0.0,0.0
41523,36649,1.0,20.409836,4.49,19.385246,4.26
41523,3361,1.0,0.0,0.0,0.0,0.0
41523,3870,1.0,0.0,0.0,0.0,0.0
41522,31856,4.0,58.721311,12.92,58.721311,12.92
41521,3865,2.0,31.970492,7.03,31.970492,7.03
41520,32659,1.0,17.95082,3.95,13.131148,2.89
41419,25001,2.0,34.106557,7.5,32.401639,7.13
41418,35699,3.0,31.721311,6.98,31.721311,6.98
41411,3870,2.0,30.991803,6.82,30.991803,6.82
41408,3865,2.0,31.970492,7.03,31.970492,7.03
41407,25001,2.0,50.614754,11.14,50.614754,11.14
41406,25001,2.0,50.614754,11.14,45.0,9.9
41405,41242,1.0,9.754098,2.15,9.040984,1.99
41405,38808,2.0,29.344262,6.46,27.901639,6.14
41405,3386,2.0,0.0,0.0,0.0,0.0
41405,38794,2.0,0.0,0.0,0.0,0.0
41404,31527,1.0,32.704918,7.2,32.704918,7.2
41394,3865,2.0,31.970492,7.03,31.970492,7.03
41393,3865,1.0,16.311475,3.59,15.909836,3.5
41393,25001,2.0,50.614754,11.14,49.803279,10.96
41392,25752,2.0,31.970492,7.03,28.77377,6.33
41392,3865,1.0,16.311475,3.59,14.680328,3.23
41392,3870,1.0,15.352459,3.38,15.352459,3.38
41392,31856,1.0,16.311475,3.59,14.680328,3.23
41391,31527,4.0,124.278689,27.34,124.278689,27.34
41390,39466,1.0,14.672131,3.23,14.672131,3.23
41390,36357,1.0,0.0,0.0,0.0,0.0
41390,35699,1.0,0.0,0.0,0.0,0.0
41389,25752,1.0,16.311475,3.59,16.311475,3.59
41389,3865,1.0,16.311475,3.59,16.311475,3.59
41388,25752,5.0,77.479508,17.05,77.479508,17.05
41388,35699,2.0,21.147541,4.65,21.147541,4.65
41386,36205,1.0,22.868852,5.03,22.868852,5.03
41386,3361,1.0,0.0,0.0,0.0,0.0
41386,3314,1.0,0.0,0.0,0.0,0.0
41386,3313,1.0,0.0,0.0,0.0,0.0
41386,36796,1.0,24.508197,5.39,24.508197,5.39
41386,37170,1.0,0.0,0.0,0.0,0.0
41386,3313,1.0,0.0,0.0,0.0,0.0
41383,3865,2.0,31.970492,7.03,31.970492,7.03
41380,3870,1.0,16.311475,3.59,13.860656,3.05
41380,3865,1.0,16.311475,3.59,13.868852,3.05
41380,25752,1.0,10.57377,2.33,8.991803,1.98
41378,32659,1.0,17.95082,3.95,17.95082,3.95
41377,3865,2.0,31.970492,7.03,31.970492,7.03
41377,25752,1.0,16.311475,3.59,16.311475,3.59
41376,31527,1.0,32.704918,7.2,31.967213,7.03
41375,36205,3.0,68.606557,15.09,68.606557,15.09
41375,3361,3.0,0.0,0.0,0.0,0.0
41375,3314,3.0,0.0,0.0,0.0,0.0
41375,3313,3.0,0.0,0.0,0.0,0.0
41375,36357,3.0,16.458197,3.62,16.458197,3.62
41373,32526,1.0,62.196721,13.68,62.196721,13.68
41372,31527,1.0,32.704918,7.2,29.434426,6.48
41371,3865,1.0,10.57377,2.33,9.516393,2.09
41371,3870,1.0,16.311475,3.59,14.680328,3.23
41369,38296,2.0,27.15082,5.97,27.15082,5.97
41369,3870,1.0,15.352459,3.38,15.352459,3.38
41368,31856,1.0,16.311475,3.59,16.311475,3.59
41368,3386,2.0,11.311475,2.49,11.311475,2.49
41367,31856,1.0,16.311475,3.59,16.311475,3.59
41367,25752,4.0,40.180328,8.84,40.180328,8.84
41366,31856,2.0,30.991803,6.82,30.991803,6.82
41365,24422,2.0,30.991803,6.82,30.991803,6.82
41365,25001,1.0,17.95082,3.95,17.95082,3.95
41364,25001,1.0,26.639344,5.86,26.639344,5.86
41364,3870,1.0,16.311475,3.59,16.311475,3.59
41364,3865,1.0,16.311475,3.59,16.311475,3.59
41363,3865,1.0,16.311475,3.59,16.311475,3.59
41363,36951,1.0,20.409836,4.49,20.409836,4.49
41363,3386,1.0,0.0,0.0,0.0,0.0
41363,38054,1.0,0.0,0.0,0.0,0.0
41363,36796,1.0,24.508197,5.39,24.508197,5.39
41363,37170,1.0,0.0,0.0,0.0,0.0
41363,3313,1.0,0.0,0.0,0.0,0.0
41363,3870,1.0,15.352459,3.38,15.352459,3.38
41362,3870,2.0,30.991803,6.82,30.991803,6.82
41362,3313,3.0,25.52459,5.62,25.52459,5.62
41360,37157,1.0,19.672131,4.33,19.672131,4.33
41359,25752,3.0,47.955738,10.55,47.955738,10.55
41359,31856,2.0,30.991803,6.82,30.991803,6.82
41359,3865,2.0,31.970492,7.03,31.970492,7.03
41358,38054,1.0,15.491803,3.41,13.942623,3.07
41358,3870,1.0,16.311475,3.59,14.680328,3.23
41358,3313,1.0,8.508197,1.87,8.508197,1.87
41354,37157,1.0,9.836066,2.16,9.836066,2.16
41351,3870,1.0,16.311475,3.59,14.680327,3.23
41351,37170,1.0,17.95082,3.95,16.155738,3.55
41350,3865,1.0,10.57377,2.33,10.57377,2.33
41350,41242,1.0,15.491803,3.41,15.491803,3.41
41349,41242,1.0,15.491803,3.41,15.491803,3.41
41349,31527,4.0,124.278689,27.34,118.065574,25.97
41347,31527,2.0,64.101639,14.1,57.691803,12.69
41346,3865,1.0,16.311475,3.59,14.672131,3.23
41346,3361,3.0,16.458197,3.62,14.818852,3.26
41345,31856,4.0,58.721311,12.92,58.721311,12.92
41345,3386,1.0,4.778689,1.05,4.778689,1.05
41343,25001,1.0,26.639344,5.86,26.639344,5.86
41343,24422,1.0,16.311475,3.59,16.311475,3.59
41343,3386,1.0,4.778689,1.05,4.778689,1.05
41342,25752,1.0,10.57377,2.33,10.57377,2.33
41342,3865,1.0,10.57377,2.33,10.57377,2.33
41342,36205,1.0,22.868852,5.03,22.868852,5.03
41342,3361,1.0,0.0,0.0,0.0,0.0
41342,3314,1.0,0.0,0.0,0.0,0.0
41342,3313,1.0,0.0,0.0,0.0,0.0
41341,25752,4.0,40.180328,8.84,36.163934,7.96
41340,3865,1.0,10.57377,2.33,9.516393,2.09
41340,25752,1.0,10.57377,2.33,9.516393,2.09
41339,41242,1.0,9.754098,2.15,9.754098,2.15
41339,39466,1.0,14.672131,3.23,14.672131,3.23
41339,36357,1.0,0.0,0.0,0.0,0.0
41339,35699,1.0,0.0,0.0,0.0,0.0
41338,31527,1.0,32.704918,7.2,31.901639,7.02
41336,3865,2.0,31.970492,7.03,31.970492,7.03
41336,3870,1.0,15.352459,3.38,15.352459,3.38
41336,25752,1.0,16.311475,3.59,16.311475,3.59
41335,41242,1.0,9.754098,2.15,9.754098,2.15
41335,3865,3.0,16.844754,3.71,16.844754,3.71
41333,3865,2.0,31.970492,7.03,28.77377,6.33
41332,31856,5.0,40.98360656,9.02,40.98360656,9.02
41332,3386,12.0,39.3442623,8.66,39.3442623,8.66
41332,3313,6.0,29.50819672,6.49,29.50819672,6.49
41331,39466,2.0,29.344262,6.46,26.409836,5.81
41331,36357,2.0,0.0,0.0,0.0,0.0
41331,35699,2.0,0.0,0.0,0.0,0.0
41329,3865,4.0,61.983607,13.64,61.983607,13.64
41328,25001,4.0,64.622951,14.22,61.606557,13.55
41327,36649,1.0,20.409836,4.49,20.409836,4.49
41327,3361,1.0,0.0,0.0,0.0,0.0
41327,3870,1.0,0.0,0.0,0.0,0.0
41327,3313,2.0,19.508197,4.29,19.508197,4.29
41327,3386,2.0,11.311475,2.49,11.311475,2.49
41327,36796,1.0,24.508197,5.39,24.508197,5.39
41327,37170,1.0,0.0,0.0,0.0,0.0
41327,3313,1.0,0.0,0.0,0.0,0.0
41327,3314,1.0,7.97541,1.75,7.97541,1.75
41326,3865,2.0,32.78688525,7.21,32.78688525,7.21
41326,3314,2.0,16.393442620000002,3.61,16.393442620000002,3.61
41325,3865,1.0,16.311475,3.59,14.680328,3.23
41325,41242,1.0,9.754098,2.15,8.778689,1.93
41325,25752,1.0,16.311475,3.59,14.680328,3.23
41324,3361,12.0,49.18032787,10.82,49.18032787,10.82
41324,3314,18.0,103.27868852,22.72,103.27868852,22.72
41324,3386,18.0,73.7704918,16.23,73.7704918,16.23
41323,31527,1.0,32.704918,7.2,32.704918,7.2
41322,3865,1.0,16.311475,3.59,16.311475,3.59
41322,3870,1.0,16.311475,3.59,16.311475,3.59
41321,38296,2.0,27.15082,5.97,24.437705,5.38
41321,3870,1.0,15.352459,3.38,15.352459,3.38
41320,41242,1.0,15.491803,3.41,15.491803,3.41
41320,41242,1.0,9.754098,2.15,9.754098,2.15
41319,3865,1.0,16.311475,3.59,14.680328,3.23
41319,38296,1.0,13.852459,3.05,12.467213,2.74
41318,31527,1.0,32.704918,7.2,29.434426,6.48
41299,38808,1.0,14.672131,3.23,14.672131,3.23
41299,3386,1.0,0.0,0.0,0.0,0.0
41299,38794,1.0,0.0,0.0,0.0,0.0
41299,31856,1.0,15.352459,3.38,15.352459,3.38
41298,3865,2.0,31.970492,7.03,31.970492,7.03
41297,3870,4.0,58.721311,12.92,52.852459,11.63
41296,38296,2.0,27.15082,5.97,27.15082,5.97
41296,25752,1.0,16.311475,3.59,16.311475,3.59
41295,3361,12.0,63.796721,14.04,56.395082,12.41
41285,3865,3.0,31.086885,6.84,26.988525,5.94
41241,31527,1.0,32.704918,7.2,32.704918,7.2
41239,3865,2.0,11.229836,2.47,11.229836,2.47
41239,25752,2.0,20.72459,4.56,20.72459,4.56
41236,3865,1.0,10.57377,2.33,10.57377,2.33
41236,3870,1.0,16.311475,3.59,16.311475,3.59
41234,31527,1.0,32.704918,7.2,29.434426,6.48
41232,31527,1.0,32.704918,7.2,32.704918,7.2
41231,25752,1.0,16.311475,3.59,16.311475,3.59
41231,31527,1.0,32.704918,7.2,32.704918,7.2
41229,31527,1.0,32.704918,7.2,32.704918,7.2
41228,3870,1.0,16.311475,3.59,16.311475,3.59
41228,24422,1.0,16.311475,3.59,16.311475,3.59
41227,31856,1.0,16.311475,3.59,15.172131,3.34
41227,38296,1.0,20.409836,4.49,18.97541,4.17
41227,3865,1.0,16.311475,3.59,15.172131,3.34
41225,25752,3.0,47.955738,10.55,47.955738,10.55
41223,32396,1.0,16.311475,3.59,14.745902,3.24
41221,25752,1.0,16.311475,3.59,16.311475,3.59
41221,3865,1.0,16.311475,3.59,16.311475,3.59
41220,3865,1.0,16.311475,3.59,16.311475,3.59
41220,3870,1.0,15.352459,3.38,15.352459,3.38
41219,31527,1.0,32.704918,7.2,32.704918,7.2
41218,3865,4.0,40.180328,8.84,39.459016,8.68
41217,25752,1.0,10.57377,2.33,10.57377,2.33
41213,31527,1.0,32.704918,7.2,32.704918,7.2
41212,3865,4.0,61.983607,13.64,55.786885,12.27
41211,25752,1.0,16.311475,3.59,9.754098,2.15
41211,3386,1.0,4.778689,1.05,0.0,0.0
41210,3865,1.0,10.57377,2.33,10.57377,2.33
41210,3870,1.0,16.311475,3.59,16.311475,3.59
41210,24422,1.0,16.311475,3.59,16.311475,3.59
41210,3386,1.0,4.778689,1.05,4.778689,1.05
41210,25752,1.0,10.57377,2.33,10.57377,2.33
41210,3313,1.0,8.508197,1.87,8.508197,1.87
41209,38296,1.0,20.409836,4.49,18.368852,4.04
41209,3870,1.0,15.352459,3.38,15.352459,3.38
41208,3865,3.0,47.955738,10.55,47.955738,10.55
41208,25001,1.0,17.95082,3.95,17.95082,3.95
41208,3386,6.0,32.577049,7.17,32.577049,7.17
41207,3870,2.0,30.991803,6.82,30.991803,6.82
41205,3870,4.0,58.721311,12.92,49.557377,10.9
41204,3865,1.0,16.311475,3.59,16.311475,3.59
41203,3313,1.0,8.508197,1.87,8.508197,1.87
41203,36205,1.0,22.868852,5.03,22.868852,5.03
41203,3361,1.0,0.0,0.0,0.0,0.0
41203,3314,1.0,0.0,0.0,0.0,0.0
41203,3313,1.0,0.0,0.0,0.0,0.0
41203,36357,1.0,5.655738,1.24,5.655738,1.24
41203,3314,1.0,8.934426,1.97,8.934426,1.97
41203,3386,1.0,5.655738,1.24,5.655738,1.24
41203,3320,1.0,9.811475,2.16,9.811475,2.16
41202,3870,2.0,30.991803,6.82,30.991803,6.82
41201,3870,4.0,58.721311,12.92,58.721311,12.92
41201,38296,1.0,13.852459,3.05,13.852459,3.05
41200,3870,1.0,16.311475,3.59,15.918033,3.5
41200,24422,1.0,16.311475,3.59,15.92623,3.5
41199,31527,1.0,32.704918,7.2,32.704918,7.2
41198,38296,1.0,13.852459,3.05,13.852459,3.05
41198,3870,2.0,30.704918,6.76,30.704918,6.76
41197,3870,1.0,16.311475,3.59,14.680328,3.23
41197,36796,1.0,24.508197,5.39,24.508197,5.39
41197,37170,1.0,0.0,0.0,0.0,0.0
41197,3313,1.0,0.0,0.0,0.0,0.0
41197,3314,1.0,7.97541,1.75,7.97541,1.75
41195,32396,1.0,16.311475,3.59,16.311475,3.59
41194,3865,1.0,10.57377,2.33,10.57377,2.33
41193,35513,1.0,20.409836,4.49,15.721311,3.46
41193,31527,1.0,32.704918,7.2,28.008197,6.16
41192,31527,1.0,32.704918,7.2,29.434426,6.48
41190,3865,1.0,16.311475,3.59,16.311475,3.59
41190,3870,1.0,15.352459,3.38,15.352459,3.38
41189,24422,2.0,30.991803,6.82,27.885246,6.13
41189,25752,2.0,20.72459,4.56,18.659016,4.1
41188,3865,1.0,16.311475,3.59,14.680328,3.23
41188,3870,1.0,15.352459,3.38,15.352459,3.38
41187,36796,1.0,24.508197,5.39,24.508197,5.39
41187,37170,1.0,0.0,0.0,0.0,0.0
41187,3313,1.0,0.0,0.0,0.0,0.0
41187,3314,1.0,7.97541,1.75,7.97541,1.75
41185,36649,1.0,20.409836,4.49,20.409836,4.49
41185,3361,1.0,0.0,0.0,0.0,0.0
41185,3870,1.0,0.0,0.0,0.0,0.0
41185,3314,1.0,7.97541,1.75,7.97541,1.75
41184,3865,1.0,16.311475,3.59,16.311475,3.59
41184,35513,1.0,20.409836,4.49,20.409836,4.49
41183,3865,2.0,31.970492,7.03,31.970492,7.03
41182,3870,4.0,58.721311,12.92,58.721311,12.92
41181,25752,1.0,16.311475,3.59,16.311475,3.59
41181,39466,1.0,14.672131,3.23,14.672131,3.23
41181,36357,1.0,0.0,0.0,0.0,0.0
41181,35699,1.0,0.0,0.0,0.0,0.0
41180,25752,1.0,16.311475,3.59,16.311475,3.59
41180,3386,1.0,4.778689,1.05,4.778689,1.05
41180,3870,2.0,30.991803,6.82,30.991803,6.82
41180,3865,2.0,31.970492,7.03,31.970492,7.03
41179,3314,3.0,26.267213,5.78,26.267213,5.78
41139,3314,3.0,26.267213,5.78,26.267213,5.78
41139,3870,1.0,15.352459,3.38,15.352459,3.38
41138,31527,1.0,32.704918,7.2,32.704918,7.2
41137,31527,1.0,32.704918,7.2,32.704918,7.2
41121,3386,2.0,11.311475,2.49,11.311475,2.49
41121,3361,2.0,11.311475,2.49,11.311475,2.49
41121,36357,1.0,5.655738,1.24,5.655738,1.24
41120,38794,2.0,21.147541,4.65,17.516393,3.85
41120,31856,1.0,16.311475,3.59,14.491803,3.19
41117,38296,2.0,27.15082,5.97,27.15082,5.97
41116,3865,2.0,31.970492,7.03,31.970492,7.03
41116,3870,1.0,15.352459,3.38,15.352459,3.38
41115,39466,1.0,14.672131,3.23,14.672131,3.23
41115,36357,1.0,0.0,0.0,0.0,0.0
41115,35699,1.0,0.0,0.0,0.0,0.0
41115,3320,1.0,9.811475,2.16,8.836066,1.94
41115,25752,1.0,10.57377,2.33,9.508197,2.09
41108,31527,1.0,32.704918,7.2,32.704918,7.2
41103,31856,2.0,30.991803,6.82,27.893443,6.14
41102,25001,1.0,17.95082,3.95,16.155738,3.55
41102,3870,1.0,16.311475,3.59,14.680328,3.23
41101,3870,2.0,30.991803,6.82,30.991803,6.82
41100,31527,1.0,32.704918,7.2,32.704918,7.2
41099,31856,3.0,46.487705,10.23,46.487705,10.23
41099,25752,2.0,31.970492,7.03,31.970492,7.03
41099,3386,1.0,4.778689,1.05,4.778689,1.05
41097,38296,1.0,13.852459,3.05,13.852459,3.05
41097,3865,2.0,20.72459,4.56,20.72459,4.56
41095,36796,2.0,49.016393,10.78,49.016393,10.78
41095,37170,2.0,0.0,0.0,0.0,0.0
41095,3313,2.0,0.0,0.0,0.0,0.0
41086,31527,1.0,32.704918,7.2,32.704918,7.2
41081,25752,2.0,31.970492,7.03,28.77377,6.33
41081,3865,2.0,31.970492,7.03,28.77377,6.33
41080,25001,2.0,34.106557,7.5,34.106557,7.5
41079,3865,1.0,10.57377,2.33,10.57377,2.33
41079,24422,1.0,16.311475,3.59,16.311475,3.59
41078,3865,1.0,10.57377,2.33,10.57377,2.33
41078,25752,1.0,16.311475,3.59,16.311475,3.59
41077,25752,1.0,16.311475,3.59,16.311475,3.59
41077,3865,1.0,16.311475,3.59,16.311475,3.59
41074,35513,2.0,40.003279,8.8,40.003279,8.8
41073,3321,2.0,24.082295,5.3,21.672459,4.77
41073,25752,2.0,31.970492,7.03,31.970492,7.03
41072,3865,1.0,16.311475,3.59,14.680328,3.23
41072,3870,1.0,15.352459,3.38,15.352459,3.38
41071,3865,2.0,31.970492,7.03,28.77377,6.33
41070,3870,2.0,30.991803,6.82,27.893443,6.14
41069,25001,2.0,50.614754,11.14,50.614754,11.14
41068,31527,1.0,32.704918,7.2,32.704918,7.2
41066,3870,1.0,16.311475,3.59,14.680328,3.23
41066,25001,1.0,17.95082,3.95,16.155738,3.55
41065,25752,2.0,31.970492,7.03,31.970492,7.03
41064,3321,5.0,60.205738,13.25,54.189344,11.92
41064,36357,1.0,4.811475,1.06,4.811475,1.06
41061,3870,2.0,30.991803,6.82,30.991803,6.82
41059,31856,1.0,16.311475,3.59,16.311475,3.59
41059,3386,1.0,4.778689,1.05,4.778689,1.05
41059,25001,1.0,17.95082,3.95,17.95082,3.95
41057,3321,2.0,24.082295,5.3,21.672459,4.77
41057,36357,3.0,16.627869,3.66,16.627869,3.66
41056,31527,1.0,32.704918,7.2,32.704918,7.2
41054,3865,1.0,10.57377,2.33,10.245902,2.25
41054,3865,1.0,5.729508,1.26,5.401639,1.19
41054,3870,1.0,16.311475,3.59,15.983607,3.52
41053,3865,7.0,108.471311,23.86,108.471311,23.86
41053,25752,1.0,16.311475,3.59,16.311475,3.59
41052,31856,1.0,16.311475,3.59,14.680328,3.23
41052,3386,1.0,4.778689,1.05,4.778689,1.05
41052,25752,1.0,16.311475,3.59,14.680328,3.23
41048,31527,1.0,32.704918,7.2,29.434426,6.48
41046,3321,2.0,24.082295,5.3,24.082295,5.3
41046,3865,2.0,20.72459,4.56,20.72459,4.56
41046,36357,1.0,4.811475,1.06,4.811475,1.06
41046,36205,1.0,22.868852,5.03,22.868852,5.03
41046,3361,1.0,0.0,0.0,0.0,0.0
41046,3314,1.0,0.0,0.0,0.0,0.0
41046,3313,1.0,0.0,0.0,0.0,0.0
41045,3870,2.0,30.991803,6.82,30.991803,6.82
41029,3865,3.0,47.955738,10.55,43.160656,9.5
41029,25752,2.0,31.970492,7.03,28.77377,6.33
41029,3870,2.0,30.991803,6.82,27.893443,6.14
41027,25001,1.0,26.639344,5.86,26.639344,5.86
41027,3313,1.0,8.508197,1.87,8.508197,1.87
41025,3865,2.0,20.72459,4.56,20.72459,4.56
41025,3870,1.0,15.352459,3.38,15.352459,3.38
41024,32396,1.0,16.311475,3.59,14.688525,3.23
41023,35513,1.0,20.409836,4.49,18.368852,4.04
41023,25752,1.0,16.311475,3.59,14.680328,3.23
41022,31527,1.0,32.704918,7.2,32.704918,7.2
41020,3865,3.0,47.955738,10.55,47.955738,10.55
41019,30799,1.0,41.721311,9.18,41.721311,9.18
41019,3870,1.0,0.0,0.0,0.0,0.0
41019,35699,1.0,0.0,0.0,0.0,0.0
41019,37170,1.0,0.0,0.0,0.0,0.0
41019,25752,1.0,10.57377,2.33,9.516393,2.09
41019,36951,1.0,20.409836,4.49,20.409836,4.49
41019,3386,1.0,0.0,0.0,0.0,0.0
41019,38054,1.0,0.0,0.0,0.0,0.0
41019,38808,1.0,14.672131,3.23,14.672131,3.23
41019,3386,1.0,0.0,0.0,0.0,0.0
41019,38794,1.0,0.0,0.0,0.0,0.0
41018,24422,2.0,30.991803,6.82,30.991803,6.82
41018,25001,1.0,17.95082,3.95,17.95082,3.95
41017,3865,1.0,16.311475,3.59,16.311475,3.59
41017,3870,1.0,15.352459,3.38,15.352459,3.38
40980,3321,8.0,96.32918,21.19,86.698032,19.07
40980,36357,6.0,32.577049,7.17,32.577049,7.17
40980,31856,1.0,16.311475,3.59,16.311475,3.59
40980,24422,2.0,30.991803,6.82,30.991803,6.82
40968,3865,1.0,16.311475,3.59,15.819672,3.48
40968,25752,1.0,16.311475,3.59,15.827869,3.48
40968,3870,1.0,16.311475,3.59,15.827869,3.48
40967,3865,1.0,10.57377,2.33,10.57377,2.33
40967,25001,1.0,17.95082,3.95,17.95082,3.95
40967,24422,1.0,16.311475,3.59,16.311475,3.59
40966,3865,1.0,16.311475,3.59,14.680328,3.23
40966,3870,1.0,16.311475,3.59,14.680328,3.23
40966,35513,1.0,20.409836,4.49,18.368852,4.04
40964,31856,1.0,16.311475,3.59,16.311475,3.59
40964,25001,1.0,26.639344,5.86,26.639344,5.86
40932,38296,1.0,13.852459,3.05,13.852459,3.05
40899,25752,2.0,31.970492,7.03,31.970492,7.03
40882,3865,2.0,31.970492,7.03,30.945902,6.81
40881,3865,1.0,16.311475,3.59,16.311475,3.59
40881,3865,1.0,10.57377,2.33,10.57377,2.33
40880,32526,1.0,31.967213,7.03,31.967213,7.03
40879,3865,6.0,92.97541,20.45,92.97541,20.45
40877,31527,1.0,32.704918,7.2,31.967213,7.03
40876,3865,1.0,16.311475,3.59,16.311475,3.59
40876,35513,1.0,20.409836,4.49,20.409836,4.49
40875,3361,6.0,32.577049,7.17,26.978689,5.94
40874,3361,12.0,63.796721,14.04,63.796721,14.04
40873,24422,1.0,16.311475,3.59,16.311475,3.59
40872,31527,1.0,32.704918,7.2,32.704918,7.2
40871,3865,3.0,47.955738,10.55,47.955738,10.55
40871,24422,1.0,16.311475,3.59,16.311475,3.59
40870,31527,2.0,64.101639,14.1,57.691803,12.69
40869,31856,1.0,16.311475,3.59,16.311475,3.59
40868,38296,2.0,40.003279,8.8,33.995082,7.48
40864,23378,2.0,29.49,6.49,29.49,6.49
40850,3865,5.0,77.479508,17.05,65.856557,14.49
40850,38454,1.0,0.0,0.0,0.0,0.0
40848,23378,1.0,29.491803,6.49,29.491803,6.49
40847,31856,3.0,46.487705,10.23,46.487705,10.23
40847,38296,1.0,13.852459,3.05,13.852459,3.05
40847,3865,3.0,47.955738,10.55,47.955738,10.55
40847,38454,1.0,0.0,0.0,0.0,0.0
40846,3321,1.0,12.286885,2.7,12.286885,2.7
40846,25001,1.0,17.95082,3.95,17.95082,3.95
40846,3870,1.0,16.311475,3.59,16.311475,3.59
40846,38454,1.0,0.0,0.0,0.0,0.0
40846,3865,1.0,10.57377,2.33,10.57377,2.33
40845,3865,2.0,31.970492,7.03,31.970492,7.03
40844,3865,3.0,47.955738,10.55,47.955738,10.55
40844,38454,1.0,0.0,0.0,0.0,0.0
40842,38296,1.0,13.852459,3.05,13.852459,3.05
40841,38296,1.0,13.852459,3.05,12.467213,2.74
40841,3870,1.0,16.311475,3.59,14.680328,3.23
40841,3865,1.0,10.57377,2.33,9.516393,2.09
40841,38454,1.0,0.0,0.0,0.0,0.0
40841,3386,1.0,4.778689,1.05,4.778689,1.05
40840,3865,1.0,16.311475,3.59,16.311475,3.59
40840,24422,1.0,16.311475,3.59,16.311475,3.59
40839,3865,6.0,92.97541,20.45,92.97541,20.45
40839,38454,1.0,0.0,0.0,0.0,0.0
40837,32526,1.0,16.311475,3.59,16.311475,3.59
40836,25001,1.0,17.95082,3.95,17.95082,3.95
40836,3865,1.0,10.57377,2.33,10.57377,2.33
40836,3870,1.0,16.311475,3.59,16.311475,3.59
40836,38454,1.0,0.0,0.0,0.0,0.0
40836,38296,1.0,13.852459,3.05,13.852459,3.05
40835,25001,2.0,50.614754,11.14,50.614754,11.14
40835,38454,1.0,0.0,0.0,0.0,0.0
40834,3865,1.0,16.311475,3.59,16.311475,3.59
40834,38296,1.0,20.409836,4.49,20.409836,4.49
40833,3870,1.0,15.352459,3.38,15.352459,3.38
40833,39466,1.0,14.672131,3.23,14.672131,3.23
40833,36357,1.0,0.0,0.0,0.0,0.0
40833,35699,1.0,0.0,0.0,0.0,0.0
40832,38454,1.0,0.0,0.0,0.0,0.0
40832,25001,4.0,64.622951,14.22,64.622951,14.22
40831,3361,6.0,32.577049,7.17,29.322951,6.45
40830,24422,3.0,46.487705,10.23,46.487705,10.23
40830,38454,1.0,0.0,0.0,0.0,0.0
40829,3361,8.0,43.436066,9.56,39.1,8.6
40829,36357,3.0,16.627869,3.66,14.955738,3.29
40829,38454,1.0,0.0,0.0,0.0,0.0
40826,3314,2.0,17.868852,3.93,17.868852,3.93
40826,3361,5.0,27.713115,6.1,27.713115,6.1
40826,38454,1.0,0.0,0.0,0.0,0.0
40825,24422,4.0,58.721311,12.92,58.721311,12.92
40825,38454,1.0,0.0,0.0,0.0,0.0
40824,3321,1.0,12.286885,2.7,12.286885,2.7
40824,3386,1.0,5.655738,1.24,5.655738,1.24
40824,36357,1.0,4.811475,1.06,4.811475,1.06
40824,3314,1.0,8.934426,1.97,8.934426,1.97
40824,3870,1.0,16.311475,3.59,16.311475,3.59
40824,38454,1.0,0.0,0.0,0.0,0.0
40797,3870,2.0,30.991803,6.82,30.991803,6.82
40797,25001,1.0,17.95082,3.95,17.95082,3.95
40797,38454,1.0,0.0,0.0,0.0,0.0
40796,3865,1.0,10.57377,2.33,10.57377,2.33
40770,3865,4.0,61.983607,13.64,61.983607,13.64
40770,3870,1.0,16.311475,3.59,16.311475,3.59
40770,38454,1.0,0.0,0.0,0.0,0.0
40768,3386,6.0,32.577049,7.17,32.577049,7.17
40767,3314,12.0,100.780328,22.17,100.780328,22.17
40767,38454,1.0,0.0,0.0,0.0,0.0
40767,25001,4.0,95.901639,21.1,95.901639,21.1
40764,23378,2.0,29.491803,6.49,29.491803,6.49
40740,35513,2.0,40.003279,8.8,40.003279,8.8
40740,3314,1.0,7.97541,1.75,7.97541,1.75
40740,38454,1.0,0.0,0.0,0.0,0.0
40739,25001,2.0,34.106557,7.5,34.106557,7.5
40739,3313,1.0,8.508197,1.87,8.508197,1.87
40739,38454,1.0,0.0,0.0,0.0,0.0
40736,3361,12.0,63.796721,14.04,63.796721,14.04
40736,38454,1.0,0.0,0.0,0.0,0.0
40735,31527,2.0,64.101639,14.1,57.691803,12.69
40735,38454,1.0,0.0,0.0,0.0,0.0
40734,3314,3.0,26.267213,5.78,26.267213,5.78
40734,3313,3.0,28.677049,6.31,28.677049,6.31
40734,38454,1.0,0.0,0.0,0.0,0.0
39648,25001,2.0,34.106557,7.5,34.106557,7.5
39647,39466,1.0,14.672131,3.23,14.672131,3.23
39647,36357,1.0,0.0,0.0,0.0,0.0
39647,35699,1.0,0.0,0.0,0.0,0.0
39647,36357,1.0,5.655738,1.24,5.655738,1.24
39646,3865,2.0,31.970492,7.03,31.970492,7.03
39644,3865,1.0,16.311475,3.59,16.311475,3.59
39644,3870,1.0,15.352459,3.38,15.352459,3.38
39640,35513,1.0,20.409836,4.49,20.409836,4.49
39639,36205,2.0,45.737705,10.06,45.737705,10.06
39639,3361,2.0,0.0,0.0,0.0,0.0
39639,3314,2.0,0.0,0.0,0.0,0.0
39639,3313,2.0,0.0,0.0,0.0,0.0
39639,38454,1.0,0.0,0.0,0.0,0.0
39638,25001,1.0,26.639344,5.86,23.97541,5.27
39638,38296,1.0,20.409836,4.49,18.368852,4.04
39638,38454,1.0,0.0,0.0,0.0,0.0
39638,3870,1.0,16.311475,3.59,14.680328,3.23
39636,31527,2.0,64.101639,14.1,64.101639,14.1
39636,38454,1.0,0.0,0.0,0.0,0.0
39635,3865,2.0,31.970492,7.03,28.77377,6.33
39635,38454,1.0,0.0,0.0,0.0,0.0
39635,36951,1.0,20.409836,4.49,20.409836,4.49
39635,3386,1.0,0.0,0.0,0.0,0.0
39635,38054,1.0,0.0,0.0,0.0,0.0
39634,3361,12.0,63.796721,14.04,57.419672,12.63
39634,38454,1.0,0.0,0.0,0.0,0.0
39557,3865,2.0,31.970492,7.03,31.970492,7.03
39547,3870,2.0,30.991803,6.82,30.991803,6.82
39544,3865,2.0,11.229836,2.47,11.229836,2.47
39544,39466,1.0,14.672131,3.23,14.672131,3.23
39544,36357,1.0,0.0,0.0,0.0,0.0
39544,35699,1.0,0.0,0.0,0.0,0.0
39541,3386,1.0,5.655738,1.24,5.090164,1.12
39541,3314,3.0,26.267213,5.78,23.644262,5.2
39541,3313,1.0,9.754098,2.15,8.778689,1.93
39541,3361,1.0,5.655738,1.24,5.090164,1.12
39541,38454,1.0,0.0,0.0,0.0,0.0
39535,38296,2.0,27.15082,5.97,27.15082,5.97
39535,3870,2.0,30.991803,6.82,30.991803,6.82
39535,38454,1.0,0.0,0.0,0.0,0.0
39534,31527,1.0,32.704918,7.2,32.704918,7.2
39533,31527,1.0,32.704918,7.2,29.434426,6.48
39532,3313,3.0,28.677049,6.31,28.677049,6.31
39530,3870,2.0,30.991803,6.82,27.893443,6.14
39530,24422,2.0,30.991803,6.82,27.893443,6.14
39530,38454,1.0,0.0,0.0,0.0,0.0
39528,3865,2.0,31.970492,7.03,31.970492,7.03
39528,3870,1.0,15.352459,3.38,15.352459,3.38
39528,38454,1.0,0.0,0.0,0.0,0.0
39527,31527,4.0,124.278689,27.34,124.278689,27.34
39527,38454,1.0,0.0,0.0,0.0,0.0
39526,25001,1.0,17.95082,3.95,17.606557,3.87
39526,24422,1.0,16.311475,3.59,15.97541,3.51
39525,25001,6.0,143.852459,31.65,143.852459,31.65
39525,38454,1.0,0.0,0.0,0.0,0.0
39524,31527,1.0,32.704918,7.2,29.434426,6.48
39522,38296,3.0,60.004918,13.2,60.004918,13.2
39522,38454,1.0,0.0,0.0,0.0,0.0
39519,3865,2.0,31.970492,7.03,31.970492,7.03
39519,3870,1.0,15.352459,3.38,15.352459,3.38
39519,38454,1.0,0.0,0.0,0.0,0.0
39518,3313,12.0,110.02623,24.21,99.02623,21.79
39517,3865,1.0,16.311475,3.59,16.311475,3.59
39517,3314,1.0,8.934426,1.97,8.934426,1.97
39516,31527,1.0,32.704918,7.2,29.434426,6.48
39515,3870,1.0,16.311475,3.59,16.311475,3.59
39515,3865,1.0,16.311475,3.59,16.311475,3.59
39514,31527,1.0,32.704918,7.2,29.434426,6.48
39511,3870,1.0,16.311475,3.59,13.368852,2.94
39511,25001,1.0,17.95082,3.95,15.008197,3.3
39510,3865,1.0,16.311475,3.59,16.311475,3.59
39509,32526,1.0,62.196721,13.68,62.196721,13.68
39507,32545,1.0,31.967213,7.03,31.967213,7.03
39506,3314,6.0,51.462295,11.32,46.322951,10.19
39506,38454,1.0,0.0,0.0,0.0,0.0
39506,3313,6.0,56.183607,12.36,50.560656,11.12
39505,3865,4.0,61.983607,13.64,52.688525,11.59
39505,38454,1.0,0.0,0.0,0.0,0.0
39504,36796,1.0,24.508197,5.39,24.508197,5.39
39504,37170,1.0,0.0,0.0,0.0,0.0
39504,3313,1.0,0.0,0.0,0.0,0.0
39504,3870,1.0,15.352459,3.38,15.352459,3.38
39504,3314,1.0,7.97541,1.75,7.97541,1.75
39504,38454,1.0,0.0,0.0,0.0,0.0
39504,3314,12.0,100.780328,22.17,100.780328,22.17
39504,36951,1.0,20.409836,4.49,20.409836,4.49
39504,3386,1.0,0.0,0.0,0.0,0.0
39504,38054,1.0,0.0,0.0,0.0,0.0
39504,3386,6.0,32.577049,7.17,32.577049,7.17
39503,25001,1.0,17.95082,3.95,17.95082,3.95
39503,3870,1.0,16.311475,3.59,16.311475,3.59
39502,3865,6.0,92.97541,20.45,92.97541,20.45
39502,38454,1.0,0.0,0.0,0.0,0.0
39501,36205,1.0,22.868852,5.03,22.868852,5.03
39501,3361,1.0,0.0,0.0,0.0,0.0
39501,3314,1.0,0.0,0.0,0.0,0.0
39501,3313,1.0,0.0,0.0,0.0,0.0
39501,36357,1.0,4.811475,1.06,4.811475,1.06
39500,3865,5.0,77.479508,17.05,77.479508,17.05
39500,38454,1.0,0.0,0.0,0.0,0.0
39498,31527,1.0,32.704918,7.2,31.07377,6.84
39498,3321,1.0,11.778689,2.59,11.778689,2.59
39498,38454,1.0,0.0,0.0,0.0,0.0
39457,3870,4.0,58.721311,12.92,58.721311,12.92
39457,38454,1.0,0.0,0.0,0.0,0.0
39455,25001,1.0,17.95082,3.95,17.95082,3.95
39455,3361,6.0,32.577049,7.17,32.577049,7.17
39454,25001,1.0,26.639344,5.86,26.639344,5.86
39454,3865,1.0,16.311475,3.59,16.311475,3.59
39454,38454,1.0,0.0,0.0,0.0,0.0
39453,32659,1.0,17.95082,3.95,17.95082,3.95
39452,3865,3.0,31.086885,6.84,31.086885,6.84
39452,3870,1.0,16.311475,3.59,16.311475,3.59
39452,38454,1.0,0.0,0.0,0.0,0.0
39448,37157,1.0,19.672131,4.33,19.672131,4.33
39447,3865,4.0,61.983607,13.64,61.983607,13.64
39447,38454,1.0,0.0,0.0,0.0,0.0
39447,36649,1.0,20.409836,4.49,20.409836,4.49
39447,3361,1.0,0.0,0.0,0.0,0.0
39447,3870,1.0,0.0,0.0,0.0,0.0
39447,36205,1.0,22.868852,5.03,22.868852,5.03
39447,3361,1.0,0.0,0.0,0.0,0.0
39447,3314,1.0,0.0,0.0,0.0,0.0
39447,3313,1.0,0.0,0.0,0.0,0.0
39446,3865,1.0,16.311475,3.59,16.311475,3.59
39446,31856,1.0,16.311475,3.59,16.311475,3.59
39445,3865,2.0,31.970492,7.03,28.77377,6.33
39444,26420,1.0,14.745902,3.24,14.745902,3.24
39443,3865,3.0,31.086885,6.84,29.537705,6.5
39443,31856,2.0,30.991803,6.82,29.434426,6.48
39440,37157,1.0,19.672131,4.33,19.672131,4.33
39439,3361,1.0,5.655738,1.24,5.655738,1.24
39439,3870,1.0,15.352459,3.38,15.352459,3.38
39438,35513,1.0,20.409836,4.49,20.409836,4.49
39438,3870,1.0,16.311475,3.59,16.311475,3.59
39438,38296,2.0,27.15082,5.97,27.15082,5.97
39438,38454,1.0,0.0,0.0,0.0,0.0
39435,24422,1.0,16.311475,3.59,16.311475,3.59
39435,3870,1.0,16.311475,3.59,16.311475,3.59
39434,3313,6.0,59.01639344,12.98,59.01639344,12.98
39433,3865,4.0,61.983607,13.64,61.983607,13.64
39433,38454,1.0,0.0,0.0,0.0,0.0
39432,3870,4.0,58.721311,12.92,58.721311,12.92
39432,38454,1.0,0.0,0.0,0.0,0.0
39431,3870,1.0,16.311475,3.59,16.311475,3.59
39431,3865,1.0,16.311475,3.59,16.311475,3.59
39428,3865,4.0,61.983607,13.64,61.983607,13.64
39428,38454,1.0,0.0,0.0,0.0,0.0
39427,31527,1.0,32.704918,7.2,32.704918,7.2
39427,3865,1.0,16.311475,3.59,16.311475,3.59
39427,38454,1.0,0.0,0.0,0.0,0.0
39427,3321,1.0,11.778689,2.59,11.778689,2.59
39426,36205,3.0,68.606557,15.09,68.606557,15.09
39426,3361,3.0,0.0,0.0,0.0,0.0
39426,3314,3.0,0.0,0.0,0.0,0.0
39426,3313,3.0,0.0,0.0,0.0,0.0
39426,38454,1.0,0.0,0.0,0.0,0.0
39424,31527,1.0,32.704918,7.2,29.434426,6.48
39423,32526,1.0,16.368852,3.6,16.368852,3.6
39391,3865,1.0,16.311475,3.59,16.311475,3.59
39391,35513,1.0,20.409836,4.49,20.409836,4.49
39374,31527,4.0,124.278689,27.34,124.278689,27.34
39373,31527,4.0,124.278689,27.34,118.065574,25.97
39372,30799,1.0,41.721311,9.18,40.672131,8.95
39372,3870,1.0,0.0,0.0,0.0,0.0
39372,35699,1.0,0.0,0.0,0.0,0.0
39372,37170,1.0,0.0,0.0,0.0,0.0
39371,35513,2.0,41.609836,9.15,41.609836,9.15
39369,30799,1.0,41.721311,9.18,41.721311,9.18
39369,3870,1.0,0.0,0.0,0.0,0.0
39369,35699,1.0,0.0,0.0,0.0,0.0
39369,37170,1.0,0.0,0.0,0.0,0.0
39368,36205,2.0,45.737705,10.06,45.737705,10.06
39368,3361,2.0,0.0,0.0,0.0,0.0
39368,3314,2.0,0.0,0.0,0.0,0.0
39368,3313,2.0,0.0,0.0,0.0,0.0
39367,3313,12.0,110.02623,24.21,110.02623,24.21
39367,3314,12.0,100.780328,22.17,100.780328,22.17
39366,3865,1.0,16.311475,3.59,16.311475,3.59
39365,36205,1.0,22.868852,5.03,22.868852,5.03
39365,3361,1.0,0.0,0.0,0.0,0.0
39365,3314,1.0,0.0,0.0,0.0,0.0
39365,3313,1.0,0.0,0.0,0.0,0.0
39365,36649,1.0,20.409836,4.49,20.409836,4.49
39365,3361,1.0,0.0,0.0,0.0,0.0
39365,3870,1.0,0.0,0.0,0.0,0.0
39364,25001,1.0,17.95082,3.95,17.95082,3.95
39364,3865,1.0,16.311475,3.59,0.0,0.0
39362,31527,1.0,32.704918,7.2,32.704918,7.2
39361,25001,4.0,64.622951,14.22,64.622951,14.22
39361,3313,2.0,17.016393,3.74,17.016393,3.74
39361,3870,1.0,16.311475,3.59,16.311475,3.59
39359,3865,2.0,31.970492,7.03,31.970492,7.03
39358,36205,1.0,22.868852,5.03,22.868852,5.03
39358,3361,1.0,0.0,0.0,0.0,0.0
39358,3314,1.0,0.0,0.0,0.0,0.0
39358,3313,1.0,0.0,0.0,0.0,0.0
39357,3865,1.0,10.57377,2.33,10.57377,2.33
39357,3870,1.0,15.352459,3.38,15.352459,3.38
39355,3870,5.0,73.401639,16.15,73.401639,16.15
39354,3314,3.0,26.267213,5.78,26.267213,5.78
39354,3361,3.0,16.627869,3.66,16.627869,3.66
39352,25001,1.0,26.639344,5.86,26.639344,5.86
39351,31527,2.0,64.101639,14.1,63.17541,13.9
39350,31856,3.0,46.487705,10.23,30.17623,6.64
39348,36951,1.0,20.409836,4.49,20.409836,4.49
39348,3386,1.0,0.0,0.0,0.0,0.0
39348,38054,1.0,0.0,0.0,0.0,0.0
39348,24422,1.0,16.311475,3.59,16.311475,3.59
39346,3865,2.0,31.970492,7.03,31.970492,7.03
39344,3865,1.0,16.311475,3.59,16.311475,3.59
39344,3865,1.0,10.57377,2.33,10.57377,2.33
39343,3865,1.0,16.311475,3.59,14.680328,3.23
39343,31856,1.0,16.311475,3.59,14.680328,3.23
39341,36951,1.0,20.409836,4.49,20.409836,4.49
39341,3386,1.0,0.0,0.0,0.0,0.0
39341,38054,1.0,0.0,0.0,0.0,0.0
39341,31856,1.0,15.352459,3.38,15.352459,3.38
39340,3865,5.0,77.479508,17.05,73.381148,16.14
39340,31856,1.0,16.311475,3.59,15.491803,3.41
39340,3321,2.0,24.082295,5.3,22.459344,4.94
39336,3386,6.0,32.577049,7.17,32.577049,7.17
39299,25001,1.0,17.95082,3.95,16.155738,3.55
39299,3865,1.0,16.311475,3.59,14.680328,3.23
39298,31527,1.0,32.704918,7.2,32.704918,7.2
39297,3870,2.0,30.991803,6.82,13.327869,2.93
39297,3865,1.0,16.311475,3.59,14.959016,3.29
39296,25001,2.0,50.614754,11.14,49.237705,10.83
39295,3865,2.0,31.970492,7.03,31.970492,7.03
39293,31527,1.0,32.704918,7.2,32.704918,7.2
39292,36796,1.0,24.508197,5.39,24.508197,5.39
39292,37170,1.0,0.0,0.0,0.0,0.0
39292,3313,1.0,0.0,0.0,0.0,0.0
39291,31527,1.0,32.704918,7.2,32.704918,7.2
39264,3386,5.0,27.713115,6.1,27.713115,6.1
39240,31527,2.0,64.101639,14.1,31.396721,6.91
39239,3865,2.0,31.970492,7.03,28.77377,6.33
39234,36796,2.0,49.016393,10.78,46.967213,10.33
39234,37170,2.0,0.0,0.0,0.0,0.0
39234,3313,2.0,0.0,0.0,0.0,0.0
39234,3361,1.0,5.655738,1.24,4.631148,1.02
39234,3314,1.0,8.934426,1.97,7.909836,1.74
39225,31527,1.0,32.704918,7.2,29.434426,6.48
39224,3870,2.0,30.991803,6.82,29.065574,6.39
39223,3870,2.0,30.991803,6.82,14.680328,3.23
39222,25001,2.0,34.106557,7.5,30.696721,6.75
39222,24422,2.0,30.991803,6.82,27.893443,6.14
39221,31856,2.0,30.991803,6.82,26.97541,5.93
39221,35513,2.0,41.609836,9.15,37.593443,8.27
39219,3870,2.0,30.991803,6.82,14.680328,3.23
39218,3865,2.0,31.970492,7.03,28.773771,6.33
39217,3865,3.0,47.955738,10.55,38.980328,8.58
39216,3865,1.0,16.311475,3.59,16.311475,3.59
39216,36951,1.0,20.409836,4.49,20.409836,4.49
39216,3386,1.0,0.0,0.0,0.0,0.0
39216,38054,1.0,0.0,0.0,0.0,0.0
39215,3865,1.0,16.311475,3.59,16.311475,3.59
39214,3865,1.0,16.311475,3.59,0.0,0.0
39214,24422,1.0,16.311475,3.59,16.311475,3.59
39206,3865,3.0,47.955738,10.55,31.644262,6.96
39205,3361,12.0,63.796721,14.04,63.796721,14.04
39205,3386,6.0,32.577049,7.17,32.577049,7.17
39190,3870,2.0,30.991803,6.82,14.680328,3.23
39189,25001,2.0,50.614754,11.14,45.557377,10.02
39188,31527,2.0,64.101639,14.1,31.396721,6.91
39187,31527,1.0,32.704918,7.2,32.704918,7.2
39185,31856,3.0,46.487705,10.23,30.17623,6.64
39184,36205,1.0,22.868852,5.03,22.868852,5.03
39184,3361,1.0,0.0,0.0,0.0,0.0
39184,3314,1.0,0.0,0.0,0.0,0.0
39184,3313,1.0,0.0,0.0,0.0,0.0
39184,3321,1.0,11.778689,2.59,11.778689,2.59
39184,3386,1.0,5.655738,1.24,5.655738,1.24
39182,31527,2.0,64.101639,14.1,55.290164,12.16
39180,3870,2.0,30.991803,6.82,30.991803,6.82
39179,3870,1.0,16.311475,3.59,14.680328,3.23
39179,25001,1.0,17.95082,3.95,16.155738,3.55
39178,25001,2.0,50.614754,11.14,23.97541,5.27
39176,3865,2.0,31.970492,7.03,15.659016,3.44
39176,3870,1.0,16.311475,3.59,16.311475,3.59
39175,31527,4.0,124.278689,27.34,124.278689,27.34
39174,31527,1.0,28.68852459,6.31,28.68852459,6.31
39173,25001,1.0,12.295081970000002,2.7,12.295081970000002,2.7
39172,3870,2.0,30.991803,6.82,30.991803,6.82
39166,30799,1.0,42.540984,9.36,42.540984,9.36
39166,3870,1.0,0.0,0.0,0.0,0.0
39166,35699,1.0,0.0,0.0,0.0,0.0
39166,37170,1.0,0.0,0.0,0.0,0.0
39165,31527,2.0,64.101639,14.1,64.101639,14.1
39163,3865,1.0,16.311475,3.59,16.311475,3.59
39163,3870,1.0,15.352459,3.38,15.352459,3.38
39162,25001,2.0,34.106557,7.5,34.106557,7.5
39161,25001,2.0,34.106557,7.5,34.106557,7.5
39161,31856,1.0,16.311475,3.59,16.311475,3.59
39160,25001,2.0,34.106557,7.5,34.106557,7.5
39160,3313,1.0,8.508197,1.87,8.508197,1.87
39159,3870,1.0,16.311475,3.59,15.040984,3.31
39159,3313,3.0,28.677049,6.31,24.881967,5.47
39158,3870,2.0,30.991803,6.82,30.991803,6.82
39157,3870,1.0,16.311475,3.59,16.311475,3.59
39157,3865,1.0,16.311475,3.59,16.311475,3.59
39157,3313,1.0,8.508197,1.87,8.508197,1.87
39156,3865,2.0,31.970492,7.03,31.970492,7.03
39155,31527,2.0,64.101639,14.1,57.691803,12.69
39154,3870,1.0,16.311475,3.59,14.680328,3.23
39153,31527,2.0,64.101639,14.1,57.691803,12.69
39152,30799,1.0,42.540984,9.36,42.540984,9.36
39152,3870,1.0,0.0,0.0,0.0,0.0
39152,35699,1.0,0.0,0.0,0.0,0.0
39152,37170,1.0,0.0,0.0,0.0,0.0
39151,31527,1.0,32.704918,7.2,32.704918,7.2
39150,3361,2.0,11.311475,2.49,11.311475,2.49
39150,3865,1.0,16.311475,3.59,16.311475,3.59
39149,3865,1.0,16.311475,3.59,16.311475,3.59
39149,36951,1.0,20.409836,4.49,20.409836,4.49
39149,3386,1.0,0.0,0.0,0.0,0.0
39149,38054,1.0,0.0,0.0,0.0,0.0
39148,31527,1.0,32.704918,7.2,32.704918,7.2
39146,30799,1.0,42.540984,9.36,42.540984,9.36
39146,3870,1.0,0.0,0.0,0.0,0.0
39146,35699,1.0,0.0,0.0,0.0,0.0
39146,37170,1.0,0.0,0.0,0.0,0.0
39146,3313,1.0,8.508197,1.87,8.508197,1.87
39145,3865,1.0,16.311475,3.59,16.311475,3.59
39145,3870,1.0,15.352459,3.38,15.352459,3.38
39144,3865,2.0,31.970492,7.03,31.970492,7.03
39142,3313,2.0,8.196721310000001,1.8,8.196721310000001,1.8
39141,3865,1.0,16.393442620000002,3.61,16.393442620000002,3.61
39141,3870,1.0,15.57377049,3.43,15.57377049,3.43
39139,25001,2.0,50.614754,11.14,50.614754,11.14
39139,3870,1.0,16.311475,3.59,16.311475,3.59
39138,3870,1.0,16.311475,3.59,16.311475,3.59
39138,3865,1.0,16.311475,3.59,16.311475,3.59
39138,35513,2.0,41.609836,9.15,41.609836,9.15
39137,3865,2.0,31.970492,7.03,31.970492,7.03
39136,3865,2.0,31.970492,7.03,31.970492,7.03
39135,31527,1.0,32.704918,7.2,32.704918,7.2
39134,30799,1.0,42.540984,9.36,42.540984,9.36
39134,3870,1.0,0.0,0.0,0.0,0.0
39134,35699,1.0,0.0,0.0,0.0,0.0
39134,37170,1.0,0.0,0.0,0.0,0.0
39132,3865,1.0,16.311475,3.59,16.311475,3.59
39132,35513,2.0,41.609836,9.15,41.609836,9.15
39131,3865,1.0,16.311475,3.59,16.311475,3.59
39130,31527,2.0,64.101639,14.1,57.691803,12.69
39129,3870,1.0,16.311475,3.59,16.311475,3.59
39129,25001,1.0,17.95082,3.95,17.95082,3.95
39128,3865,2.0,31.970492,7.03,31.970492,7.03
39127,3865,4.0,40.180328,8.84,40.180328,8.84
39126,3865,1.0,16.311475,3.59,16.311475,3.59
39126,3870,1.0,15.352459,3.38,15.352459,3.38
39125,3865,4.0,61.983607,13.64,55.786885,12.27
39122,26420,1.0,29.491803,6.49,29.491803,6.49
39119,3865,1.0,16.311475,3.59,16.311475,3.59
39119,25752,1.0,10.57377,2.33,10.57377,2.33
39119,3870,1.0,16.311475,3.59,16.311475,3.59
39117,31527,1.0,32.704918,7.2,32.704918,7.2
39116,25001,1.0,17.95082,3.95,17.95082,3.95
39114,3865,2.0,31.970492,7.03,31.970492,7.03
39113,3865,4.0,61.983607,13.64,61.983607,13.64
39113,25752,2.0,20.72459,4.56,20.72459,4.56
39084,3870,4.0,58.721311,12.92,58.721311,12.92
39083,31856,1.0,16.311475,3.59,16.311475,3.59
39083,3870,1.0,16.311475,3.59,16.311475,3.59
39082,3313,2.0,19.508197,4.29,13.89,4.29
39082,25001,2.0,34.106557,7.5,34.106557,7.5
39082,3321,5.0,60.205738,13.25,60.205738,13.25
39049,25001,2.0,34.106557,7.5,30.696721,6.75
39049,24422,1.0,15.491803,3.41,13.942623,3.07
39048,25001,3.0,75.922131,16.7,75.922131,16.7
39047,36796,1.0,24.508197,5.39,24.508197,5.39
39047,37170,1.0,0.0,0.0,0.0,0.0
39047,3313,1.0,0.0,0.0,0.0,0.0
39045,3313,24.0,210.688525,46.35,210.688525,46.35
39044,36205,1.0,22.868852,5.03,22.868852,5.03
39044,3361,1.0,0.0,0.0,0.0,0.0
39044,3314,1.0,0.0,0.0,0.0,0.0
39044,3313,1.0,0.0,0.0,0.0,0.0
39044,3386,1.0,5.655738,1.24,5.655738,1.24
39043,3865,3.0,31.086885,6.84,31.086885,6.84
39038,24422,1.0,15.491803,3.41,15.491803,3.41
39037,3361,1.0,5.655738,1.24,5.655738,1.24
39037,3314,1.0,8.934426,1.97,7.13,1.97
39037,3313,1.0,9.754098,2.15,9.754098,2.15
39037,3386,1.0,5.655738,1.24,5.655738,1.24
39036,3865,2.0,31.970492,7.03,31.970492,7.03
39036,35513,2.0,41.609836,9.15,41.609836,9.15
39035,3865,4.0,61.983607,13.64,55.786885,12.27
39035,25752,1.0,10.57377,2.33,9.516393,2.09
39034,31527,1.0,32.704918,7.2,32.704918,7.2
39032,3865,2.0,31.970492,7.03,31.970492,7.03
39032,3870,1.0,15.352459,3.38,15.352459,3.38
39028,31527,2.0,64.101639,14.1,49.536066,10.9
39027,3865,1.0,16.311475,3.59,16.311475,3.59
39027,3870,1.0,16.311475,3.59,16.311475,3.59
39026,25001,2.0,50.614754,11.14,45.557377,10.02
39024,31527,2.0,64.101639,14.1,57.691803,12.69
39021,3865,3.0,47.955738,10.55,41.759016,9.19
39021,3870,2.0,30.704918,6.76,26.590164,5.85
39020,25752,1.0,5.729508,1.26,5.155738,1.13
39020,25001,1.0,17.95082,3.95,16.147541,3.55
39020,31856,1.0,5.729508,1.26,5.163934,1.14
39019,31527,1.0,32.704918,7.2,32.704918,7.2
39018,31527,1.0,32.704918,7.2,29.434426,6.48
39017,3865,2.0,31.970492,7.03,30.429508,6.69
39016,3865,4.0,61.983607,13.64,46.590164,10.25
39014,31527,1.0,32.704918,7.2,32.704918,7.2
39013,3386,1.0,5.655738,1.24,5.655738,1.24
39013,36796,1.0,24.508197,5.39,24.508197,5.39
39013,37170,1.0,0.0,0.0,0.0,0.0
39013,3313,1.0,0.0,0.0,0.0,0.0
39012,3870,2.0,30.991803,6.82,30.991803,6.82
39012,3313,1.0,8.508197,1.87,8.508197,1.87
39011,25752,2.0,20.72459,4.56,20.72459,4.56
39011,3865,1.0,16.311475,3.59,16.311475,3.59
39010,37157,1.0,19.672131,4.33,19.672131,4.33
39008,32526,1.0,31.967213,7.03,31.967213,7.03
39006,31527,1.0,32.704918,7.2,32.704918,7.2
39001,3870,1.0,16.311475,3.59,16.311475,3.59
38999,3321,2.0,24.082295,5.3,24.082295,5.3
38998,24422,1.0,15.491803,3.41,15.491803,3.41
38998,25001,1.0,17.95082,3.95,17.95082,3.95
38996,36649,1.0,20.409836,4.49,20.409836,4.49
38996,3361,1.0,0.0,0.0,0.0,0.0
38996,3870,1.0,0.0,0.0,0.0,0.0
38996,3865,1.0,16.311475,3.59,16.311475,3.59
38996,3870,1.0,16.311475,3.59,16.311475,3.59
38993,37170,4.0,71.803279,15.8,58.163935,12.8
38988,23378,1.0,29.491803,6.49,29.491803,6.49
38987,25001,2.0,50.614754,11.14,50.614754,11.14
38984,3865,1.0,16.311475,3.59,14.680328,3.23
38984,31527,1.0,32.704918,7.2,29.434426,6.48
38982,3865,2.0,31.970492,7.03,31.970492,7.03
38981,25752,4.0,40.180328,8.84,40.180328,8.84
38970,31527,2.0,64.101639,14.1,64.101639,14.1
38970,38454,1.0,0.0,0.0,0.0,0.0
38969,31527,2.0,64.101639,14.1,64.101639,14.1
38969,38454,1.0,0.0,0.0,0.0,0.0
38964,30799,1.0,42.540984,9.36,42.540984,9.36
38964,3870,1.0,0.0,0.0,0.0,0.0
38964,35699,1.0,0.0,0.0,0.0,0.0
38964,37170,1.0,0.0,0.0,0.0,0.0
38964,38454,1.0,0.0,0.0,0.0,0.0
38963,31527,6.0,186.418033,41.01,186.418033,41.01
38963,38454,1.0,0.0,0.0,0.0,0.0
38960,23378,2.0,29.49,6.49,29.49,6.49
38957,32526,1.0,16.311475,3.59,16.311475,3.59
38956,30799,1.0,42.540984,9.36,42.540984,9.36
38956,3870,1.0,0.0,0.0,0.0,0.0
38956,35699,1.0,0.0,0.0,0.0,0.0
38956,37170,1.0,0.0,0.0,0.0,0.0
38956,38454,1.0,0.0,0.0,0.0,0.0
38956,25752,2.0,20.72459,4.56,20.72459,4.56
38956,24422,1.0,15.491803,3.41,15.491803,3.41
38955,3865,3.0,47.955738,10.55,47.955738,10.55
38955,38454,1.0,0.0,0.0,0.0,0.0
38954,36205,2.0,45.737705,10.06,45.737705,10.06
38954,3361,2.0,0.0,0.0,0.0,0.0
38954,3314,2.0,0.0,0.0,0.0,0.0
38954,3313,2.0,0.0,0.0,0.0,0.0
38954,38454,1.0,0.0,0.0,0.0,0.0
38953,3361,72.0,295.08196721,64.92,295.08196721,64.92
38953,3314,6.0,24.59016393,5.41,24.59016393,5.41
38953,unknown_pos_sale,3.0,24.59016393,5.41,24.59016393,5.41
38953,3321,2.0,24.59016393,5.41,24.59016393,5.41
38952,31527,1.0,32.704918,7.2,32.704918,7.2
38951,3865,1.0,16.311475,3.59,16.311475,3.59
38951,3314,1.0,7.97541,1.75,7.97541,1.75
38948,3386,6.0,32.577049,7.17,32.577049,7.17
38947,3865,1.0,10.57377,2.33,10.57377,2.33
38947,36649,1.0,20.409836,4.49,20.409836,4.49
38947,3361,1.0,0.0,0.0,0.0,0.0
38947,3870,1.0,0.0,0.0,0.0,0.0
38947,31856,1.0,5.729508,1.26,5.729508,1.26
38947,25001,1.0,17.95082,3.95,17.95082,3.95
38947,38454,1.0,0.0,0.0,0.0,0.0
38946,36796,1.0,24.508197,5.39,24.508197,5.39
38946,37170,1.0,0.0,0.0,0.0,0.0
38946,3313,1.0,0.0,0.0,0.0,0.0
38946,36649,1.0,20.409836,4.49,20.409836,4.49
38946,3361,1.0,0.0,0.0,0.0,0.0
38946,3870,1.0,0.0,0.0,0.0,0.0
38946,38454,1.0,0.0,0.0,0.0,0.0
38946,30799,1.0,42.540984,9.36,42.540984,9.36
38946,3870,1.0,0.0,0.0,0.0,0.0
38946,35699,1.0,0.0,0.0,0.0,0.0
38946,37170,1.0,0.0,0.0,0.0,0.0
38946,36205,1.0,22.868852,5.03,22.868852,5.03
38946,3361,1.0,0.0,0.0,0.0,0.0
38946,3314,1.0,0.0,0.0,0.0,0.0
38946,3313,1.0,0.0,0.0,0.0,0.0
38945,36796,1.0,24.508197,5.39,24.508197,5.39
38945,37170,1.0,0.0,0.0,0.0,0.0
38945,3313,1.0,0.0,0.0,0.0,0.0
38945,36951,1.0,20.409836,4.49,20.409836,4.49
38945,3386,1.0,0.0,0.0,0.0,0.0
38945,38054,1.0,0.0,0.0,0.0,0.0
38945,38454,1.0,0.0,0.0,0.0,0.0
38944,38808,3.0,44.016393,9.68,44.016393,9.68
38944,3386,3.0,0.0,0.0,0.0,0.0
38944,38794,3.0,0.0,0.0,0.0,0.0
38944,38454,1.0,0.0,0.0,0.0,0.0
38943,36796,1.0,24.508197,5.39,24.508197,5.39
38943,37170,1.0,0.0,0.0,0.0,0.0
38943,3313,1.0,0.0,0.0,0.0,0.0
38943,36951,1.0,20.409836,4.49,20.409836,4.49
38943,3386,1.0,0.0,0.0,0.0,0.0
38943,38054,1.0,0.0,0.0,0.0,0.0
38943,38454,1.0,0.0,0.0,0.0,0.0
38942,31527,1.0,32.704918,7.2,32.704918,7.2
38941,38454,1.0,0.0,0.0,0.0,0.0
38941,36205,2.0,45.737705,10.06,45.737705,10.06
38941,3361,2.0,0.0,0.0,0.0,0.0
38941,3314,2.0,0.0,0.0,0.0,0.0
38941,3313,2.0,0.0,0.0,0.0,0.0
38940,3870,3.0,46.487705,10.23,46.487705,10.23
38940,38454,1.0,0.0,0.0,0.0,0.0
38938,36796,1.0,24.508197,5.39,24.508197,5.39
38938,37170,1.0,0.0,0.0,0.0,0.0
38938,3313,1.0,0.0,0.0,0.0,0.0
38937,31527,1.0,32.704918,7.2,32.704918,7.2
38937,3314,1.0,8.934426,1.97,8.934426,1.97
38937,38454,1.0,0.0,0.0,0.0,0.0
38936,3865,2.0,31.970492,7.03,31.970492,7.03
38936,38454,1.0,0.0,0.0,0.0,0.0
38936,35513,1.0,21.229508,4.67,21.229508,4.67
38934,36796,1.0,24.508197,5.39,24.508197,5.39
38934,37170,1.0,0.0,0.0,0.0,0.0
38934,3313,1.0,0.0,0.0,0.0,0.0
38934,3870,1.0,15.352459,3.38,15.352459,3.38
38934,3314,1.0,7.97541,1.75,7.97541,1.75
38934,38454,1.0,0.0,0.0,0.0,0.0
38931,31527,1.0,32.704918,7.2,32.704918,7.2
38931,3870,1.0,16.311475,3.59,14.89,3.28
38931,37170,1.0,17.95082,3.95,17.45,3.84
38931,3865,1.0,10.57377,2.33,10.2,2.24
38930,3865,4.0,62.636066,13.78,62.636066,13.78
38930,38454,1.0,0.0,0.0,0.0,0.0
38930,3314,1.0,7.97541,1.75,7.97541,1.75
38928,30799,1.0,42.540984,9.36,42.540984,9.36
38928,3870,1.0,0.0,0.0,0.0,0.0
38928,35699,1.0,0.0,0.0,0.0,0.0
38928,37170,1.0,0.0,0.0,0.0,0.0
38928,38454,1.0,0.0,0.0,0.0,0.0
38927,3314,1.0,9.01639344,1.98,9.01639344,1.98
38926,36205,1.0,26.2295082,5.77,26.2295082,5.77
38925,36205,1.0,24.59016393,5.41,24.59016393,5.41
38925,37170,2.0,34.42622951,7.57,34.42622951,7.57
38922,25752,2.0,20.72459,4.56,20.72459,4.56
38921,31527,1.0,32.704918,7.2,32.704918,7.2
38919,3870,1.0,16.311475,3.59,16.311475,3.59
38919,24422,1.0,15.491803,3.41,15.491803,3.41
38918,31527,1.0,32.704918,7.2,32.704918,7.2
38917,30799,1.0,42.540984,9.36,42.540984,9.36
38917,3870,1.0,0.0,0.0,0.0,0.0
38917,35699,1.0,0.0,0.0,0.0,0.0
38917,37170,1.0,0.0,0.0,0.0,0.0
38917,38454,1.0,0.0,0.0,0.0,0.0
38914,3865,4.0,62.636066,13.78,62.636066,13.78
38914,38454,1.0,0.0,0.0,0.0,0.0
38913,36796,1.0,24.508197,5.39,24.508197,5.39
38913,37170,1.0,0.0,0.0,0.0,0.0
38913,3313,1.0,0.0,0.0,0.0,0.0
38912,31527,1.0,32.704918,7.2,32.704918,7.2
38911,25001,2.0,35.183607,7.74,35.183607,7.74
38908,31527,1.0,32.704918,7.2,32.704918,7.2
38907,25752,1.0,10.57377,2.33,9.516393,2.09
38907,3865,1.0,16.311475,3.59,14.680328,3.23
38906,30799,1.0,42.540984,9.36,42.540984,9.36
38906,3870,1.0,0.0,0.0,0.0,0.0
38906,35699,1.0,0.0,0.0,0.0,0.0
38906,37170,1.0,0.0,0.0,0.0,0.0
38906,38454,1.0,0.0,0.0,0.0,0.0
38905,25752,1.0,10.57377,2.33,10.57377,2.33
38905,38054,1.0,15.491803,3.41,15.491803,3.41
38904,36205,2.0,45.737705,10.06,45.737705,10.06
38904,3361,2.0,0.0,0.0,0.0,0.0
38904,3314,2.0,0.0,0.0,0.0,0.0
38904,3313,2.0,0.0,0.0,0.0,0.0
38904,38454,1.0,0.0,0.0,0.0,0.0
38903,3870,3.0,47.955738,10.55,47.955738,10.55
38903,38454,1.0,0.0,0.0,0.0,0.0
38902,31527,1.0,32.704918,7.2,32.704918,7.2
38901,25752,1.0,10.57377,2.33,10.57377,2.33
38901,31856,1.0,16.311475,3.59,16.311475,3.59
38899,25752,2.0,20.72459,4.56,20.72459,4.56
38899,3865,2.0,20.72459,4.56,20.72459,4.56
38898,36796,1.0,24.508197,5.39,24.508197,5.39
38898,37170,1.0,0.0,0.0,0.0,0.0
38898,3313,1.0,0.0,0.0,0.0,0.0
38898,31856,1.0,5.729508,1.26,5.729508,1.26
38895,3865,4.0,62.636066,13.78,56.37377,12.4
38894,3865,1.0,16.311475,3.59,16.311475,3.59
38894,31856,1.0,16.311475,3.59,16.311475,3.59
38891,32526,1.0,62.196721,13.68,62.196721,13.68
38890,31856,1.0,16.311475,3.59,16.311475,3.59
38890,3870,1.0,16.311475,3.59,16.311475,3.59
38890,25001,1.0,17.95082,3.95,17.95082,3.95
38889,3865,2.0,11.229836,2.47,10.106885,2.22
38889,31856,1.0,5.729508,1.26,5.155738,1.13
38889,3386,1.0,4.778689,1.05,4.778689,1.05
38889,3361,1.0,5.655738,1.24,5.090164,1.12
38888,3361,3.0,16.627869,3.66,14.168852,3.12
38888,3386,3.0,16.627869,3.66,14.168852,3.12
38884,31527,1.0,32.704918,7.2,32.704918,7.2
38883,24422,1.0,15.491803,3.41,13.942623,3.07
38883,25001,1.0,17.95082,3.95,16.155738,3.55
38882,36796,1.0,24.508197,5.39,24.508197,5.39
38882,37170,1.0,0.0,0.0,0.0,0.0
38882,3313,1.0,0.0,0.0,0.0,0.0
38882,24422,1.0,15.491803,3.41,15.491803,3.41
38882,25001,1.0,26.639344,5.86,26.639344,5.86
38882,38454,1.0,0.0,0.0,0.0,0.0
38882,3314,1.0,7.97541,1.75,7.97541,1.75
38880,31527,1.0,32.704918,7.2,32.704918,7.2
38879,31527,2.0,64.101639,14.1,64.101639,14.1
38879,36796,1.0,24.508197,5.39,24.508197,5.39
38879,37170,1.0,0.0,0.0,0.0,0.0
38879,3313,1.0,0.0,0.0,0.0,0.0
38879,38454,1.0,0.0,0.0,0.0,0.0
38879,36854,1.0,0.0,0.0,0.0,0.0
38878,31527,1.0,32.704918,7.2,32.704918,7.2
38877,3361,2.0,11.311475,2.49,10.180328,2.24
38877,31527,2.0,64.101639,14.1,57.691803,12.69
38877,38454,1.0,0.0,0.0,0.0,0.0
38877,3865,1.0,16.311475,3.59,14.680328,3.23
38877,36854,1.0,0.0,0.0,0.0,0.0
38876,30799,1.0,42.540984,9.36,38.286885,8.42
38876,3870,1.0,0.0,0.0,0.0,0.0
38876,35699,1.0,0.0,0.0,0.0,0.0
38876,37170,1.0,0.0,0.0,0.0,0.0
38876,38454,1.0,0.0,0.0,0.0,0.0
38876,3870,1.0,16.311475,3.59,14.680328,3.23
38875,3865,4.0,62.636066,13.78,56.37377,12.4
38875,38454,1.0,0.0,0.0,0.0,0.0
38873,3865,10.0,156.590164,34.45,140.934426,31.01
38873,36854,1.0,0.0,0.0,0.0,0.0
38873,38454,1.0,0.0,0.0,0.0,0.0
38872,24422,1.0,15.491803,3.41,15.491803,3.41
38872,3386,1.0,4.778689,1.05,4.778689,1.05
38871,3865,6.0,93.954098,20.67,84.560656,18.6
38871,36854,1.0,0.0,0.0,0.0,0.0
38871,38454,1.0,0.0,0.0,0.0,0.0
38869,25001,4.0,68.931148,15.16,62.037705,13.65
38869,38454,1.0,0.0,0.0,0.0,0.0
38868,3865,1.0,16.311475,3.59,14.680328,3.23
38868,3870,1.0,16.311475,3.59,14.680328,3.23
38867,25752,1.0,10.57377,2.33,10.57377,2.33
38867,3386,1.0,4.778689,1.05,4.778689,1.05
38864,32659,1.0,17.95082,3.95,17.95082,3.95
38863,3313,1.0,9.754098,2.15,8.778689,1.93
38863,3386,2.0,11.311475,2.49,10.180328,2.24
38863,3361,1.0,5.655738,1.24,5.090164,1.12
38862,25752,8.0,81.206557,17.87,73.091803,16.08
38862,3865,2.0,31.970492,7.03,28.765574,6.33
38860,3865,2.0,31.970492,7.03,28.77377,6.33
38859,3865,2.0,31.970492,7.03,28.77377,6.33
38859,25752,4.0,40.603279,8.93,36.545902,8.04
38859,38454,1.0,0.0,0.0,0.0,0.0
38858,31527,2.0,64.101639,14.1,64.101639,14.1
38858,38454,1.0,0.0,0.0,0.0,0.0
38856,3865,2.0,31.970492,7.03,31.970492,7.03
38855,31856,4.0,62.636066,13.78,62.636066,13.78
38855,38454,1.0,0.0,0.0,0.0,0.0
38854,3865,1.0,10.57377,2.33,9.508197,2.09
38854,3865,2.0,11.229836,2.47,10.106885,2.22
38854,25752,1.0,5.729508,1.26,5.163934,1.14
38853,25752,2.0,20.72459,4.56,18.659016,4.1
38853,3865,1.0,10.57377,2.33,9.508197,2.09
38852,36649,1.0,20.409836,4.49,18.368852,4.04
38852,3361,1.0,0.0,0.0,0.0,0.0
38852,3870,1.0,0.0,0.0,0.0,0.0
38852,3870,1.0,16.311475,3.59,14.680328,3.23
38850,31527,1.0,32.704918,7.2,32.704918,7.2
38849,3865,2.0,20.72459,4.56,18.659016,4.1
38849,25752,1.0,10.57377,2.33,9.508197,2.09
38848,24422,1.0,15.491803,3.41,13.942623,3.07
38848,25001,1.0,17.95082,3.95,16.155738,3.55
38846,36649,2.0,40.819672,8.98,36.737705,8.08
38846,3361,2.0,0.0,0.0,0.0,0.0
38846,3870,2.0,0.0,0.0,0.0,0.0
38845,37157,1.0,19.672131,4.33,19.672131,4.33
38844,31527,1.0,32.704918,7.2,32.704918,7.2
38842,3386,1.0,5.655738,1.24,5.655738,1.24
38842,3865,1.0,16.311475,3.59,16.311475,3.59
38842,25752,1.0,10.57377,2.33,10.57377,2.33
38841,3386,1.0,5.655738,1.24,5.655738,1.24
38841,3865,1.0,16.311475,3.59,16.311475,3.59
38841,25752,1.0,10.57377,2.33,10.57377,2.33
38839,26420,1.0,14.745902,3.24,14.745902,3.24
38838,3865,1.0,16.311475,3.59,16.311475,3.59
38838,25752,1.0,10.57377,2.33,10.57377,2.33
38837,3865,1.0,16.311475,3.59,16.311475,3.59
38837,25752,1.0,10.57377,2.33,10.57377,2.33
38836,36205,1.0,22.868852,5.03,22.868852,5.03
38836,3361,1.0,0.0,0.0,0.0,0.0
38836,3314,1.0,0.0,0.0,0.0,0.0
38836,3313,1.0,0.0,0.0,0.0,0.0
38835,3865,2.0,31.970492,7.03,31.970492,7.03
38828,3865,1.0,16.311475,3.59,16.311475,3.59
38828,3870,2.0,31.970492,7.03,31.970492,7.03
38828,3313,1.0,8.508197,1.87,8.508197,1.87
38828,36649,2.0,40.819672,8.98,40.819672,8.98
38828,3361,2.0,0.0,0.0,0.0,0.0
38828,3870,2.0,0.0,0.0,0.0,0.0
38828,38454,1.0,0.0,0.0,0.0,0.0
38828,25001,1.0,17.95082,3.95,17.95082,3.95
38827,3314,3.0,26.267213,5.78,26.267213,5.78
38826,3321,12.0,144.49377,31.79,144.49377,31.79
38826,38454,1.0,0.0,0.0,0.0,0.0
38825,3865,5.0,78.295082,17.22,78.295082,17.22
38825,38454,1.0,0.0,0.0,0.0,0.0
38824,3314,6.0,51.462295,11.32,51.462295,11.32
38824,38454,1.0,0.0,0.0,0.0,0.0
38823,25026,1.0,17.52459,3.86,17.52459,3.86
38822,24437,1.0,14.745902,3.24,14.745902,3.24
38819,24422,1.0,15.491803,3.41,15.491803,3.41
38819,25752,1.0,7.934426,1.75,7.934426,1.75
38819,36796,1.0,24.508197,5.39,24.508197,5.39
38819,37170,1.0,0.0,0.0,0.0,0.0
38819,3313,1.0,0.0,0.0,0.0,0.0
38819,38454,1.0,0.0,0.0,0.0,0.0
38773,3865,3.0,47.955738,10.55,47.955738,10.55
38773,38454,1.0,0.0,0.0,0.0,0.0
38772,3870,1.0,16.31147541,3.59,16.31147541,3.59
38772,3865,1.0,16.31147541,3.59,16.31147541,3.59
38772,24422,1.0,15.49180328,3.41,15.49180328,3.41
38772,38454,1.0,0.0,0.0,0.0,0.0
38771,31527,2.0,64.101639,14.1,57.691803,12.69
38771,38454,1.0,0.0,0.0,0.0,0.0
38767,3314,5.0,43.778689,9.63,43.778689,9.63
38767,38454,1.0,0.0,0.0,0.0,0.0
38767,3870,1.0,15.352459,3.38,15.352459,3.38
38766,36205,2.0,45.737705,10.06,45.737705,10.06
38766,3361,2.0,0.0,0.0,0.0,0.0
38766,3314,2.0,0.0,0.0,0.0,0.0
38766,3313,2.0,0.0,0.0,0.0,0.0
38766,38454,1.0,0.0,0.0,0.0,0.0
38765,36205,1.0,22.868852,5.03,22.868852,5.03
38765,3361,1.0,0.0,0.0,0.0,0.0
38765,3314,1.0,0.0,0.0,0.0,0.0
38765,3313,1.0,0.0,0.0,0.0,0.0
38765,3314,3.0,26.267213,5.78,26.267213,5.78
38765,38454,1.0,0.0,0.0,0.0,0.0
38765,3361,3.0,16.627869,3.66,16.627869,3.66
38764,25001,1.0,26.639344,5.86,26.639344,5.86
38762,3314,3.0,26.267213,5.78,26.267213,5.78
38762,36205,1.0,22.868852,5.03,22.868852,5.03
38762,3361,1.0,0.0,0.0,0.0,0.0
38762,3314,1.0,0.0,0.0,0.0,0.0
38762,3313,1.0,0.0,0.0,0.0,0.0
38762,3386,2.0,11.311475,2.49,11.311475,2.49
38762,38454,1.0,0.0,0.0,0.0,0.0
38761,3865,1.0,16.311475,3.59,16.311475,3.59
38761,3314,1.0,7.97541,1.75,7.97541,1.75
38760,3386,6.0,32.577049,7.17,24.708197,5.44
38759,25001,1.0,26.639344,5.86,26.639344,5.86
38759,3870,1.0,16.311475,3.59,16.311475,3.59
38759,38454,1.0,0.0,0.0,0.0,0.0
38758,3870,1.0,16.311475,3.59,16.311475,3.59
38758,3865,2.0,31.970492,7.03,31.970492,7.03
38758,38454,1.0,0.0,0.0,0.0,0.0
38757,3870,1.0,16.311475,3.59,16.311475,3.59
38757,3865,2.0,31.970492,7.03,31.970492,7.03
38757,38454,1.0,0.0,0.0,0.0,0.0
38754,3314,6.0,51.462295,11.32,51.462295,11.32
38754,38454,1.0,0.0,0.0,0.0,0.0
38754,3313,2.0,19.508197,4.29,19.508197,4.29
38753,25001,2.0,35.183607,7.74,35.183607,7.74
38752,31856,1.0,16.311475,3.59,16.311475,3.59
38752,25752,1.0,10.57377,2.33,10.57377,2.33
38751,3313,2.0,19.508197,4.29,19.508197,4.29
38751,25001,1.0,17.95082,3.95,17.95082,3.95
38751,24422,1.0,15.491803,3.41,15.491803,3.41
38751,38454,1.0,0.0,0.0,0.0,0.0
38751,3314,1.0,8.934426,1.97,8.934426,1.97
38750,25001,1.0,17.95082,3.95,16.155738,3.55
38750,3865,1.0,10.57377,2.33,9.516393,2.09
38749,31527,1.0,32.704918,7.2,29.54918,6.5
38748,3865,4.0,62.636066,13.78,62.636066,13.78
38748,38454,1.0,0.0,0.0,0.0,0.0
38747,3321,2.0,24.082295,5.3,24.082295,5.3
38747,3865,1.0,16.311475,3.59,16.311475,3.59
38747,3870,1.0,16.311475,3.59,16.311475,3.59
38747,38454,1.0,0.0,0.0,0.0,0.0
38746,36649,1.0,20.409836,4.49,20.409836,4.49
38746,3361,1.0,0.0,0.0,0.0,0.0
38746,3870,1.0,0.0,0.0,0.0,0.0
38746,3314,1.0,7.97541,1.75,7.97541,1.75
38745,3865,2.0,31.970492,7.03,31.970492,7.03
38745,24422,1.0,15.491803,3.41,15.491803,3.41
38745,38454,1.0,0.0,0.0,0.0,0.0
38744,25001,1.0,17.95082,3.95,17.95082,3.95
38744,3865,1.0,10.57377,2.33,10.57377,2.33
38741,3361,30.0,152.704918,33.6,152.704918,33.6
38741,38454,1.0,0.0,0.0,0.0,0.0
38739,31527,4.0,125.586885,27.63,113.029508,24.87
38739,38454,1.0,0.0,0.0,0.0,0.0
38737,3361,12.0,63.796721,14.04,63.796721,14.04
38737,38454,1.0,0.0,0.0,0.0,0.0
38736,3313,2.0,8.196721310000001,1.8,8.196721310000001,1.8
38736,3386,2.0,8.196721310000001,1.8,8.196721310000001,1.8
38736,3314,2.0,8.196721310000001,1.8,8.196721310000001,1.8
38735,3321,1.0,12.295081970000002,2.7,12.295081970000002,2.7
38734,36205,1.0,22.868852,5.03,22.868852,5.03
38734,3361,1.0,0.0,0.0,0.0,0.0
38734,3314,1.0,0.0,0.0,0.0,0.0
38734,3313,1.0,0.0,0.0,0.0,0.0
38734,3865,1.0,10.57377,2.33,9.516393,2.09
38734,3386,1.0,5.655738,1.24,5.090164,1.12
38734,3314,1.0,8.934426,1.97,8.040984,1.77
38734,38454,1.0,0.0,0.0,0.0,0.0
38733,3313,2.0,8.196721310000001,1.8,8.196721310000001,1.8
38733,3361,1.0,4.09836066,0.9,4.09836066,0.9
38732,30799,1.0,42.540984,9.36,42.540984,9.36
38732,3870,1.0,0.0,0.0,0.0,0.0
38732,35699,1.0,0.0,0.0,0.0,0.0
38732,37170,1.0,0.0,0.0,0.0,0.0
38732,38454,1.0,0.0,0.0,0.0,0.0
38731,3314,12.0,100.780328,22.17,100.780328,22.17
38731,38454,1.0,0.0,0.0,0.0,0.0
38730,3865,1.0,16.311475,3.59,16.311475,3.59
38730,3314,1.0,7.97541,1.75,7.97541,1.75
38729,3865,2.0,31.970492,7.03,31.970492,7.03
38726,31527,1.0,32.704918,7.2,32.704918,7.2
38725,37170,1.0,18.03278689,3.97,18.03278689,3.97
38724,3865,3.0,48.93442623,10.77,48.93442623,10.77
38724,38454,1.0,0.0,0.0,0.0,0.0
38723,36205,1.0,22.868852,5.03,22.868852,5.03
38723,3361,1.0,0.0,0.0,0.0,0.0
38723,3314,1.0,0.0,0.0,0.0,0.0
38723,3313,1.0,0.0,0.0,0.0,0.0
38723,3870,1.0,15.352459,3.38,15.352459,3.38
38723,3314,1.0,8.934426,1.97,7.598361,1.67
38723,38454,1.0,0.0,0.0,0.0,0.0
38722,37170,2.0,36.06557377,7.93,35.737705,7.86
38722,3313,3.0,14.75409836,3.25,14.262295,3.14
38722,3361,5.0,20.49180328,4.51,19.672131,4.33
38720,30799,1.0,42.540984,9.36,42.540984,9.36
38720,3870,1.0,0.0,0.0,0.0,0.0
38720,35699,1.0,0.0,0.0,0.0,0.0
38720,37170,1.0,0.0,0.0,0.0,0.0
38720,38454,1.0,0.0,0.0,0.0,0.0
38718,3314,18.0,73.7704918,16.23,73.7704918,16.23
38717,3313,18.0,103.27868852,22.72,102.836066,22.62
38717,3361,30.0,122.95081967,27.05,122.270492,26.9
38717,3314,18.0,103.27868852,22.72,102.836066,22.62
38717,unknown_pos_sale,3.0,24.59016393,5.41,24.516394,5.39
38715,31527,1.0,32.704918,7.2,32.704918,7.2
38713,25001,1.0,17.95082,3.95,17.95082,3.95
38713,36796,1.0,24.508197,5.39,24.508197,5.39
38713,37170,1.0,0.0,0.0,0.0,0.0
38713,3313,1.0,0.0,0.0,0.0,0.0
38713,38454,1.0,0.0,0.0,0.0,0.0
38712,3386,5.0,27.713115,6.1,24.942623,5.49
38712,31856,1.0,16.311475,3.59,16.311475,3.59
38712,38454,1.0,0.0,0.0,0.0,0.0
38711,3865,3.0,47.955738,10.55,43.160656,9.5
38711,38454,1.0,0.0,0.0,0.0,0.0
38710,31527,1.0,32.704918,7.2,29.434426,6.48
38709,3865,1.0,10.57377,2.33,9.516393,2.09
38709,25752,1.0,10.57377,2.33,9.516393,2.09
38709,3870,1.0,16.311475,3.59,14.680328,3.23
38702,3321,2.0,24.082295,5.3,24.082295,5.3
38702,36205,1.0,22.868852,5.03,22.868852,5.03
38702,3361,1.0,0.0,0.0,0.0,0.0
38702,3314,1.0,0.0,0.0,0.0,0.0
38702,3313,1.0,0.0,0.0,0.0,0.0
38702,38454,1.0,0.0,0.0,0.0,0.0
38701,3361,5.0,27.713115,6.1,27.713115,6.1
38701,38454,1.0,0.0,0.0,0.0,0.0
38701,25001,1.0,17.95082,3.95,17.95082,3.95
38701,3386,2.0,11.311475,2.49,11.311475,2.49
38684,36205,1.0,22.868852,5.03,22.868852,5.03
38684,3361,1.0,0.0,0.0,0.0,0.0
38684,3314,1.0,0.0,0.0,0.0,0.0
38684,3313,1.0,0.0,0.0,0.0,0.0
38684,3361,1.0,5.655738,1.24,5.655738,1.24
38683,30799,1.0,42.540984,9.36,42.540984,9.36
38683,3870,1.0,0.0,0.0,0.0,0.0
38683,35699,1.0,0.0,0.0,0.0,0.0
38683,37170,1.0,0.0,0.0,0.0,0.0
38683,38454,1.0,0.0,0.0,0.0,0.0
38682,25001,1.0,17.95082,3.95,17.95082,3.95
38681,25001,1.0,26.639344,5.86,26.639344,5.86
38680,31527,2.0,64.101639,14.1,64.101639,14.1
38680,38454,1.0,0.0,0.0,0.0,0.0
38679,36205,3.0,68.606557,15.09,68.606557,15.09
38679,3361,3.0,0.0,0.0,0.0,0.0
38679,3314,3.0,0.0,0.0,0.0,0.0
38679,3313,3.0,0.0,0.0,0.0,0.0
38679,38454,1.0,0.0,0.0,0.0,0.0
38679,36796,1.0,24.508197,5.39,24.508197,5.39
38679,37170,1.0,0.0,0.0,0.0,0.0
38679,3313,1.0,0.0,0.0,0.0,0.0
38678,3865,1.0,16.311475,3.59,16.311475,3.59
38677,3321,2.0,24.082295,5.3,24.082295,5.3
38676,3361,2.0,11.311475,2.49,10.180328,2.24
38676,3314,2.0,17.868852,3.93,16.081967,3.54
38676,3870,1.0,15.352459,3.38,15.352459,3.38
38676,38454,1.0,0.0,0.0,0.0,0.0
38675,3314,6.0,51.462295,11.32,46.314754,10.19
38675,38454,1.0,0.0,0.0,0.0,0.0
38674,3870,1.0,16.311475,3.59,16.311475,3.59
38673,3321,4.0,48.16459,10.6,48.16459,10.6
38673,38454,1.0,0.0,0.0,0.0,0.0
38673,3865,3.0,47.955738,10.55,47.955738,10.55
38673,25752,3.0,31.086885,6.84,31.086885,6.84
38672,36649,1.0,20.409836,4.49,20.409836,4.49
38672,3361,1.0,0.0,0.0,0.0,0.0
38672,3870,1.0,0.0,0.0,0.0,0.0
38672,3313,1.0,8.508197,1.87,8.508197,1.87
38671,36649,1.0,20.409836,4.49,20.409836,4.49
38671,3361,1.0,0.0,0.0,0.0,0.0
38671,3870,1.0,0.0,0.0,0.0,0.0
38671,3313,1.0,8.508197,1.87,8.508197,1.87
38669,31527,10.0,313.967213,69.07,313.967213,69.07
38669,38454,1.0,0.0,0.0,0.0,0.0
38668,3314,18.0,73.7704918,16.23,73.7704918,16.23
38668,35699,1.0,6.14754098,1.35,6.14754098,1.35
38668,25752,1.0,6.14754098,1.35,6.14754098,1.35
38661,36649,1.0,20.409836,4.49,20.409836,4.49
38661,3361,1.0,0.0,0.0,0.0,0.0
38661,3870,1.0,0.0,0.0,0.0,0.0
38661,36951,1.0,20.409836,4.49,20.409836,4.49
38661,3386,1.0,0.0,0.0,0.0,0.0
38661,38054,1.0,0.0,0.0,0.0,0.0
38661,3386,1.0,5.655738,1.24,5.655738,1.24
38661,38454,1.0,0.0,0.0,0.0,0.0
38660,3865,1.0,16.311475,3.59,16.311475,3.59
38660,25752,1.0,10.57377,2.33,10.57377,2.33
38659,3314,6.0,51.462295,11.32,51.462295,11.32
38659,38454,1.0,0.0,0.0,0.0,0.0
38653,3314,6.0,51.462295,11.32,51.462295,11.32
38653,38454,1.0,0.0,0.0,0.0,0.0
38652,3865,3.0,47.955738,10.55,47.955738,10.55
38652,38454,1.0,0.0,0.0,0.0,0.0
38651,3865,3.0,47.955738,10.55,47.955738,10.55
38651,38454,1.0,0.0,0.0,0.0,0.0
38650,3870,2.0,31.970492,7.03,31.970492,7.03
38649,36205,1.0,22.868852,5.03,22.868852,5.03
38649,3361,1.0,0.0,0.0,0.0,0.0
38649,3314,1.0,0.0,0.0,0.0,0.0
38649,3313,1.0,0.0,0.0,0.0,0.0
38649,25752,2.0,20.72459,4.56,20.72459,4.56
38649,38454,1.0,0.0,0.0,0.0,0.0
38648,3386,1.0,5.655738,1.24,5.090164,1.12
38648,3321,2.0,24.082295,5.3,21.672459,4.77
38647,31527,2.0,64.101639,14.1,64.101639,14.1
38647,38454,1.0,0.0,0.0,0.0,0.0
38646,30799,1.0,42.540984,9.36,42.540984,9.36
38646,3870,1.0,0.0,0.0,0.0,0.0
38646,35699,1.0,0.0,0.0,0.0,0.0
38646,37170,1.0,0.0,0.0,0.0,0.0
38646,38454,1.0,0.0,0.0,0.0,0.0
38646,3314,1.0,7.97541,1.75,7.97541,1.75
38645,3870,2.0,31.970492,7.03,31.970492,7.03
38644,3361,5.0,27.713115,6.1,27.713115,6.1
38644,3865,1.0,16.311475,3.59,16.311475,3.59
38644,38454,1.0,0.0,0.0,0.0,0.0
38643,25752,1.0,10.57377,2.33,10.57377,2.33
38643,31856,1.0,16.311475,3.59,16.311475,3.59
38643,3870,1.0,16.311475,3.59,16.311475,3.59
38643,38454,1.0,0.0,0.0,0.0,0.0
38642,30799,1.0,42.540984,9.36,42.540984,9.36
38642,3870,1.0,0.0,0.0,0.0,0.0
38642,35699,1.0,0.0,0.0,0.0,0.0
38642,37170,1.0,0.0,0.0,0.0,0.0
38642,38454,1.0,0.0,0.0,0.0,0.0
38641,36796,3.0,73.52459,16.18,73.52459,16.18
38641,37170,3.0,0.0,0.0,0.0,0.0
38641,3313,3.0,0.0,0.0,0.0,0.0
38641,38454,1.0,0.0,0.0,0.0,0.0
38640,3386,8.0,43.436066,9.56,43.436066,9.56
38640,38454,1.0,0.0,0.0,0.0,0.0
38638,36205,2.0,45.737705,10.06,45.737705,10.06
38638,3361,2.0,0.0,0.0,0.0,0.0
38638,3314,2.0,0.0,0.0,0.0,0.0
38638,3313,2.0,0.0,0.0,0.0,0.0
38638,38454,1.0,0.0,0.0,0.0,0.0
38637,3865,3.0,47.955738,10.55,47.955738,10.55
38637,38454,1.0,0.0,0.0,0.0,0.0
38636,31527,1.0,32.704918,7.2,32.704918,7.2
38634,25001,1.0,26.639344,5.86,25.204918,5.55
38633,3870,4.0,62.636066,13.78,62.636066,13.78
38633,38454,1.0,0.0,0.0,0.0,0.0
38632,36205,1.0,22.868852,5.03,22.868852,5.03
38632,3361,1.0,0.0,0.0,0.0,0.0
38632,3314,1.0,0.0,0.0,0.0,0.0
38632,3313,1.0,0.0,0.0,0.0,0.0
38632,24422,1.0,15.491803,3.41,15.491803,3.41
38631,3870,2.0,31.970492,7.03,31.970492,7.03
38631,3313,1.0,8.508197,1.87,8.508197,1.87
38629,3865,4.0,62.636066,13.78,62.636066,13.78
38629,38454,1.0,0.0,0.0,0.0,0.0
38629,3314,1.0,7.97541,1.75,7.97541,1.75
38628,37170,4.0,72.032787,15.85,72.032787,15.85
38628,38454,1.0,0.0,0.0,0.0,0.0
38627,31856,1.0,16.311475,3.59,16.311475,3.59
38627,3386,1.0,5.655738,1.24,5.655738,1.24
38627,38454,1.0,0.0,0.0,0.0,0.0
38627,36951,1.0,20.409836,4.49,20.409836,4.49
38627,3386,1.0,0.0,0.0,0.0,0.0
38627,38054,1.0,0.0,0.0,0.0,0.0
38626,3314,7.0,60.039344,13.21,60.039344,13.21
38626,38454,1.0,0.0,0.0,0.0,0.0
38623,3865,3.0,47.955738,10.55,47.955738,10.55
38623,38454,1.0,0.0,0.0,0.0,0.0
38622,3870,1.0,16.31147541,3.59,0.0,0.0
38620,3361,6.0,32.577049,7.17,32.577049,7.17
38619,3361,8.0,43.436066,9.56,43.436066,9.56
38619,38454,1.0,0.0,0.0,0.0,0.0
38618,36205,1.0,22.868852,5.03,22.868852,5.03
38618,3361,1.0,0.0,0.0,0.0,0.0
38618,3314,1.0,0.0,0.0,0.0,0.0
38618,3313,1.0,0.0,0.0,0.0,0.0
38618,3386,1.0,5.655738,1.24,5.655738,1.24
38618,3870,1.0,16.311475,3.59,16.311475,3.59
38618,38454,1.0,0.0,0.0,0.0,0.0
38617,25001,2.0,52.213115,11.49,52.213115,11.49
38617,38454,1.0,0.0,0.0,0.0,0.0
38617,3321,1.0,12.286885,2.7,12.286885,2.7
38616,3865,1.0,16.311475,3.59,16.311475,3.59
38616,31527,1.0,32.704918,7.2,32.704918,7.2
38616,38454,1.0,0.0,0.0,0.0,0.0
38614,3870,1.0,16.311475,3.59,16.311475,3.59
38614,25752,1.0,16.311475,3.59,16.311475,3.59
38614,3386,1.0,4.778689,1.05,4.778689,1.05
38613,25752,5.0,50.754098,11.17,50.754098,11.17
38613,38454,1.0,0.0,0.0,0.0,0.0
38611,31527,2.0,64.101639,14.1,64.101639,14.1
38611,38454,1.0,0.0,0.0,0.0,0.0
38610,3865,1.0,16.311475,3.59,16.311475,3.59
38609,31856,1.0,16.311475,3.59,16.311475,3.59
38609,3386,1.0,5.655738,1.24,0.0,0.0
38609,25752,1.0,16.311475,3.59,16.311475,3.59
38606,3361,11.0,59.72459,13.14,59.72459,13.14
38606,38454,1.0,0.0,0.0,0.0,0.0
38605,3321,40.0,393.44262295,86.56,393.44262295,86.56
38605,3386,18.0,88.52459016,19.48,88.52459016,19.48
38605,3361,6.0,29.50819672,6.49,29.50819672,6.49
38604,3865,2.0,31.970492,7.03,28.77377,6.33
38602,31527,4.0,125.586885,27.63,125.586885,27.63
38602,38454,1.0,0.0,0.0,0.0,0.0
38600,36796,1.0,24.508197,5.39,24.508197,5.39
38600,37170,1.0,0.0,0.0,0.0,0.0
38600,3313,1.0,0.0,0.0,0.0,0.0
38600,3870,1.0,15.352459,3.38,15.352459,3.38
38600,3314,1.0,7.97541,1.75,7.97541,1.75
38600,38454,1.0,0.0,0.0,0.0,0.0
38599,36205,1.0,22.868852,5.03,22.868852,5.03
38599,3361,1.0,0.0,0.0,0.0,0.0
38599,3314,1.0,0.0,0.0,0.0,0.0
38599,3313,1.0,0.0,0.0,0.0,0.0
38599,3870,1.0,15.352459,3.38,15.352459,3.38
38599,36796,1.0,24.508197,5.39,24.508197,5.39
38599,37170,1.0,0.0,0.0,0.0,0.0
38599,3313,1.0,0.0,0.0,0.0,0.0
38599,38454,1.0,0.0,0.0,0.0,0.0
38597,36649,2.0,40.819672,8.98,40.819672,8.98
38597,3361,2.0,0.0,0.0,0.0,0.0
38597,3870,2.0,0.0,0.0,0.0,0.0
38597,35513,1.0,13.032787,2.87,11.729508,2.58
38597,38454,1.0,0.0,0.0,0.0,0.0
38596,3870,2.0,31.970492,7.03,31.970492,7.03
38595,31527,1.0,32.704918,7.2,32.704918,7.2
38594,31527,1.0,32.704918,7.2,32.704918,7.2
38593,25001,3.0,52.77541,11.61,52.77541,11.61
38593,38454,1.0,0.0,0.0,0.0,0.0
38593,3313,1.0,8.508197,1.87,8.508197,1.87
38591,3361,5.0,27.713115,6.1,27.713115,6.1
38591,3314,4.0,35.022951,7.71,35.022951,7.71
38591,38454,1.0,0.0,0.0,0.0,0.0
38590,23378,1.0,29.491803,6.49,29.491803,6.49
38589,25752,1.0,16.311475,3.59,16.311475,3.59
38589,31856,1.0,16.311475,3.59,16.311475,3.59
38589,35513,1.0,13.032787,2.87,13.032787,2.87
38589,38454,1.0,0.0,0.0,0.0,0.0
38588,3865,1.0,10.57377,2.33,10.57377,2.33
38588,25752,1.0,10.57377,2.33,10.57377,2.33
38587,30799,1.0,42.540984,9.36,42.540984,9.36
38587,3870,1.0,0.0,0.0,0.0,0.0
38587,35699,1.0,0.0,0.0,0.0,0.0
38587,37170,1.0,0.0,0.0,0.0,0.0
38587,38454,1.0,0.0,0.0,0.0,0.0
38584,25752,4.0,62.636066,13.78,62.636066,13.78
38584,38454,1.0,0.0,0.0,0.0,0.0
38584,3865,2.0,31.970492,7.03,31.970492,7.03
38583,3865,2.0,31.970492,7.03,31.970492,7.03
38583,3386,2.0,11.311475,2.49,11.311475,2.49
38583,38454,1.0,0.0,0.0,0.0,0.0
38582,36205,1.0,22.868852,5.03,22.868852,5.03
38582,3361,1.0,0.0,0.0,0.0,0.0
38582,3314,1.0,0.0,0.0,0.0,0.0
38582,3313,1.0,0.0,0.0,0.0,0.0
38579,3865,2.0,20.72459,4.56,20.72459,4.56
38579,35513,2.0,25.544262,5.62,25.544262,5.62
38579,25752,1.0,5.729508,1.26,5.729508,1.26
38579,31856,1.0,5.729508,1.26,5.729508,1.26
38579,38454,1.0,0.0,0.0,0.0,0.0
38578,36205,2.0,45.737705,10.06,45.737705,10.06
38578,3361,2.0,0.0,0.0,0.0,0.0
38578,3314,2.0,0.0,0.0,0.0,0.0
38578,3313,2.0,0.0,0.0,0.0,0.0
38578,38454,1.0,0.0,0.0,0.0,0.0
38577,3361,9.0,48.865574,10.75,48.865574,10.75
38577,38454,1.0,0.0,0.0,0.0,0.0
38575,3361,3.0,16.627869,3.66,16.627869,3.66
38575,3314,3.0,26.267213,5.78,26.267213,5.78
38575,38454,1.0,0.0,0.0,0.0,0.0
38573,3870,1.0,16.311475,3.59,16.311475,3.59
38573,3313,1.0,8.508197,1.87,8.508197,1.87
38572,3361,4.0,22.170492,4.88,22.170492,4.88
38572,3313,2.0,19.508197,4.29,19.508197,4.29
38572,38454,1.0,0.0,0.0,0.0,0.0
38572,3314,2.0,17.868852,3.93,17.868852,3.93
38570,3865,1.0,16.311475,3.59,14.680328,3.23
38570,25001,1.0,17.95082,3.95,16.155738,3.55
38570,3313,1.0,8.508197,1.87,8.508197,1.87
38569,31527,2.0,64.101639,14.1,64.101639,14.1
38569,38454,1.0,0.0,0.0,0.0,0.0
38568,36796,1.0,24.508197,5.39,22.057377,4.85
38568,37170,1.0,0.0,0.0,0.0,0.0
38568,3313,1.0,0.0,0.0,0.0,0.0
38568,3870,1.0,16.311475,3.59,14.680328,3.23
38567,3361,6.0,32.577049,7.17,32.577049,7.17
38565,3314,6.0,51.462295,11.32,51.462295,11.32
38565,38454,1.0,0.0,0.0,0.0,0.0
38565,38054,1.0,15.54918,3.42,15.54918,3.42
38563,3870,2.0,31.970492,7.03,31.970492,7.03
38563,3313,1.0,8.508197,1.87,8.508197,1.87
38562,36796,1.0,24.508197,5.39,24.508197,5.39
38562,37170,1.0,0.0,0.0,0.0,0.0
38562,3313,1.0,0.0,0.0,0.0,0.0
38561,36796,1.0,24.508197,5.39,24.508197,5.39
38561,37170,1.0,0.0,0.0,0.0,0.0
38561,3313,1.0,0.0,0.0,0.0,0.0
38561,36951,1.0,20.409836,4.49,20.409836,4.49
38561,3386,1.0,0.0,0.0,0.0,0.0
38561,38054,1.0,0.0,0.0,0.0,0.0
38561,38454,1.0,0.0,0.0,0.0,0.0
38561,25001,1.0,17.95082,3.95,17.95082,3.95
38561,3314,1.0,7.97541,1.75,7.97541,1.75
38560,36205,1.0,22.868852,5.03,22.868852,5.03
38560,3361,1.0,0.0,0.0,0.0,0.0
38560,3314,1.0,0.0,0.0,0.0,0.0
38560,3313,1.0,0.0,0.0,0.0,0.0
38560,36649,1.0,20.409836,4.49,20.409836,4.49
38560,3361,1.0,0.0,0.0,0.0,0.0
38560,3870,1.0,0.0,0.0,0.0,0.0
38560,38454,1.0,0.0,0.0,0.0,0.0
38558,35513,2.0,25.544262,5.62,25.544262,5.62
38558,3870,1.0,16.311475,3.59,16.311475,3.59
38558,38454,1.0,0.0,0.0,0.0,0.0
38557,23378,2.0,29.491803,6.49,29.491803,6.49
38556,25752,1.0,16.311475,3.59,16.311475,3.59
38556,3386,1.0,5.655738,1.24,5.655738,1.24
38556,3361,1.0,5.655738,1.24,5.655738,1.24
38555,3361,3.0,16.627869,3.66,16.627869,3.66
38555,3870,1.0,15.352459,3.38,15.352459,3.38
38555,3313,1.0,9.754098,2.15,9.754098,2.15
38555,38454,1.0,0.0,0.0,0.0,0.0
38555,3865,1.0,16.311475,3.59,16.311475,3.59
38555,3314,1.0,7.97541,1.75,7.97541,1.75
38554,25752,2.0,31.970492,7.03,31.970492,7.03
38554,3386,1.0,4.778689,1.05,4.778689,1.05
38553,3865,4.0,62.636066,13.78,62.636066,13.78
38553,38454,1.0,0.0,0.0,0.0,0.0
38553,25752,4.0,62.636066,13.78,62.636066,13.78
38553,3321,1.0,12.286885,2.7,12.286885,2.7
38553,35699,1.0,10.360656,2.28,10.360656,2.28
38552,26420,1.0,29.491803,6.49,29.491803,6.49
38549,30799,1.0,42.540984,9.36,42.540984,9.36
38549,3870,1.0,0.0,0.0,0.0,0.0
38549,35699,1.0,0.0,0.0,0.0,0.0
38549,37170,1.0,0.0,0.0,0.0,0.0
38549,38454,1.0,0.0,0.0,0.0,0.0
38547,35513,2.0,25.544262,5.62,22.995082,5.06
38547,3865,2.0,31.970492,7.03,28.765574,6.33
38547,38454,1.0,0.0,0.0,0.0,0.0
38547,3321,2.0,24.082295,5.3,21.680656,4.77
38544,3865,2.0,31.970492,7.03,31.970492,7.03
38543,31527,1.0,32.704918,7.2,29.434426,6.48
38520,36205,1.0,22.868852,5.03,22.868852,5.03
38520,3361,1.0,0.0,0.0,0.0,0.0
38520,3314,1.0,0.0,0.0,0.0,0.0
38520,3313,1.0,0.0,0.0,0.0,0.0
38520,3865,1.0,16.311475,3.59,16.311475,3.59
38519,30799,1.0,42.540984,9.36,42.540984,9.36
38519,3870,1.0,0.0,0.0,0.0,0.0
38519,35699,1.0,0.0,0.0,0.0,0.0
38519,37170,1.0,0.0,0.0,0.0,0.0
38518,3870,2.0,31.970492,7.03,31.970492,7.03
38518,24422,2.0,30.363934,6.68,30.363934,6.68
38515,3865,1.0,16.311475,3.59,16.311475,3.59
38515,24422,1.0,15.491803,3.41,15.491803,3.41
38509,3361,1.0,5.655738,1.24,5.090164,1.12
38509,3314,1.0,8.934426,1.97,8.040984,1.77
38507,30799,2.0,85.081967,18.72,85.081967,18.72
38507,3870,2.0,0.0,0.0,0.0,0.0
38507,35699,2.0,0.0,0.0,0.0,0.0
38507,37170,2.0,0.0,0.0,0.0,0.0
38506,3865,4.0,62.636066,13.78,56.37377,12.4
38506,36571,1.0,0.0,0.0,0.0,0.0
38505,32396,1.0,16.368852,3.6,16.368852,3.6
38503,3870,1.0,16.311475,3.59,16.311475,3.59
38503,3865,1.0,16.311475,3.59,16.311475,3.59
38503,25752,1.0,16.311475,3.59,16.311475,3.59
38502,23378,2.0,29.49,6.49,29.49,6.49
38500,31527,1.0,32.704918,7.2,32.704918,7.2
38492,32545,1.0,62.196721,13.68,62.196721,13.68
38491,25001,1.0,26.639344,5.86,26.639344,5.86
38491,31527,1.0,32.704918,7.2,32.704918,7.2
38490,25752,1.0,16.311475,3.59,13.516393,2.97
38490,25001,1.0,17.95082,3.95,15.147541,3.33
38488,35513,1.0,13.032787,2.87,13.032787,2.87
38488,25001,1.0,17.95082,3.95,17.95082,3.95
38487,3865,2.0,31.970492,7.03,25.921311,5.7
38486,3865,4.0,62.636066,13.78,62.636066,13.78
38485,25001,4.0,102.295082,22.5,102.295082,22.5
38485,3870,4.0,62.636066,13.78,62.636066,13.78
38484,24422,2.0,30.363934,6.68,30.363934,6.68
38483,3321,1.0,12.286885,2.7,12.286885,2.7
38483,3361,12.0,63.796721,14.04,63.796721,14.04
38482,3865,1.0,16.311475,3.59,16.311475,3.59
38482,25752,2.0,31.970492,7.03,31.970492,7.03
38481,3865,1.0,16.311475,3.59,16.311475,3.59
38481,3314,1.0,7.97541,1.75,7.97541,1.75
38480,31527,1.0,32.704918,7.2,32.704918,7.2
38464,3865,2.0,31.970492,7.03,31.970492,7.03
38453,25752,1.0,16.311475,3.59,16.311475,3.59
38453,3865,1.0,16.311475,3.59,16.311475,3.59
38427,3361,6.0,32.577049,7.17,32.577049,7.17
38425,3870,2.0,31.970492,7.03,31.970492,7.03
38424,unknown_gift_item,1.0,8.852459,1.95,8.852459,1.95
38423,3865,1.0,16.311475,3.59,16.311475,3.59
38423,3870,1.0,16.311475,3.59,16.311475,3.59
38422,32526,1.0,16.368852,3.6,16.368852,3.6
38421,32526,1.0,62.196721,13.68,62.196721,13.68
38420,25752,1.0,16.311475,3.59,16.311475,3.59
38419,3870,1.0,16.311475,3.59,16.311475,3.59
38419,25001,1.0,17.95082,3.95,17.95082,3.95
38419,25752,1.0,10.57377,2.33,10.57377,2.33
38418,25752,2.0,31.970492,7.03,31.970492,7.03
38417,31527,1.0,32.704918,7.2,29.434426,6.48
38416,35513,1.0,13.032787,2.87,13.032787,2.87
38408,24422,1.0,15.491803,3.41,13.942623,3.07
38408,3870,1.0,15.491803,3.41,13.942623,3.07
38408,3865,1.0,16.311475,3.59,14.680328,3.23
38406,3870,1.0,15.491803,3.41,15.491803,3.41
38406,3865,1.0,10.57377,2.33,10.57377,2.33
38405,3314,1.0,8.114754,1.79,8.114754,1.79
38405,3313,1.0,8.934426,1.97,8.934426,1.97
38405,3361,1.0,5.655738,1.24,5.655738,1.24
38404,3313,1.0,8.934426,1.97,8.934426,1.97
38404,3314,2.0,16.229508,3.57,16.229508,3.57
38404,3361,1.0,5.655738,1.24,5.655738,1.24
38402,3865,1.0,15.491803,3.41,15.491803,3.41
38402,3870,1.0,15.491803,3.41,15.491803,3.41
38400,31856,1.0,5.729508,1.26,5.729508,1.26
38400,38054,1.0,15.54918,3.42,15.54918,3.42
38400,37170,1.0,18.008197,3.96,18.008197,3.96
38397,25001,2.0,48.036066,10.57,48.036066,10.57
38394,3313,4.0,35.022951,7.71,35.022951,7.71
38394,3361,4.0,22.170492,4.88,22.170492,4.88
38393,3314,6.0,46.740984,10.28,46.740984,10.28
38393,3313,6.0,51.462295,11.32,51.462295,11.32
38393,3321,6.0,72.246885,15.89,72.246885,15.89
38393,3386,6.0,32.577049,7.17,32.577049,7.17
38392,3865,2.0,30.363934,6.68,30.363934,6.68
38392,35513,1.0,12.213115,2.69,12.213115,2.69
38391,3386,6.0,32.577049,7.17,32.577049,7.17
38390,3870,3.0,45.545902,10.02,38.709836,8.52
38389,25001,1.0,17.131148,3.77,17.131148,3.77
38389,3313,1.0,8.508197,1.87,8.508197,1.87
38387,32545,1.0,16.368852,3.6,16.368852,3.6
38386,3865,1.0,15.491803,3.41,15.491803,3.41
38385,24422,1.0,15.491803,3.41,15.491803,3.41
38384,25001,2.0,33.577049,7.39,33.577049,7.39
38383,35513,2.0,23.937705,5.27,23.937705,5.27
38382,24422,2.0,30.363934,6.68,30.363934,6.68
38381,25001,1.0,17.131148,3.77,14.0,3.08
38381,3313,1.0,8.508197,1.87,5.385246,1.18
38380,3314,6.0,46.740984,10.28,46.740984,10.28
38380,3313,6.0,51.462295,11.32,51.462295,11.32
38380,3361,6.0,32.577049,7.17,32.577049,7.17
38379,3361,12.0,63.796721,14.04,63.796721,14.04
38376,31527,2.0,64.214098,14.13,57.796066,12.72
38373,31856,3.0,45.545902,10.02,45.545902,10.02
38373,3865,2.0,19.118033,4.21,19.118033,4.21
38371,24422,2.0,30.363934,6.68,30.363934,6.68
38370,3870,3.0,45.545902,10.02,38.709836,8.52
38370,25001,1.0,17.131148,3.77,14.557377,3.2
38370,24422,2.0,30.363934,6.68,25.814754,5.68
38370,35513,1.0,12.213115,2.69,10.385246,2.28
38369,31527,1.0,32.762295,7.21,32.762295,7.21
38366,32396,1.0,10.631148,2.34,10.631148,2.34
38366,32659,1.0,18.008197,3.96,18.008197,3.96
38365,25001,4.0,65.783607,14.47,57.955738,12.75
38363,3865,2.0,30.363934,6.68,30.363934,6.68
38361,35513,2.0,23.937705,5.27,23.093443,5.08
38360,3865,1.0,9.754098,2.15,9.754098,2.15
38360,3865,2.0,11.229836,2.47,11.229836,2.47
38359,3361,6.0,32.577049,7.17,32.577049,7.17
38359,3314,2.0,16.229508,3.57,16.229508,3.57
38359,3313,2.0,17.868852,3.93,17.868852,3.93
38358,3313,12.0,100.780328,22.17,100.780328,22.17
38358,3321,6.0,72.246885,15.89,72.246885,15.89
38356,37157,1.0,19.672131,4.33,19.672131,4.33
38355,37157,1.0,19.672131,4.33,19.672131,4.33
38354,3313,6.0,51.462295,11.32,51.462295,11.32
38354,25001,1.0,17.131148,3.77,17.131148,3.77
38353,25001,2.0,33.577049,7.39,33.577049,7.39
38352,25001,1.0,24.508197,5.39,24.508197,5.39
38352,25001,1.0,17.131148,3.77,17.131148,3.77
38352,31856,1.0,15.491803,3.41,15.491803,3.41
38351,3865,1.0,15.491803,3.41,15.491803,3.41
38349,37157,1.0,9.836066,2.16,9.836066,2.16
38348,3361,9.0,48.865574,10.75,48.865574,10.75
38348,3386,3.0,16.627869,3.66,16.627869,3.66
38347,3870,2.0,30.363934,6.68,30.363934,6.68
38346,3313,8.0,68.616393,15.1,68.616393,15.1
38325,35513,1.0,12.213115,2.69,12.213115,2.69
38325,3870,2.0,30.363934,6.68,30.363934,6.68
38323,31527,3.0,96.321148,21.19,86.69,19.07
38322,31527,6.0,188.71082,41.52,188.71082,41.52
38321,3865,1.0,15.491803,3.41,15.491803,3.41
38319,35513,2.0,23.937705,5.27,23.937705,5.27
38319,3870,1.0,15.352459,3.38,15.352459,3.38
38319,3865,2.0,30.363934,6.68,30.363934,6.68
38318,3870,1.0,15.491803,3.41,15.491803,3.41
38318,3313,1.0,8.508197,1.87,8.508197,1.87
38318,25752,2.0,11.229836,2.47,11.229836,2.47
38318,3361,4.0,22.170492,4.88,22.170492,4.88
38318,3314,1.0,8.114754,1.79,8.114754,1.79
38317,3865,1.0,5.729508,1.26,5.729508,1.26
38317,36205,1.0,22.868852,5.03,22.868852,5.03
38317,3361,1.0,0.0,0.0,0.0,0.0
38317,3314,1.0,0.0,0.0,0.0,0.0
38317,3313,1.0,0.0,0.0,0.0,0.0
38317,3870,1.0,15.352459,3.38,15.352459,3.38
38317,25001,1.0,17.131148,3.77,17.131148,3.77
38316,25001,1.0,24.508197,5.39,24.508197,5.39
38314,25752,1.0,5.729508,1.26,5.729508,1.26
38314,3865,1.0,9.754098,2.15,9.754098,2.15
38314,31856,1.0,5.729508,1.26,5.729508,1.26
38313,3361,6.0,32.577049,7.17,32.577049,7.17
38311,3361,18.0,93.659016,20.6,84.290164,18.54
38301,31527,2.0,64.214098,14.13,54.582951,12.01
38295,3865,3.0,45.545902,10.02,45.545902,10.02
38294,36205,2.0,45.737705,10.06,45.737705,10.06
38294,3361,2.0,0.0,0.0,0.0,0.0
38294,3314,2.0,0.0,0.0,0.0,0.0
38294,3313,2.0,0.0,0.0,0.0,0.0
38294,36796,1.0,24.508197,5.39,24.508197,5.39
38294,37170,1.0,0.0,0.0,0.0,0.0
38294,3313,1.0,0.0,0.0,0.0,0.0
38289,3314,12.0,89.586885,19.71,89.586885,19.71
38279,37170,1.0,18.008197,3.96,18.008197,3.96
38278,37170,1.0,18.008197,3.96,18.008197,3.96
38277,3870,3.0,45.545902,10.02,45.545902,10.02
38276,31856,1.0,5.729508,1.26,5.729508,1.26
38276,3865,1.0,5.729508,1.26,5.729508,1.26
38276,25752,1.0,5.729508,1.26,5.729508,1.26
38265,3361,6.0,32.577049,7.17,32.577049,7.17
38261,3865,2.0,30.363934,6.68,30.363934,6.68
38261,30799,1.0,40.901639,9.0,40.901639,9.0
38261,3870,1.0,0.0,0.0,0.0,0.0
38261,35699,1.0,0.0,0.0,0.0,0.0
38261,37170,1.0,0.0,0.0,0.0,0.0
38261,3313,2.0,17.016393,3.74,17.016393,3.74
38260,3313,18.0,73.7704918,16.23,73.7704918,16.23
38257,3865,2.0,30.363934,6.68,30.363934,6.68
38256,3361,12.0,62.439344,13.74,62.439344,13.74
38255,3865,1.0,15.491803,3.41,15.491803,3.41
38255,24422,1.0,15.491803,3.41,15.491803,3.41
38255,3361,1.0,5.655738,1.24,5.655738,1.24
38253,3313,6.0,51.462295,11.32,51.462295,11.32
38253,25001,1.0,17.131148,3.77,17.131148,3.77
38253,3870,1.0,15.491803,3.41,15.491803,3.41
38252,3865,1.0,15.491803,3.41,15.491803,3.41
38251,24422,3.0,45.545902,10.02,45.545902,10.02
38251,3870,1.0,15.491803,3.41,15.491803,3.41
38251,3865,2.0,30.363934,6.68,30.363934,6.68
38250,3361,3.0,16.627869,3.66,16.627869,3.66
38249,3865,2.0,19.118033,4.21,19.118033,4.21
38248,35513,2.0,23.937705,5.27,17.265574,3.8
38248,3865,2.0,30.363934,6.68,23.67541,5.21
38247,36205,1.0,22.868852,5.03,22.868852,5.03
38247,3361,1.0,0.0,0.0,0.0,0.0
38247,3314,1.0,0.0,0.0,0.0,0.0
38247,3313,1.0,0.0,0.0,0.0,0.0
38246,36649,1.0,20.409836,4.49,20.409836,4.49
38246,3361,1.0,0.0,0.0,0.0,0.0
38246,3870,1.0,0.0,0.0,0.0,0.0
38245,3865,4.0,59.488525,13.09,59.488525,13.09
38245,3313,3.0,25.52459,5.62,25.52459,5.62
38243,32526,1.0,16.368852,3.6,16.368852,3.6
38242,25001,1.0,24.508197,5.39,24.508197,5.39
38241,3361,12.0,62.439344,13.74,62.439344,13.74
38239,35513,2.0,23.937705,5.27,21.544262,4.74
38238,3361,18.0,93.659016,20.6,93.659016,20.6
38236,3870,2.0,30.363934,6.68,23.863934,5.25
38235,36649,1.0,20.409836,4.49,20.409836,4.49
38235,3361,1.0,0.0,0.0,0.0,0.0
38235,3870,1.0,0.0,0.0,0.0,0.0
38234,3870,1.0,15.491803,3.41,15.491803,3.41
38234,3313,1.0,8.508197,1.87,8.508197,1.87
38229,36649,1.0,20.409836,4.49,20.409836,4.49
38229,3361,1.0,0.0,0.0,0.0,0.0
38229,3870,1.0,0.0,0.0,0.0,0.0
38228,25001,1.0,17.131148,3.77,17.131148,3.77
38227,25001,6.0,141.167213,31.06,132.372131,29.12
38211,3865,6.0,33.001967,7.26,33.001967,7.26
38210,3865,4.0,59.488525,13.09,53.537705,11.78
38189,3870,1.0,15.491803,3.41,15.491803,3.41
38189,35513,1.0,12.213115,2.69,12.213115,2.69
38188,25001,1.0,24.508197,5.39,24.508197,5.39
38187,3865,4.0,59.488525,13.09,59.488525,13.09
38187,31856,2.0,30.363934,6.68,30.363934,6.68
38186,31527,1.0,32.762295,7.21,32.762295,7.21
38185,36205,2.0,45.737705,10.06,45.737705,10.06
38185,3361,2.0,0.0,0.0,0.0,0.0
38185,3314,2.0,0.0,0.0,0.0,0.0
38185,3313,2.0,0.0,0.0,0.0,0.0
38179,25752,4.0,22.001311,4.84,22.001311,4.84
38155,3865,1.0,9.754098,2.15,9.754098,2.15
38155,3870,1.0,15.491803,3.41,15.491803,3.41
38154,31527,1.0,32.762295,7.21,32.762295,7.21
38153,31527,1.0,32.762295,7.21,32.762295,7.21
38152,25001,1.0,24.508197,5.39,24.508197,5.39
38151,3361,6.0,32.577049,7.17,29.322951,6.45
38151,3314,4.0,31.809836,7.0,28.621311,6.3
38151,3386,4.0,22.170492,4.88,19.957377,4.39
38149,3865,2.0,30.363934,6.68,30.363934,6.68
38148,37170,2.0,36.016393,7.92,36.016393,7.92
38148,25001,2.0,48.036066,10.57,48.036066,10.57
38145,36649,1.0,20.409836,4.49,19.180328,4.22
38145,3361,1.0,0.0,0.0,0.0,0.0
38145,3870,1.0,0.0,0.0,0.0,0.0
38145,3313,1.0,8.508197,1.87,7.278689,1.6
38145,3865,4.0,59.488525,13.09,54.570492,12.01
38145,31856,2.0,30.363934,6.68,27.904918,6.14
38145,3386,1.0,5.655738,1.24,4.42623,0.97
38145,3314,1.0,8.114754,1.79,6.885246,1.51
38144,24422,1.0,15.491803,3.41,15.491803,3.41
38144,25001,1.0,24.508197,5.39,24.508197,5.39
38143,3314,6.0,46.740984,10.28,46.740984,10.28
38143,24422,1.0,15.491803,3.41,15.491803,3.41
38143,25001,1.0,17.131148,3.77,17.131148,3.77
38143,3313,1.0,8.508197,1.87,8.508197,1.87
38142,31527,3.0,96.321148,21.19,87.14082,19.17
38140,31856,1.0,15.491803,3.41,15.491803,3.41
38140,3865,1.0,15.491803,3.41,15.491803,3.41
38138,36205,2.0,45.737705,10.06,45.737705,10.06
38138,3361,2.0,0.0,0.0,0.0,0.0
38138,3314,2.0,0.0,0.0,0.0,0.0
38138,3313,2.0,0.0,0.0,0.0,0.0
38137,31527,2.0,64.214098,14.13,63.41082,13.95
38136,3865,1.0,15.491803,3.41,15.491803,3.41
38136,3870,1.0,15.491803,3.41,15.491803,3.41
38136,31856,1.0,15.491803,3.41,15.491803,3.41
38130,37157,1.0,19.672131,4.33,19.672131,4.33
38124,25001,1.0,17.131148,3.77,17.131148,3.77
38101,31527,1.0,32.762295,7.21,32.762295,7.21
38098,32545,1.0,16.368852,3.6,16.368852,3.6
38097,32526,1.0,16.368852,3.6,16.368852,3.6
38089,3865,1.0,16.368852,3.6,16.368852,3.6
38089,3870,3.0,48.124426,10.59,48.124426,10.59
38047,31856,1.0,15.54918,3.42,14.0,3.08
38047,25001,1.0,18.008197,3.96,16.204918,3.57
38047,3865,1.0,16.368852,3.6,14.729508,3.24
38035,3865,3.0,48.124426,10.59,46.501475,10.23
38033,3865,2.0,32.082951,7.06,28.869836,6.35
38033,31856,2.0,30.476393,6.7,27.43541,6.04
38032,25001,1.0,26.639344,5.86,26.639344,5.86
38031,36205,1.0,23.770492,5.23,22.836066,5.02
38031,3361,1.0,0.0,0.0,0.0,0.0
38031,3314,1.0,0.0,0.0,0.0,0.0
38031,3313,1.0,0.0,0.0,0.0,0.0
38031,3870,1.0,15.352459,3.38,14.418033,3.17
38030,3865,2.0,32.082951,7.06,28.878033,6.35
38030,3313,1.0,8.508197,1.87,8.508197,1.87
38030,36205,1.0,23.770492,5.23,21.393443,4.71
38030,3361,1.0,0.0,0.0,0.0,0.0
38030,3314,1.0,0.0,0.0,0.0,0.0
38030,3313,1.0,0.0,0.0,0.0,0.0
38029,3865,2.0,32.082951,7.06,32.082951,7.06
38022,3865,3.0,48.124426,10.59,48.124426,10.59
38015,25001,1.0,26.639344,5.86,23.97541,5.27
38012,25001,1.0,26.639344,5.86,23.97541,5.27
38010,31527,1.0,32.762295,7.21,32.762295,7.21
38008,35513,4.0,51.84,11.4,51.84,11.4
38007,3865,5.0,78.570492,17.29,78.570492,17.29
38007,25752,4.0,18.85377,4.15,18.85377,4.15
38006,24422,1.0,15.54918,3.42,10.95082,2.41
38006,25001,1.0,18.008197,3.96,13.401639,2.95
38002,3865,2.0,32.082951,7.06,32.082951,7.06
38001,31527,1.0,32.762295,7.21,32.762295,7.21
37998,3865,5.0,78.570492,17.29,70.709836,15.56
37997,30799,1.0,42.188525,9.28,37.967213,8.35
37997,3870,1.0,0.0,0.0,0.0,0.0
37997,35699,1.0,0.0,0.0,0.0,0.0
37997,37170,1.0,0.0,0.0,0.0,0.0
37997,24422,1.0,15.54918,3.42,14.0,3.08
37996,24422,2.0,30.476393,6.7,27.427213,6.03
37995,31527,1.0,32.762295,7.21,32.762295,7.21
37994,3865,1.0,4.909836,1.08,4.909836,1.08
37994,31856,1.0,16.368852,3.6,16.368852,3.6
37994,25752,3.0,14.434918,3.18,14.434918,3.18
37993,36205,1.0,23.770492,5.23,21.393443,4.71
37993,3361,1.0,0.0,0.0,0.0,0.0
37993,3314,1.0,0.0,0.0,0.0,0.0
37993,3313,1.0,0.0,0.0,0.0,0.0
37990,24422,5.0,74.636066,16.42,67.168852,14.78
37989,3865,2.0,32.082951,7.06,30.500984,6.71
37988,3865,2.0,32.082951,7.06,32.082951,7.06
37987,3314,12.0,101.531803,22.34,101.531803,22.34
37986,3865,1.0,16.368852,3.6,14.729508,3.24
37986,24422,1.0,15.54918,3.42,14.0,3.08
37985,3870,6.0,94.28459,20.74,84.858361,18.67
37984,3870,1.0,16.368852,3.6,16.368852,3.6
37983,3314,6.0,52.973115,11.65,47.678033,10.49
37982,24422,2.0,30.476393,6.7,30.476393,6.7
37981,30799,1.0,42.188525,9.28,42.188525,9.28
37981,3870,1.0,0.0,0.0,0.0,0.0
37981,35699,1.0,0.0,0.0,0.0,0.0
37981,37170,1.0,0.0,0.0,0.0,0.0
37980,24422,2.0,30.476393,6.7,27.427213,6.03
37979,31527,4.0,125.807213,27.68,125.807213,27.68
37978,3870,1.0,16.368852,3.6,16.368852,3.6
37978,24422,1.0,15.54918,3.42,15.54918,3.42
37977,25752,3.0,14.434918,3.18,14.434918,3.18
37977,24422,1.0,15.54918,3.42,15.54918,3.42
37975,25001,1.0,18.008197,3.96,16.204918,3.57
37975,31856,1.0,16.368852,3.6,14.737705,3.24
37974,31527,1.0,32.762295,7.21,32.762295,7.21
37973,31527,1.0,32.762295,7.21,32.762295,7.21
37972,25001,2.0,52.213115,11.49,52.213115,11.49
37971,3865,1.0,16.368852,3.6,16.368852,3.6
37971,3313,2.0,17.016393,3.74,17.016393,3.74
37970,32526,1.0,15.54918,3.42,15.54918,3.42
37969,32396,1.0,16.368852,3.6,16.368852,3.6
37968,24422,3.0,45.71459,10.06,42.927705,9.44
37967,31527,1.0,32.762295,7.21,29.483607,6.49
37967,25752,1.0,4.909836,1.08,4.418033,0.97
37966,24422,1.0,15.54918,3.42,14.0,3.08
37966,30799,1.0,42.188525,9.28,37.967213,8.35
37966,3870,1.0,0.0,0.0,0.0,0.0
37966,35699,1.0,0.0,0.0,0.0,0.0
37966,37170,1.0,0.0,0.0,0.0,0.0
37965,3865,2.0,32.082951,7.06,28.878033,6.35
37965,35513,1.0,20.467213,4.5,18.418033,4.05
37964,32659,1.0,35.295082,7.76,35.295082,7.76
37963,32545,1.0,62.196721,13.68,62.196721,13.68
37962,3313,24.0,118.03278689,25.97,118.03278689,25.97
37962,3314,24.0,118.03278689,25.97,118.03278689,25.97
37962,3361,24.0,118.03278689,25.97,118.03278689,25.97
37961,30799,1.0,42.188525,9.28,42.188525,9.28
37961,3870,1.0,0.0,0.0,0.0,0.0
37961,35699,1.0,0.0,0.0,0.0,0.0
37961,37170,1.0,0.0,0.0,0.0,0.0
37961,3865,1.0,16.368852,3.6,16.368852,3.6
37960,30799,1.0,42.188525,9.28,37.967213,8.35
37960,3870,1.0,0.0,0.0,0.0,0.0
37960,35699,1.0,0.0,0.0,0.0,0.0
37960,37170,1.0,0.0,0.0,0.0,0.0
37960,36205,1.0,23.770492,5.23,21.393443,4.71
37960,3361,1.0,0.0,0.0,0.0,0.0
37960,3314,1.0,0.0,0.0,0.0,0.0
37960,3313,1.0,0.0,0.0,0.0,0.0
37959,3386,12.0,49.18032787,10.82,49.18032787,10.82
37959,3314,2.0,13.1147541,2.89,13.1147541,2.89
37959,3313,2.0,14.75409836,3.25,14.75409836,3.25
37959,3361,14.0,80.32786885,17.67,80.32786885,17.67
37958,3865,1.0,16.393442620000002,3.61,16.393442620000002,3.61
37958,24422,1.0,15.57377049,3.43,15.57377049,3.43
37957,25001,2.0,35.296066,7.77,35.296066,7.77
37956,3314,3.0,27.038361,5.95,24.333443,5.35
37821,31527,1.0,32.762295,7.21,32.106557,7.06
37820,36205,4.0,95.081967,20.92,95.081967,20.92
37820,3361,4.0,0.0,0.0,0.0,0.0
37820,3314,4.0,0.0,0.0,0.0,0.0
37820,3313,4.0,0.0,0.0,0.0,0.0
37820,3870,2.0,30.704918,6.76,30.704918,6.76
37819,24422,1.0,15.54918,3.42,14.0,3.08
37819,25001,1.0,18.008197,3.96,16.204918,3.57
37816,3313,1.0,8.508197,1.87,6.418033,1.41
37816,3865,6.0,94.28459,20.74,81.719016,17.98
37815,31527,2.0,64.214098,14.13,64.214098,14.13
37814,3314,3.0,12.295081970000002,2.7,12.295081970000002,2.7
37814,3313,2.0,8.196721310000001,1.8,8.196721310000001,1.8
37813,3865,2.0,32.082951,7.06,28.878033,6.35
37812,3870,1.0,16.368852,3.6,14.729508,3.24
37812,24422,1.0,15.54918,3.42,14.0,3.08
37811,3865,1.0,10.631148,2.34,10.631148,2.34
37811,24422,1.0,15.54918,3.42,15.54918,3.42
37806,30799,1.0,42.188525,9.28,37.967213,8.35
37806,3870,1.0,0.0,0.0,0.0,0.0
37806,35699,1.0,0.0,0.0,0.0,0.0
37806,37170,1.0,0.0,0.0,0.0,0.0
37784,36205,1.0,23.770492,5.23,21.393443,4.71
37784,3361,1.0,0.0,0.0,0.0,0.0
37784,3314,1.0,0.0,0.0,0.0,0.0
37784,3313,1.0,0.0,0.0,0.0,0.0
37784,3870,1.0,15.352459,3.38,15.352459,3.38
37783,30799,1.0,42.188525,9.28,37.967213,8.35
37783,3870,1.0,0.0,0.0,0.0,0.0
37783,35699,1.0,0.0,0.0,0.0,0.0
37783,37170,1.0,0.0,0.0,0.0,0.0
37782,3865,2.0,32.082951,7.06,28.878033,6.35
37781,25001,1.0,26.639344,5.86,26.639344,5.86
37779,30799,1.0,42.188525,9.28,37.967213,8.35
37779,3870,1.0,0.0,0.0,0.0,0.0
37779,35699,1.0,0.0,0.0,0.0,0.0
37779,37170,1.0,0.0,0.0,0.0,0.0
37779,25752,4.0,18.85377,4.15,16.968525,3.73
37779,3865,3.0,14.434918,3.18,12.992295,2.86
37774,31527,1.0,32.762295,7.21,32.762295,7.21
37774,31856,1.0,16.368852,3.6,16.368852,3.6
37773,25001,2.0,35.296066,7.77,31.763279,6.99
37772,36205,1.0,23.770492,5.23,21.385246,4.7
37772,3361,1.0,0.0,0.0,0.0,0.0
37772,3314,1.0,0.0,0.0,0.0,0.0
37772,3313,1.0,0.0,0.0,0.0,0.0
37772,30799,1.0,42.188525,9.28,37.967213,8.35
37772,3870,1.0,0.0,0.0,0.0,0.0
37772,35699,1.0,0.0,0.0,0.0,0.0
37772,37170,1.0,0.0,0.0,0.0,0.0
37772,31856,1.0,16.368852,3.6,14.737705,3.24
37772,25752,2.0,9.623279,2.12,8.664262,1.91
37772,3386,1.0,4.778689,1.05,4.778689,1.05
37771,36649,1.0,21.286885,4.68,19.155738,4.21
37771,3361,1.0,0.0,0.0,0.0,0.0
37771,3870,1.0,0.0,0.0,0.0,0.0
37771,3314,1.0,9.196721,2.02,8.278689,1.82
37767,36951,1.0,20.467213,4.5,20.467213,4.5
37767,3386,1.0,0.0,0.0,0.0,0.0
37767,24422,1.0,0.0,0.0,0.0,0.0
37763,36205,1.0,23.770492,5.23,21.393443,4.71
37763,3361,1.0,0.0,0.0,0.0,0.0
37763,3314,1.0,0.0,0.0,0.0,0.0
37763,3313,1.0,0.0,0.0,0.0,0.0
37753,25001,4.0,102.295082,22.5,90.0,19.8
37751,3361,1.0,4.09836066,0.9,4.09836066,0.9
37751,3314,1.0,4.09836066,0.9,4.09836066,0.9
37750,3386,18.0,73.7704918,16.23,73.7704918,16.23
37750,3314,12.0,68.85245902,15.15,68.85245902,15.15
37750,3361,12.0,49.18032787,10.82,49.18032787,10.82
37750,unknown_pos_sale,12.0,49.18032787,10.82,49.18032787,10.82
37749,3386,6.0,42.350164,9.32,38.112459,8.38
37748,3865,2.0,32.082951,7.06,28.878033,6.35
37748,3870,1.0,16.368852,3.6,14.729508,3.24
37748,25752,2.0,9.623279,2.12,8.664262,1.91
37747,25752,2.0,32.082951,7.06,32.082951,7.06
37746,31856,2.0,32.082951,7.06,28.878033,6.35
37745,3870,2.0,32.082951,7.06,32.082951,7.06
37744,3870,2.0,32.082951,7.06,32.082951,7.06
37743,24422,1.0,15.54918,3.42,15.54918,3.42
37743,25001,1.0,18.008197,3.96,18.008197,3.96
37742,31527,1.0,32.762295,7.21,32.762295,7.21
37741,36205,1.0,23.770492,5.23,21.393443,4.71
37741,3361,1.0,0.0,0.0,0.0,0.0
37741,3314,1.0,0.0,0.0,0.0,0.0
37741,3313,1.0,0.0,0.0,0.0,0.0
37741,3870,1.0,15.352459,3.38,15.352459,3.38
37741,3386,2.0,14.704918,3.24,13.237705,2.91
37740,35513,2.0,26.46,5.82,26.46,5.82
37738,36796,1.0,26.696721,5.87,24.02459,5.29
37738,37170,1.0,0.0,0.0,0.0,0.0
37738,3313,1.0,0.0,0.0,0.0,0.0
37737,30799,1.0,42.188525,9.28,42.188525,9.28
37737,3870,1.0,0.0,0.0,0.0,0.0
37737,35699,1.0,0.0,0.0,0.0,0.0
37737,37170,1.0,0.0,0.0,0.0,0.0
37735,31527,1.0,32.762295,7.21,32.762295,7.21
37734,25752,3.0,48.124426,10.59,48.124426,10.59
37734,3865,1.0,16.368852,3.6,16.368852,3.6
37733,3870,1.0,15.57377049,3.43,15.57377049,3.43
37733,3865,1.0,14.75409836,3.25,14.75409836,3.25
37732,30799,1.0,42.188525,9.28,37.967213,8.35
37732,3870,1.0,0.0,0.0,0.0,0.0
37732,35699,1.0,0.0,0.0,0.0,0.0
37732,37170,1.0,0.0,0.0,0.0,0.0
37731,3865,1.0,14.75409836,3.25,14.75409836,3.25
37730,3313,6.0,24.59016393,5.41,24.59016393,5.41
37729,3361,30.0,185.488525,40.81,148.390164,32.65
37729,3313,6.0,56.561311,12.44,45.249836,9.95
37728,25001,2.0,35.296066,7.77,35.296066,7.77
37727,32545,1.0,16.368852,3.6,16.368852,3.6
37725,3865,2.0,32.082951,7.06,27.271475,6.0
37724,36951,4.0,81.868852,18.01,65.491803,14.41
37724,3386,4.0,0.0,0.0,0.0,0.0
37724,24422,4.0,0.0,0.0,0.0,0.0
37723,3865,2.0,32.082951,7.06,32.082951,7.06
37722,32545,3.0,54.02459,11.89,54.02459,11.89
37721,31527,2.0,64.214098,14.13,64.214098,14.13
37720,31527,1.0,32.762295,7.21,32.762295,7.21
37719,3870,2.0,32.082951,7.06,32.082951,7.06
37719,25001,2.0,35.296066,7.77,35.296066,7.77
37719,24422,1.0,15.54918,3.42,15.54918,3.42
37718,3865,1.0,16.368852,3.6,16.368852,3.6
37718,3870,1.0,16.368852,3.6,16.368852,3.6
37717,36796,1.0,26.696721,5.87,26.696721,5.87
37717,37170,1.0,0.0,0.0,0.0,0.0
37717,3313,1.0,0.0,0.0,0.0,0.0
37716,36796,1.0,26.696721,5.87,21.360656,4.7
37716,37170,1.0,0.0,0.0,0.0,0.0
37716,3313,1.0,0.0,0.0,0.0,0.0
37715,31527,1.0,32.762295,7.21,32.762295,7.21
37714,30799,1.0,42.188525,9.28,33.754098,7.43
37714,3870,1.0,0.0,0.0,0.0,0.0
37714,35699,1.0,0.0,0.0,0.0,0.0
37714,37170,1.0,0.0,0.0,0.0,0.0
37713,31527,2.0,64.214098,14.13,64.214098,14.13
37712,30799,1.0,42.188525,9.28,42.188525,9.28
37712,3870,1.0,0.0,0.0,0.0,0.0
37712,35699,1.0,0.0,0.0,0.0,0.0
37712,37170,1.0,0.0,0.0,0.0,0.0
37711,23378,1.0,29.491803,6.49,29.491803,6.49
37710,35513,1.0,20.467213,4.5,16.368852,3.6
37710,3865,1.0,16.368852,3.6,13.098361,2.88
37709,25001,5.0,86.439344,19.02,84.840984,18.67
37708,3870,2.0,32.082951,7.06,32.082951,7.06
37707,25001,2.0,35.296066,7.77,35.296066,7.77
37705,3865,1.0,4.909836,1.08,4.42623,0.97
37705,35513,1.0,13.5,2.97,12.147541,2.67
37705,3870,1.0,16.368852,3.6,14.729508,3.24
37704,3314,1.0,9.196721,2.02,9.196721,2.02
37702,31527,1.0,32.762295,7.21,32.762295,7.21
37701,3870,2.0,32.082951,7.06,27.271475,6.0
37701,35513,2.0,40.115738,8.83,34.099344,7.5
37700,3361,6.0,42.397377,9.33,36.044918,7.93
37700,25001,1.0,18.008197,3.96,15.303279,3.37
37693,24422,2.0,30.476393,6.7,30.476393,6.7
37692,31527,1.0,32.762295,7.21,32.762295,7.21
37691,3870,1.0,16.368852,3.6,13.090164,2.88
37691,3361,2.0,14.721311,3.24,11.778689,2.59
37690,3361,6.0,42.397377,9.33,33.921967,7.46
37690,3870,1.0,16.368852,3.6,13.090164,2.88
37689,3870,2.0,32.082951,7.06,29.664918,6.53
37688,3865,6.0,94.28459,20.74,75.423934,16.59
37687,30799,2.0,84.377049,18.56,84.377049,18.56
37687,3870,2.0,0.0,0.0,0.0,0.0
37687,35699,2.0,0.0,0.0,0.0,0.0
37687,37170,2.0,0.0,0.0,0.0,0.0
37677,3865,2.0,32.082951,7.06,25.664918,5.65
37677,35513,1.0,13.5,2.97,10.803279,2.38
37677,3870,1.0,15.352459,3.38,15.352459,3.38
37645,36796,1.0,26.696721,5.87,26.696721,5.87
37645,37170,1.0,0.0,0.0,0.0,0.0
37645,3313,1.0,0.0,0.0,0.0,0.0
37643,3865,2.0,32.082951,7.06,32.082951,7.06
37643,24422,2.0,30.476393,6.7,30.476393,6.7
37642,3865,2.0,20.837049,4.58,16.673115,3.67
37642,25752,10.0,47.134426,10.37,37.708197,8.3
37641,31527,3.0,96.321148,21.19,77.058852,16.95
37640,31527,1.0,32.762295,7.21,32.762295,7.21
37639,35513,3.0,39.69,8.73,31.755574,6.99
37638,3870,1.0,16.368852,3.6,13.090164,2.88
37638,3865,1.0,16.368852,3.6,13.090164,2.88
37638,31856,1.0,4.909836,1.08,3.934426,0.87
37637,3870,1.0,16.368852,3.6,13.098361,2.88
37637,25001,1.0,18.008197,3.96,14.401639,3.17
37636,3865,4.0,62.856393,13.83,50.282623,11.06
37635,35513,1.0,13.5,2.97,10.795082,2.37
37635,24422,1.0,15.54918,3.42,12.434426,2.74
37635,31856,1.0,4.909836,1.08,3.934426,0.87
37634,36205,2.0,47.540984,10.46,47.540984,10.46
37634,3361,2.0,0.0,0.0,0.0,0.0
37634,3314,2.0,0.0,0.0,0.0,0.0
37634,3313,2.0,0.0,0.0,0.0,0.0
37633,25001,1.0,18.008197,3.96,14.401639,3.17
37633,3361,6.0,42.397377,9.33,33.921967,7.46
37633,3313,12.0,108.40918,23.85,86.728852,19.08
37632,25001,1.0,18.008197,3.96,14.409836,3.17
37632,3313,1.0,8.508197,1.87,8.508197,1.87
37631,36796,2.0,53.393443,11.75,42.713115,9.4
37631,37170,2.0,0.0,0.0,0.0,0.0
37631,3313,2.0,0.0,0.0,0.0,0.0
37631,36205,2.0,47.540984,10.46,38.032787,8.37
37631,3361,2.0,0.0,0.0,0.0,0.0
37631,3314,2.0,0.0,0.0,0.0,0.0
37631,3313,2.0,0.0,0.0,0.0,0.0
37630,36205,1.0,23.770492,5.23,19.016393,4.18
37630,3361,1.0,0.0,0.0,0.0,0.0
37630,3314,1.0,0.0,0.0,0.0,0.0
37630,3313,1.0,0.0,0.0,0.0,0.0
37630,3386,1.0,7.352459,1.62,5.885246,1.29
37628,31527,1.0,32.762295,7.21,32.762295,7.21
37627,31856,1.0,16.368852,3.6,13.098361,2.88
37627,35513,1.0,20.467213,4.5,16.368852,3.6
37627,3386,1.0,4.778689,1.05,4.778689,1.05
37626,3870,2.0,32.082951,7.06,21.853443,4.81
37625,3870,1.0,16.368852,3.6,14.729508,3.24
37625,3865,1.0,16.368852,3.6,14.729508,3.24
37625,35513,1.0,13.5,2.97,12.155738,2.67
37624,26420,1.0,29.491803,6.49,29.491803,6.49
37623,3361,39.0,241.135082,53.05,192.91377,42.44
37623,3313,2.0,19.639344,4.32,15.696721,3.45
37623,3314,13.0,109.992787,24.2,88.000984,19.36
37621,23378,1.0,17.704918,3.9,17.704918,3.9
37620,24422,1.0,15.54918,3.42,15.54918,3.42
37620,25001,1.0,18.008197,3.96,18.008197,3.96
37619,3314,12.0,101.531803,22.34,93.367869,20.54
37619,3870,3.0,48.124426,10.59,46.058852,10.13
37617,25001,1.0,18.008197,3.96,15.229508,3.35
37617,24422,1.0,15.54918,3.42,12.770492,2.81
37616,25001,4.0,69.151475,15.21,58.782623,12.93
37615,31527,1.0,32.762295,7.21,27.122951,5.97
37614,24422,2.0,30.476393,6.7,24.38623,5.36
37614,3865,2.0,32.082951,7.06,25.664918,5.65
37613,30799,1.0,42.188525,9.28,42.188525,9.28
37613,3870,1.0,0.0,0.0,0.0,0.0
37613,35699,1.0,0.0,0.0,0.0,0.0
37613,37170,1.0,0.0,0.0,0.0,0.0
37612,31527,2.0,64.214098,14.13,64.214098,14.13
37611,3313,24.0,197.96459,43.55,178.169508,39.2
37610,31527,2.0,64.214098,14.13,64.214098,14.13
37609,31527,1.0,32.762295,7.21,32.762295,7.21
37608,3313,24.0,197.96459,43.55,158.374426,34.84
37608,3361,12.0,81.261639,17.88,65.015738,14.3
37608,3870,2.0,32.082951,7.06,25.673115,5.65
37608,25001,2.0,35.296066,7.77,28.222295,6.21
37605,31527,1.0,32.762295,7.21,32.762295,7.21
37604,31527,1.0,32.762295,7.21,27.844262,6.13
37601,3865,1.0,16.368852,3.6,13.098361,2.88
37601,25752,4.0,18.85377,4.15,15.083279,3.32
37600,25001,1.0,26.639344,5.86,26.639344,5.86
37599,3865,6.0,61.23541,13.47,59.80918,13.16
37599,3870,1.0,15.344262,3.38,15.106557,3.32
37598,3865,4.0,62.856393,13.83,62.856393,13.83
37597,3865,3.0,48.124426,10.59,45.173607,9.94
37597,35513,1.0,20.45082,4.5,19.467213,4.28
37596,3313,6.0,56.561311,12.44,45.249836,9.95
37596,3361,6.0,42.397377,9.33,33.921967,7.46
37595,3865,1.0,16.368852,3.6,16.368852,3.6
37595,35513,1.0,13.5,2.97,13.5,2.97
37594,25001,2.0,35.296066,7.77,28.238689,6.21
37594,24422,3.0,48.124426,10.59,38.501475,8.47
37593,3870,2.0,32.082951,7.06,32.082951,7.06
37592,3865,2.0,32.082951,7.06,32.082951,7.06
37591,32396,1.0,16.368852,3.6,16.368852,3.6
37590,35513,2.0,26.46,5.82,26.46,5.82
37589,3361,15.0,101.577049,22.35,81.265574,17.88
37589,3386,9.0,63.525246,13.98,50.820328,11.18
37588,31527,1.0,32.762295,7.21,26.213115,5.77
37586,37157,1.0,19.672131,4.33,19.672131,4.33
37585,3865,2.0,32.082951,7.06,25.664918,5.65
37584,30799,1.0,42.188525,9.28,33.754098,7.43
37584,3870,1.0,0.0,0.0,0.0,0.0
37584,35699,1.0,0.0,0.0,0.0,0.0
37584,37170,1.0,0.0,0.0,0.0,0.0
37583,31527,4.0,125.807213,27.68,125.807213,27.68
37582,3870,3.0,48.124426,10.59,48.124426,10.59
37580,25752,2.0,20.837049,4.58,17.714098,3.9
37580,24422,2.0,32.082951,7.06,27.271475,6.0
37579,3865,2.0,32.082951,7.06,28.878033,6.35
37578,3865,4.0,62.856393,13.83,50.282623,11.06
37577,3865,3.0,48.124426,10.59,38.501475,8.47
37577,25752,5.0,51.029508,11.23,40.82459,8.98
37576,3865,2.0,32.082951,7.06,32.082951,7.06
37576,3313,1.0,8.508197,1.87,8.508197,1.87
37576,3361,1.0,7.360656,1.62,0.0,0.0
37575,30799,1.0,42.188525,9.28,42.188525,9.28
37575,3870,1.0,0.0,0.0,0.0,0.0
37575,35699,1.0,0.0,0.0,0.0,0.0
37575,37170,1.0,0.0,0.0,0.0,0.0
37575,3361,1.0,7.360656,1.62,0.0,0.0
37574,31527,2.0,64.214098,14.13,57.796066,12.72
37573,36205,9.0,213.934426,47.07,171.147541,37.65
37573,3361,9.0,0.0,0.0,0.0,0.0
37573,3314,9.0,0.0,0.0,0.0,0.0
37573,3313,9.0,0.0,0.0,0.0,0.0
37572,36796,1.0,26.696721,5.87,26.696721,5.87
37572,37170,1.0,0.0,0.0,0.0,0.0
37572,3313,1.0,0.0,0.0,0.0,0.0
37571,31527,1.0,32.762295,7.21,26.204918,5.77
37571,3865,1.0,16.368852,3.6,13.098361,2.88
37570,3865,3.0,48.124426,10.59,38.501475,8.47
37564,35513,1.0,20.45082,4.5,20.45082,4.5
37564,3865,1.0,16.368852,3.6,16.368852,3.6
37563,35513,1.0,20.45082,4.5,18.401639,4.05
37563,24422,1.0,16.368852,3.6,14.737705,3.24
37563,25752,1.0,7.97541,1.75,7.97541,1.75
37562,31856,1.0,18.008197,3.96,18.008197,3.96
37562,25001,1.0,18.008197,3.96,18.008197,3.96
37561,24422,2.0,32.082951,7.06,32.082951,7.06
37560,25001,2.0,52.213115,11.49,52.213115,11.49
37558,36205,1.0,23.770492,5.23,23.770492,5.23
37558,3361,1.0,0.0,0.0,0.0,0.0
37558,3314,1.0,0.0,0.0,0.0,0.0
37558,3313,1.0,0.0,0.0,0.0,0.0
37557,24422,1.0,16.368852,3.6,14.737705,3.24
37557,25752,1.0,7.97541,1.75,7.97541,1.75
37557,25001,1.0,18.008197,3.96,16.204918,3.57
37556,3314,6.0,52.421311,11.53,47.17541,10.38
37556,3361,6.0,41.955738,9.23,37.767213,8.31
37555,25752,1.0,10.631148,2.34,10.631148,2.34
37555,3865,1.0,10.631148,2.34,10.631148,2.34
37554,25001,1.0,26.639344,5.86,23.967213,5.27
37554,24422,1.0,16.368852,3.6,14.737705,3.24
37554,25752,1.0,7.97541,1.75,7.97541,1.75
37553,3865,1.0,16.368852,3.6,16.368852,3.6
37553,31856,1.0,18.008197,3.96,18.008197,3.96
37552,31527,1.0,32.762295,7.21,32.762295,7.21
37551,unknown_gift_item,1.0,8.852459,1.95,8.852459,1.95
37549,32526,1.0,16.368852,3.6,16.368852,3.6
37547,32526,1.0,62.196721,13.68,62.196721,13.68
37546,25001,20.0,116.336066,25.59,98.885246,21.75
37545,3865,6.0,93.302459,20.53,83.97459,18.47
37544,31527,3.0,96.321148,21.19,86.69,19.07
37543,31856,1.0,18.008197,3.96,18.008197,3.96
37543,3865,2.0,32.082951,7.06,32.082951,7.06
37541,25001,2.0,35.296066,7.77,31.763279,6.99
37541,3313,1.0,8.508197,1.87,8.508197,1.87
37540,24422,1.0,16.368852,3.6,14.729508,3.24
37540,31856,1.0,4.909836,1.08,4.42623,0.97
37540,3386,1.0,7.352459,1.62,6.614754,1.46
37539,31527,2.0,64.214098,14.13,64.214098,14.13
37538,25001,1.0,18.008197,3.96,18.008197,3.96
37538,3870,1.0,16.368852,3.6,16.368852,3.6
37537,24422,2.0,32.082951,7.06,32.082951,7.06
37537,3870,2.0,32.082951,7.06,32.082951,7.06
37536,3870,2.0,32.082951,7.06,32.082951,7.06
37536,36649,1.0,21.286885,4.68,21.286885,4.68
37536,3361,1.0,0.0,0.0,0.0,0.0
37536,3870,1.0,0.0,0.0,0.0,0.0
37535,3870,2.0,32.082951,7.06,32.082951,7.06
37535,25001,1.0,18.008197,3.96,18.008197,3.96
37535,36649,1.0,21.286885,4.68,21.286885,4.68
37535,3361,1.0,0.0,0.0,0.0,0.0
37535,3870,1.0,0.0,0.0,0.0,0.0
37533,37157,1.0,9.836066,2.16,9.836066,2.16
37531,25752,1.0,10.631148,2.34,10.631148,2.34
37531,24422,1.0,15.360656,3.38,15.360656,3.38
37530,35513,1.0,18.008197,3.96,18.008197,3.96
37530,3361,2.0,9.57377,2.11,9.57377,2.11
37529,3865,2.0,32.082951,7.06,32.082951,7.06
37528,25752,3.0,31.967213110000003,7.03,31.967213110000003,7.03
37528,25001,1.0,16.393442620000002,3.61,16.393442620000002,3.61
37528,25001,1.0,18.03278689,3.97,18.03278689,3.97
37528,24422,2.0,36.06557377,7.93,36.06557377,7.93
37528,35699,2.0,16.393442620000002,3.61,16.393442620000002,3.61
37527,3386,4.0,12.295081970000002,2.7,12.295081970000002,2.7
37526,35513,2.0,35.296066,7.77,35.296066,7.77
37526,25001,2.0,35.296066,7.77,35.296066,7.77
37526,3870,2.0,32.082951,7.06,32.082951,7.06
37487,25001,1.0,18.008197,3.96,18.008197,3.96
37487,3386,6.0,42.350164,9.32,42.350164,9.32
37486,31527,1.0,32.762295,7.21,32.762295,7.21
37486,3361,1.0,7.360656,1.62,7.360656,1.62
37483,25001,1.0,26.639344,5.86,26.639344,5.86
37482,25001,4.0,68.431148,15.05,58.168852,12.8
37481,25752,1.0,10.631148,2.34,10.631148,2.34
37481,3865,1.0,16.368852,3.6,16.368852,3.6
37463,35513,2.0,35.296066,7.77,35.296066,7.77
37463,3361,1.0,4.786885,1.05,4.786885,1.05
37463,3865,1.0,16.368852,3.6,16.368852,3.6
37463,3313,1.0,8.508197,1.87,8.508197,1.87
37462,3865,2.0,32.082951,7.06,32.082951,7.06
37462,24422,1.0,16.368852,3.6,16.368852,3.6
37461,3870,1.0,16.368852,3.6,16.368852,3.6
37461,25001,1.0,26.639344,5.86,26.639344,5.86
37459,23378,2.0,29.49,6.49,29.49,6.49
37456,37157,1.0,19.672131,4.33,19.672131,4.33
37454,31527,1.0,32.762295,7.21,29.483607,6.49
37453,25001,2.0,52.213115,11.49,44.385246,9.76
37452,3865,1.0,16.393442620000002,3.61,16.393442620000002,3.61
37451,31527,2.0,64.214098,14.13,57.796066,12.72
37450,3865,2.0,20.837049,4.58,20.837049,4.58
37449,30799,1.0,42.188525,9.28,42.188525,9.28
37449,3870,1.0,0.0,0.0,0.0,0.0
37449,35699,1.0,0.0,0.0,0.0,0.0
37449,37170,1.0,0.0,0.0,0.0,0.0
37449,3313,1.0,8.508197,1.87,8.508197,1.87
37448,25001,4.0,68.431148,15.05,58.168852,12.8
37447,35513,4.0,55.972131,12.31,55.972131,12.31
37447,3870,2.0,32.082951,7.06,32.082951,7.06
37447,25001,1.0,18.008197,3.96,18.008197,3.96
37446,25001,4.0,68.431148,15.05,68.431148,15.05
37445,31527,2.0,64.214098,14.13,57.796066,12.72
37444,3865,1.0,16.368852,3.6,14.729508,3.24
37444,24422,1.0,16.368852,3.6,14.737705,3.24
37443,25001,2.0,35.296066,7.77,35.296066,7.77
37442,3870,2.0,32.082951,7.06,27.271476,6.0
37442,3865,2.0,20.837049,4.58,17.714098,3.9
37441,25752,2.0,20.837049,4.58,20.837049,4.58
37441,25001,2.0,35.296066,7.77,35.296066,7.77
37440,25001,4.0,68.431148,15.05,58.168852,12.8
37439,35513,1.0,18.008197,3.96,16.204918,3.57
37439,25001,1.0,4.909836,1.08,4.42623,0.97
37439,3870,1.0,16.368852,3.6,14.729508,3.24
37438,25001,2.0,35.296066,7.77,30.000984,6.6
37437,23378,1.0,14.745902,3.24,14.745902,3.24
37436,25001,1.0,18.008197,3.96,16.204918,3.57
37436,36951,1.0,21.286885,4.68,21.286885,4.68
37436,3386,1.0,0.0,0.0,0.0,0.0
37436,24422,1.0,0.0,0.0,0.0,0.0
37435,25001,4.0,101.229508,22.27,86.04918,18.93
37434,25001,2.0,52.213115,11.49,44.385246,9.76
37433,25001,3.0,52.944098,11.65,52.944098,11.65
37431,3865,1.0,16.368852,3.6,16.368852,3.6
37431,25752,1.0,10.631148,2.34,10.631148,2.34
37430,26420,1.0,14.745902,3.24,14.745902,3.24
37429,25001,1.0,26.639344,5.86,22.647541,4.98
37429,3865,2.0,32.082951,7.06,32.082951,7.06
37428,25001,2.0,35.296066,7.77,30.000984,6.6
37426,25001,2.0,35.296066,7.77,30.000984,6.6
37425,31527,1.0,32.762295,7.21,32.762295,7.21
37424,25752,2.0,20.837049,4.58,20.837049,4.58
37424,25001,1.0,4.909836,1.08,4.172131,0.92
37423,25001,4.0,101.229508,22.27,86.04918,18.93
37422,3870,1.0,16.368852,3.6,14.729508,3.24
37422,3865,1.0,16.368852,3.6,14.737705,3.24
37421,25001,1.0,26.639344,5.86,26.639344,5.86
37419,31527,1.0,32.762295,7.21,29.483607,6.49
37418,25001,2.0,35.296066,7.77,35.296066,7.77
37399,31527,1.0,32.762295,7.21,32.762295,7.21
37398,3361,12.0,79.495082,17.49,79.495082,17.49
37381,25001,4.0,101.229508,22.27,86.04918,18.93
37373,25001,6.0,27.986066,6.16,27.986066,6.16
37372,25001,4.0,18.657377,4.1,15.862295,3.49
37372,31856,2.0,9.623279,2.12,9.623279,2.12
37372,25752,2.0,9.623279,2.12,9.623279,2.12
37371,25001,2.0,52.213115,11.49,44.385246,9.76
37370,3870,2.0,32.082951,7.06,32.082951,7.06
37369,31527,1.0,32.762295,7.21,32.762295,7.21
37369,3313,1.0,9.819672,2.16,9.819672,2.16
37362,3865,2.0,32.082951,7.06,28.878033,6.35
37361,31527,1.0,32.762295,7.21,32.762295,7.21
37360,31856,4.0,18.657377,4.1,18.657377,4.1
37360,3865,1.0,4.909836,1.08,4.909836,1.08
37360,25752,1.0,4.909836,1.08,4.909836,1.08
37359,25752,1.0,10.631148,2.34,10.631148,2.34
37358,3870,1.0,16.368852,3.6,16.368852,3.6
37358,25752,2.0,20.837049,4.58,20.837049,4.58
37357,25001,1.0,18.008197,3.96,15.303279,3.37
37357,3313,4.0,34.032787,7.49,34.032787,7.49
37356,3865,1.0,10.631148,2.34,10.631148,2.34
37356,25001,1.0,18.008197,3.96,15.303279,3.37
37349,25001,2.0,9.623279,2.12,9.623279,2.12
37349,3870,1.0,16.368852,3.6,16.368852,3.6
37348,25001,6.0,27.986066,6.16,27.986066,6.16
37346,3865,2.0,9.623279,2.12,8.656066,1.9
37346,25752,4.0,18.657377,4.1,16.796721,3.7
37345,3870,8.0,124.403279,27.37,124.403279,27.37
37344,3870,2.0,32.082951,7.06,28.869836,6.35
37344,3865,2.0,32.082951,7.06,28.878033,6.35
37343,25001,2.0,35.296066,7.77,35.296066,7.77
37336,30799,1.0,42.188525,9.28,42.188525,9.28
37336,3870,1.0,0.0,0.0,0.0,0.0
37336,35699,1.0,0.0,0.0,0.0,0.0
37336,37170,1.0,0.0,0.0,0.0,0.0
37277,31527,1.0,32.762295,7.21,32.762295,7.21
37276,25001,2.0,9.623279,2.12,8.664262,1.91
37276,35513,1.0,14.729508,3.24,13.254098,2.92
37276,3870,1.0,16.368852,3.6,14.729508,3.24
37275,3865,2.0,32.082951,7.06,32.082951,7.06
37274,31527,1.0,32.762295,7.21,29.483607,6.49
37273,36357,11.0,59.702049,13.13,59.702049,13.13
37273,36951,1.0,23.770492,5.23,23.770492,5.23
37273,3386,1.0,0.0,0.0,0.0,0.0
37273,24422,1.0,0.0,0.0,0.0,0.0
37272,25001,5.0,126.536885,27.84,125.922131,27.7
37272,24422,4.0,62.201639,13.68,61.709836,13.58
37271,3870,1.0,16.368852,3.6,14.729508,3.24
37271,24422,1.0,16.368852,3.6,14.729508,3.24
37271,3865,1.0,10.631148,2.34,9.57377,2.11
37271,25001,1.0,18.008197,3.96,16.204918,3.57
37268,25752,3.0,31.255574,6.88,25.001476,5.5
37267,3865,2.0,32.082951,7.06,32.082951,7.06
37266,31527,1.0,32.762295,7.21,32.762295,7.21
37264,3870,2.0,32.082951,7.06,32.082951,7.06
37262,3870,2.0,32.082951,7.06,32.082951,7.06
37258,3865,1.0,16.393442620000002,3.61,16.393442620000002,3.61
37256,24422,2.0,32.082951,7.06,32.082951,7.06
37256,3870,1.0,16.368852,3.6,16.368852,3.6
37256,3313,1.0,8.508197,1.87,8.508197,1.87
37255,31527,4.0,124.496721,27.39,124.496721,27.39
37255,36854,1.0,0.0,0.0,0.0,0.0
37253,3865,2.0,32.082951,7.06,32.082951,7.06
37253,3313,1.0,8.508197,1.87,8.508197,1.87
37253,31856,2.0,35.296066,7.77,35.296066,7.77
37253,3386,1.0,6.377049,1.4,6.377049,1.4
37253,36854,1.0,0.0,0.0,0.0,0.0
37253,24422,1.0,16.368852,3.6,16.368852,3.6
37250,31527,2.0,64.214098,14.13,62.058361,13.65
37249,3870,2.0,32.082951,7.06,32.082951,7.06
37248,3865,1.0,16.368852,3.6,16.368852,3.6
37248,31856,1.0,18.008197,3.96,18.008197,3.96
37247,25001,4.0,18.657377,4.1,18.657377,4.1
37247,3870,1.0,16.368852,3.6,14.729508,3.24
37246,3870,1.0,16.368852,3.6,14.729508,3.24
37246,25752,3.0,14.434918,3.18,12.992295,2.86
37245,3865,1.0,10.631148,2.34,10.188525,2.24
37245,25752,1.0,4.909836,1.08,4.467213,0.98
37245,3361,1.0,7.360656,1.62,6.918033,1.52
37245,31856,1.0,4.909836,1.08,4.47541,0.98
37242,3865,1.0,16.368852,3.6,16.368852,3.6
37242,24422,1.0,16.368852,3.6,16.368852,3.6
37241,3865,1.0,16.368852,3.6,16.368852,3.6
37241,3870,1.0,16.368852,3.6,16.368852,3.6
37238,37157,1.0,19.672131,4.33,19.672131,4.33
37237,35513,4.0,68.431148,15.05,68.431148,15.05
37236,3865,1.0,16.368852,3.6,16.368852,3.6
37236,35513,2.0,35.296066,7.77,35.296066,7.77
37236,3870,2.0,32.082951,7.06,32.082951,7.06
37236,36854,1.0,0.0,0.0,0.0,0.0
37236,3361,1.0,6.377049,1.4,6.377049,1.4
37235,3870,2.0,32.082951,7.06,28.878033,6.35
37234,3870,2.0,32.082951,7.06,32.082951,7.06
37232,3870,1.0,16.368852,3.6,16.368852,3.6
37232,3313,1.0,8.508197,1.87,8.508197,1.87
37231,3870,1.0,16.368852,3.6,14.729508,3.24
37231,3865,1.0,10.631148,2.34,10.631148,2.34
37231,31856,1.0,4.909836,1.08,4.909836,1.08
37231,3313,1.0,8.508197,1.87,8.508197,1.87
37230,3870,2.0,32.082951,7.06,28.878033,6.35
37229,3870,1.0,16.368852,3.6,16.368852,3.6
37229,25001,1.0,18.008197,3.96,18.008197,3.96
37229,3865,1.0,16.368852,3.6,16.368852,3.6
37229,3313,1.0,8.508197,1.87,8.508197,1.87
37225,3870,4.0,62.201639,13.68,55.980328,12.32
37213,3870,2.0,32.082951,7.06,32.082951,7.06
37213,25752,1.0,16.368852,3.6,16.368852,3.6
37213,3313,1.0,8.508197,1.87,8.508197,1.87
37212,3870,2.0,32.082951,7.06,32.082951,7.06
37210,36796,1.0,26.696721,5.87,26.696721,5.87
37210,37170,1.0,0.0,0.0,0.0,0.0
37204,3870,1.0,16.368852,3.6,16.368852,3.6
37204,3313,1.0,8.508197,1.87,8.508197,1.87
37203,3870,1.0,16.368852,3.6,16.368852,3.6
37203,3313,1.0,8.508197,1.87,8.508197,1.87
37202,3870,2.0,32.082951,7.06,28.878033,6.35
37201,32545,1.0,16.368852,3.6,16.368852,3.6
37200,32526,1.0,16.368852,3.6,16.368852,3.6
37199,25001,2.0,35.296066,7.77,35.296066,7.77
37198,3870,2.0,32.082951,7.06,32.082951,7.06
37197,3870,2.0,32.082951,7.06,28.878033,6.35
37196,31527,1.0,32.762295,7.21,32.762295,7.21
37195,35513,2.0,28.869836,6.35,28.869836,6.35
37187,3313,8.0,78.68852459,17.31,78.68852459,17.31
37166,3870,1.0,16.368852,3.6,16.368852,3.6
37166,31856,2.0,9.623279,2.12,9.623279,2.12
37156,3361,1.0,4.09836066,0.9,4.09836066,0.9
37155,3870,3.0,48.124426,10.59,48.124426,10.59
37154,3870,2.0,32.082951,7.06,32.082951,7.06
37154,35513,1.0,18.008197,3.96,18.008197,3.96
37153,3870,2.0,32.082951,7.06,28.878033,6.35
37152,31527,2.0,64.214098,14.13,64.214098,14.13
37151,3386,1.0,7.360656,1.62,6.622951,1.46
37151,36357,1.0,5.713115,1.26,5.147541,1.13
37151,3361,1.0,7.360656,1.62,6.622951,1.46
37151,3313,1.0,9.819672,2.16,8.836066,1.94
37150,3865,1.0,16.368852,3.6,14.729508,3.24
37150,3865,1.0,10.631148,2.34,9.57377,2.11
37149,31527,1.0,32.762295,7.21,32.762295,7.21
37089,31527,2.0,64.214098,14.13,57.796066,12.72
37088,31856,2.0,35.296066,7.77,35.296066,7.77
37079,3870,2.0,32.082951,7.06,32.082951,7.06
37079,3865,1.0,10.631148,2.34,10.631148,2.34
37077,3865,5.0,77.752049,17.11,77.752049,17.11
37068,31856,2.0,35.296066,7.77,35.296066,7.77
37054,36796,1.0,23.770492,5.23,23.770492,5.23
37054,3313,1.0,0.0,0.0,0.0,0.0
37054,25001,1.0,0.0,0.0,0.0,0.0
37054,36357,1.0,5.713115,1.26,5.713115,1.26
37047,36205,1.0,23.770492,5.23,23.770492,5.23
37047,3361,1.0,0.0,0.0,0.0,0.0
37047,3314,1.0,0.0,0.0,0.0,0.0
37047,3313,1.0,0.0,0.0,0.0,0.0
37047,36357,1.0,5.713115,1.26,5.713115,1.26
37040,36205,2.0,47.540984,10.46,47.540984,10.46
37040,3361,2.0,0.0,0.0,0.0,0.0
37040,3314,2.0,0.0,0.0,0.0,0.0
37040,3313,2.0,0.0,0.0,0.0,0.0
37040,3386,6.0,42.397377,9.33,42.397377,9.33
37040,36854,1.0,0.0,0.0,0.0,0.0
37036,31527,2.0,64.214098,14.13,64.214098,14.13
37033,36357,6.0,32.564754,7.16,29.310656,6.45
37032,35699,1.0,10.631148,2.34,10.631148,2.34
37031,35513,4.0,68.431148,15.05,61.586885,13.55
37030,36205,1.0,23.770492,5.23,23.770492,5.23
37030,3361,1.0,0.0,0.0,0.0,0.0
37030,3314,1.0,0.0,0.0,0.0,0.0
37030,3313,1.0,0.0,0.0,0.0,0.0
37030,3865,1.0,16.368852,3.6,16.368852,3.6
37030,3870,1.0,16.368852,3.6,16.368852,3.6
37029,25752,1.0,16.368852,3.6,14.729508,3.24
37029,3870,1.0,16.368852,3.6,14.737705,3.24
37028,31527,3.0,96.321148,21.19,96.321148,21.19
37028,36854,1.0,0.0,0.0,0.0,0.0
37027,3870,1.0,16.368852,3.6,16.368852,3.6
37027,3865,1.0,16.368852,3.6,16.368852,3.6
37024,3865,1.0,16.368852,3.6,16.368852,3.6
37024,3870,1.0,16.368852,3.6,16.368852,3.6
37023,25001,2.0,36.06557377,7.93,36.06557377,7.93
37023,3870,1.0,15.57377049,3.43,15.57377049,3.43
37023,3313,2.0,18.03278689,3.97,18.03278689,3.97
37023,3314,6.0,44.26229508,9.74,44.26229508,9.74
37018,3865,1.0,16.368852,3.6,14.729508,3.24
37018,3870,1.0,16.368852,3.6,14.737705,3.24
37016,31527,3.0,96.321148,21.19,86.69,19.07
37016,36854,1.0,0.0,0.0,0.0,0.0
37008,35513,1.0,18.008197,3.96,16.204918,3.57
37008,3865,1.0,16.368852,3.6,14.737705,3.24
37007,3870,2.0,32.082951,7.06,28.878033,6.35
37003,3865,2.0,32.082951,7.06,32.082951,7.06
36997,3870,1.0,16.368852,3.6,16.368852,3.6
36997,25752,1.0,4.909836,1.08,4.909836,1.08
36997,3865,1.0,4.909836,1.08,4.909836,1.08
36996,3865,1.0,4.909836,1.08,4.42623,0.97
36996,3865,1.0,10.631148,2.34,9.565574,2.1
36996,3870,1.0,16.368852,3.6,14.729508,3.24
36996,35513,1.0,18.008197,3.96,16.204918,3.57
36996,31527,1.0,32.762295,7.21,29.483607,6.49
36994,3865,2.0,32.082951,7.06,32.082951,7.06
36993,36205,1.0,23.770492,5.23,23.770492,5.23
36993,3361,1.0,0.0,0.0,0.0,0.0
36993,3314,1.0,0.0,0.0,0.0,0.0
36993,3313,1.0,0.0,0.0,0.0,0.0
36992,25001,4.0,72.13114754,15.87,72.13114754,15.87
36992,3314,2.0,18.03278689,3.97,18.03278689,3.97
36992,3313,2.0,19.67213115,4.33,19.67213115,4.33
36992,unknown_pos_sale,2.0,16.393442620000002,3.61,16.393442620000002,3.61
36991,25001,3.0,54.09836066,11.9,54.09836066,11.9
36991,3361,2.0,14.75409836,3.25,14.75409836,3.25
36991,3314,6.0,54.09836066,11.9,54.09836066,11.9
36991,unknown_pos_sale,2.0,16.393442620000002,3.61,16.393442620000002,3.61
36991,3313,2.0,19.67213115,4.33,19.67213115,4.33
36990,3361,48.0,289.71541,63.74,289.71541,63.74
36990,36854,1.0,0.0,0.0,0.0,0.0
36990,3313,1.0,9.819672,2.16,9.819672,2.16
36990,36357,4.0,22.39541,4.93,22.39541,4.93
36990,3386,6.0,42.397377,9.33,42.397377,9.33
36989,3865,1.0,4.909836,1.08,4.909836,1.08
36989,25752,1.0,4.909836,1.08,4.909836,1.08
36988,32526,1.0,15.54918,3.42,15.54918,3.42
36987,32396,1.0,16.368852,3.6,16.368852,3.6
36986,31527,1.0,32.762295,7.21,32.762295,7.21
36955,3865,2.0,20.837049,4.58,20.837049,4.58
36955,25752,1.0,10.631148,2.34,10.631148,2.34
36955,35513,1.0,18.008197,3.96,18.008197,3.96
36953,26420,1.0,29.491803,6.49,29.491803,6.49
36946,3865,2.0,32.082951,7.06,28.878033,6.35
36945,3865,3.0,48.124426,10.59,48.124426,10.59
36943,25752,3.0,48.124426,10.59,48.124426,10.59
36941,3865,2.0,32.082951,7.06,32.082951,7.06
36941,24422,1.0,16.368852,3.6,16.368852,3.6
36940,25752,1.0,16.368852,3.6,16.368852,3.6
36939,3865,4.0,62.201639,13.68,62.201639,13.68
36939,25752,2.0,32.082951,7.06,32.082951,7.06
36938,3865,5.0,77.752049,17.11,69.973361,15.39
36937,3865,4.0,62.201639,13.68,62.201639,13.68
36937,3870,2.0,32.082951,7.06,32.082951,7.06
36937,36854,1.0,0.0,0.0,0.0,0.0
36937,31856,2.0,35.296066,7.77,35.296066,7.77
36936,3386,1.0,7.37704918,1.62,7.37704918,1.62
36936,3313,1.0,9.83606557,2.16,9.83606557,2.16
36936,3314,1.0,9.01639344,1.98,9.01639344,1.98
36935,3314,1.0,9.01639344,1.98,9.01639344,1.98
36935,3313,1.0,9.83606557,2.16,9.83606557,2.16
36934,3313,2.0,9.83606557,2.16,9.83606557,2.16
36933,3313,6.0,29.50819672,6.49,29.50819672,6.49
36933,3386,6.0,19.67213115,4.33,19.67213115,4.33
36933,31856,4.0,49.18032787,10.82,49.18032787,10.82
36932,25752,2.0,32.082951,7.06,32.082951,7.06
36931,3314,6.0,52.421311,11.53,52.421311,11.53
36930,31527,2.0,64.214098,14.13,64.214098,14.13
36929,25752,8.0,124.403279,27.37,124.403279,27.37
36929,36854,1.0,0.0,0.0,0.0,0.0
36928,25001,1.0,18.008197,3.96,18.008197,3.96
36928,25752,1.0,10.631148,2.34,10.631148,2.34
36927,25752,1.0,16.368852,3.6,16.368852,3.6
36926,3870,1.0,16.368852,3.6,14.729508,3.24
36926,25001,1.0,18.008197,3.96,16.204918,3.57
36926,3313,1.0,9.819672,2.16,8.836066,1.94
36926,36357,1.0,5.713115,1.26,5.147541,1.13
36925,30799,1.0,48.336066,10.63,48.336066,10.63
36925,3870,1.0,0.0,0.0,0.0,0.0
36925,25001,1.0,0.0,0.0,0.0,0.0
36925,35699,1.0,0.0,0.0,0.0,0.0
36924,24422,1.0,16.368852,3.6,16.368852,3.6
36924,25001,1.0,18.008197,3.96,18.008197,3.96
36923,25752,1.0,16.368852,3.6,16.368852,3.6
36922,36357,6.0,32.564754,7.16,32.564754,7.16
36921,3865,1.0,16.368852,3.6,14.729508,3.24
36921,3865,1.0,10.631148,2.34,9.57377,2.11
36921,3870,1.0,16.368852,3.6,14.729508,3.24
36921,25752,1.0,16.368852,3.6,14.729508,3.24
36920,24422,2.0,32.082951,7.06,32.082951,7.06
36919,3865,1.0,16.368852,3.6,16.368852,3.6
36918,3865,1.0,16.368852,3.6,14.729508,3.24
36918,25752,1.0,16.368852,3.6,14.737705,3.24
36917,25752,1.0,10.631148,2.34,9.57377,2.11
36917,3865,1.0,16.368852,3.6,14.729508,3.24
36916,24422,1.0,16.368852,3.6,16.368852,3.6
36916,25001,1.0,18.008197,3.96,18.008197,3.96
36914,3870,1.0,16.368852,3.6,14.729508,3.24
36914,25001,1.0,18.008197,3.96,16.204918,3.57
36914,3865,1.0,10.631148,2.34,9.573771,2.11
36914,36205,1.0,22.860656,5.03,20.573771,4.53
36913,3313,1.0,9.819672,2.16,9.819672,2.16
36913,3314,1.0,9.196721,2.02,9.196721,2.02
36911,3314,18.0,165.540978,36.42,73.770978,16.23
36910,3870,1.0,16.368852,3.6,16.368852,3.6
36910,25001,1.0,18.008197,3.96,18.008197,3.96
36909,3865,4.0,62.201639,13.68,55.988525,12.32
36909,25752,2.0,32.082951,7.06,28.869836,6.35
36909,36854,1.0,0.0,0.0,0.0,0.0
36908,25752,1.0,16.368852,3.6,16.368852,3.6
36908,3870,1.0,16.368852,3.6,16.368852,3.6
36907,25752,2.0,32.082951,7.06,32.082951,7.06
36907,3870,1.0,16.368852,3.6,16.368852,3.6
36907,3865,1.0,16.368852,3.6,16.368852,3.6
36907,3314,1.0,7.97541,1.75,7.97541,1.75
36906,31527,1.0,32.762295,7.21,32.762295,7.21
36905,25752,1.0,16.368852,3.6,16.368852,3.6
36905,3870,1.0,16.368852,3.6,16.368852,3.6
36905,24422,1.0,16.368852,3.6,16.368852,3.6
36903,30799,1.0,48.336066,10.63,48.336066,10.63
36903,3870,1.0,0.0,0.0,0.0,0.0
36903,25001,1.0,0.0,0.0,0.0,0.0
36903,35699,1.0,0.0,0.0,0.0,0.0
36903,3314,24.0,180.991475,39.82,180.991475,39.82
36903,36854,1.0,0.0,0.0,0.0,0.0
36903,36357,3.0,16.796557,3.7,16.796557,3.7
36902,3361,2.0,14.721311,3.24,14.721311,3.24
36902,3313,1.0,9.819672,2.16,9.819672,2.16
36902,3314,1.0,9.196721,2.02,9.196721,2.02
36902,36357,1.0,5.713115,1.26,5.713115,1.26
36902,3386,1.0,7.360656,1.62,7.360656,1.62
36900,3865,2.0,32.082951,7.06,32.082951,7.06
36899,3865,2.0,32.082951,7.06,32.082951,7.06
36899,3314,2.0,15.95082,3.51,15.95082,3.51
36898,3361,6.0,41.955738,9.23,41.955738,9.23
36898,3870,2.0,30.688525,6.75,30.688525,6.75
36898,3865,1.0,16.368852,3.6,16.368852,3.6
36898,3314,6.0,52.421311,11.53,52.421311,11.53
36898,36854,1.0,0.0,0.0,0.0,0.0
36895,32545,1.0,16.368852,3.6,14.729508,3.24
36891,24422,1.0,16.368852,3.6,16.368852,3.6
36886,32545,3.0,54.02459,11.89,54.02459,11.89
36873,3865,5.0,77.752049,17.11,77.752049,17.11
36873,25752,3.0,48.124426,10.59,48.124426,10.59
36873,36854,1.0,0.0,0.0,0.0,0.0
36871,36205,1.0,22.860656,5.03,22.860656,5.03
36871,3361,1.0,0.0,0.0,0.0,0.0
36871,3314,1.0,0.0,0.0,0.0,0.0
36871,3313,1.0,0.0,0.0,0.0,0.0
36871,3314,24.0,180.991475,39.82,180.991475,39.82
36871,36854,1.0,0.0,0.0,0.0,0.0
36870,25001,2.0,35.296066,7.77,35.296066,7.77
36870,3870,1.0,16.368852,3.6,16.368852,3.6
36870,3313,1.0,8.508197,1.87,8.508197,1.87
36856,31527,1.0,32.762295,7.21,32.762295,7.21
36852,25001,2.0,35.296066,7.77,31.763279,6.99
36851,36357,6.0,32.564754,7.16,32.564754,7.16
36850,23378,1.0,29.491803,6.49,29.491803,6.49
36849,3865,1.0,16.36885246,3.6,16.36885246,3.6
36848,3870,2.0,32.082951,7.06,32.082951,7.06
36848,25001,1.0,18.008197,3.96,18.008197,3.96
36847,3865,1.0,16.368852,3.6,16.368852,3.6
36847,3314,1.0,7.97541,1.75,7.97541,1.75
36846,36796,1.0,24.581967,5.41,24.581967,5.41
36846,3313,1.0,0.0,0.0,0.0,0.0
36846,25001,1.0,0.0,0.0,0.0,0.0
36846,25001,1.0,18.008197,3.96,18.008197,3.96
36830,3865,2.0,32.082951,7.06,32.082951,7.06
36802,31856,5.0,85.538934,18.82,85.538934,18.82
36802,36571,1.0,0.0,0.0,0.0,0.0
36799,25752,3.0,14.434918,3.18,14.434918,3.18
36799,31856,1.0,4.909836,1.08,4.909836,1.08
36799,3865,2.0,9.623279,2.12,9.623279,2.12
36798,3865,3.0,48.124426,10.59,48.124426,10.59
36789,25752,1.0,16.368852,3.6,16.368852,3.6
36789,3870,2.0,32.082951,7.06,32.082951,7.06
36767,25752,1.0,16.368852,3.6,16.368852,3.6
36767,3865,1.0,16.368852,3.6,16.368852,3.6
36766,25752,1.0,4.909836,1.08,4.418033,0.97
36766,3865,5.0,23.321721,5.13,20.993852,4.62
36765,25001,1.0,18.008197,3.96,16.204918,3.57
36765,24422,1.0,16.368852,3.6,14.729508,3.24
36765,3865,4.0,62.201639,13.68,55.988525,12.32
36765,36571,1.0,0.0,0.0,0.0,0.0
36764,3313,6.0,58.91803279,12.96,57.377049,12.62
36754,3865,2.0,32.082951,7.06,32.082951,7.06
36752,3865,1.0,10.631148,2.34,10.631148,2.34
36752,3870,1.0,16.368852,3.6,16.368852,3.6
36751,3865,1.0,4.90983607,1.08,0.0,0.0
36747,3313,6.0,56.561311,12.44,56.561311,12.44
36746,3386,6.0,42.397377,9.33,42.397377,9.33
36746,3313,3.0,28.869836,6.35,28.869836,6.35
36746,36571,1.0,0.0,0.0,0.0,0.0
36745,24422,1.0,16.368852,3.6,16.0,3.52
36745,3870,1.0,16.368852,3.6,16.0,3.52
36744,3865,2.0,32.082951,7.06,32.082951,7.06
36743,25001,2.0,35.296066,7.77,35.296066,7.77
36742,25752,1.0,16.368852,3.6,16.368852,3.6
36742,3870,1.0,16.368852,3.6,16.368852,3.6
36741,3313,6.0,56.561311,12.44,50.905574,11.2
36741,3314,6.0,52.973115,11.65,47.678033,10.49
36741,36571,1.0,0.0,0.0,0.0,0.0
36741,36357,9.0,49.361311,10.86,44.426885,9.77
36740,3865,1.0,16.368852,3.6,16.368852,3.6
36740,25752,1.0,16.368852,3.6,16.368852,3.6
36739,24422,1.0,16.368852,3.6,16.368852,3.6
36737,23378,2.0,29.491803,6.49,29.491803,6.49
36736,25752,1.0,16.368852,3.6,16.368852,3.6
36736,3870,2.0,32.082951,7.06,32.082951,7.06
36735,25001,2.0,35.296066,7.77,35.296066,7.77
36734,26420,1.0,29.491803,6.49,29.491803,6.49
36733,3865,1.0,16.368852,3.6,16.368852,3.6
36733,3314,1.0,7.97541,1.75,7.97541,1.75
36732,3865,2.0,32.082951,7.06,32.082951,7.06
36731,3865,1.0,16.368852,3.6,14.729508,3.24
36731,25001,1.0,18.008197,3.96,16.204918,3.57
36731,24422,1.0,16.368852,3.6,14.737705,3.24
36731,31856,1.0,18.008197,3.96,16.204918,3.57
36730,25752,2.0,32.082951,7.06,32.082951,7.06
36729,25752,2.0,32.082951,7.06,32.082951,7.06
36728,25001,4.0,68.431148,15.05,58.168852,12.8
36727,3865,3.0,31.255574,6.88,31.255574,6.88
36727,25001,1.0,18.008197,3.96,18.008197,3.96
36727,24422,1.0,16.368852,3.6,16.368852,3.6
36727,36571,1.0,0.0,0.0,0.0,0.0
36726,25001,1.0,18.008197,3.96,18.008197,3.96
36726,3313,1.0,8.508197,1.87,8.508197,1.87
36725,3870,2.0,32.082951,7.06,32.082951,7.06
36724,3870,2.0,32.082951,7.06,32.082951,7.06
36723,3361,3.0,21.640328,4.76,21.640328,4.76
36723,3386,1.0,7.360656,1.62,7.360656,1.62
36722,31856,2.0,9.623279,2.12,9.623279,2.12
36722,3865,1.0,4.909836,1.08,4.909836,1.08
36722,25752,1.0,4.909836,1.08,4.909836,1.08
36722,25001,1.0,18.008197,3.96,18.008197,3.96
36721,3870,1.0,16.368852,3.6,16.368852,3.6
36721,25001,1.0,18.008197,3.96,18.008197,3.96
36720,3865,5.0,77.752049,17.11,77.752049,17.11
36720,36571,1.0,0.0,0.0,0.0,0.0
36717,3865,1.0,16.368852,3.6,14.729508,3.24
36716,35513,1.0,18.008197,3.96,16.204918,3.57
36716,3865,1.0,16.368852,3.6,16.368852,3.6
36715,35513,2.0,35.296066,7.77,34.91082,7.68
36714,35513,2.0,35.296066,7.77,35.296066,7.77
36714,3361,1.0,6.377049,1.4,6.377049,1.4
36713,31856,1.0,18.008197,3.96,18.008197,3.96
36713,3865,1.0,16.368852,3.6,16.368852,3.6
36712,31527,1.0,32.762295,7.21,29.483607,6.49
36711,35513,2.0,35.296066,7.77,31.763279,6.99
36710,31527,1.0,32.762295,7.21,32.762295,7.21
36709,35513,2.0,35.296066,7.77,31.763279,6.99
36707,36205,1.0,22.860656,5.03,22.860656,5.03
36707,3361,1.0,0.0,0.0,0.0,0.0
36707,3314,1.0,0.0,0.0,0.0,0.0
36707,3313,1.0,0.0,0.0,0.0,0.0
36707,36357,2.0,11.42623,2.51,11.42623,2.51
36707,3386,2.0,14.721311,3.24,14.721311,3.24
36706,24422,1.0,16.368852,3.6,16.368852,3.6
36706,3386,1.0,6.377049,1.4,6.377049,1.4
36705,35513,2.0,35.296066,7.77,31.763279,6.99
36704,31856,1.0,4.909836,1.08,4.909836,1.08
36702,35513,1.0,18.008197,3.96,16.204918,3.57
36702,36205,2.0,45.721311,10.06,45.721311,10.06
36702,3361,2.0,0.0,0.0,0.0,0.0
36702,3314,2.0,0.0,0.0,0.0,0.0
36702,3313,2.0,0.0,0.0,0.0,0.0
36702,36357,1.0,5.0,1.1,5.0,1.1
36702,36571,1.0,0.0,0.0,0.0,0.0
36701,31527,2.0,64.214098,14.13,64.214098,14.13
36700,3870,1.0,16.368852,3.6,14.729508,3.24
36700,3361,8.0,56.529836,12.44,50.882295,11.19
36700,36571,1.0,0.0,0.0,0.0,0.0
36699,35513,2.0,35.296066,7.77,35.296066,7.77
36699,25752,2.0,32.082951,7.06,32.082951,7.06
36699,36571,1.0,0.0,0.0,0.0,0.0
36698,35513,2.0,35.296066,7.77,31.763279,6.99
36697,35513,1.0,18.008197,3.96,16.204918,3.57
36697,24422,1.0,16.368852,3.6,16.368852,3.6
36696,3865,2.0,32.082951,7.06,32.082951,7.06
36695,25752,1.0,16.368852,3.6,16.368852,3.6
36695,31856,1.0,18.008197,3.96,18.008197,3.96
36694,3386,1.0,7.37704918,1.62,7.37704918,1.62
36694,unknown_pos_sale,1.0,8.196721310000001,1.8,8.196721310000001,1.8
36694,3314,2.0,18.03278689,3.97,18.03278689,3.97
36694,3361,1.0,7.37704918,1.62,7.37704918,1.62
36694,3313,1.0,9.83606557,2.16,9.83606557,2.16
36693,24422,2.0,32.082951,7.06,32.082951,7.06
36693,3870,2.0,32.082951,7.06,32.082951,7.06
36691,32545,1.0,62.196721,13.68,55.97541,12.31
36691,35513,1.0,18.008197,3.96,16.213115,3.57
36691,36571,1.0,0.0,0.0,0.0,0.0
36689,32396,1.0,16.368852,3.6,15.885246,3.49
36688,3865,2.0,32.082951,7.06,32.082951,7.06
36688,35513,4.0,68.431148,15.05,68.431148,15.05
36688,36571,1.0,0.0,0.0,0.0,0.0
36687,31527,4.0,124.496721,27.39,124.496721,27.39
36687,36571,1.0,0.0,0.0,0.0,0.0
36686,3865,2.0,20.837049,4.58,20.837049,4.58
36685,31856,1.0,18.008197,3.96,18.008197,3.96
36685,25752,1.0,16.368852,3.6,16.368852,3.6
36684,31527,1.0,32.762295,7.21,32.762295,7.21
36681,25752,6.0,93.302459,20.53,93.302459,20.53
36681,36571,1.0,0.0,0.0,0.0,0.0
36679,3313,12.0,49.18032787,10.82,49.18032787,10.82
36678,3865,1.0,16.393442620000002,3.61,16.393442620000002,3.61
36677,3313,6.0,59.01639344,12.98,59.01639344,12.98
36677,3314,6.0,54.09836066,11.9,54.09836066,11.9
36676,35513,1.0,18.008197,3.96,16.204918,3.57
36676,3865,1.0,16.368852,3.6,14.737705,3.24
36675,25001,1.0,18.03278689,3.97,18.03278689,3.97
36675,24422,1.0,18.03278689,3.97,18.03278689,3.97
36675,3870,1.0,15.57377049,3.43,15.57377049,3.43
36675,35699,1.0,10.6557377,2.34,10.6557377,2.34
36674,3865,2.0,32.082951,7.06,32.082951,7.06
36673,31527,1.0,32.762295,7.21,32.762295,7.21
36672,unknown_gift_item,1.0,8.852459,1.95,8.852459,1.95
36671,3865,2.0,20.83606557,4.58,20.83606557,4.58
36671,25752,4.0,62.19672131,13.68,62.19672131,13.68
36670,31527,1.0,32.762295,7.21,32.762295,7.21
36669,3314,5.0,45.063934,9.91,45.063934,9.91
36668,3865,2.0,9.623279,2.12,9.623279,2.12
36668,3870,1.0,16.368852,3.6,16.368852,3.6
36668,3313,1.0,8.508197,1.87,8.508197,1.87
36667,35513,1.0,18.008197,3.96,18.008197,3.96
36667,3361,1.0,6.377049,1.4,6.377049,1.4
36666,3865,6.0,93.302459,20.53,93.302459,20.53
36666,36571,1.0,0.0,0.0,0.0,0.0
36665,25752,2.0,32.082951,7.06,32.082951,7.06
36664,25752,1.0,16.368852,3.6,16.368852,3.6
36664,3870,1.0,16.368852,3.6,16.368852,3.6
36644,35513,2.0,35.296066,7.77,35.296066,7.77
36643,3870,1.0,16.368852,3.6,16.368852,3.6
36643,35513,1.0,18.008197,3.96,18.008197,3.96
36642,25752,1.0,16.368852,3.6,16.368852,3.6
36642,3865,1.0,16.368852,3.6,16.368852,3.6
36642,35513,1.0,18.008197,3.96,18.008197,3.96
36636,31856,2.0,35.296066,7.77,35.296066,7.77
36635,3361,1.0,7.360656,1.62,6.622951,1.46
36635,25752,1.0,4.909836,1.08,4.418033,0.97
36635,3386,1.0,7.360656,1.62,6.622951,1.46
36635,36357,1.0,5.713115,1.26,5.139344,1.13
36635,3313,1.0,9.819672,2.16,8.836066,1.94
36635,3865,1.0,4.909836,1.08,4.42623,0.97
36634,3865,4.0,62.201639,13.68,62.201639,13.68
36634,31856,1.0,18.008197,3.96,18.008197,3.96
36634,36571,1.0,0.0,0.0,0.0,0.0
36633,31527,2.0,64.214098,14.13,57.796066,12.72
36631,36205,1.0,22.860656,5.03,22.860656,5.03
36631,3361,1.0,0.0,0.0,0.0,0.0
36631,3314,1.0,0.0,0.0,0.0,0.0
36631,3313,1.0,0.0,0.0,0.0,0.0
36631,36357,1.0,5.0,1.1,5.0,1.1
36630,3865,1.0,16.368852,3.6,16.368852,3.6
36630,25752,1.0,16.368852,3.6,16.368852,3.6
36628,25752,2.0,32.082951,7.06,28.878033,6.35
36627,24422,2.0,36.06557377,7.93,30.672131,6.75
36627,25001,2.0,36.06557377,7.93,30.672131,6.75
36627,25752,2.0,32.78688525,7.21,27.409836,6.03
36627,3865,1.0,16.393442620000002,3.61,13.704918,3.02
36625,25752,1.0,12.295081970000002,2.7,12.295081970000002,2.7
36625,3865,1.0,12.295081970000002,2.7,12.295081970000002,2.7
36624,23378,1.0,14.745902,3.24,14.745902,3.24
36623,26420,1.0,14.745902,3.24,14.745902,3.24
36622,25752,3.0,48.124426,10.59,48.124426,10.59
36622,31856,4.0,68.431148,15.05,68.431148,15.05
36622,36571,1.0,0.0,0.0,0.0,0.0
36621,31527,1.0,32.762295,7.21,29.483607,6.49
36620,3361,10.0,70.662295,15.55,70.662295,15.55
36620,36571,1.0,0.0,0.0,0.0,0.0
36619,3865,1.0,16.368852,3.6,16.368852,3.6
36617,31527,2.0,64.214098,14.13,57.779672,12.71
36617,3865,1.0,16.368852,3.6,14.737705,3.24
36617,25001,1.0,18.008197,3.96,16.213115,3.57
36617,36571,1.0,0.0,0.0,0.0,0.0
36616,3870,2.0,32.082951,7.06,28.878033,6.35
36614,3870,5.0,77.752049,17.11,77.752049,17.11
36614,36571,1.0,0.0,0.0,0.0,0.0
36612,3865,3.0,48.124426,10.59,48.124426,10.59
36612,25752,2.0,32.082951,7.06,32.082951,7.06
36612,36571,1.0,0.0,0.0,0.0,0.0
36610,32526,1.0,16.368852,3.6,16.368852,3.6
36609,30799,1.0,44.254098,9.74,44.254098,9.74
36609,3870,1.0,0.0,0.0,0.0,0.0
36609,25001,1.0,0.0,0.0,0.0,0.0
36609,35699,1.0,0.0,0.0,0.0,0.0
36609,24422,1.0,16.368852,3.6,16.368852,3.6
36609,31856,1.0,18.008197,3.96,18.008197,3.96
36609,36571,1.0,0.0,0.0,0.0,0.0
36608,3865,1.0,10.631148,2.34,10.631148,2.34
36608,25752,1.0,4.909836,1.08,4.909836,1.08
36608,31856,2.0,9.623279,2.12,9.623279,2.12
36604,3386,1.0,7.37704918,1.62,7.37704918,1.62
36604,unknown_pos_sale,1.0,5.73770492,1.26,5.73770492,1.26
36604,3361,1.0,7.37704918,1.62,7.37704918,1.62
36603,3865,2.0,32.082951,7.06,32.082951,7.06
36602,3386,1.0,7.37704918,1.62,7.37704918,1.62
36602,3313,1.0,9.01639344,1.98,9.01639344,1.98
36586,35513,2.0,35.296066,7.77,34.91082,7.68
36586,3870,2.0,32.082951,7.06,31.705902,6.98
36586,36571,1.0,0.0,0.0,0.0,0.0
36582,30799,1.0,44.254098,9.74,39.827869,8.76
36582,3870,1.0,0.0,0.0,0.0,0.0
36582,25001,1.0,0.0,0.0,0.0,0.0
36582,35699,1.0,0.0,0.0,0.0,0.0
36582,25752,1.0,16.368852,3.6,14.737705,3.24
36582,31856,1.0,18.008197,3.96,16.204918,3.57
36582,36571,1.0,0.0,0.0,0.0,0.0
36568,25752,1.0,16.393442620000002,3.61,16.393442620000002,3.61
36568,3865,1.0,16.393442620000002,3.61,16.393442620000002,3.61
36568,3870,1.0,15.57377049,3.43,15.57377049,3.43
36567,25752,2.0,32.082951,7.06,28.878033,6.35
36567,3870,2.0,32.082951,7.06,28.878033,6.35
36567,24422,1.0,16.368852,3.6,14.729508,3.24
36567,3314,1.0,0.0,0.0,0.0,0.0
36565,3865,1.0,16.368852,3.6,0.0,0.0
36559,24422,2.0,32.082951,7.06,32.082951,7.06
36558,25026,1.0,17.52459,3.86,17.52459,3.86
36557,24437,1.0,14.745902,3.24,14.745902,3.24
36556,3865,2.0,32.082951,7.06,32.082951,7.06
36555,3361,3.0,22.08196721,4.86,22.08196721,4.86
36555,3313,6.0,58.91803279,12.96,58.91803279,12.96
36555,3314,6.0,55.18032787,12.14,55.18032787,12.14
36555,unknown_pos_sale,3.0,58.91803279,12.96,58.91803279,12.96
36555,unknown_pos_sale,2.0,29.44262295,6.48,29.44262295,6.48
36553,23378,2.0,29.49,6.49,29.49,6.49
36551,25001,1.0,18.008197,3.96,16.204918,3.57
36551,3865,1.0,16.368852,3.6,14.737705,3.24
36550,3386,6.0,24.59016393,5.41,24.59016393,5.41
36550,3314,18.0,88.52459016,19.48,88.52459016,19.48
36550,3361,24.0,98.36065574,21.64,98.36065574,21.64
36549,3386,5.0,36.067213,7.93,36.067213,7.93
36549,24422,1.0,16.368852,3.6,16.368852,3.6
36548,3865,1.0,16.368852,3.6,16.368852,3.6
36547,3870,1.0,16.368852,3.6,14.729508,3.24
36547,3314,2.0,15.95082,3.51,15.95082,3.51
36546,3865,1.0,16.368852,3.6,16.368852,3.6
36546,3870,1.0,16.368852,3.6,16.368852,3.6
36545,31856,1.0,18.00819672,3.96,16.204918,3.57
36545,3870,1.0,16.36885246,3.6,14.737704,3.24
36539,3865,4.0,62.201639,13.68,62.201639,13.68
36539,3314,1.0,0.0,0.0,0.0,0.0
36538,31527,1.0,32.762295,7.21,29.483607,6.49
36531,3865,2.0,32.082951,7.06,32.082951,7.06
36531,24422,1.0,16.368852,3.6,16.368852,3.6
36526,3870,1.0,16.368852,3.6,16.368852,3.6
36526,25752,1.0,10.631148,2.34,10.631148,2.34
36521,3865,2.0,32.082951,7.06,32.082951,7.06
36521,3870,2.0,32.082951,7.06,32.082951,7.06
36521,36357,1.0,0.0,0.0,0.0,0.0
36520,25752,2.0,32.082951,7.06,28.878033,6.35
36519,24422,3.0,48.124426,10.59,40.903115,9.0
36518,25752,1.0,16.368852,3.6,14.729508,3.24
36518,3865,1.0,16.368852,3.6,14.737705,3.24
36517,25001,1.0,18.008197,3.96,18.008197,3.96
36517,3313,1.0,8.508197,1.87,8.508197,1.87
36516,3865,2.0,32.082951,7.06,32.082951,7.06
36515,3865,2.0,20.837049,4.58,20.837049,4.58
36514,3865,2.0,32.082951,7.06,28.878033,6.35
36513,30799,1.0,44.254098,9.74,44.254098,9.74
36513,3870,1.0,0.0,0.0,0.0,0.0
36513,25001,1.0,0.0,0.0,0.0,0.0
36513,35699,1.0,0.0,0.0,0.0,0.0
36512,31527,2.0,64.214098,14.13,57.796066,12.72
36512,36357,1.0,0.0,0.0,0.0,0.0
36501,25001,1.0,18.008197,3.96,18.008197,3.96
36501,31856,2.0,9.623279,2.12,9.623279,2.12
36500,31527,1.0,32.762295,7.21,31.122951,6.85
36499,3865,2.0,32.082951,7.06,32.082951,7.06
36499,25752,2.0,32.082951,7.06,32.082951,7.06
36499,36357,1.0,0.0,0.0,0.0,0.0
36499,31856,1.0,18.008197,3.96,18.008197,3.96
36499,3314,1.0,7.97541,1.75,7.97541,1.75
36499,3361,1.0,6.377049,1.4,6.377049,1.4
36499,3313,1.0,8.508197,1.87,8.508197,1.87
36498,25001,2.0,35.296066,7.77,31.763279,6.99
36493,32526,1.0,16.368852,3.6,16.368852,3.6
36493,32545,1.0,16.368852,3.6,16.368852,3.6
36492,31856,1.0,18.008197,3.96,16.204918,3.57
36492,3865,1.0,16.368852,3.6,14.737705,3.24
36491,24422,1.0,16.368852,3.6,16.368852,3.6
36491,3865,1.0,16.368852,3.6,16.368852,3.6
36491,25752,1.0,10.631148,2.34,10.631148,2.34
36491,31856,2.0,9.623279,2.12,9.623279,2.12
36491,3386,1.0,6.377049,1.4,6.377049,1.4
36491,36357,1.0,0.0,0.0,0.0,0.0
36490,31527,2.0,64.214098,14.13,64.214098,14.13
36490,36357,1.0,0.0,0.0,0.0,0.0
36489,25001,2.0,35.296066,7.77,31.763279,6.99
36488,31527,2.0,64.214098,14.13,57.796066,12.72
36488,36357,1.0,0.0,0.0,0.0,0.0
36487,3361,6.0,42.397377,9.33,38.159672,8.4
36487,3313,3.0,28.869836,6.35,25.98459,5.72
36487,36357,1.0,0.0,0.0,0.0,0.0
36486,3870,1.0,16.368852,3.6,16.368852,3.6
36486,25001,1.0,18.008197,3.96,16.204918,3.57
36485,25752,3.0,48.124426,10.59,48.124426,10.59
36484,25752,1.0,16.368852,3.6,14.729508,3.24
36484,35699,1.0,10.245902,2.25,10.245902,2.25
36483,31527,4.0,124.496721,27.39,124.496721,27.39
36483,36357,1.0,0.0,0.0,0.0,0.0
36482,3865,2.0,32.082951,7.06,28.878033,6.35
36482,36357,1.0,5.0,1.1,5.0,1.1
36481,25001,2.0,35.296066,7.77,31.755082,6.99
36481,36357,1.0,0.0,0.0,0.0,0.0
36481,25752,2.0,32.082951,7.06,28.878033,6.35
36481,24422,1.0,16.368852,3.6,14.737705,3.24
36480,25001,1.0,18.008197,3.96,16.204918,3.57
36480,3865,1.0,4.909836,1.08,4.42623,0.97
36480,3870,1.0,16.368852,3.6,14.729508,3.24
36479,3865,1.0,16.368852,3.6,16.368852,3.6
36479,25752,1.0,16.368852,3.6,16.368852,3.6
36478,3870,1.0,16.368852,3.6,14.729508,3.24
36478,25752,2.0,20.837049,4.58,18.755082,4.13
36477,25001,2.0,35.296066,7.77,35.296066,7.77
36476,25001,2.0,35.296066,7.77,31.763279,6.99
36475,25001,2.0,35.296066,7.77,35.296066,7.77
36474,25001,1.0,18.008197,3.96,16.204918,3.57
36474,31856,1.0,4.909836,1.08,4.909836,1.08
36474,25752,1.0,10.631148,2.34,10.631148,2.34
36473,3865,1.0,16.368852,3.6,16.368852,3.6
36473,25752,1.0,16.368852,3.6,16.368852,3.6
36472,25001,4.0,68.431148,15.05,68.431148,15.05
36472,36357,1.0,0.0,0.0,0.0,0.0
36471,3865,1.0,16.368852,3.6,14.729508,3.24
36471,24422,1.0,16.368852,3.6,14.737705,3.24
36467,25752,2.0,20.837049,4.58,20.837049,4.58
36467,35699,2.0,20.491803,4.51,20.491803,4.51
36466,25001,2.0,35.296066,7.77,31.763279,6.99
36466,3313,1.0,8.508197,1.87,8.508197,1.87
36453,25001,4.0,68.431148,15.05,61.586885,13.55
36453,36357,1.0,0.0,0.0,0.0,0.0
36452,25001,2.0,35.296066,7.77,35.296066,7.77
36452,36205,2.0,45.721311,10.06,45.721311,10.06
36452,3361,2.0,0.0,0.0,0.0,0.0
36452,3314,2.0,0.0,0.0,0.0,0.0
36452,3313,2.0,0.0,0.0,0.0,0.0
36452,36357,1.0,0.0,0.0,0.0,0.0
36450,3865,2.0,32.082951,7.06,32.082951,7.06
36448,25001,1.0,18.008197,3.96,16.204918,3.57
36448,24422,1.0,16.368852,3.6,14.737705,3.24
36446,35513,2.0,36.016393,7.92,36.016393,7.92
36446,25001,1.0,18.008197,3.96,18.008197,3.96
36446,3313,1.0,8.508197,1.87,8.508197,1.87
36446,36357,1.0,0.0,0.0,0.0,0.0
36445,25001,2.0,35.296066,7.77,35.296066,7.77
36445,3313,1.0,8.508197,1.87,8.508197,1.87
36438,3865,2.0,32.082951,7.06,32.082951,7.06
36438,3870,1.0,16.368852,3.6,16.368852,3.6
36438,25001,1.0,18.008197,3.96,18.008197,3.96
36438,36357,1.0,0.0,0.0,0.0,0.0
36418,3386,6.0,42.397377,9.33,42.397377,9.33
36409,24422,2.0,32.082951,7.06,30.804262,6.78
36409,25001,1.0,18.008197,3.96,17.368852,3.82
36408,25752,1.0,16.368852,3.6,16.368852,3.6
36408,3870,1.0,16.368852,3.6,16.368852,3.6
36408,31856,1.0,18.008197,3.96,18.008197,3.96
36408,25001,1.0,18.008197,3.96,18.008197,3.96
36408,36357,1.0,0.0,0.0,0.0,0.0
36402,35513,1.0,18.008197,3.96,18.008197,3.96
36402,25752,1.0,16.368852,3.6,16.368852,3.6
36401,3361,6.0,42.397377,9.33,42.397377,9.33
36400,36357,1.0,0.0,0.0,0.0,0.0
36400,36357,12.0,63.07245283,13.88,63.07245283,13.88
36400,3386,4.0,28.85,6.35,28.85,6.35
36400,3313,1.0,9.82,2.16,9.82,2.16
36399,3865,1.0,16.368852,3.6,16.368852,3.6
36399,25752,1.0,16.368852,3.6,16.368852,3.6
36399,36357,1.0,6.852459,1.51,6.852459,1.51
36398,25001,1.0,18.008197,3.96,16.204918,3.57
36398,24422,1.0,16.368852,3.6,14.737705,3.24
36397,31527,1.0,32.762295,7.21,29.483607,6.49
36397,3865,1.0,16.368852,3.6,14.737705,3.24
36395,36205,1.0,22.106557,4.86,22.106557,4.86
36395,3361,1.0,0.0,0.0,0.0,0.0
36395,3314,1.0,0.0,0.0,0.0,0.0
36395,3313,1.0,0.0,0.0,0.0,0.0
36395,3313,1.0,9.819672,2.16,9.819672,2.16
36394,25001,4.0,68.431148,15.05,68.431148,15.05
36394,36357,1.0,0.0,0.0,0.0,0.0
36393,31527,1.0,32.762295,7.21,32.762295,7.21
36384,25001,2.0,35.296066,7.77,35.296066,7.77
36384,31856,2.0,35.296066,7.77,35.296066,7.77
36384,unknown_pos_sale,1.0,0.0,0.0,0.0,0.0
36370,31527,2.0,64.214098,14.13,64.214098,14.13
36370,unknown_pos_sale,1.0,0.0,0.0,0.0,0.0
36355,3870,8.0,124.403279,27.37,123.370492,27.14
36355,unknown_pos_sale,1.0,0.0,0.0,0.0,0.0
36354,24422,4.0,62.201639,13.68,55.980328,12.32
36353,3870,2.0,32.082951,7.06,32.082951,7.06
36352,25001,2.0,35.296066,7.77,35.296066,7.77
36352,24422,1.0,16.368852,3.6,16.368852,3.6
36351,3865,1.0,16.368852,3.6,16.368852,3.6
36351,3870,1.0,15.188525,3.34,15.188525,3.34
36350,3865,1.0,16.368852,3.6,16.368852,3.6
36350,25001,1.0,18.008197,3.96,18.008197,3.96
36323,31527,1.0,32.762295,7.21,32.762295,7.21
36322,3865,2.0,32.082951,7.06,28.878033,6.35
36322,35513,2.0,36.016393,7.92,32.409836,7.13
36321,3865,1.0,16.368852,3.6,14.737705,3.24
36321,35513,1.0,18.008197,3.96,16.204918,3.57
36317,31527,1.0,32.762295,7.21,32.762295,7.21
36316,31856,1.0,18.008197,3.96,18.008197,3.96
36316,3870,1.0,16.368852,3.6,16.368852,3.6
36316,25001,2.0,35.296066,7.77,35.296066,7.77
36316,unknown_pos_sale,1.0,0.0,0.0,0.0,0.0
36316,36205,1.0,22.942623,5.05,22.942623,5.05
36316,3361,1.0,0.0,0.0,0.0,0.0
36316,3314,1.0,0.0,0.0,0.0,0.0
36316,3313,1.0,0.0,0.0,0.0,0.0
36313,35513,2.0,36.016393,7.92,36.016393,7.92
36312,31856,1.0,5.655738,1.24,5.655738,1.24
36312,25752,1.0,16.368852,3.6,16.368852,3.6
36312,3865,1.0,5.655738,1.24,5.655738,1.24
36311,31527,1.0,32.762295,7.21,32.762295,7.21
36310,32659,1.0,35.295082,7.76,35.295082,7.76
36309,32545,1.0,62.196721,13.68,62.196721,13.68
36307,3865,1.0,16.368852,3.6,16.368852,3.6
36307,3870,1.0,15.188525,3.34,15.188525,3.34
36307,25752,2.0,32.082951,7.06,32.082951,7.06
36307,unknown_pos_sale,1.0,0.0,0.0,0.0,0.0
36306,3865,1.0,10.631148,2.34,9.565574,2.1
36306,25752,1.0,16.368852,3.6,14.729508,3.24
36306,25752,1.0,5.655738,1.24,5.090164,1.12
36306,25752,1.0,10.631148,2.34,9.57377,2.11
36305,3870,2.0,32.082951,7.06,31.48459,6.93
36304,30799,1.0,40.97541,9.01,40.97541,9.01
36304,3870,1.0,0.0,0.0,0.0,0.0
36304,25001,1.0,0.0,0.0,0.0,0.0
36304,35699,1.0,0.0,0.0,0.0,0.0
36303,3865,2.0,32.082951,7.06,32.082951,7.06
36301,3865,3.0,48.124426,10.59,40.911311,9.0
36301,25752,1.0,16.368852,3.6,13.909836,3.06
36299,31527,2.0,64.214098,14.13,64.214098,14.13
36299,unknown_pos_sale,1.0,0.0,0.0,0.0,0.0
36298,24422,1.0,16.368852,3.6,16.368852,3.6
36298,25001,1.0,18.008197,3.96,18.008197,3.96
36298,3386,1.0,7.360656,1.62,7.360656,1.62
36298,3313,1.0,8.508197,1.87,8.508197,1.87
36297,25752,1.0,16.368852,3.6,16.368852,3.6
36297,31856,1.0,18.008197,3.96,18.008197,3.96
36283,3865,1.0,16.368852,3.6,16.368852,3.6
36283,25752,1.0,16.368852,3.6,16.368852,3.6
36282,3865,3.0,48.124426,10.59,48.124426,10.59
36282,3870,1.0,15.188525,3.34,15.188525,3.34
36282,unknown_pos_sale,1.0,0.0,0.0,0.0,0.0
36281,31527,1.0,32.762295,7.21,32.762295,7.21
36262,25752,2.0,32.082951,7.06,32.082951,7.06
36261,3865,4.0,62.201639,13.68,62.201639,13.68
36261,unknown_pos_sale,1.0,0.0,0.0,0.0,0.0
36260,3865,1.0,16.368852,3.6,14.729508,3.24
36260,25752,1.0,16.368852,3.6,14.737705,3.24
36259,3870,4.0,62.201639,13.68,55.980328,12.32
36249,31856,1.0,18.008197,3.96,16.204918,3.57
36183,3870,2.0,32.082951,7.06,32.082951,7.06
36182,23378,1.0,44.237705,9.73,44.237705,9.73
36181,31527,2.0,64.214098,14.13,57.796066,12.72
36181,unknown_pos_sale,1.0,0.0,0.0,0.0,0.0
36180,25752,1.0,16.368852,3.6,16.368852,3.6
36180,3865,1.0,16.368852,3.6,16.368852,3.6
36179,25752,3.0,31.255574,6.88,31.255574,6.88
36179,3865,3.0,31.255574,6.88,31.255574,6.88
36179,unknown_pos_sale,1.0,0.0,0.0,0.0,0.0
36178,3865,6.0,93.302459,20.53,93.302459,20.53
36178,unknown_pos_sale,1.0,0.0,0.0,0.0,0.0
36177,25752,1.0,10.631148,2.34,10.631148,2.34
36177,3865,1.0,9.967213,2.19,9.967213,2.19
36177,3870,1.0,15.188525,3.34,15.188525,3.34
36174,3865,1.0,10.631148,2.34,10.631148,2.34
36173,25752,2.0,20.837049,4.58,20.837049,4.58
36173,30799,1.0,40.97541,9.01,40.97541,9.01
36173,3870,1.0,0.0,0.0,0.0,0.0
36173,25001,1.0,0.0,0.0,0.0,0.0
36173,35699,1.0,0.0,0.0,0.0,0.0
36173,unknown_pos_sale,1.0,0.0,0.0,0.0,0.0
36172,24422,4.0,62.201639,13.68,62.201639,13.68
36172,unknown_pos_sale,1.0,0.0,0.0,0.0,0.0
36171,3865,3.0,48.124426,10.59,48.124426,10.59
36171,3870,1.0,15.188525,3.34,15.188525,3.34
36171,unknown_pos_sale,1.0,0.0,0.0,0.0,0.0
36167,24422,2.0,32.082951,7.06,32.082951,7.06
36166,31527,10.0,311.241803,68.47,280.118852,61.63
36166,unknown_pos_sale,1.0,0.0,0.0,0.0,0.0
36152,3865,2.0,32.082951,7.06,32.082951,7.06
36149,3865,2.0,32.082951,7.06,32.082951,7.06
36142,31527,1.0,32.762295,7.21,32.762295,7.21
36141,3865,2.0,20.837049,4.58,20.837049,4.58
36141,3865,1.0,5.655738,1.24,5.655738,1.24
36136,31527,1.0,32.762295,7.21,32.762295,7.21
36135,31527,2.0,64.214098,14.13,57.796066,12.72
36135,unknown_pos_sale,1.0,0.0,0.0,0.0,0.0
36134,3865,1.0,16.368852,3.6,16.368852,3.6
36134,3870,1.0,15.188525,3.34,15.188525,3.34
36133,31856,2.0,35.296066,7.77,31.763279,6.99
36132,3865,2.0,32.082951,7.06,32.082951,7.06
36132,24422,1.0,16.368852,3.6,16.368852,3.6
36131,31527,2.0,64.214098,14.13,64.214098,14.13
36131,unknown_pos_sale,1.0,0.0,0.0,0.0,0.0
36130,31527,2.0,64.214098,14.13,54.582951,12.01
36129,25752,1.0,10.631148,2.34,10.631148,2.34
36129,3865,1.0,9.967213,2.19,9.967213,2.19
36129,31856,1.0,18.008197,3.96,18.008197,3.96
36129,24422,1.0,16.368852,3.6,16.368852,3.6
36128,3865,1.0,16.368852,3.6,14.729508,3.24
36128,3870,1.0,16.368852,3.6,14.737705,3.24
36127,25752,4.0,40.398361,8.89,40.398361,8.89
36126,30799,1.0,40.97541,9.01,40.97541,9.01
36126,3870,1.0,0.0,0.0,0.0,0.0
36126,25001,1.0,0.0,0.0,0.0,0.0
36126,35699,1.0,0.0,0.0,0.0,0.0
36126,3313,6.0,56.561311,12.44,56.561311,12.44
36126,unknown_pos_sale,1.0,0.0,0.0,0.0,0.0
36126,25752,1.0,10.631148,2.34,10.631148,2.34
36126,31856,1.0,5.696721,1.25,5.696721,1.25
36125,32545,3.0,54.02459,11.89,54.02459,11.89
36124,3865,2.0,32.082951,7.06,32.082951,7.06
36123,31856,2.0,35.296066,7.77,35.296066,7.77
36122,31527,1.0,32.762295,7.21,32.762295,7.21
36119,25001,1.0,18.008197,3.96,18.008197,3.96
36119,31527,1.0,32.762295,7.21,32.762295,7.21
36119,3361,1.0,7.360656,1.62,7.360656,1.62
36119,unknown_pos_sale,1.0,0.0,0.0,0.0,0.0
36118,3386,3.0,21.640328,4.76,21.640328,4.76
36118,3870,1.0,16.368852,3.6,14.729508,3.24
36116,24437,1.0,26.557377,5.84,26.557377,5.84
36115,24437,1.0,44.262295,9.74,44.262295,9.74
36114,3870,2.0,32.082951,7.06,28.878033,6.35
36112,3870,4.0,62.201639,13.68,55.980328,12.32
36111,23378,1.0,29.491803,6.49,29.491803,6.49
36110,31856,3.0,16.748361,3.68,16.748361,3.68
36110,25752,4.0,40.398361,8.89,40.398361,8.89
36110,3386,1.0,6.47541,1.42,6.47541,1.42
36110,unknown_pos_sale,1.0,0.0,0.0,0.0,0.0
36109,25752,1.0,10.631148,2.34,10.631148,2.34
36109,3870,1.0,16.368852,3.6,16.368852,3.6
36108,25001,1.0,18.008197,3.96,18.008197,3.96
36108,3313,1.0,8.508197,1.87,8.508197,1.87
36107,31527,1.0,32.762295,7.21,29.483607,6.49
36106,25001,1.0,18.008197,3.96,18.008197,3.96
36106,3313,1.0,8.508197,1.87,8.508197,1.87
36105,3870,4.0,62.201639,13.68,55.980328,12.32
36104,3386,6.0,42.397377,9.33,42.397377,9.33
36104,3870,1.0,16.368852,3.6,16.368852,3.6
36104,unknown_pos_sale,1.0,0.0,0.0,0.0,0.0
36104,3865,2.0,32.082951,7.06,32.082951,7.06
36103,3865,1.0,10.631148,2.34,10.631148,2.34
36103,3870,1.0,15.188525,3.34,15.188525,3.34
36102,unknown_pos_sale,1.0,0.0,0.0,0.0,0.0
36102,3870,6.0,93.302459,20.53,83.97459,18.47
36101,3870,2.0,32.082951,7.06,28.878033,6.35
36101,3313,3.0,25.52459,5.62,25.52459,5.62
36100,3870,4.0,62.201639,13.68,55.980328,12.32
36100,unknown_pos_sale,1.0,0.0,0.0,0.0,0.0
36100,24422,1.0,16.368852,3.6,16.368852,3.6
36099,3870,2.0,32.082951,7.06,28.878033,6.35
36099,3865,2.0,32.082951,7.06,32.082951,7.06
36099,unknown_pos_sale,1.0,0.0,0.0,0.0,0.0
36098,3870,4.0,62.201639,13.68,55.980328,12.32
36097,3870,4.0,62.201639,13.68,55.980328,12.32
36096,3870,2.0,32.082951,7.06,28.878033,6.35
36095,3870,6.0,93.302459,20.53,83.97459,18.47
36095,unknown_pos_sale,1.0,0.0,0.0,0.0,0.0
36094,3870,1.0,16.368852,3.6,16.368852,3.6
36094,31856,2.0,11.165574,2.46,11.165574,2.46
36092,31527,1.0,32.762295,7.21,32.762295,7.21
36090,3870,2.0,32.082951,7.06,32.082951,7.06
36089,3361,6.0,42.397377,9.33,38.159672,8.4
36089,3386,6.0,42.397377,9.33,38.159672,8.4
36089,unknown_pos_sale,1.0,0.0,0.0,0.0,0.0
36089,3314,2.0,18.393443,4.05,16.54918,3.64
36086,32396,1.0,16.368852,3.6,14.737705,3.24
36086,32545,1.0,18.008197,3.96,16.204918,3.57
36079,3870,1.0,16.368852,3.6,16.368852,3.6
36079,3865,1.0,10.631148,2.34,10.631148,2.34
36078,3870,2.0,32.082951,7.06,32.082951,7.06
36078,25752,2.0,20.837049,4.58,20.837049,4.58
36077,3870,2.0,32.082951,7.06,28.878033,6.35
36076,3865,2.0,32.082951,7.06,30.746885,6.76
36075,3870,2.0,32.082951,7.06,28.878033,6.35
36075,3313,1.0,8.508197,1.87,8.508197,1.87
36075,25001,2.0,35.296066,7.77,35.296066,7.77
36075,unknown_pos_sale,1.0,0.0,0.0,0.0,0.0
36057,24422,1.0,16.368852,3.6,16.368852,3.6
36057,3870,1.0,16.368852,3.6,16.368852,3.6
36056,23378,1.0,17.704918,3.9,17.704918,3.9
36047,30799,1.0,40.97541,9.01,40.97541,9.01
36047,3870,1.0,0.0,0.0,0.0,0.0
36047,25001,1.0,0.0,0.0,0.0,0.0
36047,35699,1.0,0.0,0.0,0.0,0.0
36047,31527,1.0,32.762295,7.21,29.483607,6.49
36047,unknown_pos_sale,1.0,0.0,0.0,0.0,0.0
36046,25001,2.0,35.296066,7.77,35.296066,7.77
36045,3865,1.0,5.655738,1.24,5.090164,1.12
36045,25752,1.0,10.631148,2.34,9.565574,2.1
36045,3313,3.0,28.869836,6.35,25.98459,5.72
36039,3865,1.0,9.967213,2.19,9.967213,2.19
36039,25752,1.0,10.631148,2.34,10.631148,2.34
36038,35699,1.0,10.631148,2.34,9.57377,2.11
36038,3870,2.0,32.082951,7.06,28.869836,6.35
36038,31856,1.0,18.008197,3.96,16.204918,3.57
36037,3870,4.0,62.201639,13.68,55.980328,12.32
36036,3865,3.0,16.627869,3.66,16.627869,3.66
36035,3313,7.0,65.988197,14.52,65.988197,14.52
36035,unknown_pos_sale,1.0,0.0,0.0,0.0,0.0
36034,30799,1.0,40.97541,9.01,40.97541,9.01
36034,3870,1.0,0.0,0.0,0.0,0.0
36034,25001,1.0,0.0,0.0,0.0,0.0
36034,35699,1.0,0.0,0.0,0.0,0.0
36034,31856,1.0,18.008197,3.96,18.008197,3.96
36034,unknown_pos_sale,1.0,0.0,0.0,0.0,0.0
36033,25752,4.0,40.398361,8.89,40.398361,8.89
36033,3865,5.0,77.752049,17.11,77.752049,17.11
36033,unknown_pos_sale,1.0,0.0,0.0,0.0,0.0
36032,3865,1.0,16.368852,3.6,16.368852,3.6
36032,25752,1.0,10.631148,2.34,10.631148,2.34
36030,3870,2.0,32.082951,7.06,32.082951,7.06
36009,31527,1.0,32.762295,7.21,32.762295,7.21
36007,31527,1.0,32.762295,7.21,32.762295,7.21
36006,24422,1.0,16.368852,3.6,16.368852,3.6
36006,3865,2.0,32.082951,7.06,32.082951,7.06
36005,3870,1.0,16.368852,3.6,14.729508,3.24
36005,3865,1.0,16.368852,3.6,14.737705,3.24
36004,31527,1.0,32.762295,7.21,32.762295,7.21
36003,31527,1.0,32.762295,7.21,32.762295,7.21
36000,31527,1.0,32.762295,7.21,29.483607,6.49
35999,25001,1.0,18.008197,3.96,18.008197,3.96
35999,3313,1.0,8.508197,1.87,8.508197,1.87
35999,3865,1.0,10.631148,2.34,10.631148,2.34
35999,3870,1.0,15.188525,3.34,15.188525,3.34
35998,25752,2.0,20.837049,4.58,20.837049,4.58
35998,3865,1.0,9.967213,2.19,9.967213,2.19
35998,3870,1.0,16.368852,3.6,16.368852,3.6
35998,3313,1.0,8.508197,1.87,8.508197,1.87
35996,31527,1.0,32.762295,7.21,32.762295,7.21
35995,31856,1.0,18.008197,3.96,18.008197,3.96
35995,3865,1.0,16.368852,3.6,16.368852,3.6
35995,25752,2.0,20.837049,4.58,20.837049,4.58
35994,25001,1.0,18.008197,3.96,16.204918,3.57
35994,3865,1.0,16.368852,3.6,14.729508,3.24
35994,24422,1.0,16.368852,3.6,14.729508,3.24
35994,25752,1.0,16.368852,3.6,14.737705,3.24
35994,unknown_pos_sale,1.0,0.0,0.0,0.0,0.0
35993,3865,5.0,77.752049,17.11,69.973361,15.39
35993,unknown_pos_sale,1.0,0.0,0.0,0.0,0.0
35992,unknown_gift_item,1.0,8.852459,1.95,8.852459,1.95
35991,30799,1.0,40.97541,9.01,40.97541,9.01
35991,3870,1.0,0.0,0.0,0.0,0.0
35991,25001,1.0,0.0,0.0,0.0,0.0
35991,35699,1.0,0.0,0.0,0.0,0.0
35991,31856,1.0,18.008197,3.96,16.204918,3.57
35990,3865,1.0,10.631148,2.34,10.631148,2.34
35990,25752,1.0,10.631148,2.34,10.631148,2.34
35990,31856,1.0,5.696721,1.25,5.696721,1.25
35989,31527,1.0,32.762295,7.21,32.762295,7.21
35988,3870,1.0,16.368852,3.6,14.729508,3.24
35988,3865,1.0,16.368852,3.6,14.737705,3.24
35987,25752,1.0,16.368852,3.6,16.368852,3.6
35987,3865,1.0,16.368852,3.6,16.368852,3.6
35986,31856,2.0,35.296066,7.77,35.296066,7.77
35985,25752,2.0,32.082951,7.06,32.082951,7.06
35985,3865,1.0,9.967213,2.19,9.967213,2.19
35985,3865,1.0,10.631148,2.34,10.631148,2.34
35984,25752,2.0,32.082951,7.06,32.082951,7.06
35983,31856,1.0,18.008197,3.96,18.008197,3.96
35983,unknown_pos_sale,1.0,0.0,0.0,0.0,0.0
35983,25752,3.0,48.124426,10.59,48.124426,10.59
35983,unknown_pos_sale,1.0,0.0,0.0,0.0,0.0
35982,3870,1.0,16.368852,3.6,16.368852,3.6
35982,25001,1.0,18.008197,3.96,18.008197,3.96
35980,31527,1.0,32.762295,7.21,32.762295,7.21
35979,3865,1.0,16.368852,3.6,16.368852,3.6
35979,3870,1.0,15.188525,3.34,15.188525,3.34
35978,3865,1.0,16.368852,3.6,16.368852,3.6
35978,3870,1.0,16.368852,3.6,16.368852,3.6
35977,30799,1.0,40.97541,9.01,40.97541,9.01
35977,3870,1.0,0.0,0.0,0.0,0.0
35977,25001,1.0,0.0,0.0,0.0,0.0
35977,35699,1.0,0.0,0.0,0.0,0.0
35976,25752,2.0,32.082951,7.06,32.082951,7.06
35976,3865,1.0,9.967213,2.19,9.967213,2.19
35975,25001,1.0,18.008197,3.96,16.204918,3.57
35975,24422,1.0,16.368852,3.6,14.729508,3.24
35975,3870,1.0,15.188525,3.34,15.188525,3.34
35975,31856,1.0,5.696721,1.25,5.131148,1.13
35975,3865,1.0,5.655738,1.24,5.090164,1.12
35974,31527,1.0,32.762295,7.21,32.762295,7.21
35973,25001,2.0,35.296066,7.77,35.296066,7.77
35973,25752,1.0,16.368852,3.6,16.368852,3.6
35973,3314,1.0,9.196721,2.02,9.196721,2.02
35973,unknown_pos_sale,1.0,0.0,0.0,0.0,0.0
35973,3313,1.0,8.508197,1.87,8.508197,1.87
35972,24422,1.0,16.368852,3.6,14.729508,3.24
35972,3870,1.0,16.368852,3.6,14.737705,3.24
35972,31856,1.0,18.008197,3.96,16.204918,3.57
35972,35513,1.0,18.008197,3.96,16.204918,3.57
35972,unknown_pos_sale,1.0,0.0,0.0,0.0,0.0
35971,25001,2.0,35.296066,7.77,31.763279,6.99
35970,3865,2.0,32.082951,7.06,32.082951,7.06
35970,3870,2.0,30.377049,6.68,30.377049,6.68
35970,unknown_pos_sale,1.0,0.0,0.0,0.0,0.0
35969,3870,2.0,32.082951,7.06,28.878033,6.35
35968,31527,1.0,32.762295,7.21,32.762295,7.21
35966,3870,1.0,16.368852,3.6,16.368852,3.6
35966,24422,1.0,16.368852,3.6,16.368852,3.6
35965,3865,2.0,32.082951,7.06,32.082951,7.06
35965,3870,1.0,16.368852,3.6,16.368852,3.6
35965,3313,1.0,8.508197,1.87,8.508197,1.87
35964,23378,1.0,14.745902,3.24,14.745902,3.24
35963,31527,4.0,124.496721,27.39,124.496721,27.39
35963,unknown_pos_sale,1.0,0.0,0.0,0.0,0.0
35962,3865,2.0,32.082951,7.06,32.082951,7.06
35961,26420,1.0,14.745902,3.24,14.745902,3.24
35960,3314,3.0,27.038361,5.95,27.038361,5.95
35959,31527,1.0,32.762295,7.21,31.122951,6.85
35958,3865,3.0,31.255574,6.88,31.255574,6.88
35957,3870,2.0,32.082951,7.06,32.082951,7.06
35956,30799,1.0,40.97541,9.01,40.97541,9.01
35956,3870,1.0,0.0,0.0,0.0,0.0
35956,25001,1.0,0.0,0.0,0.0,0.0
35956,35699,1.0,0.0,0.0,0.0,0.0
35954,31856,4.0,21.647541,4.76,20.663934,4.55
35954,25752,2.0,20.837049,4.58,20.345246,4.48
35953,31527,2.0,64.214098,14.13,64.214098,14.13
35953,unknown_pos_sale,1.0,0.0,0.0,0.0,0.0
35952,31527,2.0,64.214098,14.13,64.214098,14.13
35952,unknown_pos_sale,1.0,0.0,0.0,0.0,0.0
35951,25752,2.0,32.082951,7.06,32.082951,7.06
35951,3865,1.0,10.631148,2.34,10.631148,2.34
35949,25001,2.0,35.296066,7.77,34.976393,7.69
35949,3870,2.0,32.082951,7.06,31.771475,6.99
35949,unknown_pos_sale,1.0,0.0,0.0,0.0,0.0
35948,25752,1.0,16.368852,3.6,16.368852,3.6
35948,3865,1.0,9.967213,2.19,9.967213,2.19
35947,31527,2.0,64.214098,14.13,64.214098,14.13
35947,unknown_pos_sale,1.0,0.0,0.0,0.0,0.0
35946,31856,2.0,35.296066,7.77,31.763279,6.99
35945,25001,1.0,18.008197,3.96,17.844262,3.93
35944,23378,1.0,17.704918,3.9,17.704918,3.9
35941,31527,1.0,32.762295,7.21,32.762295,7.21
35940,25001,1.0,18.008197,3.96,18.008197,3.96
35940,3870,1.0,16.368852,3.6,16.368852,3.6
35939,31527,3.0,96.321148,21.19,86.69,19.07
35939,unknown_pos_sale,1.0,0.0,0.0,0.0,0.0
35938,3870,1.0,16.368852,3.6,16.368852,3.6
35938,25752,1.0,10.631148,2.34,10.631148,2.34
35937,25752,3.0,48.124426,10.59,46.009672,10.12
35936,31856,2.0,35.296066,7.77,35.296066,7.77
35935,3865,1.0,16.368852,3.6,16.368852,3.6
35935,3870,1.0,15.188525,3.34,15.188525,3.34
35934,3865,1.0,16.368852,3.6,16.368852,3.6
35934,3870,1.0,15.188525,3.34,15.188525,3.34
35931,unknown_pos_sale,1.0,0.0,0.0,0.0,0.0
35924,32396,4.0,65.47541,14.4,65.47541,14.4
35924,unknown_pos_sale,1.0,0.0,0.0,0.0,0.0
35924,32545,2.0,36.016393,7.92,36.016393,7.92
35923,3865,2.0,32.082951,7.06,32.082951,7.06
35922,3870,1.0,16.368852,3.6,16.368852,3.6
35918,25752,2.0,32.082951,7.06,32.082951,7.06
35918,3865,2.0,32.082951,7.06,32.082951,7.06
35918,unknown_pos_sale,1.0,0.0,0.0,0.0,0.0
35917,31527,1.0,32.762295,7.21,32.762295,7.21
35916,31856,2.0,35.296066,7.77,35.296066,7.77
35916,25752,2.0,32.082951,7.06,32.082951,7.06
35916,unknown_pos_sale,1.0,0.0,0.0,0.0,0.0
35915,3865,2.0,32.082951,7.06,32.082951,7.06
35915,3870,1.0,15.188525,3.34,15.188525,3.34
35914,24422,2.0,32.082951,7.06,28.878033,6.35
35913,3865,4.0,40.398361,8.89,36.357377,8.0
35913,3870,1.0,15.188525,3.34,15.188525,3.34
35913,24422,1.0,16.368852,3.6,14.729508,3.24
35913,unknown_pos_sale,1.0,0.0,0.0,0.0,0.0
35912,25752,2.0,32.082951,7.06,32.082951,7.06
35909,unknown_pos_sale,1.0,0.0,0.0,0.0,0.0
35908,3865,2.0,32.082951,7.06,32.082951,7.06
35907,35513,1.0,18.008197,3.96,18.008197,3.96
35907,31856,6.0,32.471311,7.14,32.471311,7.14
35907,25752,1.0,10.631148,2.34,10.631148,2.34
35907,unknown_pos_sale,1.0,0.0,0.0,0.0,0.0
35906,unknown_pos_sale,1.0,0.0,0.0,0.0,0.0
35904,unknown_pos_sale,1.0,0.0,0.0,0.0,0.0
35903,3870,2.0,32.082951,7.06,32.082951,7.06
35903,24422,2.0,32.082951,7.06,32.082951,7.06
35903,unknown_pos_sale,1.0,0.0,0.0,0.0,0.0
35901,25001,4.0,68.431148,15.05,61.586885,13.55
35901,unknown_pos_sale,1.0,0.0,0.0,0.0,0.0
35900,25752,2.0,20.837049,4.58,20.837049,4.58
35900,3865,2.0,20.837049,4.58,20.837049,4.58
35899,25752,2.0,32.082951,7.06,32.082951,7.06
35898,3865,2.0,32.082951,7.06,30.476393,6.7
35898,25752,2.0,32.082951,7.06,30.48459,6.71
35898,unknown_pos_sale,1.0,0.0,0.0,0.0,0.0
35897,3386,6.0,42.397377,9.33,38.159672,8.4
35897,31856,2.0,11.165574,2.46,10.05082,2.21
35896,3870,1.0,16.368852,3.6,16.368852,3.6
35896,25752,2.0,20.837049,4.58,20.837049,4.58
35895,unknown_pos_sale,1.0,0.0,0.0,0.0,0.0
35894,unknown_pos_sale,1.0,0.0,0.0,0.0,0.0
35893,31527,2.0,64.214098,14.13,64.214098,14.13
35893,unknown_pos_sale,1.0,0.0,0.0,0.0,0.0
35892,unknown_pos_sale,1.0,0.0,0.0,0.0,0.0
35891,unknown_pos_sale,1.0,0.0,0.0,0.0,0.0
35890,unknown_pos_sale,1.0,0.0,0.0,0.0,0.0
35889,unknown_pos_sale,1.0,0.0,0.0,0.0,0.0
35888,unknown_pos_sale,1.0,0.0,0.0,0.0,0.0
35887,31856,1.0,18.008197,3.96,18.008197,3.96
35887,25752,1.0,10.631148,2.34,10.631148,2.34
35887,25001,1.0,18.008197,3.96,18.008197,3.96
35886,unknown_pos_sale,1.0,0.0,0.0,0.0,0.0
35885,unknown_pos_sale,1.0,0.0,0.0,0.0,0.0
35884,unknown_pos_sale,1.0,0.0,0.0,0.0,0.0
35882,unknown_pos_sale,1.0,0.0,0.0,0.0,0.0
35881,25752,1.0,10.631148,2.34,10.631148,2.34
35881,31856,1.0,18.008197,3.96,18.008197,3.96
35879,unknown_pos_sale,1.0,0.0,0.0,0.0,0.0
35878,unknown_pos_sale,1.0,0.0,0.0,0.0,0.0
35877,unknown_pos_sale,1.0,0.0,0.0,0.0,0.0
35876,unknown_pos_sale,1.0,0.0,0.0,0.0,0.0
35873,24422,2.0,32.082951,7.06,32.082951,7.06
35872,31527,1.0,32.762295,7.21,32.762295,7.21
35869,3865,2.0,32.082951,7.06,32.082951,7.06
35868,25001,1.0,18.008197,3.96,18.008197,3.96
35867,31527,2.0,64.214098,14.13,64.214098,14.13
35867,unknown_pos_sale,1.0,0.0,0.0,0.0,0.0
35866,32526,1.0,15.54918,3.42,15.54918,3.42
35865,32396,1.0,16.368852,3.6,16.368852,3.6
35862,25752,1.0,10.631148,2.34,9.565574,2.1
35862,31856,2.0,11.165574,2.46,10.05082,2.21
35862,3386,1.0,7.360656,1.62,6.622951,1.46
35861,3865,2.0,32.082951,7.06,32.082951,7.06
35861,3870,2.0,32.082951,7.06,32.082951,7.06
35861,unknown_pos_sale,1.0,0.0,0.0,0.0,0.0
35859,25752,1.0,16.368852,3.6,14.729508,3.24
35859,3314,1.0,9.196721,2.02,8.278689,1.82
35859,3386,2.0,14.721311,3.24,13.254098,2.92
35859,3865,1.0,16.368852,3.6,14.729508,3.24
35859,3865,1.0,10.631148,2.34,9.565574,2.1
35859,unknown_pos_sale,1.0,0.0,0.0,0.0,0.0
35858,31527,2.0,64.214098,14.13,54.582951,12.01
35857,25752,3.0,48.124426,10.59,43.304754,9.53
35857,3865,4.0,62.201639,13.68,55.988525,12.32
35857,unknown_pos_sale,1.0,0.0,0.0,0.0,0.0
35840,3870,1.0,16.368852,3.6,14.729508,3.24
35840,3313,1.0,8.508197,1.87,8.508197,1.87
35840,31856,2.0,11.165574,2.46,10.05082,2.21
35840,3386,1.0,6.47541,1.42,6.47541,1.42
35840,25752,1.0,10.631148,2.34,9.565574,2.1
35840,3865,1.0,9.967213,2.19,9.967213,2.19
35840,unknown_pos_sale,1.0,0.0,0.0,0.0,0.0
35839,24422,2.0,32.082951,7.06,32.082951,7.06
35839,25001,2.0,35.296066,7.77,35.296066,7.77
35839,unknown_pos_sale,1.0,0.0,0.0,0.0,0.0
35837,31856,1.0,18.008197,3.96,18.008197,3.96
35837,25752,1.0,16.368852,3.6,16.368852,3.6
35836,31527,1.0,32.762295,7.21,32.762295,7.21
35835,31527,2.0,64.214098,14.13,57.796066,12.72
35835,unknown_pos_sale,1.0,0.0,0.0,0.0,0.0
35834,23378,1.0,44.237705,9.73,44.237705,9.73
35833,31527,1.0,32.762295,7.21,32.762295,7.21
35832,24422,2.0,32.082951,7.06,32.082951,7.06
35831,24422,2.0,32.082951,7.06,32.082951,7.06
35831,25001,2.0,35.296066,7.77,35.296066,7.77
35831,unknown_pos_sale,1.0,0.0,0.0,0.0,0.0
35830,35513,1.0,18.008197,3.96,18.008197,3.96
35830,3865,1.0,16.368852,3.6,16.368852,3.6
35829,3865,1.0,16.368852,3.6,14.729508,3.24
35829,3870,1.0,15.188525,3.34,15.188525,3.34
35828,25001,1.0,18.008197,3.96,18.008197,3.96
35828,24422,1.0,16.368852,3.6,16.368852,3.6
35827,32545,3.0,54.02459,11.89,54.02459,11.89
35826,3865,1.0,10.631148,2.34,9.565574,2.1
35826,3870,1.0,15.188525,3.34,15.188525,3.34
35825,3870,1.0,15.188525,3.34,15.188525,3.34
35825,25752,1.0,16.368852,3.6,14.729508,3.24
35825,3865,1.0,10.631148,2.34,9.57377,2.11
35824,24422,3.0,48.124426,10.59,43.312951,9.53
35824,3870,1.0,15.188525,3.34,15.188525,3.34
35824,unknown_pos_sale,1.0,0.0,0.0,0.0,0.0
35819,23378,1.0,29.491803,6.49,29.491803,6.49
35812,24422,4.0,62.201639,13.68,55.980328,12.32
35812,unknown_pos_sale,1.0,0.0,0.0,0.0,0.0
35812,3870,1.0,15.188525,3.34,15.188525,3.34
35808,25752,1.0,16.368852,3.6,16.368852,3.6
35807,3865,2.0,32.082951,7.06,28.878033,6.35
35807,25001,1.0,18.008197,3.96,16.204918,3.57
35807,3870,1.0,15.188525,3.34,15.188525,3.34
35807,unknown_pos_sale,1.0,0.0,0.0,0.0,0.0
35806,31527,2.0,64.214098,14.13,57.796066,12.72
35806,unknown_pos_sale,1.0,0.0,0.0,0.0,0.0
35805,24422,2.0,32.082951,7.06,28.878033,6.35
35803,3313,6.0,56.561311,12.44,56.561311,12.44
35802,3865,4.0,62.201639,13.68,62.201639,13.68
35802,unknown_pos_sale,1.0,0.0,0.0,0.0,0.0
35802,25752,2.0,32.082951,7.06,32.082951,7.06
35801,3313,1.0,8.508197,1.87,8.508197,1.87
35801,3865,1.0,16.368852,3.6,16.368852,3.6
35801,25752,1.0,16.368852,3.6,16.368852,3.6
35801,3870,1.0,15.188525,3.34,15.188525,3.34
35801,3865,1.0,9.967213,2.19,9.967213,2.19
35801,unknown_pos_sale,1.0,0.0,0.0,0.0,0.0
35800,3865,1.0,16.368852,3.6,16.368852,3.6
35800,25752,1.0,16.368852,3.6,16.368852,3.6
35798,25752,4.0,40.398361,8.89,40.398361,8.89
35798,3865,2.0,20.837049,4.58,20.837049,4.58
35798,unknown_pos_sale,1.0,0.0,0.0,0.0,0.0
35761,3870,2.0,32.082951,7.06,28.878033,6.35
35761,25752,3.0,48.124426,10.59,43.312951,9.53
35724,3865,2.0,32.082951,7.06,32.082951,7.06
35723,24422,2.0,32.082951,7.06,28.878033,6.35
35722,25752,2.0,32.082951,7.06,32.082951,7.06
35721,3865,2.0,32.082951,7.06,32.082951,7.06
35721,3870,1.0,15.188525,3.34,15.188525,3.34
35720,25752,2.0,32.082951,7.06,28.878033,6.35
35720,3865,1.0,9.967213,2.19,9.967213,2.19
35719,24422,3.0,48.124426,10.59,43.312951,9.53
35718,24422,1.0,16.368852,3.6,16.368852,3.6
35718,3870,1.0,15.188525,3.34,15.188525,3.34
35717,35513,2.0,36.016393,7.92,35.483607,7.81
35716,24422,2.0,32.082951,7.06,28.878033,6.35
35715,3865,2.0,20.837049,4.58,20.837049,4.58
35715,31856,1.0,5.696721,1.25,5.696721,1.25
35711,25752,2.0,32.082951,7.06,32.082951,7.06
35710,3865,1.0,16.368852,3.6,16.368852,3.6
35710,3870,1.0,15.188525,3.34,15.188525,3.34
35709,25752,2.0,20.837049,4.58,20.837049,4.58
35688,25752,1.0,16.368852,3.6,16.368852,3.6
35687,23378,2.0,29.491803,6.49,29.491803,6.49
35686,31856,1.0,18.008197,3.96,18.008197,3.96
35685,25752,1.0,16.368852,3.6,16.368852,3.6
35685,3865,1.0,10.631148,2.34,10.631148,2.34
35685,24422,1.0,16.368852,3.6,16.368852,3.6
35684,3865,6.0,93.302459,20.53,83.97459,18.47
35661,26420,1.0,29.491803,6.49,29.491803,6.49
35650,25001,1.0,18.008197,3.96,16.204918,3.57
35650,35513,2.0,36.016393,7.92,32.418033,7.13
35646,31856,3.0,16.748361,3.68,15.07623,3.32
35646,3865,1.0,9.967213,2.19,9.967213,2.19
35646,25752,1.0,10.631148,2.34,9.565574,2.1
35645,3870,2.0,32.082951,7.06,32.082951,7.06
35641,25752,3.0,48.124426,10.59,48.124426,10.59
35639,25752,6.0,93.302459,20.53,93.302459,20.53
35638,31527,2.0,64.214098,14.13,57.796066,12.72
35637,3865,2.0,32.082951,7.06,32.082951,7.06
35636,24422,2.0,32.082951,7.06,32.082951,7.06
35636,3870,1.0,15.188525,3.34,15.188525,3.34
35635,24422,2.0,32.082951,7.06,28.878033,6.35
35634,3313,3.0,28.869836,6.35,28.869836,6.35
35634,3314,3.0,27.038361,5.95,27.038361,5.95
35633,31527,1.0,32.762295,7.21,32.762295,7.21
35632,3865,2.0,32.082951,7.06,32.082951,7.06
35632,25752,2.0,32.082951,7.06,32.082951,7.06
35631,24422,2.0,32.082951,7.06,28.878033,6.35
35631,25752,2.0,20.837049,4.58,20.837049,4.58
35630,3870,1.0,16.368852,3.6,16.368852,3.6
35630,3865,1.0,16.368852,3.6,16.368852,3.6
35629,24422,2.0,32.082951,7.06,28.878033,6.35
35626,24422,2.0,32.082951,7.06,28.878033,6.35
35626,25001,1.0,18.008197,3.96,18.008197,3.96
35625,24422,4.0,62.201639,13.68,55.980328,12.32
35624,24422,1.0,16.368852,3.6,14.729508,3.24
35624,25001,1.0,18.008197,3.96,18.008197,3.96
35623,24422,2.0,32.082951,7.06,28.878033,6.35
35623,3870,1.0,15.188525,3.34,15.188525,3.34
35622,24422,4.0,62.201639,13.68,55.980328,12.32
35622,3870,1.0,15.188525,3.34,15.188525,3.34
35621,25752,1.0,10.631148,2.34,9.57377,2.11
35621,3865,2.0,32.082951,7.06,28.869836,6.35
35620,25752,2.0,32.082951,7.06,32.082951,7.06
35619,31527,1.0,32.762295,7.21,29.483607,6.49
35618,31527,2.0,64.214098,14.13,57.796066,12.72
35617,3865,1.0,16.368852,3.6,16.147541,3.55
35617,35513,1.0,18.008197,3.96,17.778689,3.91
35616,35513,2.0,36.016393,7.92,36.016393,7.92
35616,3865,2.0,32.082951,7.06,32.082951,7.06
35615,3865,2.0,32.082951,7.06,32.082951,7.06
35614,25752,2.0,20.837049,4.58,20.837049,4.58
35614,3870,1.0,16.368852,3.6,16.368852,3.6
35612,unknown_gift_item,1.0,14.745902,3.24,14.745902,3.24
35611,3865,2.0,32.082951,7.06,28.869836,6.35
35611,25001,1.0,18.008197,3.96,16.204918,3.57
35611,3313,1.0,9.819672,2.16,8.844262,1.95
35610,24422,1.0,16.368852,3.6,16.368852,3.6
35610,25001,1.0,18.008197,3.96,18.008197,3.96
35609,3313,6.0,56.561311,12.44,56.561311,12.44
35606,31856,1.0,18.008197,3.96,18.008197,3.96
35606,3865,1.0,16.368852,3.6,16.368852,3.6
35606,25752,1.0,16.368852,3.6,16.368852,3.6
35605,3865,2.0,32.082951,7.06,28.673115,6.31
35603,unknown_gift_item,1.0,8.852459,1.95,8.852459,1.95
35602,3870,1.0,16.368852,3.6,14.729508,3.24
35602,3314,1.0,9.196721,2.02,8.278689,1.82
35602,3313,1.0,9.819672,2.16,8.836066,1.94
35602,3865,1.0,5.655738,1.24,5.090164,1.12
35572,25001,2.0,35.296066,7.77,35.296066,7.77
35554,35513,2.0,36.016393,7.92,32.418033,7.13
35553,3865,5.0,77.752049,17.11,69.973361,15.39
35552,unknown_pos_sale,1.0,0.0,0.0,0.0,0.0
35552,25752,1.0,16.368852,3.6,16.221311,3.57
35552,31856,1.0,18.008197,3.96,17.860656,3.93
35551,31856,1.0,18.008197,3.96,18.008197,3.96
35545,3865,1.0,10.631148,2.34,10.631148,2.34
35545,24422,1.0,16.368852,3.6,16.368852,3.6
35544,3865,1.0,16.368852,3.6,14.729508,3.24
35537,25752,2.0,32.082951,7.06,32.082951,7.06
35537,3865,1.0,9.967213,2.19,9.967213,2.19
35535,31856,2.0,11.165574,2.46,11.165574,2.46
35535,24422,2.0,32.082951,7.06,32.082951,7.06
35535,3865,2.0,11.085246,2.44,11.085246,2.44
35534,3865,1.0,16.368852,3.6,16.368852,3.6
35534,31856,1.0,18.008197,3.96,18.008197,3.96
35533,25752,2.0,32.082951,7.06,32.082951,7.06
35532,25752,1.0,16.368852,3.6,14.729508,3.24
35532,3865,1.0,10.631148,2.34,9.57377,2.11
35529,3870,1.0,16.368852,3.6,16.016393,3.52
35520,3865,1.0,16.368852,3.6,16.368852,3.6
35520,25752,1.0,16.368852,3.6,16.368852,3.6
35512,25752,3.0,48.124426,10.59,48.124426,10.59
35510,25752,2.0,32.082951,7.06,32.082951,7.06
35509,25752,2.0,32.082951,7.06,32.082951,7.06
35508,25752,2.0,32.082951,7.06,32.082951,7.06
35507,31527,1.0,32.762295,7.21,29.483607,6.49
35468,25752,2.0,32.082951,7.06,32.082951,7.06
35458,3865,2.0,32.082951,7.06,28.878033,6.35
35457,31856,4.0,68.431148,15.05,61.586885,13.55
35456,25752,2.0,32.082951,7.06,28.869836,6.35
35456,31856,1.0,5.319672,1.17,4.795082,1.05
35445,3865,3.0,48.124426,10.59,43.312951,9.53
35445,25752,1.0,16.368852,3.6,14.729508,3.24
35424,25752,2.0,32.082951,7.06,28.878033,6.35
35424,3865,1.0,9.967213,2.19,9.967213,2.19
35424,31856,2.0,35.296066,7.77,31.755082,6.99
35424,3870,2.0,30.476393,6.7,27.43541,6.04
35424,3865,2.0,32.082951,7.06,28.878033,6.35
35423,25752,2.0,32.082951,7.06,28.878033,6.35
35422,3865,2.0,32.082951,7.06,32.082951,7.06
35422,25001,2.0,35.296066,7.77,35.296066,7.77
35422,24422,1.0,16.368852,3.6,16.368852,3.6
35421,25752,1.0,16.368852,3.6,14.729508,3.24
35421,3865,1.0,9.967213,2.19,9.967213,2.19
35419,3865,2.0,32.082951,7.06,28.878033,6.35
35418,23378,1.0,14.745902,3.24,14.745902,3.24
35417,25752,4.0,62.201639,13.68,55.980328,12.32
35416,26420,1.0,14.745902,3.24,14.745902,3.24
35412,3870,2.0,30.476393,6.7,30.476393,6.7
35411,3865,1.0,10.631148,2.34,9.565574,2.1
35411,25752,1.0,16.368852,3.6,14.729508,3.24
35411,31856,1.0,5.319672,1.17,4.795082,1.05
35408,3870,1.0,14.57377,3.21,14.57377,3.21
35408,3865,1.0,16.368852,3.6,14.729508,3.24
35407,3865,1.0,16.368852,3.6,16.368852,3.6
35407,24422,1.0,16.368852,3.6,16.368852,3.6
35407,3870,1.0,14.57377,3.21,14.57377,3.21
35399,31856,2.0,35.296066,7.77,31.763279,6.99
35399,25752,2.0,32.082951,7.06,28.878033,6.35
35398,3865,1.0,16.368852,3.6,14.729508,3.24
35398,3870,1.0,14.57377,3.21,14.57377,3.21
35395,31527,1.0,32.762295,7.21,32.762295,7.21
35394,3865,2.0,32.082951,7.06,32.082951,7.06
35394,3870,1.0,14.57377,3.21,14.57377,3.21
35393,25752,1.0,16.368852,3.6,14.729508,3.24
35393,3865,1.0,9.967213,2.19,9.967213,2.19
35392,31527,1.0,32.762295,7.21,32.762295,7.21
35391,26420,1.0,44.237705,9.73,44.237705,9.73
35390,3865,1.0,16.368852,3.6,16.368852,3.6
35390,24422,1.0,16.368852,3.6,16.368852,3.6
35389,3865,1.0,16.368852,3.6,16.368852,3.6
35389,25752,1.0,16.368852,3.6,16.368852,3.6
35388,31527,2.0,64.214098,14.13,64.214098,14.13
35387,31856,1.0,18.008197,3.96,18.008197,3.96
35387,25752,1.0,16.368852,3.6,16.368852,3.6
35386,3865,3.0,31.255574,6.88,28.132623,6.19
35378,31527,3.0,96.321148,21.19,86.69,19.07
35377,24437,1.0,8.852459,1.95,8.852459,1.95
35376,31527,1.0,32.762295,7.21,29.483607,6.49
35375,3386,18.0,127.192131,27.98,127.192131,27.98
35375,3314,12.0,105.94623,23.31,105.94623,23.31
35375,3313,6.0,51.04918,11.23,51.04918,11.23
35362,25752,1.0,16.368852,3.6,16.368852,3.6
35362,24422,1.0,16.368852,3.6,16.368852,3.6
35362,31856,1.0,18.008197,3.96,18.008197,3.96
35361,3865,1.0,10.631148,2.34,10.631148,2.34
35361,31856,1.0,5.319672,1.17,5.319672,1.17
35360,31527,1.0,32.762295,7.21,32.762295,7.21
35359,25752,4.0,62.201639,13.68,62.201639,13.68
35357,32396,1.0,16.368852,3.6,16.368852,3.6
35356,32545,1.0,18.008197,3.96,18.008197,3.96
35355,32526,1.0,15.54918,3.42,15.54918,3.42
35350,3870,2.0,30.476393,6.7,30.476393,6.7
35349,25752,1.0,16.368852,3.6,16.368852,3.6
35349,31856,1.0,5.319672,1.17,5.319672,1.17
35349,3865,1.0,10.631148,2.34,10.631148,2.34
35348,31856,1.0,18.008197,3.96,18.008197,3.96
35348,3865,1.0,10.631148,2.34,10.631148,2.34
35347,31856,2.0,35.296066,7.77,35.296066,7.77
35346,25752,2.0,32.082951,7.06,28.607541,6.29
35345,31856,2.0,35.296066,7.77,35.296066,7.77
35344,25752,1.0,16.368852,3.6,16.368852,3.6
35344,24422,1.0,17.385246,3.82,17.385246,3.82
35344,31856,1.0,18.008197,3.96,18.008197,3.96
35343,25752,2.0,32.082951,7.06,28.878033,6.35
35343,3865,10.0,155.504098,34.21,139.946721,30.79
35342,3865,2.0,32.082951,7.06,28.878033,6.35
35341,25752,1.0,16.368852,3.6,16.368852,3.6
35341,24422,1.0,16.368852,3.6,16.368852,3.6
35339,31527,1.0,32.762295,7.21,32.762295,7.21
35338,31527,1.0,32.762295,7.21,32.762295,7.21
35337,24422,1.0,16.368852,3.6,16.368852,3.6
35337,25001,1.0,18.008197,3.96,18.008197,3.96
35336,24422,1.0,16.368852,3.6,16.368852,3.6
35336,25001,1.0,18.008197,3.96,18.008197,3.96
35335,25752,1.0,16.368852,3.6,14.729508,3.24
35335,3870,1.0,15.54918,3.42,14.0,3.08
35317,31527,1.0,32.762295,7.21,32.762295,7.21
35316,3361,4.0,28.85377,6.35,28.85377,6.35
35316,3386,4.0,28.85377,6.35,28.85377,6.35
35315,3865,2.0,32.082951,7.06,32.082951,7.06
35314,3870,4.0,59.086885,13.0,59.086885,13.0
35312,3865,2.0,32.082951,7.06,32.082951,7.06
35311,31527,2.0,64.214098,14.13,64.214098,14.13
35303,25752,1.0,16.368852,3.6,16.368852,3.6
35302,25752,2.0,32.082951,7.06,32.082951,7.06
35301,3865,2.0,32.082951,7.06,30.476393,6.7
35300,unknown_pos_sale,1.0,0.0,0.0,0.0,0.0
35299,31527,1.0,32.762295,7.21,32.762295,7.21
35298,unknown_pos_sale,1.0,0.0,0.0,0.0,0.0
35297,3865,2.0,32.082951,7.06,32.082951,7.06
35297,25752,2.0,32.082951,7.06,32.082951,7.06
35296,23378,1.0,44.237705,9.73,44.237705,9.73
35294,25752,1.0,16.368852,3.6,16.368852,3.6
35293,unknown_pos_sale,1.0,0.0,0.0,0.0,0.0
35292,3865,1.0,16.368852,3.6,16.368852,3.6
35291,unknown_pos_sale,1.0,0.0,0.0,0.0,0.0
35290,3865,1.0,10.631148,2.34,10.631148,2.34
35290,25001,1.0,18.008197,3.96,18.008197,3.96
35290,31856,1.0,19.647541,4.32,19.647541,4.32
35280,unknown_pos_sale,1.0,0.0,0.0,0.0,0.0
35279,3865,1.0,10.631148,2.34,10.631148,2.34
35279,25752,1.0,16.368852,3.6,16.368852,3.6
35279,3870,1.0,15.54918,3.42,15.54918,3.42
35278,25752,2.0,32.082951,7.06,32.082951,7.06
35278,3865,2.0,20.837049,4.58,20.837049,4.58
35278,3870,2.0,30.476393,6.7,30.476393,6.7
35278,25001,1.0,18.008197,3.96,18.008197,3.96
35277,unknown_pos_sale,1.0,0.0,0.0,0.0,0.0
35276,unknown_pos_sale,1.0,0.0,0.0,0.0,0.0
35275,3865,4.0,62.201639,13.68,62.201639,13.68
35275,31856,1.0,19.647541,4.32,19.647541,4.32
35274,31527,1.0,32.762295,7.21,32.762295,7.21
35273,31527,1.0,32.762295,7.21,32.762295,7.21
35272,unknown_pos_sale,1.0,0.0,0.0,0.0,0.0
35271,unknown_pos_sale,1.0,0.0,0.0,0.0,0.0
35270,unknown_pos_sale,1.0,0.0,0.0,0.0,0.0
35269,unknown_pos_sale,1.0,0.0,0.0,0.0,0.0
35268,unknown_pos_sale,1.0,0.0,0.0,0.0,0.0
35267,unknown_pos_sale,1.0,0.0,0.0,0.0,0.0
35266,unknown_pos_sale,1.0,0.0,0.0,0.0,0.0
35265,31527,6.0,186.745082,41.08,186.745082,41.08
35255,32396,4.0,65.47541,14.4,65.47541,14.4
35255,32545,1.0,32.081967,7.06,32.081967,7.06
35254,unknown_pos_sale,1.0,0.0,0.0,0.0,0.0
35253,unknown_pos_sale,1.0,0.0,0.0,0.0,0.0
35252,unknown_pos_sale,1.0,0.0,0.0,0.0,0.0
35251,31856,1.0,19.647541,4.32,18.663934,4.11
35251,3386,1.0,7.360656,1.62,6.991803,1.54
35251,3361,1.0,7.360656,1.62,6.991803,1.54
35250,31856,1.0,19.647541,4.32,19.647541,4.32
35249,3865,3.0,48.124426,10.59,43.312951,9.53
35249,25752,3.0,48.124426,10.59,43.312951,9.53
35248,unknown_pos_sale,1.0,0.0,0.0,0.0,0.0
35245,3865,1.0,16.368852,3.6,16.368852,3.6
35245,3870,1.0,15.155738,3.33,15.155738,3.33
35244,unknown_pos_sale,1.0,0.0,0.0,0.0,0.0
35229,unknown_pos_sale,1.0,0.0,0.0,0.0,0.0
35201,25752,1.0,16.368852,3.6,16.368852,3.6
35201,3865,1.0,10.631148,2.34,10.631148,2.34
35200,unknown_pos_sale,1.0,0.0,0.0,0.0,0.0
35199,24422,2.0,35.296066,7.77,35.296066,7.77
35199,31856,1.0,19.647541,4.32,19.647541,4.32
35199,25752,3.0,48.124426,10.59,48.124426,10.59
35198,31527,1.0,32.762295,7.21,32.762295,7.21
35197,3386,6.0,42.397377,9.33,42.397377,9.33
35197,3386,6.0,42.397377,9.33,42.397377,9.33
35195,3865,4.0,62.201639,13.68,62.201639,13.68
35194,31527,1.0,32.762295,7.21,32.762295,7.21
35191,3865,4.0,62.201639,13.68,62.201639,13.68
35191,25752,4.0,62.201639,13.68,62.201639,13.68
35190,31527,1.0,32.762295,7.21,32.762295,7.21
35189,3865,1.0,16.368852,3.6,16.368852,3.6
35189,25752,1.0,16.368852,3.6,16.368852,3.6
35169,unknown_pos_sale,1.0,0.0,0.0,0.0,0.0
35167,31527,1.0,32.762295,7.21,32.762295,7.21
35166,unknown_pos_sale,1.0,0.0,0.0,0.0,0.0
35165,unknown_pos_sale,1.0,0.0,0.0,0.0,0.0
35164,unknown_pos_sale,1.0,0.0,0.0,0.0,0.0
35161,31527,1.0,32.762295,7.21,32.762295,7.21
35160,unknown_pos_sale,1.0,0.0,0.0,0.0,0.0
35159,25752,1.0,16.368852,3.6,16.368852,3.6
35159,24422,1.0,18.008197,3.96,18.008197,3.96
35158,unknown_pos_sale,1.0,0.0,0.0,0.0,0.0
35157,31527,2.0,64.214098,14.13,64.214098,14.13
35155,25001,2.0,35.296066,7.77,35.296066,7.77
35154,3865,1.0,10.631148,2.34,10.631148,2.34
35154,31856,1.0,19.647541,4.32,19.647541,4.32
35152,unknown_pos_sale,1.0,0.0,0.0,0.0,0.0
35151,3865,1.0,16.368852,3.6,16.368852,3.6
35150,unknown_pos_sale,1.0,0.0,0.0,0.0,0.0
35148,3870,7.0,103.402049,22.75,103.402049,22.75
35147,32526,1.0,15.54918,3.42,15.54918,3.42
35146,32396,1.0,16.368852,3.6,16.368852,3.6
35145,unknown_pos_sale,1.0,0.0,0.0,0.0,0.0
35144,unknown_pos_sale,1.0,0.0,0.0,0.0,0.0
35143,unknown_pos_sale,1.0,0.0,0.0,0.0,0.0
35142,32396,1.0,32.081967,7.06,32.081967,7.06
35141,31856,2.0,38.50918,8.47,38.50918,8.47
35140,26420,1.0,29.491803,6.49,29.491803,6.49
35139,unknown_pos_sale,1.0,0.0,0.0,0.0,0.0
35137,32659,1.0,35.295082,7.76,35.295082,7.76
35136,32545,1.0,62.196721,13.68,62.196721,13.68
35123,31856,1.0,19.647541,4.32,19.647541,4.32
35123,25752,1.0,16.368852,3.6,16.368852,3.6
35119,25752,1.0,16.368852,3.6,16.368852,3.6
35117,3865,1.0,16.368852,3.6,16.368852,3.6
35117,3870,1.0,15.54918,3.42,15.54918,3.42
35104,31856,1.0,19.647541,4.32,19.647541,4.32
35103,unknown_pos_sale,1.0,0.0,0.0,0.0,0.0
35102,25752,3.0,48.124426,10.59,48.124426,10.59
35101,23378,1.0,44.237705,9.73,44.237705,9.73
35100,25752,2.0,32.082951,7.06,32.082951,7.06
35099,3865,1.0,10.631148,2.34,10.098361,2.22
35099,3870,1.0,15.155738,3.33,15.155738,3.33
35099,3386,1.0,7.360656,1.62,6.991803,1.54
35098,unknown_pos_sale,1.0,0.0,0.0,0.0,0.0
35097,unknown_pos_sale,1.0,0.0,0.0,0.0,0.0
35096,3865,1.0,16.368852,3.6,15.54918,3.42
35096,31527,1.0,32.762295,7.21,31.122951,6.85
35095,3865,1.0,10.631148,2.34,10.631148,2.34
35095,25752,1.0,16.368852,3.6,16.368852,3.6
35094,31856,2.0,38.50918,8.47,38.50918,8.47
35093,unknown_pos_sale,1.0,0.0,0.0,0.0,0.0
35092,31527,1.0,32.762295,7.21,32.762295,7.21
35091,3865,1.0,16.368852,3.6,16.368852,3.6
35091,3870,1.0,15.54918,3.42,15.54918,3.42
35090,25752,1.0,16.368852,3.6,16.368852,3.6
35089,25752,1.0,16.368852,3.6,16.368852,3.6
35088,unknown_pos_sale,1.0,0.0,0.0,0.0,0.0
35087,unknown_pos_sale,1.0,0.0,0.0,0.0,0.0
35086,25752,2.0,32.082951,7.06,32.082951,7.06
35085,25026,1.0,87.622951,19.28,87.622951,19.28
35084,25752,1.0,16.368852,3.6,16.368852,3.6
35083,unknown_pos_sale,1.0,0.0,0.0,0.0,0.0
35082,unknown_pos_sale,1.0,0.0,0.0,0.0,0.0
35081,unknown_pos_sale,1.0,0.0,0.0,0.0,0.0
35080,3865,1.0,16.368852,3.6,16.368852,3.6
35079,unknown_pos_sale,1.0,0.0,0.0,0.0,0.0
35078,unknown_pos_sale,1.0,0.0,0.0,0.0,0.0
35076,31856,1.0,19.647541,4.32,19.647541,4.32
35075,unknown_pos_sale,1.0,0.0,0.0,0.0,0.0
35074,25001,1.0,18.008197,3.96,17.106557,3.76
35074,3865,1.0,16.368852,3.6,15.54918,3.42
35074,24422,1.0,18.008197,3.96,17.106557,3.76
35073,3865,2.0,32.082951,7.06,32.082951,7.06
35072,unknown_gift_item,1.0,44.237705,9.73,44.237705,9.73
35070,3865,2.0,32.082951,7.06,32.082951,7.06
35069,23378,1.0,44.237705,9.73,44.237705,9.73
35068,unknown_pos_sale,1.0,0.0,0.0,0.0,0.0
35067,unknown_pos_sale,1.0,0.0,0.0,0.0,0.0
35034,31527,3.0,96.321148,21.19,91.501475,20.13
35033,24422,4.0,68.431148,15.05,68.431148,15.05
35017,25001,1.0,18.008197,3.96,18.008197,3.96
35017,24422,1.0,18.008197,3.96,18.008197,3.96
35016,unknown_pos_sale,1.0,0.0,0.0,0.0,0.0
35015,31856,1.0,19.647541,4.32,19.647541,4.32
35014,unknown_pos_sale,1.0,0.0,0.0,0.0,0.0
35013,25001,1.0,18.008197,3.96,18.008197,3.96
35013,24422,1.0,18.008197,3.96,18.008197,3.96
35012,unknown_pos_sale,1.0,0.0,0.0,0.0,0.0
35011,31856,1.0,19.647541,4.32,19.647541,4.32
35011,31527,1.0,32.762295,7.21,32.762295,7.21
35009,unknown_pos_sale,1.0,0.0,0.0,0.0,0.0
35008,25001,4.0,68.431148,15.05,68.431148,15.05
35007,25752,1.0,16.368852,3.6,16.368852,3.6
35005,24422,2.0,35.296066,7.77,35.296066,7.77
35004,unknown_pos_sale,1.0,0.0,0.0,0.0,0.0
35003,unknown_pos_sale,1.0,0.0,0.0,0.0,0.0
35002,24437,1.0,26.557377,5.84,26.557377,5.84
35001,24437,1.0,44.262295,9.74,44.262295,9.74
35000,3865,3.0,48.124426,10.59,48.124426,10.59
35000,25752,1.0,16.368852,3.6,16.368852,3.6
34999,unknown_pos_sale,1.0,0.0,0.0,0.0,0.0
34998,3865,1.0,16.368852,3.6,16.368852,3.6
34997,3865,1.0,16.368852,3.6,16.368852,3.6
34997,3870,1.0,15.155738,3.33,15.155738,3.33
34996,unknown_pos_sale,1.0,0.0,0.0,0.0,0.0
34993,unknown_pos_sale,1.0,0.0,0.0,0.0,0.0
34992,unknown_pos_sale,1.0,0.0,0.0,0.0,0.0
34991,unknown_pos_sale,1.0,0.0,0.0,0.0,0.0
34988,25752,1.0,16.368852,3.6,16.368852,3.6
34988,24422,1.0,18.008197,3.96,18.008197,3.96
34986,32545,3.0,54.02459,11.89,54.02459,11.89
34984,unknown_pos_sale,1.0,0.0,0.0,0.0,0.0
34983,31856,1.0,19.647541,4.32,19.647541,4.32
34982,unknown_pos_sale,1.0,0.0,0.0,0.0,0.0
34981,3870,1.0,15.54918,3.42,15.54918,3.42
34980,unknown_pos_sale,1.0,0.0,0.0,0.0,0.0
34979,3865,2.0,32.082951,7.06,32.082951,7.06
34978,31856,1.0,19.647541,4.32,19.647541,4.32
34977,unknown_pos_sale,1.0,0.0,0.0,0.0,0.0
34976,unknown_pos_sale,1.0,0.0,0.0,0.0,0.0
34975,unknown_pos_sale,1.0,0.0,0.0,0.0,0.0
34974,unknown_pos_sale,1.0,0.0,0.0,0.0,0.0
34973,unknown_pos_sale,1.0,0.0,0.0,0.0,0.0
34972,unknown_pos_sale,1.0,0.0,0.0,0.0,0.0
34971,unknown_pos_sale,1.0,0.0,0.0,0.0,0.0
34970,unknown_pos_sale,1.0,0.0,0.0,0.0,0.0
34969,unknown_pos_sale,1.0,0.0,0.0,0.0,0.0
34968,23378,1.0,29.491803,6.49,29.491803,6.49
34967,unknown_pos_sale,1.0,0.0,0.0,0.0,0.0
34966,3865,1.0,10.631148,2.34,10.631148,2.34
34966,25752,1.0,16.368852,3.6,16.368852,3.6
34966,3870,1.0,15.54918,3.42,15.54918,3.42
34965,25752,1.0,16.368852,3.6,16.368852,3.6
34965,31856,1.0,19.180328,4.22,19.180328,4.22
34964,unknown_pos_sale,1.0,0.0,0.0,0.0,0.0
34963,unknown_pos_sale,1.0,0.0,0.0,0.0,0.0
34961,25752,1.0,16.368852,3.6,16.368852,3.6
34960,unknown_pos_sale,1.0,0.0,0.0,0.0,0.0
34959,unknown_pos_sale,1.0,0.0,0.0,0.0,0.0
34958,unknown_pos_sale,1.0,0.0,0.0,0.0,0.0
34957,unknown_pos_sale,1.0,0.0,0.0,0.0,0.0
34956,unknown_pos_sale,1.0,0.0,0.0,0.0,0.0
34955,unknown_pos_sale,1.0,0.0,0.0,0.0,0.0
34954,unknown_pos_sale,1.0,0.0,0.0,0.0,0.0
34953,unknown_pos_sale,1.0,0.0,0.0,0.0,0.0
34952,unknown_pos_sale,1.0,0.0,0.0,0.0,0.0
34951,unknown_pos_sale,1.0,0.0,0.0,0.0,0.0
34950,unknown_pos_sale,1.0,0.0,0.0,0.0,0.0
34949,unknown_pos_sale,1.0,0.0,0.0,0.0,0.0
34948,25752,2.0,32.082951,7.06,32.082951,7.06
34943,unknown_pos_sale,1.0,0.0,0.0,0.0,0.0
34941,unknown_pos_sale,1.0,0.0,0.0,0.0,0.0
34938,unknown_pos_sale,1.0,0.0,0.0,0.0,0.0
34937,unknown_pos_sale,1.0,0.0,0.0,0.0,0.0
34936,unknown_pos_sale,1.0,0.0,0.0,0.0,0.0
34935,unknown_pos_sale,1.0,0.0,0.0,0.0,0.0
34934,unknown_pos_sale,1.0,0.0,0.0,0.0,0.0
34933,unknown_pos_sale,1.0,0.0,0.0,0.0,0.0
34932,unknown_pos_sale,1.0,0.0,0.0,0.0,0.0
34931,unknown_pos_sale,1.0,0.0,0.0,0.0,0.0
34930,unknown_pos_sale,1.0,0.0,0.0,0.0,0.0
34929,unknown_pos_sale,1.0,0.0,0.0,0.0,0.0
34928,unknown_pos_sale,1.0,0.0,0.0,0.0,0.0
34927,unknown_pos_sale,1.0,0.0,0.0,0.0,0.0
34926,unknown_pos_sale,1.0,0.0,0.0,0.0,0.0
34925,25752,1.0,16.368852,3.6,16.368852,3.6
34923,unknown_pos_sale,1.0,0.0,0.0,0.0,0.0
34921,24422,2.0,35.296066,7.77,34.919016,7.68
34920,unknown_pos_sale,1.0,0.0,0.0,0.0,0.0
34919,3865,1.0,16.368852,3.6,16.368852,3.6
34918,23378,2.0,29.49,6.49,29.49,6.49
34917,unknown_pos_sale,1.0,0.0,0.0,0.0,0.0
34916,25752,4.0,62.201639,13.68,62.201639,13.68
34915,unknown_pos_sale,1.0,0.0,0.0,0.0,0.0
34914,unknown_pos_sale,1.0,0.0,0.0,0.0,0.0
34913,31856,2.0,38.50918,8.47,38.50918,8.47
34912,25752,3.0,48.124426,10.59,48.124426,10.59
34905,unknown_pos_sale,1.0,0.0,0.0,0.0,0.0
34905,31856,1.0,19.647541,4.32,19.647541,4.32
34904,3865,2.0,20.837049,4.58,20.837049,4.58
34903,25752,2.0,32.082951,7.06,32.082951,7.06
34903,31856,1.0,19.647541,4.32,19.647541,4.32
34902,unknown_pos_sale,1.0,0.0,0.0,0.0,0.0
34900,3870,1.0,15.54918,3.42,15.54918,3.42
34900,25752,1.0,16.368852,3.6,16.368852,3.6
34899,unknown_pos_sale,1.0,0.0,0.0,0.0,0.0
34898,31856,1.0,19.647541,4.32,19.647541,4.32
34897,unknown_pos_sale,1.0,0.0,0.0,0.0,0.0
34894,unknown_pos_sale,1.0,0.0,0.0,0.0,0.0
34893,unknown_pos_sale,1.0,0.0,0.0,0.0,0.0
34892,unknown_pos_sale,1.0,0.0,0.0,0.0,0.0
34891,unknown_pos_sale,1.0,0.0,0.0,0.0,0.0
34890,25752,1.0,16.368852,3.6,16.368852,3.6
34889,25001,1.0,18.008197,3.96,18.008197,3.96
34889,24422,1.0,18.008197,3.96,18.008197,3.96
34888,unknown_pos_sale,1.0,0.0,0.0,0.0,0.0
34887,unknown_pos_sale,1.0,0.0,0.0,0.0,0.0
34886,unknown_pos_sale,1.0,0.0,0.0,0.0,0.0
34885,3865,1.0,10.631148,2.34,10.52459,2.32
34885,3870,1.0,15.155738,3.33,15.04918,3.31
34885,25001,1.0,18.008197,3.96,17.901639,3.94
34884,23378,1.0,17.704918,3.9,17.704918,3.9
34883,26420,1.0,29.491803,6.49,29.491803,6.49
34882,unknown_pos_sale,1.0,0.0,0.0,0.0,0.0
34881,unknown_pos_sale,1.0,0.0,0.0,0.0,0.0
34880,unknown_pos_sale,1.0,0.0,0.0,0.0,0.0
34879,unknown_pos_sale,1.0,0.0,0.0,0.0,0.0
34878,unknown_pos_sale,1.0,0.0,0.0,0.0,0.0
34877,unknown_pos_sale,1.0,0.0,0.0,0.0,0.0
34876,unknown_pos_sale,1.0,0.0,0.0,0.0,0.0
34875,unknown_pos_sale,1.0,0.0,0.0,0.0,0.0
34874,unknown_pos_sale,1.0,0.0,0.0,0.0,0.0
34873,unknown_pos_sale,1.0,0.0,0.0,0.0,0.0
34872,3865,10.0,155.504098,34.21,139.954918,30.79
34871,unknown_pos_sale,1.0,0.0,0.0,0.0,0.0
34870,unknown_pos_sale,1.0,0.0,0.0,0.0,0.0
34868,3865,2.0,32.082951,7.06,32.082951,7.06
34868,3870,2.0,30.476393,6.7,30.476393,6.7
34866,unknown_pos_sale,1.0,0.0,0.0,0.0,0.0
34865,unknown_pos_sale,1.0,0.0,0.0,0.0,0.0
34864,3865,1.0,10.631148,2.34,9.57377,2.11
34864,31856,1.0,19.647541,4.32,17.680328,3.89
34864,25752,1.0,16.368852,3.6,14.729508,3.24
34863,25752,3.0,31.255574,6.88,31.255574,6.88
34862,unknown_pos_sale,1.0,0.0,0.0,0.0,0.0
34861,25752,1.0,16.368852,3.6,16.368852,3.6
34861,31856,3.0,57.76377,12.71,57.76377,12.71
34860,unknown_pos_sale,1.0,0.0,0.0,0.0,0.0
34859,31856,2.0,38.50918,8.47,38.50918,8.47
34855,unknown_pos_sale,1.0,0.0,0.0,0.0,0.0
34852,unknown_pos_sale,1.0,0.0,0.0,0.0,0.0
34851,unknown_pos_sale,1.0,0.0,0.0,0.0,0.0
34847,3865,3.0,48.124426,10.59,48.124426,10.59
34847,25752,1.0,16.368852,3.6,16.368852,3.6
34846,unknown_pos_sale,1.0,0.0,0.0,0.0,0.0
34845,unknown_pos_sale,1.0,0.0,0.0,0.0,0.0
34844,unknown_pos_sale,1.0,0.0,0.0,0.0,0.0
34843,unknown_pos_sale,1.0,0.0,0.0,0.0,0.0
34842,unknown_pos_sale,1.0,0.0,0.0,0.0,0.0
34841,unknown_pos_sale,1.0,0.0,0.0,0.0,0.0
34840,unknown_pos_sale,1.0,0.0,0.0,0.0,0.0
34839,unknown_pos_sale,1.0,0.0,0.0,0.0,0.0
34838,unknown_pos_sale,1.0,0.0,0.0,0.0,0.0
34836,unknown_pos_sale,1.0,0.0,0.0,0.0,0.0
34835,unknown_pos_sale,1.0,0.0,0.0,0.0,0.0
34834,unknown_pos_sale,1.0,0.0,0.0,0.0,0.0
34833,unknown_pos_sale,1.0,0.0,0.0,0.0,0.0
34832,unknown_pos_sale,1.0,0.0,0.0,0.0,0.0
34831,unknown_pos_sale,1.0,0.0,0.0,0.0,0.0
34830,unknown_pos_sale,1.0,0.0,0.0,0.0,0.0
34829,unknown_pos_sale,1.0,0.0,0.0,0.0,0.0
34827,unknown_pos_sale,1.0,0.0,0.0,0.0,0.0
34826,unknown_pos_sale,1.0,0.0,0.0,0.0,0.0
34824,unknown_pos_sale,1.0,0.0,0.0,0.0,0.0
34823,unknown_pos_sale,1.0,0.0,0.0,0.0,0.0
34822,unknown_pos_sale,1.0,0.0,0.0,0.0,0.0
34821,unknown_pos_sale,1.0,0.0,0.0,0.0,0.0
34820,unknown_pos_sale,1.0,0.0,0.0,0.0,0.0
34819,unknown_pos_sale,1.0,0.0,0.0,0.0,0.0
34818,unknown_pos_sale,1.0,0.0,0.0,0.0,0.0
34817,unknown_pos_sale,1.0,0.0,0.0,0.0,0.0
34816,unknown_pos_sale,1.0,0.0,0.0,0.0,0.0
34815,unknown_pos_sale,1.0,0.0,0.0,0.0,0.0
34814,unknown_pos_sale,1.0,0.0,0.0,0.0,0.0
34813,unknown_pos_sale,1.0,0.0,0.0,0.0,0.0
34812,unknown_pos_sale,1.0,0.0,0.0,0.0,0.0
34811,unknown_pos_sale,1.0,0.0,0.0,0.0,0.0
34810,unknown_pos_sale,1.0,0.0,0.0,0.0,0.0
34809,unknown_pos_sale,1.0,0.0,0.0,0.0,0.0
34808,unknown_pos_sale,1.0,0.0,0.0,0.0,0.0
34807,unknown_pos_sale,1.0,0.0,0.0,0.0,0.0
34806,unknown_pos_sale,1.0,0.0,0.0,0.0,0.0
34805,unknown_pos_sale,1.0,0.0,0.0,0.0,0.0
34803,unknown_pos_sale,1.0,0.0,0.0,0.0,0.0
34802,unknown_pos_sale,1.0,0.0,0.0,0.0,0.0
34801,unknown_pos_sale,1.0,0.0,0.0,0.0,0.0
34799,unknown_pos_sale,1.0,0.0,0.0,0.0,0.0
34798,unknown_pos_sale,1.0,0.0,0.0,0.0,0.0
34797,24422,1.0,18.008197,3.96,18.008197,3.96
34797,25752,1.0,16.368852,3.6,16.368852,3.6
34776,24422,1.0,18.008197,3.96,16.213115,3.57
34776,31856,1.0,19.647541,4.32,17.680328,3.89
34776,3865,1.0,15.959016,3.51,15.959016,3.51
34771,unknown_pos_sale,1.0,0.0,0.0,0.0,0.0
34770,unknown_pos_sale,1.0,0.0,0.0,0.0,0.0
34759,unknown_gift_item,1.0,29.491803,6.49,29.491803,6.49
34758,unknown_gift_item,1.0,29.491803,6.49,29.491803,6.49
34757,unknown_gift_item,1.0,14.745902,3.24,14.745902,3.24
34756,unknown_pos_sale,1.0,0.0,0.0,0.0,0.0
34755,unknown_pos_sale,1.0,0.0,0.0,0.0,0.0
34754,25752,1.0,16.368852,3.6,15.54918,3.42
34754,24422,1.0,18.008197,3.96,17.106557,3.76
34753,unknown_pos_sale,1.0,0.0,0.0,0.0,0.0
34752,unknown_pos_sale,1.0,0.0,0.0,0.0,0.0
34751,unknown_pos_sale,1.0,0.0,0.0,0.0,0.0
34750,3865,1.0,16.368852,3.6,16.368852,3.6
34750,3870,1.0,15.155738,3.33,15.155738,3.33
34749,unknown_pos_sale,1.0,0.0,0.0,0.0,0.0
34747,unknown_pos_sale,1.0,0.0,0.0,0.0,0.0
34746,31856,1.0,19.647541,4.32,19.319672,4.25
34746,25752,1.0,10.631148,2.34,10.303279,2.27
34745,unknown_pos_sale,1.0,0.0,0.0,0.0,0.0
34744,unknown_pos_sale,1.0,0.0,0.0,0.0,0.0
34742,unknown_pos_sale,1.0,0.0,0.0,0.0,0.0
34740,25752,2.0,32.082951,7.06,32.082951,7.06
34740,3865,1.0,16.368852,3.6,16.368852,3.6
34738,3870,2.0,30.476393,6.7,30.476393,6.7
34737,unknown_pos_sale,1.0,0.0,0.0,0.0,0.0
34736,unknown_pos_sale,1.0,0.0,0.0,0.0,0.0
34735,3870,1.0,15.54918,3.42,15.54918,3.42
34735,25001,1.0,18.008197,3.96,18.008197,3.96
34735,25752,1.0,16.368852,3.6,16.368852,3.6
34734,unknown_pos_sale,1.0,0.0,0.0,0.0,0.0
34733,unknown_pos_sale,1.0,0.0,0.0,0.0,0.0
34732,unknown_pos_sale,1.0,0.0,0.0,0.0,0.0
34731,unknown_pos_sale,1.0,0.0,0.0,0.0,0.0
34730,unknown_pos_sale,1.0,0.0,0.0,0.0,0.0
34729,unknown_gift_item,1.0,8.852459,1.95,8.852459,1.95
34728,unknown_pos_sale,1.0,0.0,0.0,0.0,0.0
34727,25752,2.0,32.082951,7.06,32.082951,7.06
34727,31856,1.0,19.647541,4.32,19.647541,4.32
34726,unknown_pos_sale,1.0,0.0,0.0,0.0,0.0
34725,unknown_pos_sale,1.0,0.0,0.0,0.0,0.0
34724,31856,2.0,38.50918,8.47,38.50918,8.47
34724,25752,1.0,16.368852,3.6,16.368852,3.6
34723,31527,1.0,32.762295,7.21,32.762295,7.21
34723,25752,2.0,20.837049,4.58,20.837049,4.58
34722,unknown_pos_sale,1.0,0.0,0.0,0.0,0.0
34721,25752,3.0,48.124426,10.59,48.124426,10.59
34713,unknown_pos_sale,1.0,0.0,0.0,0.0,0.0
34712,unknown_pos_sale,1.0,0.0,0.0,0.0,0.0
34711,31527,1.0,32.762295,7.21,32.762295,7.21
34710,unknown_pos_sale,1.0,0.0,0.0,0.0,0.0
34709,unknown_pos_sale,1.0,0.0,0.0,0.0,0.0
34695,unknown_pos_sale,1.0,0.0,0.0,0.0,0.0
34694,unknown_pos_sale,1.0,0.0,0.0,0.0,0.0
34684,25752,1.0,10.631148,2.34,10.098361,2.22
34684,3870,1.0,15.54918,3.42,14.770492,3.25
34684,unknown_pos_sale,1.0,0.0,0.0,0.0,0.0
34684,3865,1.0,10.631148,2.34,10.098361,2.22
34683,31527,1.0,32.762295,7.21,32.762295,7.21
34682,unknown_pos_sale,1.0,0.0,0.0,0.0,0.0
34681,25001,3.0,52.944098,11.65,47.64082,10.48
34681,24422,3.0,52.944098,11.65,47.657213,10.48
34681,unknown_pos_sale,1.0,0.0,0.0,0.0,0.0
34680,3865,2.0,32.082951,7.06,32.082951,7.06
34680,3870,1.0,15.155738,3.33,15.155738,3.33
34680,31856,2.0,38.50918,8.47,38.50918,8.47
34680,unknown_pos_sale,1.0,0.0,0.0,0.0,0.0
34679,unknown_pos_sale,1.0,0.0,0.0,0.0,0.0
34678,25001,1.0,18.008197,3.96,18.008197,3.96
34678,24422,1.0,18.008197,3.96,18.008197,3.96
34677,unknown_pos_sale,1.0,0.0,0.0,0.0,0.0
34676,3865,2.0,20.837049,4.58,20.837049,4.58
34676,25752,2.0,20.837049,4.58,20.837049,4.58
34667,unknown_pos_sale,1.0,0.0,0.0,0.0,0.0
34666,unknown_pos_sale,1.0,0.0,0.0,0.0,0.0
34665,unknown_pos_sale,1.0,0.0,0.0,0.0,0.0
34662,unknown_pos_sale,1.0,0.0,0.0,0.0,0.0
34661,unknown_pos_sale,1.0,0.0,0.0,0.0,0.0
34660,unknown_pos_sale,1.0,0.0,0.0,0.0,0.0
34659,unknown_pos_sale,1.0,0.0,0.0,0.0,0.0
34658,unknown_pos_sale,1.0,0.0,0.0,0.0,0.0
34657,unknown_pos_sale,1.0,0.0,0.0,0.0,0.0
34656,unknown_pos_sale,1.0,0.0,0.0,0.0,0.0
34655,unknown_pos_sale,1.0,0.0,0.0,0.0,0.0
34654,unknown_pos_sale,1.0,0.0,0.0,0.0,0.0
34653,unknown_pos_sale,1.0,0.0,0.0,0.0,0.0
34652,26420,1.0,14.745902,3.24,14.745902,3.24
34651,unknown_pos_sale,1.0,0.0,0.0,0.0,0.0
34650,unknown_pos_sale,1.0,0.0,0.0,0.0,0.0
34650,31856,1.0,19.647541,4.32,18.663934,4.11
34650,3865,1.0,15.959016,3.51,15.959016,3.51
34650,25752,1.0,16.368852,3.6,15.54918,3.42
34649,25752,3.0,48.124426,10.59,43.304754,9.53
34649,31856,2.0,38.50918,8.47,34.664918,7.63
34648,unknown_pos_sale,1.0,0.0,0.0,0.0,0.0
34647,3865,2.0,32.082951,7.06,32.082951,7.06
34646,unknown_pos_sale,1.0,0.0,0.0,0.0,0.0
34644,unknown_pos_sale,1.0,0.0,0.0,0.0,0.0
34643,unknown_pos_sale,1.0,0.0,0.0,0.0,0.0
34642,unknown_pos_sale,1.0,0.0,0.0,0.0,0.0
34641,unknown_pos_sale,1.0,0.0,0.0,0.0,0.0
34640,unknown_pos_sale,1.0,0.0,0.0,0.0,0.0
34640,31856,1.0,19.647541,4.32,19.647541,4.32
34640,25752,1.0,10.631148,2.34,10.631148,2.34
34639,3865,1.0,16.368852,3.6,15.54918,3.42
34639,24422,1.0,18.008197,3.96,17.106557,3.76
34638,31856,2.0,38.50918,8.47,38.50918,8.47
34638,25752,2.0,20.837049,4.58,20.837049,4.58
34637,unknown_pos_sale,1.0,0.0,0.0,0.0,0.0
34636,25752,2.0,32.082951,7.06,32.082951,7.06
34634,23378,1.0,17.704918,3.9,17.704918,3.9
34633,unknown_pos_sale,1.0,0.0,0.0,0.0,0.0
34633,25752,1.0,16.368852,3.6,16.368852,3.6
34631,31527,1.0,32.762295,7.21,32.762295,7.21
34629,unknown_pos_sale,1.0,0.0,0.0,0.0,0.0
34628,unknown_pos_sale,1.0,0.0,0.0,0.0,0.0
34627,unknown_pos_sale,1.0,0.0,0.0,0.0,0.0
34626,3865,1.0,10.631148,2.34,10.631148,2.34
34626,25752,1.0,10.631148,2.34,10.631148,2.34
34626,3870,1.0,15.54918,3.42,15.54918,3.42
34625,unknown_pos_sale,1.0,0.0,0.0,0.0,0.0
34624,unknown_pos_sale,1.0,0.0,0.0,0.0,0.0
34622,31856,2.0,38.50918,8.47,38.50918,8.47
34621,3870,1.0,15.54918,3.42,14.770492,3.25
34621,25752,1.0,16.368852,3.6,15.54918,3.42
34620,31527,1.0,32.762295,7.21,32.762295,7.21
34619,3865,1.0,10.631148,2.34,10.631148,2.34
34619,24422,1.0,18.008197,3.96,18.008197,3.96
34619,25752,1.0,10.631148,2.34,10.631148,2.34
34618,unknown_pos_sale,1.0,0.0,0.0,0.0,0.0
34617,31527,1.0,32.762295,7.21,32.762295,7.21
34617,unknown_pos_sale,1.0,0.0,0.0,0.0,0.0
34617,25752,1.0,10.631148,2.34,10.631148,2.34
34616,3865,2.0,32.082951,7.06,32.082951,7.06
34616,3870,1.0,15.155738,3.33,15.155738,3.33
34615,31527,2.0,64.214098,14.13,60.992787,13.42
34615,3865,1.0,16.368852,3.6,15.557377,3.42
34615,3870,1.0,15.155738,3.33,15.155738,3.33
34615,unknown_pos_sale,1.0,0.0,0.0,0.0,0.0
34614,25001,1.0,18.008197,3.96,17.106557,3.76
34614,24422,1.0,18.008197,3.96,17.106557,3.76
34614,3870,1.0,15.54918,3.42,14.770492,3.25
34613,25752,1.0,16.368852,3.6,15.54918,3.42
34613,24422,1.0,18.008197,3.96,17.106557,3.76
34612,3865,1.0,16.368852,3.6,16.368852,3.6
34612,3870,1.0,15.54918,3.42,15.54918,3.42
34612,25752,1.0,16.368852,3.6,16.368852,3.6
34611,31527,1.0,32.762295,7.21,32.762295,7.21
34610,unknown_pos_sale,1.0,0.0,0.0,0.0,0.0
34609,unknown_pos_sale,1.0,0.0,0.0,0.0,0.0
34608,24422,2.0,35.296066,7.77,35.296066,7.77
34607,31856,1.0,19.647541,4.32,19.647541,4.32
34607,3865,1.0,15.959016,3.51,15.959016,3.51
34606,unknown_pos_sale,1.0,0.0,0.0,0.0,0.0
34605,25752,3.0,48.124426,10.59,48.124426,10.59
34605,31856,1.0,19.647541,4.32,19.647541,4.32
34605,3865,1.0,16.368852,3.6,16.368852,3.6
34605,unknown_pos_sale,1.0,0.0,0.0,0.0,0.0
34602,unknown_pos_sale,1.0,0.0,0.0,0.0,0.0
34601,3865,1.0,16.368852,3.6,16.368852,3.6
34601,25752,1.0,16.368852,3.6,16.368852,3.6
34601,3870,1.0,15.155738,3.33,15.155738,3.33
34600,25026,1.0,17.52459,3.86,17.52459,3.86
34599,24437,1.0,14.745902,3.24,14.745902,3.24
34598,31856,1.0,19.647541,4.32,19.647541,4.32
34598,3865,1.0,15.959016,3.51,15.959016,3.51
34598,3865,1.0,10.631148,2.34,10.631148,2.34
34597,unknown_pos_sale,1.0,0.0,0.0,0.0,0.0
34596,unknown_pos_sale,1.0,0.0,0.0,0.0,0.0
34594,25001,2.0,35.296066,7.77,35.296066,7.77
34594,3865,1.0,10.631148,2.34,10.631148,2.34
34594,25752,1.0,10.631148,2.34,10.631148,2.34
34581,3865,1.0,16.368852,3.6,15.54918,3.42
34581,unknown_pos_sale,1.0,0.0,0.0,0.0,0.0
34581,25752,1.0,16.368852,3.6,15.54918,3.42
34581,31856,1.0,19.647541,4.32,18.663934,4.11
34581,3870,1.0,15.54918,3.42,14.778689,3.25
34581,24422,1.0,18.008197,3.96,17.106557,3.76
34580,31527,1.0,32.762295,7.21,32.762295,7.21
34579,31856,1.0,19.647541,4.32,19.647541,4.32
34578,31856,2.0,38.50918,8.47,36.582951,8.05
34578,3865,1.0,15.959016,3.51,15.959016,3.51
34577,3865,6.0,93.302459,20.53,93.302459,20.53
34577,unknown_pos_sale,1.0,0.0,0.0,0.0,0.0
34574,3870,1.0,15.54918,3.42,15.54918,3.42
34574,25752,1.0,16.368852,3.6,16.368852,3.6
34572,unknown_pos_sale,1.0,0.0,0.0,0.0,0.0
34570,3870,2.0,30.476393,6.7,30.476393,6.7
34570,25752,2.0,20.837049,4.58,20.837049,4.58
34569,unknown_pos_sale,1.0,0.0,0.0,0.0,0.0
34565,32526,1.0,15.54918,3.42,15.54918,3.42
34565,32545,1.0,18.008197,3.96,18.008197,3.96
34565,32396,1.0,16.368852,3.6,16.368852,3.6
34562,3865,2.0,32.082951,7.06,32.082951,7.06
34561,31527,1.0,32.762295,7.21,29.483607,6.49
34558,25001,1.0,18.008197,3.96,18.008197,3.96
34558,25752,1.0,16.368852,3.6,16.368852,3.6
34552,24422,2.0,35.296066,7.77,35.296066,7.77
34551,25752,3.0,48.124426,10.59,48.124426,10.59
34550,25752,2.0,20.837049,4.58,20.837049,4.58
34550,31856,1.0,19.647541,4.32,19.647541,4.32
34549,unknown_pos_sale,1.0,5.311475,1.17,5.311475,1.17
34548,3870,2.0,30.476393,6.7,30.476393,6.7
34548,25752,1.0,16.368852,3.6,16.368852,3.6
34548,3865,1.0,16.368852,3.6,16.368852,3.6
34547,25752,2.0,20.837049,4.58,20.837049,4.58
34546,unknown_pos_sale,1.0,5.311475,1.17,5.311475,1.17
34545,unknown_pos_sale,1.0,5.311475,1.17,5.311475,1.17
34544,3865,1.0,16.368852,3.6,16.368852,3.6
34544,25752,1.0,16.368852,3.6,16.368852,3.6
34543,unknown_pos_sale,1.0,5.311475,1.17,5.311475,1.17
34537,unknown_pos_sale,1.0,5.311475,1.17,5.311475,1.17
34536,31527,1.0,32.762295,7.21,32.762295,7.21
34535,25001,1.0,18.008197,3.96,18.008197,3.96
34534,23378,1.0,44.237705,9.73,44.237705,9.73
34533,31527,1.0,32.762295,7.21,32.762295,7.21
34532,3865,2.0,20.837049,4.58,20.837049,4.58
34532,3870,1.0,15.54918,3.42,15.54918,3.42
34531,24422,2.0,35.296066,7.77,33.53377,7.38
34530,31527,1.0,32.762295,7.21,32.762295,7.21
34529,31527,4.0,124.496721,27.39,112.045902,24.65
34529,unknown_pos_sale,1.0,0.0,0.0,0.0,0.0
34527,31527,1.0,32.762295,7.21,31.122951,6.85
34503,unknown_pos_sale,1.0,5.311475,1.17,5.311475,1.17
34502,31527,1.0,32.762295,7.21,32.762295,7.21
34501,3865,2.0,32.082951,7.06,32.082951,7.06
34500,3865,2.0,32.082951,7.06,32.082951,7.06
34499,24422,1.0,18.008197,3.96,18.008197,3.96
34499,31856,1.0,19.647541,4.32,19.647541,4.32
34449,3865,2.0,32.082951,7.06,32.082951,7.06
34448,25001,1.0,18.008197,3.96,18.008197,3.96
34448,24422,1.0,18.008197,3.96,18.008197,3.96
34384,25752,4.0,40.398361,8.89,36.357377,8.0
34384,3865,1.0,10.229508,2.25,10.229508,2.25
34383,3865,2.0,32.082951,7.06,32.082951,7.06
34382,31856,2.0,38.50918,8.47,36.582951,8.05
34370,25001,1.0,18.008197,3.96,18.008197,3.96
34370,25752,1.0,10.631148,2.34,10.631148,2.34
34244,unknown_pos_sale,3.0,15.934426,3.51,15.934426,3.51
34212,unknown_pos_sale,1.0,5.311475,1.17,5.311475,1.17
34207,3870,2.0,30.476393,6.7,30.476393,6.7
34207,25752,2.0,32.082951,7.06,32.082951,7.06
34207,3865,2.0,32.082951,7.06,32.082951,7.06
34207,unknown_pos_sale,1.0,0.0,0.0,0.0,0.0
34155,25752,1.0,10.631148,2.34,10.098361,2.22
34155,3865,1.0,10.631148,2.34,10.098361,2.22
34155,3870,1.0,15.155738,3.33,15.155738,3.33
34135,25752,3.0,31.255574,6.88,31.255574,6.88
34135,25752,1.0,16.368852,3.6,16.368852,3.6
34095,3865,2.0,32.082951,7.06,32.082951,7.06
34091,24422,1.0,18.008197,3.96,18.008197,3.96
34091,25752,2.0,20.837049,4.58,20.837049,4.58
34091,31856,1.0,19.647541,4.32,19.647541,4.32
34090,3865,1.0,16.368852,3.6,16.368852,3.6
34090,25001,2.0,35.296066,7.77,35.296066,7.77
34090,3870,1.0,15.54918,3.42,15.54918,3.42
34090,31856,1.0,19.647541,4.32,19.647541,4.32
34090,unknown_pos_sale,1.0,0.0,0.0,0.0,0.0
34070,31527,1.0,32.762295,7.21,31.122951,6.85
34047,3865,2.0,32.082951,7.06,32.082951,7.06
34047,24422,2.0,35.296066,7.77,35.296066,7.77
34047,3870,1.0,15.155738,3.33,15.155738,3.33
34047,unknown_pos_sale,1.0,0.0,0.0,0.0,0.0
34046,25752,2.0,32.082951,7.06,32.082951,7.06
34045,31527,1.0,32.762295,7.21,29.483607,6.49
34044,25001,2.0,35.296066,7.77,34.820656,7.66
34030,24422,1.0,18.008197,3.96,17.106557,3.76
34030,31856,1.0,19.647541,4.32,18.663934,4.11
34030,3865,1.0,15.959016,3.51,15.959016,3.51
33993,25752,4.0,62.201639,13.68,62.201639,13.68
33943,3870,2.0,30.476393,6.7,30.476393,6.7
33943,24422,1.0,18.008197,3.96,18.008197,3.96
33943,25001,2.0,35.296066,7.77,35.296066,7.77
33943,unknown_pos_sale,1.0,0.0,0.0,0.0,0.0
33933,3870,2.0,30.476393,6.7,30.476393,6.7
33916,32396,1.0,62.196721,13.68,62.196721,13.68
33914,3865,1.0,16.368852,3.6,16.368852,3.6
33914,25752,1.0,10.631148,2.34,10.631148,2.34
33895,25752,2.0,32.082951,7.06,32.082951,7.06
33894,31856,4.0,74.660656,16.43,67.193443,14.78
33893,3865,4.0,62.201639,13.68,62.201639,13.68
33892,25752,4.0,40.398361,8.89,40.398361,8.89
33891,31527,1.0,32.762295,7.21,32.762295,7.21
33890,24422,1.0,18.008197,3.96,17.762295,3.91
33890,25001,1.0,18.008197,3.96,17.762295,3.91
33889,32526,1.0,15.54918,3.42,15.54918,3.42
33888,32396,1.0,16.368852,3.6,16.368852,3.6
33862,32396,1.0,32.081967,7.06,32.081967,7.06
33641,23378,1.0,44.237705,9.73,44.237705,9.73
33285,3865,1.0,16.368852,3.6,16.368852,3.6
33285,3870,1.0,15.54918,3.42,15.54918,3.42
33285,25752,1.0,16.368852,3.6,16.368852,3.6
33284,25026,1.0,87.622951,19.28,87.622951,19.28
33283,3865,4.0,62.201639,13.68,59.086885,13.0
33283,3870,4.0,59.086885,13.0,56.136066,12.35
33283,unknown_pos_sale,1.0,0.0,0.0,0.0,0.0
33282,31527,1.0,32.762295,7.21,32.762295,7.21
33281,3870,1.0,15.54918,3.42,14.770492,3.25
33281,25752,1.0,10.631148,2.34,10.098361,2.22
33281,3865,1.0,16.368852,3.6,15.54918,3.42
33280,25752,2.0,32.082951,7.06,32.082951,7.06
33279,31527,1.0,32.762295,7.21,32.762295,7.21
33278,31527,1.0,32.762295,7.21,32.762295,7.21
33277,3386,1.0,7.360656,1.62,7.360656,1.62
33277,3361,1.0,7.360656,1.62,7.360656,1.62
33276,3865,1.0,10.631148,2.34,10.098361,2.22
33276,24422,1.0,18.008197,3.96,17.106557,3.76
33276,3870,1.0,15.54918,3.42,14.770492,3.25
33275,3865,1.0,16.368852,3.6,15.54918,3.42
33275,25752,1.0,16.368852,3.6,15.54918,3.42
33274,3865,1.0,16.368852,3.6,16.368852,3.6
33274,25752,1.0,16.368852,3.6,16.368852,3.6
33273,25752,3.0,48.124426,10.59,48.124426,10.59
33270,25001,1.0,18.008197,3.96,15.959016,3.51
33270,24422,1.0,18.008197,3.96,15.959016,3.51
33268,25752,2.0,32.082951,7.06,32.082951,7.06
33268,3870,1.0,15.54918,3.42,15.54918,3.42
33267,31527,1.0,32.762295,7.21,32.762295,7.21
33266,25752,2.0,32.082951,7.06,30.476393,6.7
33265,3865,1.0,16.368852,3.6,15.54918,3.42
33265,3870,1.0,15.54918,3.42,14.770492,3.25
33264,31856,1.0,19.647541,4.32,19.647541,4.32
33263,23378,1.0,44.237705,9.73,44.237705,9.73
33262,24422,2.0,35.296066,7.77,33.53377,7.38
33262,25752,3.0,48.124426,10.59,45.71459,10.06
33262,3865,3.0,48.124426,10.59,45.722787,10.06
33262,unknown_pos_sale,1.0,0.0,0.0,0.0,0.0
33260,25001,1.0,18.008197,3.96,18.008197,3.96
33260,3870,1.0,15.54918,3.42,15.54918,3.42
33260,3865,2.0,32.082951,7.06,32.082951,7.06
33259,31856,2.0,38.50918,8.47,38.50918,8.47
33259,3865,1.0,15.959016,3.51,15.959016,3.51
33258,25752,3.0,48.124426,10.59,48.124426,10.59
33257,25752,1.0,16.368852,3.6,15.54918,3.42
33257,3870,1.0,15.54918,3.42,14.778689,3.25
33257,25001,1.0,18.008197,3.96,17.106557,3.76
33257,24422,1.0,18.008197,3.96,17.106557,3.76
33257,31856,1.0,19.180328,4.22,19.180328,4.22
33257,unknown_pos_sale,1.0,0.0,0.0,0.0,0.0
33252,3865,2.0,32.082951,7.06,32.082951,7.06
33251,25752,2.0,32.082951,7.06,30.476393,6.7
33250,31527,3.0,96.321148,21.19,91.501475,20.13
33250,unknown_pos_sale,1.0,0.0,0.0,0.0,0.0
33227,25752,2.0,32.082951,7.06,32.082951,7.06
33227,31856,1.0,19.647541,4.32,19.647541,4.32
33225,32545,1.0,10.631148,2.34,10.106557,2.22
33225,3386,3.0,21.640328,4.76,20.550164,4.52
33224,3870,1.0,15.54918,3.42,15.54918,3.42
33223,31527,1.0,32.762295,7.21,32.762295,7.21
33222,31527,4.0,124.496721,27.39,118.27541,26.02
33222,unknown_pos_sale,1.0,0.0,0.0,0.0,0.0
33221,3865,3.0,31.255574,6.88,31.255574,6.88
33221,3386,6.0,42.397377,9.33,42.397377,9.33
33220,3865,3.0,31.255574,6.88,31.255574,6.88
33220,3386,6.0,42.397377,9.33,42.397377,9.33
33219,3870,2.0,30.476393,6.7,30.476393,6.7
33218,31527,1.0,32.762295,7.21,31.122951,6.85
33217,3865,2.0,32.082951,7.06,32.082951,7.06
33217,3870,1.0,15.54918,3.42,15.54918,3.42
33217,31856,2.0,38.50918,8.47,38.50918,8.47
33217,unknown_pos_sale,1.0,0.0,0.0,0.0,0.0
33216,23378,1.0,29.491803,6.49,29.491803,6.49
33215,3865,2.0,32.082951,7.06,32.082951,7.06
33214,31856,2.0,38.50918,8.47,38.50918,8.47
33213,23378,2.0,29.49,6.49,29.49,6.49
33212,3865,2.0,32.082951,7.06,32.082951,7.06
33211,31856,3.0,57.76377,12.71,57.76377,12.71
33211,3865,1.0,15.959016,3.51,15.959016,3.51
33210,25752,1.0,16.368852,3.6,16.368852,3.6
33210,31856,1.0,19.180328,4.22,19.180328,4.22
33209,3865,2.0,32.082951,7.06,32.082951,7.06
33209,3870,1.0,15.54918,3.42,15.54918,3.42
33208,3870,1.0,15.54918,3.42,15.54918,3.42
33208,25001,1.0,18.008197,3.96,18.008197,3.96
33208,3865,1.0,16.368852,3.6,16.368852,3.6
33207,25752,3.0,48.124426,10.59,48.124426,10.59
33206,31856,1.0,19.647541,4.32,19.647541,4.32
33206,25752,1.0,10.631148,2.34,10.631148,2.34
33205,25752,1.0,10.631148,2.34,10.631148,2.34
33205,3865,1.0,10.229508,2.25,10.229508,2.25
33204,3865,2.0,32.082951,7.06,32.082951,7.06
33204,3870,1.0,15.155738,3.33,15.155738,3.33
33199,25752,2.0,32.082951,7.06,32.082951,7.06
33198,23378,2.0,29.491803,6.49,29.491803,6.49
33197,25752,4.0,40.398361,8.89,40.398361,8.89
33196,25752,1.0,16.368852,3.6,15.54918,3.42
33196,3865,1.0,16.368852,3.6,15.54918,3.42
33195,3865,4.0,62.201639,13.68,62.201639,13.68
33195,3870,1.0,15.155738,3.33,15.155738,3.33
33194,3865,1.0,16.368852,3.6,16.368852,3.6
33194,3870,1.0,15.155738,3.33,15.155738,3.33
33192,31527,1.0,32.762295,7.21,31.122951,6.85
33191,25752,3.0,31.255574,6.88,31.255574,6.88
33190,25752,1.0,10.631148,2.34,10.098361,2.22
33190,24422,1.0,18.008197,3.96,17.106557,3.76
33190,25001,1.0,18.008197,3.96,17.106557,3.76
33189,26420,1.0,29.491803,6.49,29.491803,6.49
33177,25752,2.0,32.082951,7.06,32.082951,7.06
33176,3865,1.0,16.368852,3.6,16.368852,3.6
33176,3870,1.0,15.155738,3.33,15.155738,3.33
33174,32545,1.0,32.081967,7.06,32.081967,7.06
33172,3865,2.0,32.082951,7.06,32.082951,7.06
33172,3870,1.0,15.54918,3.42,15.54918,3.42
33170,32526,1.0,15.54918,3.42,15.54918,3.42
33170,25752,1.0,10.631148,2.34,10.631148,2.34
33169,25752,1.0,10.631148,2.34,10.631148,2.34
33169,24422,1.0,18.008197,3.96,18.008197,3.96
33168,3865,1.0,16.368852,3.6,16.368852,3.6
33168,24422,1.0,18.008197,3.96,18.008197,3.96
33168,3870,1.0,15.155738,3.33,15.155738,3.33
33164,25001,1.0,18.008197,3.96,17.114754,3.77
33164,25752,2.0,20.837049,4.58,19.787869,4.35
33162,25752,2.0,20.837049,4.58,20.837049,4.58
33162,24422,1.0,18.008197,3.96,18.008197,3.96
33162,3870,1.0,15.54918,3.42,15.54918,3.42
33161,3865,2.0,32.082951,7.06,32.082951,7.06
33160,unknown_gift_item,1.0,29.491803,6.49,29.491803,6.49
33159,25752,4.0,40.398361,8.89,38.381967,8.44
33158,unknown_gift_item,1.0,14.745902,3.24,14.745902,3.24
33156,31856,1.0,19.647541,4.32,17.680328,3.89
33156,24422,1.0,18.008197,3.96,16.204918,3.57
33156,25752,1.0,10.631148,2.34,9.57377,2.11
33155,unknown_gift_item,1.0,29.491803,6.49,29.491803,6.49
33154,unknown_gift_item,1.0,8.852459,1.95,8.852459,1.95
33153,3361,4.0,28.85377,6.35,28.85377,6.35
33152,31856,2.0,38.50918,8.47,38.50918,8.47
33151,24422,1.0,18.008197,3.96,18.008197,3.96
33151,25001,1.0,18.008197,3.96,18.008197,3.96
33132,3865,1.0,16.368852,3.6,16.368852,3.6
33132,25001,1.0,18.008197,3.96,18.008197,3.96
33129,24422,1.0,18.008197,3.96,18.008197,3.96
33128,3865,1.0,16.368852,3.6,16.368852,3.6
33128,25752,1.0,10.631148,2.34,10.631148,2.34
33128,3870,1.0,15.155738,3.33,15.155738,3.33
33120,31527,3.0,96.321148,21.19,96.321148,21.19
33120,unknown_pos_sale,1.0,0.0,0.0,0.0,0.0
33119,26420,1.0,14.745902,3.24,14.745902,3.24
33117,25001,1.0,18.008197,3.96,18.008197,3.96
33116,24422,1.0,18.008197,3.96,18.008197,3.96
33116,3386,4.0,28.85377,6.35,28.85377,6.35
33116,3361,3.0,21.640328,4.76,21.640328,4.76
33116,3865,1.0,15.959016,3.51,15.959016,3.51
33116,unknown_pos_sale,1.0,0.0,0.0,0.0,0.0
33089,31527,1.0,32.762295,7.21,32.762295,7.21
33088,3870,1.0,15.54918,3.42,15.54918,3.42
33088,31856,1.0,19.647541,4.32,19.647541,4.32
33085,3865,1.0,16.368852,3.6,16.368852,3.6
33085,25752,1.0,10.631148,2.34,10.631148,2.34
33085,3870,1.0,15.54918,3.42,15.54918,3.42
33079,3865,4.0,62.201639,13.68,62.201639,13.68
33079,3870,2.0,30.476393,6.7,30.476393,6.7
33079,unknown_pos_sale,1.0,0.0,0.0,0.0,0.0
33078,25752,4.0,40.398361,8.89,40.398361,8.89
33078,3865,4.0,62.201639,13.68,62.201639,13.68
33078,unknown_pos_sale,1.0,0.0,0.0,0.0,0.0
33077,31856,2.0,38.50918,8.47,38.50918,8.47
33076,25752,1.0,10.631148,2.34,9.57377,2.11
33076,24422,2.0,35.296066,7.77,31.763279,6.99
33075,3865,7.0,108.852869,23.95,97.967623,21.55
33075,unknown_pos_sale,1.0,0.0,0.0,0.0,0.0
33074,24422,1.0,18.008197,3.96,16.213115,3.57
33074,3865,4.0,62.201639,13.68,55.972131,12.31
33074,3870,1.0,15.155738,3.33,15.155738,3.33
33074,unknown_pos_sale,1.0,0.0,0.0,0.0,0.0
33073,26420,1.0,44.237705,9.73,44.237705,9.73
33071,3870,2.0,30.476393,6.7,30.271475,6.66
33071,25001,1.0,17.098361,3.76,17.0,3.74
33070,24422,1.0,18.008197,3.96,18.008197,3.96
33070,25752,2.0,20.837049,4.58,20.837049,4.58
33069,3865,4.0,62.201639,13.68,59.463934,13.08
33069,3870,2.0,30.476393,6.7,29.115738,6.41
33069,unknown_pos_sale,1.0,0.0,0.0,0.0,0.0
33065,25026,1.0,17.52459,3.86,17.52459,3.86
33065,24437,1.0,8.852459,1.95,8.852459,1.95
33065,23378,1.0,8.852459,1.95,8.852459,1.95
33065,24422,1.0,18.008197,3.96,16.204918,3.57
33064,25752,4.0,40.398361,8.89,40.398361,8.89
33063,24422,3.0,52.944098,11.65,47.649016,10.48
33062,24422,4.0,68.431148,15.05,61.586885,13.55
33061,25752,1.0,10.631148,2.34,10.631148,2.34
33061,31856,1.0,19.647541,4.32,19.647541,4.32
33060,24437,1.0,8.852459,1.95,8.852459,1.95
33059,23378,1.0,14.745902,3.24,14.745902,3.24
33058,3865,3.0,48.124426,10.59,45.66541,10.05
33058,24422,1.0,18.008197,3.96,17.188525,3.78
33058,25001,1.0,18.008197,3.96,17.188525,3.78
33057,25001,2.0,35.296066,7.77,35.296066,7.77
33056,25752,1.0,10.631148,2.34,10.631148,2.34
33056,3865,1.0,16.368852,3.6,16.368852,3.6
33056,3870,1.0,15.54918,3.42,15.54918,3.42
33055,3865,2.0,32.082951,7.06,32.082951,7.06
33055,3870,1.0,15.155738,3.33,15.155738,3.33
33055,31856,1.0,19.647541,4.32,19.647541,4.32
33055,25752,2.0,20.837049,4.58,20.837049,4.58
33055,unknown_pos_sale,1.0,0.0,0.0,0.0,0.0
33053,25001,1.0,18.008197,3.96,16.204918,3.57
33053,24422,1.0,18.008197,3.96,16.204918,3.57
33053,25752,1.0,10.631148,2.34,9.57377,2.11
33051,24422,3.0,52.944098,11.65,47.649016,10.48
33050,25752,3.0,31.255574,6.88,31.255574,6.88
33050,3865,2.0,32.082951,7.06,32.082951,7.06
33049,3870,2.0,30.476393,6.7,30.476393,6.7
33049,3361,2.0,14.721311,3.24,14.721311,3.24
33048,24422,3.0,52.944098,11.65,47.649016,10.48
33047,24422,2.0,35.296066,7.77,35.296066,7.77
33046,24422,1.0,18.008197,3.96,16.204918,3.57
33046,3870,1.0,15.54918,3.42,14.0,3.08
33046,25001,1.0,18.008197,3.96,16.204918,3.57
33044,3865,1.0,16.368852,3.6,16.368852,3.6
33044,25752,1.0,10.631148,2.34,10.631148,2.34
33043,3386,6.0,41.955738,9.23,41.955738,9.23
33043,25752,1.0,10.631148,2.34,10.631148,2.34
33042,3870,1.0,15.54918,3.42,14.0,3.08
33042,24422,1.0,18.008197,3.96,16.204918,3.57
33042,25001,1.0,17.098361,3.76,17.098361,3.76
33041,24422,2.0,35.296066,7.77,31.771475,6.99
33041,25001,3.0,52.944098,11.65,47.649016,10.48
33041,3361,1.0,7.360656,1.62,7.360656,1.62
33041,unknown_pos_sale,1.0,0.0,0.0,0.0,0.0
33033,24422,4.0,68.431148,15.05,61.586885,13.55
33033,unknown_pos_sale,1.0,0.0,0.0,0.0,0.0
33032,24422,2.0,35.296066,7.77,35.296066,7.77
33031,3865,1.0,16.368852,3.6,16.368852,3.6
33031,24422,1.0,18.008197,3.96,18.008197,3.96
33030,25001,2.0,35.296066,7.77,31.755082,6.99
33030,24422,2.0,35.296066,7.77,31.771475,6.99
33030,3870,2.0,30.476393,6.7,27.43541,6.04
33030,unknown_pos_sale,1.0,0.0,0.0,0.0,0.0
33029,24422,2.0,35.296066,7.77,31.763279,6.99
33029,25001,2.0,35.296066,7.77,31.771475,6.99
33029,unknown_pos_sale,1.0,0.0,0.0,0.0,0.0
33028,3865,4.0,62.201639,13.68,62.201639,13.68
33028,unknown_pos_sale,1.0,0.0,0.0,0.0,0.0
33027,25001,1.0,18.008197,3.96,18.008197,3.96
33027,3870,1.0,15.54918,3.42,15.54918,3.42
33026,3386,12.0,83.911475,18.46,83.911475,18.46
33026,unknown_pos_sale,1.0,0.0,0.0,0.0,0.0
33026,3361,12.0,83.911475,18.46,83.911475,18.46
33025,3870,4.0,59.086885,13.0,59.086885,13.0
33025,unknown_pos_sale,1.0,0.0,0.0,0.0,0.0
33025,3865,4.0,62.201639,13.68,62.201639,13.68
33024,24422,1.0,18.008197,3.96,17.114754,3.77
33024,25752,2.0,20.837049,4.58,19.779672,4.35
33024,25001,1.0,18.008197,3.96,17.114754,3.77
33024,3870,1.0,15.54918,3.42,14.778689,3.25
33024,unknown_pos_sale,1.0,0.0,0.0,0.0,0.0
33024,31856,1.0,19.647541,4.32,18.663934,4.11
33023,31856,1.0,19.647541,4.32,17.688525,3.89
33023,25752,2.0,20.837049,4.58,18.738689,4.12
33023,24422,1.0,18.008197,3.96,16.213115,3.57
33022,31856,2.0,38.50918,8.47,34.656721,7.62
33022,24422,1.0,18.008197,3.96,16.213115,3.57
33021,23378,1.0,44.237705,9.73,44.237705,9.73
33020,31527,1.0,32.762295,7.21,30.713115,6.76
33020,25001,1.0,18.008197,3.96,15.959016,3.51
33019,24422,1.0,18.008197,3.96,18.008197,3.96
33018,25001,1.0,18.008197,3.96,15.959016,3.51
33018,31527,1.0,32.762295,7.21,30.713115,6.76
33014,3865,2.0,32.082951,7.06,32.082951,7.06
33013,31527,2.0,64.214098,14.13,64.214098,14.13
33013,unknown_pos_sale,1.0,0.0,0.0,0.0,0.0
33012,24422,1.0,18.008197,3.96,16.204918,3.57
33012,3865,1.0,16.368852,3.6,14.729508,3.24
33012,3870,1.0,15.54918,3.42,14.0,3.08
33011,24422,1.0,18.008197,3.96,18.008197,3.96
33011,3865,1.0,16.368852,3.6,16.368852,3.6
33010,31856,1.0,19.647541,4.32,19.647541,4.32
33010,25001,1.0,18.008197,3.96,18.008197,3.96
33010,3870,1.0,15.54918,3.42,15.54918,3.42
33009,3870,2.0,30.476393,6.7,30.476393,6.7
33009,25752,1.0,16.368852,3.6,14.729508,3.24
33009,24422,1.0,18.008197,3.96,18.008197,3.96
33009,unknown_pos_sale,1.0,0.0,0.0,0.0,0.0
33008,31856,1.0,19.647541,4.32,19.647541,4.32
33008,25001,1.0,18.008197,3.96,18.008197,3.96
33008,3870,1.0,15.54918,3.42,15.54918,3.42
33007,24422,2.0,35.296066,7.77,31.763279,6.99
33007,3865,1.0,16.368852,3.6,14.737705,3.24
33006,3865,2.0,32.082951,7.06,32.082951,7.06
32977,24422,4.0,68.431148,15.05,61.586885,13.55
32977,unknown_pos_sale,1.0,0.0,0.0,0.0,0.0
32969,24422,4.0,68.431148,15.05,68.431148,15.05
32969,unknown_pos_sale,1.0,0.0,0.0,0.0,0.0
32963,3865,4.0,62.201639,13.68,62.201639,13.68
32963,unknown_pos_sale,1.0,0.0,0.0,0.0,0.0
32952,3865,1.0,16.368852,3.6,16.368852,3.6
32952,25752,1.0,16.368852,3.6,16.368852,3.6
32951,unknown_gift_item,1.0,29.491803,6.49,29.491803,6.49
32950,25001,1.0,18.008197,3.96,18.008197,3.96
32950,31856,1.0,19.647541,4.32,19.647541,4.32
32949,31527,1.0,32.762295,7.21,32.762295,7.21
32948,23378,1.0,17.704918,3.9,17.704918,3.9
32947,24437,2.0,17.704918,3.9,17.704918,3.9
32946,3865,1.0,16.368852,3.6,16.368852,3.6
32946,25752,1.0,16.368852,3.6,16.368852,3.6
32946,31856,1.0,19.647541,4.32,19.647541,4.32
32945,3865,1.0,16.368852,3.6,16.368852,3.6
32945,25001,2.0,35.296066,7.77,35.296066,7.77
32945,3361,1.0,7.360656,1.62,7.360656,1.62
32945,unknown_pos_sale,1.0,0.0,0.0,0.0,0.0
32944,3865,2.0,32.082951,7.06,32.082951,7.06
32944,25752,1.0,16.368852,3.6,16.368852,3.6
32943,3865,1.0,16.368852,3.6,16.368852,3.6
32943,3870,1.0,15.155738,3.33,15.155738,3.33
32942,3870,4.0,59.086885,13.0,59.086885,13.0
32942,unknown_pos_sale,1.0,0.0,0.0,0.0,0.0
32942,25001,1.0,17.098361,3.76,17.098361,3.76
32941,31856,2.0,38.50918,8.47,38.50918,8.47
32939,25752,1.0,16.368852,3.6,15.008197,3.3
32939,25001,1.0,18.008197,3.96,16.639344,3.66
32939,31856,1.0,19.180328,4.22,17.811475,3.92
32938,3865,1.0,16.368852,3.6,16.368852,3.6
32938,25001,2.0,35.296066,7.77,35.296066,7.77
32938,3361,2.0,14.721311,3.24,14.721311,3.24
32938,3386,1.0,7.360656,1.62,7.360656,1.62
32938,unknown_pos_sale,1.0,0.0,0.0,0.0,0.0
32936,32396,1.0,62.196721,13.68,62.196721,13.68
32936,unknown_pos_sale,1.0,0.0,0.0,0.0,0.0
32933,3870,2.0,30.476393,6.7,30.476393,6.7
32932,25752,1.0,10.631148,2.34,9.270492,2.04
32932,3870,1.0,15.54918,3.42,14.180328,3.12
32932,25001,1.0,18.008197,3.96,16.639344,3.66
32929,32545,1.0,18.008197,3.96,18.008197,3.96
32929,32396,1.0,16.368852,3.6,16.368852,3.6
32928,3865,1.0,16.368852,3.6,16.368852,3.6
32928,3870,1.0,15.54918,3.42,15.54918,3.42
32927,3361,4.0,28.85377,6.35,28.85377,6.35
32925,3865,2.0,32.082951,7.06,32.082951,7.06
32925,25752,1.0,16.368852,3.6,16.368852,3.6
32925,3870,1.0,15.155738,3.33,15.155738,3.33
32925,unknown_pos_sale,1.0,0.0,0.0,0.0,0.0
32924,3865,1.0,16.368852,3.6,16.368852,3.6
32924,25752,1.0,16.368852,3.6,16.368852,3.6
32923,31527,3.0,96.321148,21.19,96.321148,21.19
32923,unknown_pos_sale,1.0,0.0,0.0,0.0,0.0
32922,3865,4.0,62.201639,13.68,55.972131,12.31
32922,25752,1.0,10.631148,2.34,9.57377,2.11
32922,unknown_pos_sale,1.0,0.0,0.0,0.0,0.0
32921,3865,4.0,62.201639,13.68,62.201639,13.68
32921,unknown_pos_sale,1.0,0.0,0.0,0.0,0.0
32921,3870,1.0,15.155738,3.33,15.155738,3.33
32920,3361,5.0,36.067213,7.93,33.772131,7.43
32920,3386,4.0,28.85377,6.35,27.050492,5.95
32920,unknown_pos_sale,1.0,0.0,0.0,0.0,0.0
32917,32396,1.0,16.368852,3.6,16.368852,3.6
32917,32526,1.0,15.54918,3.42,15.54918,3.42
32916,31856,1.0,19.647541,4.32,19.647541,4.32
32916,25752,1.0,10.631148,2.34,10.631148,2.34
32914,32396,1.0,32.081967,7.06,32.081967,7.06
32913,25752,6.0,60.597541,13.33,60.597541,13.33
32913,unknown_pos_sale,1.0,0.0,0.0,0.0,0.0
32912,23378,1.0,44.237705,9.73,44.237705,9.73
32909,unknown_pos_sale,1.0,0.0,0.0,0.0,0.0
32909,32545,1.0,62.196721,13.68,62.196721,13.68
32909,32659,1.0,35.295082,7.76,35.295082,7.76
32908,31527,1.0,32.762295,7.21,32.762295,7.21
32907,3865,1.0,16.368852,3.6,16.368852,3.6
32907,3870,1.0,15.54918,3.42,15.54918,3.42
32907,25752,1.0,16.368852,3.6,16.368852,3.6
32907,31856,1.0,19.647541,4.32,19.647541,4.32
32907,unknown_pos_sale,1.0,0.0,0.0,0.0,0.0
32907,25001,1.0,17.098361,3.76,17.098361,3.76
32906,3865,1.0,16.368852,3.6,16.368852,3.6
32906,25752,1.0,16.368852,3.6,16.368852,3.6
32905,3870,2.0,30.476393,6.7,30.476393,6.7
32904,25001,2.0,35.296066,7.77,35.296066,7.77
32903,25001,2.0,35.296066,7.77,35.296066,7.77
32902,31856,2.0,38.50918,8.47,38.50918,8.47
32901,31856,1.0,19.647541,4.32,19.647541,4.32
32901,3865,1.0,15.959016,3.51,15.959016,3.51
32900,25752,3.0,48.124426,10.59,48.124426,10.59
32899,25001,1.0,18.008197,3.96,18.008197,3.96
32889,3865,2.0,32.082951,7.06,32.082951,7.06
32874,25752,1.0,16.368852,3.6,16.368852,3.6
32874,31527,1.0,32.762295,7.21,32.762295,7.21
32865,3865,1.0,16.368852,3.6,16.368852,3.6
32864,25026,1.0,87.622951,19.28,87.622951,19.28
32863,25001,1.0,18.008197,3.96,16.639344,3.66
32863,3870,1.0,15.54918,3.42,14.180328,3.12
32863,3313,1.0,9.819672,2.16,8.459016,1.86
32862,3865,2.0,32.082951,7.06,32.082951,7.06
32861,3865,4.0,62.201639,13.68,62.201639,13.68
32861,unknown_pos_sale,1.0,0.0,0.0,0.0,0.0
32857,25752,1.0,16.368852,3.6,15.0,3.3
32857,31856,1.0,19.180328,4.22,17.811475,3.92
32857,3865,1.0,16.368852,3.6,15.008197,3.3
32855,3865,1.0,16.368852,3.6,16.368852,3.6
32855,3870,1.0,15.155738,3.33,15.155738,3.33
32854,31527,1.0,32.762295,7.21,32.762295,7.21
32853,3865,1.0,16.368852,3.6,16.368852,3.6
32852,unknown_gift_item,1.0,44.237705,9.73,44.237705,9.73
32851,25001,1.0,18.008197,3.96,18.008197,3.96
32851,3865,1.0,16.368852,3.6,16.368852,3.6
32851,3870,1.0,15.155738,3.33,15.155738,3.33
32851,3313,1.0,9.819672,2.16,9.819672,2.16
32851,unknown_pos_sale,1.0,0.0,0.0,0.0,0.0
32850,23378,1.0,44.237705,9.73,44.237705,9.73
32849,3870,1.0,15.54918,3.42,15.54918,3.42
32849,3865,1.0,16.368852,3.6,16.368852,3.6
32848,23378,2.0,29.491803,6.49,29.491803,6.49
32847,3865,2.0,32.082951,7.06,32.082951,7.06
32846,3870,3.0,45.71459,10.06,45.71459,10.06
32846,25001,1.0,17.098361,3.76,17.098361,3.76
32846,unknown_pos_sale,1.0,0.0,0.0,0.0,0.0
32843,24437,1.0,26.557377,5.84,26.557377,5.84
32843,24437,1.0,44.262295,9.74,44.262295,9.74
32843,unknown_pos_sale,1.0,0.0,0.0,0.0,0.0
32842,3870,2.0,30.476393,6.7,27.427213,6.03
32842,25001,1.0,17.098361,3.76,17.098361,3.76
32841,3865,4.0,62.201639,13.68,62.201639,13.68
32841,25752,3.0,48.124426,10.59,48.124426,10.59
32841,unknown_pos_sale,1.0,0.0,0.0,0.0,0.0
32839,3865,1.0,16.368852,3.6,16.368852,3.6
32839,3870,1.0,15.155738,3.33,15.155738,3.33
32838,3865,4.0,62.201639,13.68,62.201639,13.68
32838,unknown_pos_sale,1.0,0.0,0.0,0.0,0.0
32837,23378,1.0,29.491803,6.49,29.491803,6.49
32836,31856,1.0,19.647541,4.32,19.647541,4.32
32836,25001,1.0,18.008197,3.96,18.008197,3.96
32835,3870,1.0,15.54918,3.42,15.54918,3.42
32834,3865,4.0,62.201639,13.68,62.201639,13.68
32834,unknown_pos_sale,1.0,0.0,0.0,0.0,0.0
32833,25001,1.0,18.008197,3.96,18.008197,3.96
32833,3870,2.0,30.476393,6.7,30.476393,6.7
32833,3865,1.0,16.368852,3.6,16.368852,3.6
32833,unknown_pos_sale,1.0,0.0,0.0,0.0,0.0
32826,23378,1.0,29.491803,6.49,29.491803,6.49
32819,25752,2.0,32.082951,7.06,32.082951,7.06
32818,31856,1.0,19.647541,4.32,19.647541,4.32
32817,31527,1.0,32.762295,7.21,32.762295,7.21
32816,25752,1.0,16.368852,3.6,16.368852,3.6
32816,25001,1.0,18.008197,3.96,18.008197,3.96
32815,31856,1.0,19.647541,4.32,19.647541,4.32
32815,25752,1.0,16.368852,3.6,16.368852,3.6
32815,3865,4.0,62.201639,13.68,62.201639,13.68
32815,unknown_pos_sale,1.0,0.0,0.0,0.0,0.0
32810,31856,1.0,19.647541,4.32,19.647541,4.32
32810,3865,1.0,15.959016,3.51,15.959016,3.51
32810,25752,1.0,16.368852,3.6,16.368852,3.6
32809,3865,2.0,32.082951,7.06,32.082951,7.06
32808,3865,1.0,16.368852,3.6,16.368852,3.6
32808,3870,1.0,15.155738,3.33,15.155738,3.33
32808,25001,1.0,18.008197,3.96,18.008197,3.96
32808,25752,1.0,10.631148,2.34,10.631148,2.34
32808,unknown_pos_sale,1.0,0.0,0.0,0.0,0.0
32807,25752,2.0,32.082951,7.06,32.082951,7.06
32806,3865,1.0,16.368852,3.6,16.368852,3.6
32806,25752,1.0,16.368852,3.6,16.368852,3.6
32805,25001,1.0,18.008197,3.96,18.008197,3.96
32805,31856,1.0,19.647541,4.32,19.647541,4.32
32805,25752,1.0,16.368852,3.6,16.368852,3.6
32804,31856,1.0,19.647541,4.32,19.647541,4.32
32804,3865,1.0,15.959016,3.51,15.959016,3.51
32803,26420,1.0,29.491803,6.49,29.491803,6.49
32802,3870,2.0,30.476393,6.7,30.476393,6.7
32802,25001,2.0,35.296066,7.77,35.296066,7.77
32802,unknown_pos_sale,1.0,0.0,0.0,0.0,0.0
32802,25752,1.0,16.368852,3.6,16.368852,3.6
32801,23378,1.0,17.704918,3.9,17.704918,3.9
32800,3313,7.0,65.30082,14.37,65.30082,14.37
32800,unknown_pos_sale,1.0,0.0,0.0,0.0,0.0
32799,3865,2.0,32.082951,7.06,32.082951,7.06
32797,31527,1.0,32.762295,7.21,30.713115,6.76
32797,25752,1.0,10.631148,2.34,8.581967,1.89
32796,unknown_gift_item,1.0,29.491803,6.49,29.491803,6.49
32795,unknown_gift_item,1.0,29.491803,6.49,29.491803,6.49
32794,unknown_gift_item,1.0,14.745902,3.24,14.745902,3.24
32793,unknown_gift_item,1.0,44.237705,9.73,44.237705,9.73
32791,25752,4.0,40.398361,8.89,37.660656,8.29
32791,31856,1.0,19.647541,4.32,18.967213,4.17
32791,unknown_pos_sale,1.0,0.0,0.0,0.0,0.0
32791,3865,1.0,15.959016,3.51,15.278689,3.36
32790,25752,1.0,10.631148,2.34,8.581967,1.89
32790,31527,1.0,32.762295,7.21,30.713115,6.76
32789,unknown_gift_item,1.0,29.491803,6.49,29.491803,6.49
32788,unknown_gift_item,1.0,8.852459,1.95,8.852459,1.95
32787,3865,1.0,16.368852,3.6,15.344262,3.38
32787,25752,2.0,32.082951,7.06,30.03377,6.61
32787,31856,1.0,19.647541,4.32,18.622951,4.1
32787,unknown_pos_sale,1.0,0.0,0.0,0.0,0.0
32786,3865,4.0,62.201639,13.68,62.201639,13.68
32786,unknown_pos_sale,1.0,0.0,0.0,0.0,0.0
32786,25752,4.0,62.201639,13.68,62.201639,13.68
32785,31856,1.0,19.647541,4.32,19.647541,4.32
32785,25752,1.0,10.631148,2.34,10.631148,2.34
32781,31527,2.0,64.214098,14.13,64.214098,14.13
32781,unknown_pos_sale,1.0,0.0,0.0,0.0,0.0
32780,31856,1.0,19.647541,4.32,19.647541,4.32
32780,3870,1.0,15.54918,3.42,15.54918,3.42
32779,3870,2.0,30.476393,6.7,30.476393,6.7
32779,25752,1.0,10.631148,2.34,10.631148,2.34
32777,3865,1.0,16.368852,3.6,15.344262,3.38
32777,3870,1.0,15.155738,3.33,14.131148,3.11
32777,25001,2.0,35.296066,7.77,33.246885,7.31
32777,unknown_pos_sale,1.0,0.0,0.0,0.0,0.0
32773,25752,1.0,16.368852,3.6,16.368852,3.6
32773,31856,1.0,19.180328,4.22,19.180328,4.22
32769,31856,1.0,19.647541,4.32,19.647541,4.32
32769,3313,1.0,9.819672,2.16,9.819672,2.16
32741,31527,1.0,32.762295,7.21,32.762295,7.21
32740,3865,2.0,32.082951,7.06,32.082951,7.06
32740,3870,1.0,15.54918,3.42,15.54918,3.42
32739,3865,2.0,32.082951,7.06,32.082951,7.06
32736,23378,1.0,14.745902,3.24,14.745902,3.24
32736,26420,1.0,14.745902,3.24,14.745902,3.24
32735,3865,2.0,32.082951,7.06,32.082951,7.06
32734,3870,2.0,30.476393,6.7,30.476393,6.7
32734,25001,2.0,35.296066,7.77,35.296066,7.77
32734,unknown_pos_sale,1.0,0.0,0.0,0.0,0.0
32733,25752,3.0,48.124426,10.59,48.124426,10.59
32732,3870,1.0,15.54918,3.42,15.54918,3.42
32731,25001,1.0,18.008197,3.96,18.008197,3.96
32730,25001,2.0,35.296066,7.77,35.296066,7.77
32729,23378,1.0,17.704918,3.9,17.704918,3.9
32728,25001,1.0,18.008197,3.96,18.008197,3.96
32728,25752,1.0,10.631148,2.34,10.631148,2.34
32728,3386,1.0,7.360656,1.62,7.360656,1.62
32727,3865,2.0,32.082951,7.06,32.082951,7.06
32727,3870,1.0,15.155738,3.33,15.155738,3.33
32727,25001,1.0,18.008197,3.96,18.008197,3.96
32727,unknown_pos_sale,1.0,0.0,0.0,0.0,0.0
32726,26420,1.0,44.237705,9.73,44.237705,9.73
32725,25752,1.0,16.368852,3.6,16.368852,3.6
32725,31856,1.0,19.180328,4.22,19.180328,4.22
32724,25752,2.0,32.082951,7.06,32.082951,7.06
32723,3865,1.0,16.368852,3.6,16.368852,3.6
32723,3870,1.0,15.155738,3.33,15.155738,3.33
32722,31856,1.0,19.180328,4.22,17.811475,3.92
32722,3870,1.0,15.54918,3.42,14.180328,3.12
32722,25752,1.0,10.631148,2.34,9.270492,2.04
32721,3865,2.0,32.082951,7.06,32.082951,7.06
32720,3865,2.0,32.082951,7.06,32.082951,7.06
32720,25752,4.0,62.201639,13.68,62.201639,13.68
32720,unknown_pos_sale,1.0,0.0,0.0,0.0,0.0
32719,3870,1.0,15.54918,3.42,15.54918,3.42
32719,25001,1.0,18.008197,3.96,18.008197,3.96
32718,25752,4.0,62.201639,13.68,62.201639,13.68
32718,unknown_pos_sale,1.0,0.0,0.0,0.0,0.0
32717,31527,1.0,32.762295,7.21,32.762295,7.21
32716,24437,1.0,8.852459,1.95,8.852459,1.95
32715,23378,1.0,14.745902,3.24,14.745902,3.24
32714,25752,2.0,32.082951,7.06,32.082951,7.06
32713,3865,2.0,32.082951,7.06,32.082951,7.06
32710,3386,6.0,41.955738,9.23,41.955738,9.23
32708,25752,1.0,16.368852,3.6,16.368852,3.6
32708,31856,1.0,19.180328,4.22,19.180328,4.22
32707,3870,1.0,15.54918,3.42,15.54918,3.42
32707,25752,1.0,16.368852,3.6,16.368852,3.6
32707,31856,1.0,19.647541,4.32,19.647541,4.32
32706,25752,1.0,16.368852,3.6,16.368852,3.6
32706,3865,1.0,16.368852,3.6,16.368852,3.6
32703,3386,6.0,41.955738,9.23,41.955738,9.23
32702,3386,4.0,28.85377,6.35,28.85377,6.35
32701,3870,3.0,45.71459,10.06,45.71459,10.06
32700,3865,2.0,32.082951,7.06,32.082951,7.06
32695,3865,4.0,62.201639,13.68,58.103279,12.78
32695,unknown_pos_sale,1.0,0.0,0.0,0.0,0.0
32650,31527,1.0,32.762295,7.21,29.491803,6.49
32650,25752,2.0,32.081967,7.06,28.868852,6.35
32650,unknown_pos_sale,1.0,0.0,0.0,0.0,0.0
32649,25752,2.0,32.081967,7.06,32.081967,7.06
32648,3870,2.0,30.47541,6.7,27.737705,6.1
32648,25752,1.0,10.631148,2.34,9.270492,2.04
32647,25001,1.0,18.008197,3.96,18.008197,3.96
32647,3870,1.0,15.54918,3.42,15.54918,3.42
32646,23378,1.0,44.237705,9.73,44.237705,9.73
32645,3313,12.0,111.934426,24.63,111.934426,24.63
32645,unknown_pos_sale,1.0,0.0,0.0,0.0,0.0
32644,31527,1.0,32.762295,7.21,32.762295,7.21
32643,25752,6.0,60.590164,13.33,60.590164,13.33
32643,unknown_pos_sale,1.0,0.0,0.0,0.0,0.0
32640,23378,1.0,8.852459,1.95,8.852459,1.95
32640,26420,2.0,29.491803,6.49,29.491803,6.49
32639,31856,1.0,19.647541,4.32,19.647541,4.32
32639,3865,1.0,15.959016,3.51,15.959016,3.51
32638,unknown_gift_item,1.0,29.491803,6.49,29.491803,6.49
32637,25752,1.0,16.368852,3.6,16.368852,3.6
32637,31856,1.0,19.180328,4.22,19.180328,4.22
32635,3865,1.0,16.368852,3.6,16.368852,3.6
32635,25752,1.0,16.368852,3.6,16.368852,3.6
32622,3865,1.0,16.368852,3.6,16.368852,3.6
32622,25752,1.0,16.368852,3.6,16.368852,3.6
32619,24437,2.0,17.704918,3.9,17.704918,3.9
32619,23378,1.0,17.704918,3.9,17.704918,3.9
32618,3870,1.0,15.54918,3.42,15.54918,3.42
32618,25752,1.0,16.368852,3.6,16.368852,3.6
32510,3865,2.0,32.081967,7.06,32.081967,7.06
32490,23378,1.0,29.491803,6.49,29.491803,6.49
32489,24437,1.0,44.237705,9.73,44.237705,9.73
32485,3865,1.0,16.368852,3.6,16.368852,3.6
32394,25001,1.0,18.008197,3.96,18.008197,3.96
32394,3870,1.0,15.54918,3.42,15.54918,3.42
32393,31527,2.0,64.213115,14.13,60.114754,13.23
32393,unknown_pos_sale,1.0,0.0,0.0,0.0,0.0
32392,3313,4.0,38.491803,8.47,34.639344,7.62
32392,25752,1.0,10.631148,2.34,9.57377,2.11
32391,3865,1.0,16.368852,3.6,15.008197,3.3
32391,3870,2.0,30.47541,6.7,27.737705,6.1
32390,3870,1.0,15.155738,3.33,15.155738,3.33
32390,25752,1.0,10.631148,2.34,9.57377,2.11
32390,3865,1.0,16.368852,3.6,14.729508,3.24
32389,3865,1.0,16.368852,3.6,16.368852,3.6
32389,25752,1.0,16.368852,3.6,16.368852,3.6
32388,3865,2.0,32.081967,7.06,28.868852,6.35
32388,25752,1.0,16.368852,3.6,14.737705,3.24
32387,3313,1.0,9.819672,2.16,9.819672,2.16
32387,3865,1.0,16.368852,3.6,16.368852,3.6
32387,25752,1.0,10.631148,2.34,10.631148,2.34
32387,3386,1.0,7.360656,1.62,7.360656,1.62
32386,3870,1.0,15.54918,3.42,15.54918,3.42
32385,3865,2.0,32.081967,7.06,28.877049,6.35
32383,31527,1.0,32.762295,7.21,32.762295,7.21
32383,25001,1.0,18.008197,3.96,18.008197,3.96
32383,3870,1.0,15.54918,3.42,15.54918,3.42
32383,unknown_pos_sale,1.0,0.0,0.0,0.0,0.0
32380,3865,8.0,124.393443,27.37,111.95082,24.63
32380,unknown_pos_sale,1.0,0.0,0.0,0.0,0.0
32379,3865,1.0,16.368852,3.6,16.368852,3.6
32379,3870,1.0,15.155738,3.33,15.155738,3.33
32378,3865,5.0,77.745902,17.1,69.97541,15.39
32378,unknown_pos_sale,1.0,0.0,0.0,0.0,0.0
32376,26420,1.0,29.491803,6.49,29.491803,6.49
32375,31856,4.0,74.655738,16.42,74.655738,16.42
32375,unknown_pos_sale,1.0,0.0,0.0,0.0,0.0
32374,3865,1.0,16.368852,3.6,16.368852,3.6
32373,31856,1.0,19.647541,4.32,17.680328,3.89
32373,3865,1.0,15.959016,3.51,15.959016,3.51
32372,23378,1.0,44.237705,9.73,44.237705,9.73
32370,25752,2.0,32.081967,7.06,28.860656,6.35
32370,3870,1.0,15.54918,3.42,14.0,3.08
32370,unknown_pos_sale,1.0,0.0,0.0,0.0,0.0
32370,3313,2.0,19.639344,4.32,17.680328,3.89
32367,3865,4.0,62.196721,13.68,55.967213,12.31
32367,unknown_pos_sale,1.0,0.0,0.0,0.0,0.0
32367,3870,4.0,59.081967,13.0,53.180328,11.7
32367,25001,2.0,34.196721,7.52,34.196721,7.52
32365,3865,4.0,62.196721,13.68,55.97541,12.31
32364,3361,12.0,83.901639,18.46,75.508197,16.61
32364,unknown_pos_sale,1.0,0.0,0.0,0.0,0.0
32363,3865,4.0,62.196721,13.68,55.97541,12.31
32362,3870,1.0,15.54918,3.42,13.991803,3.08
32362,25752,1.0,10.631148,2.34,9.57377,2.11
32362,25001,1.0,17.098361,3.76,17.098361,3.76
32361,25752,1.0,10.631148,2.34,9.565574,2.1
32361,3313,1.0,9.819672,2.16,8.844262,1.95
32361,3870,1.0,15.54918,3.42,13.991803,3.08
32360,3870,2.0,30.47541,6.7,27.42623,6.03
32360,25001,1.0,17.098361,3.76,17.098361,3.76
32358,3870,2.0,30.47541,6.7,27.418033,6.03
32358,3361,1.0,7.360656,1.62,6.631148,1.46
32357,3361,12.0,83.901639,18.46,75.508197,16.61
32357,unknown_pos_sale,1.0,0.0,0.0,0.0,0.0
32356,3361,24.0,167.803279,36.92,151.02459,33.23
32356,unknown_pos_sale,1.0,0.0,0.0,0.0,0.0
32355,31527,2.0,64.213115,14.13,57.795082,12.71
32355,unknown_pos_sale,1.0,0.0,0.0,0.0,0.0
32354,25752,2.0,32.081967,7.06,28.868852,6.35
32354,3865,2.0,32.081967,7.06,28.877049,6.35
32354,unknown_pos_sale,1.0,0.0,0.0,0.0,0.0
32353,3865,4.0,62.196721,13.68,55.97541,12.31
32352,25001,2.0,35.295082,7.76,35.295082,7.76
32351,31856,1.0,19.647541,4.32,17.680328,3.89
32351,25752,1.0,16.368852,3.6,14.737705,3.24
32351,3865,1.0,15.959016,3.51,15.959016,3.51
32350,25001,2.0,35.295082,7.76,31.762295,6.99
32349,25752,1.0,16.368852,3.6,14.729508,3.24
32349,3865,1.0,16.368852,3.6,14.737705,3.24
32349,3870,1.0,15.155738,3.33,15.155738,3.33
32348,3870,6.0,88.630328,19.5,79.769672,17.55
32348,unknown_pos_sale,1.0,0.0,0.0,0.0,0.0
32347,31527,1.0,32.762295,7.21,32.762295,7.21
32345,3865,4.0,62.196721,13.68,62.196721,13.68
32345,unknown_pos_sale,1.0,0.0,0.0,0.0,0.0
32345,3870,1.0,15.155738,3.33,15.155738,3.33
32344,25001,2.0,35.295082,7.76,31.762295,6.99
32341,25001,6.0,102.639344,22.58,102.639344,22.58
32341,unknown_pos_sale,1.0,0.0,0.0,0.0,0.0
32340,3870,1.0,15.54918,3.42,15.54918,3.42
32340,25001,1.0,17.098361,3.76,17.098361,3.76
32339,3361,12.0,83.901639,18.46,75.508197,16.61
32339,unknown_pos_sale,1.0,0.0,0.0,0.0,0.0
32338,25026,1.0,87.622951,19.28,87.622951,19.28
32337,25752,2.0,32.081967,7.06,32.081967,7.06
32336,3865,4.0,62.196721,13.68,55.97541,12.31
32335,31856,1.0,19.647541,4.32,17.680328,3.89
32335,3870,1.0,15.54918,3.42,14.0,3.08
32334,3361,6.0,41.95082,9.23,37.754098,8.31
32333,31527,2.0,64.213115,14.13,57.795082,12.71
32333,unknown_pos_sale,1.0,0.0,0.0,0.0,0.0
32332,31856,1.0,19.647541,4.32,17.680328,3.89
32332,3870,1.0,15.54918,3.42,14.0,3.08
32325,3361,6.0,41.95082,9.23,41.95082,9.23
32325,3313,3.0,28.868852,6.35,28.868852,6.35
32325,unknown_pos_sale,1.0,0.0,0.0,0.0,0.0
32325,25752,1.0,16.368852,3.6,16.368852,3.6
32324,31856,1.0,19.647541,4.32,19.647541,4.32
32324,25752,1.0,10.631148,2.34,10.631148,2.34
32324,3865,1.0,16.368852,3.6,16.368852,3.6
32323,23378,2.0,29.49,6.49,29.49,6.49
32321,31527,1.0,32.762295,7.21,29.483607,6.49
32321,3361,1.0,7.360656,1.62,6.631148,1.46
32321,3313,1.0,9.819672,2.16,8.836066,1.94
32321,3865,1.0,16.368852,3.6,14.729508,3.24
32321,unknown_pos_sale,1.0,0.0,0.0,0.0,0.0
32320,25001,2.0,35.295082,7.76,31.762295,6.99
32320,31527,1.0,32.762295,7.21,29.491803,6.49
32320,unknown_pos_sale,1.0,0.0,0.0,0.0,0.0
32318,3865,4.0,62.196721,13.68,55.97541,12.31
32318,unknown_pos_sale,1.0,0.0,0.0,0.0,0.0
32318,3870,1.0,15.155738,3.33,15.155738,3.33
32317,3361,6.0,41.95082,9.23,41.95082,9.23
32317,3313,6.0,55.967213,12.31,55.967213,12.31
32317,unknown_pos_sale,1.0,0.0,0.0,0.0,0.0
32316,3361,6.0,41.95082,9.23,37.754098,8.31
32316,3313,2.0,19.639344,4.32,17.680328,3.89
32315,31527,1.0,32.762295,7.21,29.483607,6.49
32315,25752,1.0,16.368852,3.6,14.737705,3.24
32315,31856,1.0,19.180328,4.22,19.180328,4.22
32315,unknown_pos_sale,1.0,0.0,0.0,0.0,0.0
32314,3313,3.0,28.868852,6.35,28.868852,6.35
32313,3313,7.0,65.295082,14.36,58.762295,12.93
32313,unknown_pos_sale,1.0,0.0,0.0,0.0,0.0
32312,3361,6.0,41.95082,9.23,41.95082,9.23
32311,25001,4.0,68.42623,15.05,61.581967,13.55
32311,unknown_pos_sale,1.0,0.0,0.0,0.0,0.0
32310,31527,2.0,64.213115,14.13,60.114754,13.23
32310,unknown_pos_sale,1.0,0.0,0.0,0.0,0.0
32309,25752,2.0,32.081967,7.06,27.983607,6.16
32309,3865,2.0,32.081967,7.06,27.983607,6.16
32308,3865,1.0,16.368852,3.6,16.368852,3.6
32308,3870,2.0,30.47541,6.7,30.47541,6.7
32308,unknown_pos_sale,1.0,0.0,0.0,0.0,0.0
32308,25752,2.0,32.081967,7.06,32.081967,7.06
32307,25001,1.0,18.008197,3.96,18.008197,3.96
32307,25752,1.0,16.368852,3.6,16.368852,3.6
32306,unknown_gift_item,1.0,44.237705,9.73,44.237705,9.73
32305,3865,1.0,16.368852,3.6,16.368852,3.6
32305,3870,1.0,15.54918,3.42,15.54918,3.42
32305,25001,1.0,18.008197,3.96,18.008197,3.96
32305,25752,1.0,10.631148,2.34,10.631148,2.34
32305,unknown_pos_sale,1.0,0.0,0.0,0.0,0.0
32304,3870,2.0,30.47541,6.7,30.47541,6.7
32304,3865,2.0,32.081967,7.06,32.081967,7.06
32304,unknown_pos_sale,1.0,0.0,0.0,0.0,0.0
32304,3361,2.0,14.721311,3.24,14.721311,3.24
32303,3865,2.0,32.081967,7.06,32.081967,7.06
32302,3865,2.0,32.081967,7.06,28.803279,6.34
32302,3870,1.0,15.54918,3.42,13.909836,3.06
32302,unknown_pos_sale,1.0,0.0,0.0,0.0,0.0
32302,31856,1.0,19.647541,4.32,18.008197,3.96
32302,25001,1.0,17.098361,3.76,15.459016,3.4
32297,23378,1.0,44.237705,9.73,44.237705,9.73
32293,25752,1.0,16.368852,3.6,16.368852,3.6
32280,3313,4.0,38.491803,8.47,34.639344,7.62
32280,25001,1.0,17.098361,3.76,17.098361,3.76
32280,unknown_pos_sale,1.0,0.0,0.0,0.0,0.0
32280,3361,2.0,14.721311,3.24,13.254098,2.92
32279,unknown_gift_item,1.0,8.852459,1.95,8.852459,1.95
32278,3865,2.0,32.081967,7.06,28.877049,6.35
32277,3361,1.0,7.360656,1.62,7.360656,1.62
32277,3313,1.0,9.819672,2.16,9.819672,2.16
32276,3865,2.0,32.081967,7.06,28.868852,6.35
32276,3870,1.0,15.54918,3.42,14.0,3.08
32275,3870,1.0,15.54918,3.42,15.54918,3.42
32274,25752,3.0,31.254098,6.88,29.688525,6.53
32272,3865,1.0,16.368852,3.6,15.54918,3.42
32272,3870,1.0,15.155738,3.33,15.155738,3.33
32271,23378,2.0,29.491803,6.49,29.491803,6.49
32270,25752,2.0,20.836066,4.58,19.032787,4.19
32270,31856,1.0,19.647541,4.32,18.754098,4.13
32268,3865,1.0,16.368852,3.6,14.729508,3.24
32268,25752,1.0,16.368852,3.6,14.737705,3.24
32268,25001,1.0,18.008197,3.96,16.204918,3.57
32267,25752,2.0,20.836066,4.58,20.836066,4.58
32267,3865,2.0,32.081967,7.06,32.081967,7.06
32267,3870,1.0,15.155738,3.33,15.155738,3.33
32267,unknown_pos_sale,1.0,0.0,0.0,0.0,0.0
32266,3865,10.0,155.491803,34.21,139.942623,30.79
32266,unknown_pos_sale,1.0,0.0,0.0,0.0,0.0
32265,31527,1.0,32.762295,7.21,32.762295,7.21
32264,31856,1.0,19.647541,4.32,17.680328,3.89
32264,25001,1.0,18.008197,3.96,16.213115,3.57
32263,25752,2.0,20.836066,4.58,18.745902,4.12
32263,3870,1.0,15.54918,3.42,14.0,3.08
32262,3865,1.0,16.368852,3.6,16.368852,3.6
32262,3361,1.0,7.360656,1.62,7.360656,1.62
32261,25752,2.0,32.081967,7.06,32.081967,7.06
32260,25752,2.0,20.836066,4.58,18.745902,4.12
32260,3865,1.0,16.368852,3.6,14.737705,3.24
32259,3865,3.0,48.122951,10.59,48.122951,10.59
32259,25752,2.0,32.081967,7.06,32.081967,7.06
32259,unknown_pos_sale,1.0,0.0,0.0,0.0,0.0
32259,31856,1.0,19.647541,4.32,19.647541,4.32
32258,31856,1.0,19.647541,4.32,19.647541,4.32
32257,25752,1.0,16.368852,3.6,14.729508,3.24
32257,31856,1.0,19.180328,4.22,19.180328,4.22
32257,3865,1.0,16.368852,3.6,14.729508,3.24
32257,25752,1.0,10.631148,2.34,9.57377,2.11
32257,unknown_pos_sale,1.0,0.0,0.0,0.0,0.0
32257,3870,1.0,15.155738,3.33,15.155738,3.33
32256,3870,1.0,15.54918,3.42,14.0,3.08
32256,3313,2.0,19.639344,4.32,17.672131,3.89
32255,25752,2.0,32.081967,7.06,28.877049,6.35
32255,31856,2.0,38.508197,8.47,34.655738,7.62
32255,unknown_pos_sale,1.0,0.0,0.0,0.0,0.0
32254,25752,4.0,62.196721,13.68,62.196721,13.68
32254,unknown_pos_sale,1.0,0.0,0.0,0.0,0.0
32253,25752,4.0,62.196721,13.68,62.196721,13.68
32253,unknown_pos_sale,1.0,0.0,0.0,0.0,0.0
32252,25752,4.0,40.393443,8.89,36.352459,8.0
32251,3865,2.0,32.081967,7.06,28.877049,6.35
32251,25001,2.0,35.295082,7.76,31.762295,6.99
32251,unknown_pos_sale,1.0,0.0,0.0,0.0,0.0
32250,3870,3.0,45.713115,10.06,45.713115,10.06
32250,25001,1.0,17.098361,3.76,17.098361,3.76
32250,unknown_pos_sale,1.0,0.0,0.0,0.0,0.0
32249,3865,3.0,48.122951,10.59,48.122951,10.59
32249,25001,1.0,18.008197,3.96,18.008197,3.96
32249,unknown_pos_sale,1.0,0.0,0.0,0.0,0.0
32245,3865,1.0,16.368852,3.6,16.368852,3.6
32245,25752,1.0,10.631148,2.34,10.631148,2.34
32244,23378,1.0,29.491803,6.49,29.491803,6.49
32231,25752,2.0,20.836066,4.58,20.836066,4.58
32230,3865,2.0,32.081967,7.06,32.081967,7.06
32229,3870,1.0,15.54918,3.42,15.54918,3.42
32229,25752,1.0,16.368852,3.6,16.368852,3.6
32228,25752,2.0,20.836066,4.58,20.836066,4.58
32228,3870,1.0,15.54918,3.42,15.54918,3.42
32226,31527,1.0,32.762295,7.21,32.762295,7.21
32225,unknown_gift_item,1.0,8.852459,1.95,8.852459,1.95
32224,25026,1.0,17.52459,3.86,17.52459,3.86
32223,unknown_gift_item,1.0,14.745902,3.24,14.745902,3.24
32222,3865,4.0,62.196721,13.68,62.196721,13.68
32222,unknown_pos_sale,1.0,0.0,0.0,0.0,0.0
32221,31527,1.0,32.762295,7.21,31.122951,6.85
32219,23378,1.0,29.491803,6.49,29.491803,6.49
32218,25752,2.0,32.081967,7.06,32.081967,7.06
32217,25752,2.0,32.081967,7.06,30.47541,6.7
32216,25752,1.0,10.631148,2.34,10.631148,2.34
32216,3870,1.0,15.54918,3.42,15.54918,3.42
32215,25752,2.0,32.081967,7.06,28.868852,6.35
32215,3865,1.0,16.368852,3.6,14.737705,3.24
32215,3870,1.0,15.155738,3.33,15.155738,3.33
32215,unknown_pos_sale,1.0,0.0,0.0,0.0,0.0
32214,3865,1.0,16.368852,3.6,16.368852,3.6
32214,3870,1.0,15.155738,3.33,15.155738,3.33
32213,31527,1.0,32.762295,7.21,32.762295,7.21
32212,31527,1.0,32.762295,7.21,32.762295,7.21
32211,31527,1.0,32.762295,7.21,32.762295,7.21
32210,23378,2.0,29.491803,6.49,29.491803,6.49
32209,31527,1.0,32.762295,7.21,32.762295,7.21
32208,25001,1.0,18.008197,3.96,18.008197,3.96
32207,26420,1.0,29.491803,6.49,29.491803,6.49
32206,25001,1.0,18.008197,3.96,18.008197,3.96
32205,3870,2.0,30.47541,6.7,30.47541,6.7
32204,25752,2.0,32.081967,7.06,32.081967,7.06
32202,25752,1.0,16.368852,3.6,15.54918,3.42
32202,31856,1.0,19.180328,4.22,19.180328,4.22
32202,31527,1.0,32.762295,7.21,31.122951,6.85
32202,unknown_pos_sale,1.0,0.0,0.0,0.0,0.0
32201,25001,1.0,18.008197,3.96,18.008197,3.96
32200,31856,1.0,19.647541,4.32,19.647541,4.32
32200,25001,1.0,18.008197,3.96,18.008197,3.96
32200,3870,1.0,15.54918,3.42,15.54918,3.42
32200,unknown_pos_sale,1.0,0.0,0.0,0.0,0.0
32199,3865,1.0,16.368852,3.6,16.368852,3.6
32198,25001,1.0,18.008197,3.96,18.008197,3.96
32196,31856,2.0,38.508197,8.47,30.311475,6.67
32193,31856,4.0,74.655738,16.42,74.655738,16.42
32193,unknown_pos_sale,1.0,0.0,0.0,0.0,0.0
32193,3865,1.0,15.959016,3.51,15.959016,3.51
32192,31856,1.0,19.647541,4.32,15.54918,3.42
32192,3865,1.0,15.959016,3.51,11.860656,2.61
32188,3865,1.0,16.368852,3.6,16.368852,3.6
32187,31527,1.0,32.762295,7.21,32.762295,7.21
32186,3865,2.0,32.081967,7.06,30.47541,6.7
32185,31856,2.0,38.508197,8.47,35.229508,7.75
32185,3865,1.0,15.959016,3.51,14.319672,3.15
32185,unknown_pos_sale,1.0,0.0,0.0,0.0,0.0
32185,25752,2.0,20.836066,4.58,17.557377,3.86
32184,31856,3.0,57.762295,12.71,49.565574,10.9
32184,unknown_pos_sale,1.0,0.0,0.0,0.0,0.0
32183,31856,2.0,38.508197,8.47,38.508197,8.47
32183,3865,1.0,15.959016,3.51,15.959016,3.51
32183,unknown_pos_sale,1.0,0.0,0.0,0.0,0.0
32182,31856,2.0,38.508197,8.47,30.311475,6.67
32180,25001,1.0,18.008197,3.96,18.008197,3.96
32178,31856,1.0,19.647541,4.32,16.909836,3.72
32178,3865,1.0,15.959016,3.51,13.229508,2.91
32178,25752,1.0,16.368852,3.6,13.639344,3.0
32177,3865,1.0,16.368852,3.6,13.639344,3.0
32177,3870,1.0,15.155738,3.33,12.42623,2.73
32177,25001,1.0,18.008197,3.96,15.270492,3.36
32176,3870,1.0,15.54918,3.42,11.45082,2.52
32176,31856,1.0,19.647541,4.32,15.54918,3.42
32175,31856,1.0,19.647541,4.32,19.647541,4.32
32173,25752,1.0,16.368852,3.6,16.368852,3.6
32173,3865,1.0,16.368852,3.6,16.368852,3.6
32172,3865,1.0,16.368852,3.6,15.204918,3.35
32172,3870,2.0,30.47541,6.7,28.131148,6.19
32172,25752,2.0,32.081967,7.06,29.737705,6.54
32172,unknown_pos_sale,1.0,0.0,0.0,0.0,0.0
32172,31856,2.0,38.508197,8.47,36.163934,7.96
32171,31856,1.0,19.647541,4.32,19.647541,4.32
32171,31527,1.0,32.762295,7.21,32.762295,7.21
32171,unknown_pos_sale,1.0,0.0,0.0,0.0,0.0
32170,3865,2.0,32.081967,7.06,32.081967,7.06
32170,31856,2.0,38.508197,8.47,38.508197,8.47
32170,unknown_pos_sale,1.0,0.0,0.0,0.0,0.0
32169,3865,1.0,16.368852,3.6,13.639344,3.0
32169,25752,1.0,10.631148,2.34,7.901639,1.74
32169,31856,1.0,19.647541,4.32,16.909836,3.72
32168,3313,6.0,55.967213,12.31,55.967213,12.31
32168,unknown_pos_sale,1.0,0.0,0.0,0.0,0.0
32167,31856,1.0,19.647541,4.32,19.647541,4.32
32167,25752,1.0,10.631148,2.34,10.631148,2.34
32166,25752,2.0,20.836066,4.58,20.836066,4.58
32145,31856,1.0,19.647541,4.32,19.647541,4.32
32112,31856,1.0,19.647541,4.32,19.647541,4.32
32101,3865,1.0,16.368852,3.6,16.368852,3.6
32101,25752,2.0,32.081967,7.06,32.081967,7.06
32099,25752,2.0,32.081967,7.06,30.47541,6.7
32097,31856,2.0,38.508197,8.47,34.409836,7.57
32097,3865,2.0,30.278689,6.66,26.180328,5.76
32097,unknown_pos_sale,1.0,0.0,0.0,0.0,0.0
32096,3865,1.0,16.368852,3.6,12.270492,2.7
32096,31856,1.0,19.647541,4.32,15.54918,3.42
32095,25752,2.0,20.836066,4.58,15.368852,3.38
32095,31856,1.0,18.196721,4.0,15.467213,3.4
32094,unknown_gift_item,1.0,29.491803,6.49,29.491803,6.49
32092,3865,5.0,77.745902,17.1,77.745902,17.1
32092,unknown_pos_sale,1.0,0.0,0.0,0.0,0.0
32092,3870,1.0,13.991803,3.08,13.991803,3.08
32091,25752,2.0,20.836066,4.58,20.836066,4.58
32090,unknown_gift_item,1.0,14.745902,3.24,14.745902,3.24
32089,31856,1.0,19.647541,4.32,19.647541,4.32
32088,25752,4.0,40.393443,8.89,34.918033,7.68
32088,31856,2.0,38.508197,8.47,35.786885,7.87
32088,unknown_pos_sale,1.0,0.0,0.0,0.0,0.0
32087,3865,1.0,16.368852,3.6,16.368852,3.6
32087,25752,1.0,10.631148,2.34,10.631148,2.34
32086,31856,1.0,19.647541,4.32,15.54918,3.42
32086,3865,1.0,15.139344,3.33,11.040984,2.43
32081,3865,1.0,16.352459,3.6,16.352459,3.6
32081,3870,1.0,15.368852,3.38,15.368852,3.38
32079,31856,1.0,19.647541,4.32,18.008197,3.96
32079,3865,1.0,16.114754,3.55,14.47541,3.18
32079,3870,3.0,44.729508,9.84,39.811475,8.76
32079,unknown_pos_sale,1.0,0.0,0.0,0.0,0.0
32078,25752,1.0,16.352459,3.6,16.352459,3.6
32078,31856,1.0,18.196721,4.0,18.196721,4.0
32077,25752,1.0,10.409836,2.29,8.360656,1.84
32077,31856,1.0,18.196721,4.0,16.147541,3.55
32077,3865,2.0,31.721311,6.98,27.622951,6.08
32077,unknown_pos_sale,1.0,0.0,0.0,0.0,0.0
32076,31527,1.0,32.762295,7.21,32.762295,7.21
32075,25001,2.0,34.934426,7.69,34.934426,7.69
32075,31856,1.0,19.647541,4.32,19.647541,4.32
32075,unknown_pos_sale,1.0,0.0,0.0,0.0,0.0
32075,3865,1.0,16.114754,3.55,16.114754,3.55
32070,31527,1.0,32.762295,7.21,31.122951,6.85
32068,31856,1.0,19.647541,4.32,15.54918,3.42
32068,3865,1.0,16.114754,3.55,12.016393,2.64
32067,25752,2.0,20.196721,4.44,20.196721,4.44
32065,3870,4.0,59.639344,13.12,59.639344,13.12
32065,unknown_pos_sale,1.0,0.0,0.0,0.0,0.0
32063,unknown_gift_item,1.0,29.491803,6.49,29.491803,6.49
32062,unknown_gift_item,1.0,8.852459,1.95,8.852459,1.95
32037,3870,2.0,29.819672,6.56,26.827869,5.9
32037,3361,1.0,7.360656,1.62,6.631148,1.46
32037,25001,1.0,17.098361,3.76,17.098361,3.76
32037,unknown_pos_sale,1.0,0.0,0.0,0.0,0.0
32036,31856,1.0,19.647541,4.32,15.54918,3.42
32036,3865,1.0,16.114754,3.55,12.016393,2.64
32035,31856,2.0,39.295082,8.64,39.295082,8.64
32035,3865,1.0,16.352459,3.6,16.352459,3.6
32035,unknown_pos_sale,1.0,0.0,0.0,0.0,0.0
32035,3870,1.0,14.754098,3.25,14.754098,3.25
32012,3865,1.0,16.352459,3.6,16.352459,3.6
32012,3870,1.0,15.368852,3.38,15.368852,3.38
32012,25752,2.0,20.196721,4.44,20.196721,4.44
32012,unknown_pos_sale,1.0,0.0,0.0,0.0,0.0
32011,3865,1.0,16.352459,3.6,16.352459,3.6
32011,3870,1.0,14.754098,3.25,14.754098,3.25
32010,31856,1.0,19.647541,4.32,19.647541,4.32
31988,31856,1.0,19.647541,4.32,15.54918,3.42
31988,3865,1.0,16.114754,3.55,12.016393,2.64
31987,31856,1.0,19.647541,4.32,15.54918,3.42
31987,25752,1.0,16.352459,3.6,12.254098,2.7
31986,31856,2.0,39.295082,8.64,31.098361,6.84
31967,31856,1.0,19.647541,4.32,15.54918,3.42
31967,3865,1.0,16.114754,3.55,12.016393,2.64
31966,25752,1.0,10.409836,2.29,10.409836,2.29
31955,31856,1.0,19.647541,4.32,17.598361,3.87
31955,3865,1.0,16.114754,3.55,14.065574,3.09
31955,25001,2.0,34.934426,7.69,30.836066,6.78
31955,unknown_pos_sale,1.0,0.0,0.0,0.0,0.0
31953,31856,1.0,19.647541,4.32,19.647541,4.32
31930,31856,1.0,19.647541,4.32,16.918033,3.72
31930,3865,2.0,32.229508,7.09,26.762295,5.89
31911,31856,2.0,39.295082,8.64,31.098361,6.84
31906,31856,2.0,39.295082,8.64,31.098361,6.84
31905,31856,1.0,19.647541,4.32,19.647541,4.32
31903,31527,1.0,32.762295,7.21,32.762295,7.21
31901,3870,4.0,59.639344,13.12,59.639344,13.12
31901,25001,1.0,17.098361,3.76,17.098361,3.76
31901,unknown_pos_sale,1.0,0.0,0.0,0.0,0.0
31898,25752,2.0,20.196721,4.44,18.180328,4.0
31898,31856,1.0,17.704918,3.9,17.704918,3.9
31898,3870,2.0,29.819672,6.56,26.836066,5.9
31898,unknown_pos_sale,1.0,0.0,0.0,0.0,0.0
31897,25752,3.0,47.581967,10.47,42.827869,9.42
31896,31856,1.0,19.647541,4.32,19.647541,4.32
31895,31856,1.0,19.647541,4.32,18.663934,4.11
31894,25752,2.0,31.721311,6.98,31.721311,6.98
31893,3865,1.0,16.352459,3.6,16.352459,3.6
31893,3870,1.0,14.754098,3.25,14.754098,3.25
31892,31527,1.0,32.762295,7.21,32.762295,7.21
31891,25001,1.0,18.008197,3.96,18.008197,3.96
31890,31856,1.0,19.647541,4.32,17.680328,3.89
31889,3865,6.0,95.163934,20.94,95.163934,20.94
31889,unknown_pos_sale,1.0,0.0,0.0,0.0,0.0
31888,25752,2.0,31.721311,6.98,31.721311,6.98
31887,25752,1.0,10.409836,2.29,10.409836,2.29
31887,3870,1.0,15.368852,3.38,15.368852,3.38
31886,25001,1.0,18.008197,3.96,16.204918,3.57
31886,3870,1.0,15.368852,3.38,13.836066,3.04
31885,3361,30.0,209.754098,46.15,209.754098,46.15
31885,unknown_pos_sale,1.0,0.0,0.0,0.0,0.0
31884,3865,1.0,16.352459,3.6,16.352459,3.6
31884,3870,1.0,14.754098,3.25,14.754098,3.25
31883,25752,1.0,10.409836,2.29,10.409836,2.29
31883,3865,1.0,15.680328,3.45,15.680328,3.45
31882,3870,2.0,29.819672,6.56,29.819672,6.56
31882,25001,2.0,34.196721,7.52,34.196721,7.52
31882,unknown_pos_sale,1.0,0.0,0.0,0.0,0.0
31881,31527,1.0,32.762295,7.21,29.483607,6.49
31880,3865,6.0,95.163934,20.94,85.647541,18.84
31880,unknown_pos_sale,1.0,0.0,0.0,0.0,0.0
31878,31527,1.0,32.762295,7.21,32.762295,7.21
31872,3865,1.0,16.352459,3.6,14.713115,3.24
31872,25752,1.0,16.352459,3.6,14.721311,3.24
31871,25001,2.0,34.934426,7.69,34.934426,7.69
31871,31527,1.0,32.762295,7.21,32.762295,7.21
31871,unknown_pos_sale,1.0,0.0,0.0,0.0,0.0
31869,3865,1.0,16.352459,3.6,16.352459,3.6
31869,25752,1.0,16.352459,3.6,16.352459,3.6
31869,25001,1.0,18.008197,3.96,18.008197,3.96
31862,25001,1.0,18.008197,3.96,18.008197,3.96
31855,31527,1.0,32.762295,7.21,32.762295,7.21
31854,3361,3.0,21.639344,4.76,19.47541,4.28
31854,3865,1.0,16.352459,3.6,14.721311,3.24
31854,3870,2.0,29.508197,6.49,29.508197,6.49
31854,unknown_pos_sale,1.0,0.0,0.0,0.0,0.0
31853,25001,2.0,34.934426,7.69,34.934426,7.69
31852,25752,2.0,31.721311,6.98,28.54918,6.28
31848,31527,1.0,32.762295,7.21,32.762295,7.21
31847,3865,1.0,16.352459,3.6,16.352459,3.6
31837,25001,1.0,18.008197,3.96,18.008197,3.96
31837,3870,1.0,15.368852,3.38,15.368852,3.38
31837,25752,1.0,10.409836,2.29,10.409836,2.29
31836,31527,2.0,65.52459,14.42,58.97541,12.97
31836,unknown_pos_sale,1.0,0.0,0.0,0.0,0.0
31835,3361,6.0,41.95082,9.23,39.852459,8.77
31834,3865,1.0,16.352459,3.6,16.352459,3.6
31834,3870,1.0,14.754098,3.25,14.754098,3.25
31834,25752,1.0,16.352459,3.6,16.352459,3.6
31831,31527,1.0,32.762295,7.21,29.483607,6.49
31829,3865,4.0,63.442623,13.96,63.442623,13.96
31829,unknown_pos_sale,1.0,0.0,0.0,0.0,0.0
31829,3870,1.0,14.754098,3.25,14.754098,3.25
31828,3865,2.0,31.721311,6.98,28.54918,6.28
31825,3361,12.0,83.901639,18.46,83.901639,18.46
31825,unknown_pos_sale,1.0,0.0,0.0,0.0,0.0
31824,3865,7.0,111.02459,24.43,99.92623,21.98
31824,unknown_pos_sale,1.0,0.0,0.0,0.0,0.0
31823,31527,1.0,32.762295,7.21,29.483607,6.49
31821,25752,2.0,20.196721,4.44,20.196721,4.44
31820,3865,1.0,16.352459,3.6,14.721311,3.24
31820,3870,1.0,14.754098,3.25,14.754098,3.25
31807,25026,1.0,17.52459,3.86,17.52459,3.86
31804,24437,1.0,73.729508,16.22,73.729508,16.22
31804,23378,1.0,29.491803,6.49,29.491803,6.49
31804,unknown_pos_sale,1.0,0.0,0.0,0.0,0.0
31803,25001,1.0,18.008197,3.96,18.008197,3.96
31802,25752,3.0,30.295082,6.66,27.262295,6.0
31802,3865,2.0,31.721311,6.98,28.54918,6.28
31801,25001,1.0,18.008197,3.96,18.008197,3.96
31799,26420,1.0,44.237705,9.73,44.237705,9.73
31798,3865,2.0,31.721311,6.98,31.721311,6.98
31797,31527,1.0,32.762295,7.21,29.483607,6.49
31796,3865,2.0,31.721311,6.98,28.54918,6.28
31793,3865,2.0,31.721311,6.98,31.721311,6.98
31792,3865,1.0,16.352459,3.6,16.352459,3.6
31781,25001,1.0,18.008197,3.96,18.008197,3.96
31781,25752,1.0,10.409836,2.29,10.409836,2.29
31779,3865,2.0,31.721311,6.98,28.54918,6.28
31778,3870,1.0,15.368852,3.38,13.836066,3.04
31778,25752,1.0,16.352459,3.6,14.713115,3.24
31777,25752,1.0,16.352459,3.6,15.532787,3.42
31777,3865,1.0,15.680328,3.45,15.680328,3.45
31776,3865,4.0,63.442623,13.96,63.442623,13.96
31776,31527,1.0,32.762295,7.21,29.483607,6.49
31776,unknown_pos_sale,1.0,0.0,0.0,0.0,0.0
31775,3865,1.0,16.352459,3.6,16.352459,3.6
31775,3870,1.0,15.368852,3.38,15.368852,3.38
31774,3865,1.0,16.352459,3.6,16.352459,3.6
31774,3870,1.0,15.368852,3.38,15.368852,3.38
31773,3870,1.0,15.368852,3.38,15.368852,3.38
31773,25752,1.0,10.409836,2.29,10.409836,2.29
31770,24437,1.0,14.745902,3.24,14.745902,3.24
31770,25026,1.0,17.52459,3.86,17.52459,3.86
31769,31527,1.0,32.762295,7.21,29.483607,6.49
31768,24437,1.0,8.852459,1.95,8.852459,1.95
31767,23378,1.0,14.745902,3.24,14.745902,3.24
31766,3865,1.0,16.352459,3.6,16.352459,3.6
31766,3870,1.0,14.754098,3.25,14.754098,3.25
31764,3870,1.0,15.368852,3.38,13.827869,3.04
31764,3313,1.0,9.819672,2.16,8.844262,1.95
31763,25752,1.0,16.352459,3.6,16.352459,3.6
31763,3865,1.0,16.352459,3.6,16.352459,3.6
31763,3870,1.0,14.754098,3.25,14.754098,3.25
31762,25752,2.0,31.721311,6.98,31.721311,6.98
31761,31527,1.0,32.762295,7.21,32.762295,7.21
31760,25752,2.0,31.721311,6.98,31.721311,6.98
31760,3870,3.0,44.729508,9.84,44.729508,9.84
31759,31527,1.0,32.762295,7.21,29.483607,6.49
31758,3870,1.0,15.368852,3.38,15.368852,3.38
31758,3865,1.0,16.352459,3.6,16.352459,3.6
31757,25001,1.0,18.008197,3.96,18.008197,3.96
31757,3865,1.0,16.352459,3.6,16.352459,3.6
31754,24437,1.0,14.745902,3.24,14.745902,3.24
31754,3870,1.0,15.368852,3.38,15.368852,3.38
31752,3870,3.0,44.729508,9.84,44.729508,9.84
31752,25001,3.0,52.401639,11.53,52.401639,11.53
31752,unknown_pos_sale,1.0,0.0,0.0,0.0,0.0
31751,3865,1.0,16.352459,3.6,16.352459,3.6
31751,3870,1.0,14.754098,3.25,14.754098,3.25
31751,25001,1.0,18.008197,3.96,18.008197,3.96
31750,3865,4.0,63.442623,13.96,63.442623,13.96
31749,31527,1.0,32.762295,7.21,32.762295,7.21
31748,3865,1.0,16.352459,3.6,16.352459,3.6
31748,3870,1.0,14.754098,3.25,14.754098,3.25
31747,25001,3.0,52.401639,11.53,52.401639,11.53
31746,3865,1.0,16.352459,3.6,14.721311,3.24
31746,3870,1.0,14.754098,3.25,14.754098,3.25
31745,3865,1.0,16.352459,3.6,16.352459,3.6
31745,3870,1.0,14.754098,3.25,14.754098,3.25
31740,3865,1.0,16.352459,3.6,16.352459,3.6
31740,3870,1.0,15.368852,3.38,15.368852,3.38
31740,25752,1.0,16.352459,3.6,16.352459,3.6
31739,3865,1.0,16.352459,3.6,14.713115,3.24
31739,3870,1.0,15.368852,3.38,13.836066,3.04
31738,3865,1.0,16.352459,3.6,16.352459,3.6
31738,3870,1.0,14.754098,3.25,14.754098,3.25
31737,3870,1.0,15.368852,3.38,13.836066,3.04
31737,31527,1.0,32.762295,7.21,29.483607,6.49
31737,3865,1.0,16.352459,3.6,14.713115,3.24
31736,3865,2.0,31.721311,6.98,31.721311,6.98
31735,25752,1.0,16.352459,3.6,14.721311,3.24
31735,3870,2.0,29.819672,6.56,26.827869,5.9
31735,3865,1.0,16.352459,3.6,14.721311,3.24
31734,3865,2.0,31.721311,6.98,28.54918,6.28
31733,3865,1.0,16.352459,3.6,15.532787,3.42
31733,3870,1.0,14.754098,3.25,14.754098,3.25
31732,25752,2.0,31.721311,6.98,31.721311,6.98
31730,3865,2.0,31.721311,6.98,31.721311,6.98
31729,3865,1.0,16.352459,3.6,14.721311,3.24
31729,3870,1.0,14.754098,3.25,14.754098,3.25
31728,25752,1.0,10.409836,2.29,10.409836,2.29
31727,23378,1.0,44.237705,9.73,44.237705,9.73
31726,25001,3.0,52.401639,11.53,47.163934,10.38
31723,31527,1.0,32.762295,7.21,29.483607,6.49
31723,3865,1.0,16.352459,3.6,16.352459,3.6
31722,31527,1.0,32.762295,7.21,32.762295,7.21
31721,3865,2.0,31.721311,6.98,26.967213,5.93
31720,31527,1.0,32.762295,7.21,32.762295,7.21
31720,25752,1.0,16.352459,3.6,16.352459,3.6
31720,3865,1.0,15.680328,3.45,15.680328,3.45
31719,3865,1.0,16.352459,3.6,16.352459,3.6
31719,3870,1.0,15.368852,3.38,15.368852,3.38
31719,25752,1.0,10.409836,2.29,10.409836,2.29
31717,31527,1.0,32.762295,7.21,32.762295,7.21
31716,31527,1.0,32.762295,7.21,32.762295,7.21
31715,31527,1.0,32.762295,7.21,32.762295,7.21
31714,3865,1.0,16.352459,3.6,14.721311,3.24
31714,3870,1.0,14.754098,3.25,14.754098,3.25
31713,3865,2.0,31.721311,6.98,31.721311,6.98
31712,31527,1.0,32.762295,7.21,29.483607,6.49
31711,3865,1.0,16.352459,3.6,14.713115,3.24
31711,3870,1.0,15.368852,3.38,13.836066,3.04
31710,31527,1.0,32.762295,7.21,31.122951,6.85
31709,31527,1.0,32.762295,7.21,29.483607,6.49
31708,31527,1.0,32.762295,7.21,32.762295,7.21
31701,25001,1.0,18.008197,3.96,18.008197,3.96
31701,31527,1.0,32.762295,7.21,29.483607,6.49
31700,31527,1.0,32.762295,7.21,29.483607,6.49
31698,25752,2.0,31.721311,6.98,31.721311,6.98
31697,3313,9.0,83.95082,18.47,83.95082,18.47
31697,unknown_pos_sale,1.0,0.0,0.0,0.0,0.0
31696,unknown_gift_item,1.0,29.491803,6.49,29.491803,6.49
31695,3870,1.0,15.368852,3.38,15.368852,3.38
31695,25752,1.0,16.352459,3.6,16.352459,3.6
31695,3865,1.0,16.352459,3.6,16.352459,3.6
31694,31527,1.0,32.762295,7.21,32.762295,7.21
31692,31527,1.0,32.762295,7.21,32.762295,7.21
31691,31527,1.0,32.762295,7.21,32.762295,7.21
31690,31527,1.0,32.762295,7.21,29.483607,6.49
31689,3865,1.0,16.352459,3.6,16.352459,3.6
31689,25752,1.0,10.409836,2.29,10.409836,2.29
31688,3313,2.0,19.639344,4.32,19.639344,4.32
31688,3361,2.0,14.721311,3.24,14.721311,3.24
31687,31527,1.0,32.762295,7.21,32.762295,7.21
31686,3865,1.0,16.352459,3.6,16.352459,3.6
31686,3870,1.0,14.754098,3.25,14.754098,3.25
31686,25001,1.0,18.008197,3.96,18.008197,3.96
31685,3870,1.0,15.368852,3.38,15.368852,3.38
31685,3865,1.0,16.352459,3.6,16.352459,3.6
31684,25752,1.0,16.352459,3.6,16.352459,3.6
31684,31527,1.0,32.762295,7.21,32.762295,7.21
31683,3865,2.0,31.721311,6.98,31.721311,6.98
31682,3865,2.0,31.721311,6.98,31.721311,6.98
31682,25752,1.0,10.409836,2.29,10.409836,2.29
31682,25001,1.0,18.008197,3.96,18.008197,3.96
31681,31527,1.0,32.762295,7.21,32.762295,7.21
31680,31527,1.0,32.762295,7.21,32.762295,7.21
31679,31527,1.0,32.762295,7.21,32.762295,7.21
31678,31527,1.0,32.762295,7.21,32.762295,7.21
31677,3361,12.0,83.901639,18.46,83.901639,18.46
31677,31527,1.0,32.762295,7.21,32.762295,7.21
31675,3870,1.0,15.368852,3.38,15.368852,3.38
31675,31527,1.0,32.762295,7.21,32.762295,7.21
31675,3865,1.0,16.352459,3.6,16.352459,3.6
31674,31527,1.0,32.762295,7.21,29.483607,6.49
31674,25001,1.0,18.008197,3.96,16.213115,3.57
31673,3870,2.0,29.819672,6.56,29.819672,6.56
31673,25752,2.0,20.196721,4.44,20.196721,4.44
31672,25001,1.0,18.008197,3.96,18.008197,3.96
31672,25752,1.0,10.409836,2.29,10.409836,2.29
31671,3865,1.0,16.352459,3.6,16.352459,3.6
31671,25752,1.0,10.409836,2.29,10.409836,2.29
31669,25752,2.0,20.196721,4.44,20.196721,4.44
31668,25752,1.0,10.409836,2.29,10.409836,2.29
31668,3870,2.0,29.819672,6.56,29.819672,6.56
31667,3865,2.0,31.721311,6.98,28.54918,6.28
31666,25752,2.0,31.721311,6.98,31.721311,6.98
31665,3870,1.0,15.368852,3.38,15.368852,3.38
31665,25752,1.0,10.409836,2.29,10.409836,2.29
31664,3865,2.0,31.721311,6.98,31.721311,6.98
31663,3865,1.0,16.352459,3.6,14.713115,3.24
31663,25752,1.0,16.352459,3.6,14.721311,3.24
31662,31527,1.0,32.762295,7.21,29.483607,6.49
31661,31527,1.0,32.762295,7.21,29.483607,6.49
31660,25752,2.0,31.721311,6.98,31.721311,6.98
31657,3361,6.0,41.95082,9.23,37.754098,8.31
31656,25752,1.0,16.352459,3.6,14.721311,3.24
31656,25752,1.0,10.409836,2.29,9.368852,2.06
31655,25752,2.0,31.721311,6.98,28.54918,6.28
31655,3865,2.0,31.721311,6.98,28.54918,6.28
31653,31527,2.0,65.52459,14.42,58.97541,12.97
31652,31527,1.0,32.762295,7.21,29.483607,6.49
31651,31527,1.0,32.762295,7.21,29.483607,6.49
31650,31527,1.0,32.762295,7.21,29.483607,6.49
31649,31527,1.0,32.762295,7.21,32.762295,7.21
31648,31527,1.0,32.762295,7.21,29.483607,6.49
31647,25001,2.0,34.934426,7.69,31.434426,6.92
31647,31527,1.0,32.762295,7.21,29.491803,6.49
31646,31527,1.0,32.762295,7.21,32.762295,7.21
31645,23378,1.0,44.237705,9.73,44.237705,9.73
31644,3865,1.0,16.352459,3.6,14.713115,3.24
31644,25752,1.0,16.352459,3.6,14.721311,3.24
31643,3865,2.0,31.721311,6.98,31.721311,6.98
31643,31527,1.0,32.762295,7.21,32.762295,7.21
31643,25752,2.0,31.721311,6.98,31.721311,6.98
31642,25001,1.0,18.008197,3.96,18.008197,3.96
31641,25752,1.0,10.409836,2.29,9.368852,2.06
31641,3865,1.0,16.352459,3.6,14.721311,3.24
31631,3865,3.0,43.795082,9.63,43.795082,9.63
31630,3865,2.0,29.196721,6.42,29.196721,6.42
31630,3870,2.0,29.196721,6.42,29.196721,6.42
31630,25001,1.0,18.442623,4.06,18.442623,4.06
31630,25752,4.0,58.393443,12.85,58.393443,12.85
31629,3865,2.0,29.196721,6.42,29.196721,6.42
31628,25752,3.0,43.795082,9.63,43.795082,9.63
31627,25752,3.0,43.795082,9.63,43.795082,9.63
31623,3870,1.0,15.368852,3.38,13.836066,3.04
31623,25001,1.0,18.442623,4.06,16.598361,3.65
31622,25752,3.0,43.795082,9.63,39.418033,8.67
31621,25026,1.0,87.622951,19.28,87.622951,19.28
31620,25001,1.0,18.442623,4.06,18.442623,4.06
31612,3865,1.0,15.368852,3.38,15.368852,3.38
31612,25752,1.0,9.221311,2.03,9.221311,2.03
31611,3865,1.0,15.368852,3.38,15.368852,3.38
31611,3870,1.0,15.368852,3.38,15.368852,3.38
31610,25001,2.0,35.04918,7.71,31.532787,6.94
31610,25752,1.0,9.221311,2.03,8.303279,1.83
31610,3870,1.0,15.368852,3.38,13.836066,3.04
31608,3865,2.0,29.196721,6.42,26.278689,5.78
31608,3870,2.0,29.196721,6.42,26.278689,5.78
31578,25752,2.0,29.819672,6.56,26.836066,5.9
31578,3865,1.0,15.368852,3.38,13.836066,3.04
31577,25001,1.0,18.442623,4.06,16.598361,3.65
31576,3865,2.0,29.196721,6.42,29.196721,6.42
31576,3870,2.0,29.196721,6.42,29.196721,6.42
31565,unknown_gift_item,1.0,44.237705,9.73,44.237705,9.73
31558,25001,1.0,18.442623,4.06,18.442623,4.06
31557,3865,2.0,29.196721,6.42,26.278689,5.78
31533,3865,2.0,29.196721,6.42,26.278689,5.78
31526,23378,1.0,44.237705,9.73,44.237705,9.73
31525,25752,1.0,15.368852,3.38,15.368852,3.38
31525,3870,1.0,15.368852,3.38,15.368852,3.38
31523,3865,2.0,29.196721,6.42,29.196721,6.42
31522,25001,1.0,18.442623,4.06,16.598361,3.65
31521,3865,4.0,58.393443,12.85,58.393443,12.85
31520,25752,2.0,29.819672,6.56,29.819672,6.56
31519,unknown_gift_item,1.0,8.852459,1.95,8.852459,1.95
31517,3865,4.0,58.393443,12.85,58.393443,12.85
31516,3865,4.0,58.393443,12.85,58.393443,12.85
31515,3865,2.0,29.196721,6.42,29.196721,6.42
31515,25752,2.0,17.885246,3.93,17.885246,3.93
31514,3865,2.0,29.196721,6.42,29.196721,6.42
31514,25752,2.0,17.885246,3.93,17.885246,3.93
31513,23378,2.0,29.491803,6.49,29.491803,6.49
31512,25752,2.0,29.819672,6.56,29.819672,6.56
31512,3865,1.0,15.368852,3.38,15.368852,3.38
31509,25026,1.0,52.57377,11.57,52.57377,11.57
31508,25752,2.0,29.819672,6.56,26.836066,5.9
31505,23378,1.0,17.704918,3.9,17.704918,3.9
31504,3865,1.0,15.368852,3.38,15.368852,3.38
31504,25752,3.0,43.795082,9.63,43.795082,9.63
31503,25752,1.0,15.368852,3.38,15.368852,3.38
31503,3865,1.0,15.368852,3.38,15.368852,3.38
31502,25001,1.0,18.442623,4.06,18.442623,4.06
31501,25752,3.0,43.795082,9.63,43.795082,9.63
31501,3865,3.0,43.795082,9.63,43.795082,9.63
31500,3865,3.0,43.795082,9.63,43.795082,9.63
31500,25752,2.0,29.819672,6.56,29.819672,6.56
31499,25752,1.0,9.221311,2.03,9.221311,2.03
31499,3865,1.0,15.368852,3.38,15.368852,3.38
31499,3870,1.0,15.368852,3.38,15.368852,3.38
31498,25752,1.0,15.368852,3.38,15.368852,3.38
31498,3865,1.0,15.368852,3.38,15.368852,3.38
31497,25752,1.0,9.221311,2.03,9.221311,2.03
31497,3870,1.0,15.368852,3.38,15.368852,3.38
31497,25001,1.0,17.696721,3.89,17.696721,3.89
31496,25752,1.0,15.368852,3.38,15.368852,3.38
31496,3865,1.0,15.368852,3.38,15.368852,3.38
31495,3865,5.0,72.991803,16.06,72.991803,16.06
31494,3865,1.0,15.368852,3.38,13.836066,3.04
31494,25752,1.0,15.368852,3.38,13.836066,3.04
31494,25001,1.0,18.442623,4.06,16.590164,3.65
31493,23378,1.0,29.491803,6.49,29.491803,6.49
31492,3865,2.0,29.196721,6.42,26.278689,5.78
31491,3865,2.0,29.196721,6.42,29.196721,6.42
31490,25752,1.0,9.221311,2.03,8.303279,1.83
31490,3870,1.0,15.368852,3.38,13.827869,3.04
31490,25001,1.0,17.696721,3.89,17.696721,3.89
31489,3865,1.0,15.368852,3.38,14.598361,3.21
31489,3870,1.0,15.368852,3.38,14.606557,3.21
31488,3865,3.0,43.795082,9.63,43.795082,9.63
31487,3870,1.0,15.368852,3.38,13.836066,3.04
31487,25001,1.0,17.696721,3.89,17.696721,3.89
31486,23378,1.0,29.491803,6.49,29.491803,6.49
31485,unknown_gift_item,1.0,8.852459,1.95,8.852459,1.95
31484,25026,1.0,17.52459,3.86,17.52459,3.86
31483,unknown_gift_item,1.0,14.745902,3.24,14.745902,3.24
31482,25001,1.0,18.442623,4.06,16.598361,3.65
31481,25752,2.0,17.885246,3.93,17.885246,3.93
31480,25752,1.0,15.368852,3.38,14.598361,3.21
31480,3865,1.0,15.368852,3.38,14.606557,3.21
31479,3870,3.0,43.795082,9.63,43.795082,9.63
31478,25752,2.0,17.885246,3.93,17.885246,3.93
31477,25752,3.0,26.286885,5.78,26.286885,5.78
31476,25001,1.0,18.442623,4.06,16.598361,3.65
31476,3865,1.0,15.368852,3.38,13.836066,3.04
31474,3865,2.0,29.196721,6.42,27.737705,6.1
31472,3865,2.0,29.196721,6.42,29.196721,6.42
31471,25752,3.0,26.286885,5.78,24.97541,5.49
31469,3865,1.0,15.368852,3.38,14.598361,3.21
31469,25752,1.0,9.221311,2.03,8.762295,1.93
31467,25752,1.0,9.221311,2.03,8.303279,1.83
31467,3870,1.0,15.368852,3.38,13.827869,3.04
31466,3870,2.0,29.196721,6.42,27.729508,6.1
31466,25752,1.0,15.368852,3.38,14.606557,3.21
31465,3865,2.0,29.196721,6.42,27.737705,6.1
31465,25752,3.0,43.795082,9.63,41.606557,9.15
31465,3870,2.0,29.196721,6.42,27.737705,6.1
31464,3865,2.0,29.196721,6.42,27.737705,6.1
31463,3870,2.0,29.196721,6.42,29.196721,6.42
31463,25752,2.0,29.819672,6.56,29.819672,6.56
31463,25001,1.0,17.696721,3.89,17.696721,3.89
31462,3870,3.0,43.795082,9.63,41.606557,9.15
31461,3865,1.0,15.368852,3.38,14.598361,3.21
31461,3870,1.0,15.368852,3.38,14.598361,3.21
31461,25752,1.0,15.368852,3.38,14.606557,3.21
31461,25001,1.0,17.696721,3.89,17.696721,3.89
31460,3865,2.0,29.196721,6.42,27.737705,6.1
31459,3865,2.0,29.196721,6.42,27.737705,6.1
31457,24437,1.0,8.852459,1.95,8.409836,1.85
31457,3865,1.0,9.221311,2.03,8.762295,1.93
31456,25752,1.0,9.221311,2.03,8.303279,1.83
31456,3870,1.0,15.368852,3.38,13.827869,3.04
31455,3870,2.0,29.196721,6.42,27.737705,6.1
31455,25001,1.0,17.696721,3.89,17.696721,3.89
31454,3865,1.0,15.368852,3.38,14.598361,3.21
31454,25752,1.0,15.368852,3.38,14.606557,3.21
31453,25752,3.0,26.286885,5.78,24.97541,5.49
31452,3865,1.0,9.221311,2.03,8.762295,1.93
31452,25752,1.0,8.852459,1.95,8.852459,1.95
31451,25752,2.0,17.885246,3.93,17.885246,3.93
31448,25001,1.0,18.442623,4.06,18.442623,4.06
31447,25752,1.0,9.221311,2.03,9.221311,2.03
31447,3865,1.0,8.852459,1.95,8.852459,1.95
31446,3865,1.0,9.221311,2.03,9.221311,2.03
31446,25752,1.0,8.852459,1.95,8.852459,1.95
31445,3865,1.0,9.221311,2.03,9.221311,2.03
31445,25752,1.0,8.852459,1.95,8.852459,1.95
31443,3870,1.0,15.368852,3.38,15.368852,3.38
31443,25001,1.0,17.696721,3.89,17.696721,3.89
31441,3865,2.0,17.52459,3.86,15.770492,3.47
31440,3865,2.0,29.196721,6.42,24.819672,5.46
31438,25752,2.0,17.885246,3.93,17.885246,3.93
31438,3865,2.0,17.704918,3.9,17.704918,3.9
31437,3865,1.0,15.368852,3.38,13.827869,3.04
31437,25752,1.0,15.368852,3.38,13.836066,3.04
31436,25001,2.0,35.04918,7.71,35.04918,7.71
31435,3865,2.0,29.196721,6.42,27.737705,6.1
31434,3865,2.0,17.52459,3.86,16.647541,3.66
31433,3865,2.0,17.52459,3.86,15.770492,3.47
31433,25752,1.0,8.852459,1.95,8.852459,1.95
31432,25752,3.0,26.286885,5.78,26.286885,5.78
31431,3865,3.0,43.795082,9.63,43.795082,9.63
31430,25001,2.0,35.04918,7.71,31.540984,6.94
31429,3865,1.0,9.221311,2.03,8.762295,1.93
31429,3870,1.0,15.368852,3.38,14.598361,3.21
31429,25752,1.0,9.221311,2.03,8.762295,1.93
31428,3865,1.0,9.221311,2.03,8.303279,1.83
31428,25752,1.0,8.852459,1.95,8.852459,1.95
31427,23378,1.0,17.704918,3.9,17.704918,3.9
31426,26420,1.0,29.491803,6.49,29.491803,6.49
31425,3865,2.0,29.196721,6.42,29.196721,6.42
31425,25001,1.0,18.442623,4.06,18.442623,4.06
31423,25752,2.0,17.885246,3.93,17.885246,3.93
31422,25752,2.0,17.885246,3.93,17.885246,3.93
31421,3865,2.0,29.196721,6.42,29.196721,6.42
31420,25752,2.0,29.819672,6.56,28.327869,6.23
31420,3865,2.0,29.196721,6.42,27.737705,6.1
31419,3865,2.0,29.196721,6.42,29.196721,6.42
31419,25001,2.0,35.04918,7.71,35.04918,7.71
31418,25752,3.0,26.286885,5.78,26.286885,5.78
31417,3865,1.0,15.368852,3.38,15.368852,3.38
31416,25752,1.0,9.221311,2.03,8.762295,1.93
31416,3865,1.0,8.852459,1.95,8.852459,1.95
31416,25001,1.0,18.442623,4.06,17.516393,3.85
31415,3870,4.0,58.393443,12.85,58.393443,12.85
31414,25752,2.0,29.819672,6.56,29.819672,6.56
31414,25001,1.0,18.442623,4.06,18.442623,4.06
31413,3865,4.0,58.393443,12.85,58.393443,12.85
31412,3870,2.0,29.196721,6.42,27.737705,6.1
31412,3313,4.0,38.491803,8.47,36.565574,8.04
31411,3865,1.0,15.368852,3.38,14.598361,3.21
31411,3870,1.0,15.368852,3.38,14.598361,3.21
31411,25752,1.0,15.368852,3.38,14.606557,3.21
31410,3865,2.0,29.196721,6.42,26.270492,5.78
31410,3870,2.0,29.196721,6.42,26.278689,5.78
31410,25752,1.0,15.368852,3.38,13.836066,3.04
31409,25752,2.0,17.885246,3.93,17.885246,3.93
31408,25752,1.0,9.221311,2.03,9.221311,2.03
31408,3865,1.0,8.852459,1.95,8.852459,1.95
31407,3865,1.0,9.221311,2.03,8.303279,1.83
31407,25752,1.0,8.852459,1.95,8.852459,1.95
31406,unknown_gift_item,1.0,26.557377,5.84,26.557377,5.84
31405,3865,6.0,87.590164,19.27,78.827869,17.34
31402,3313,6.0,55.967213,12.31,55.967213,12.31
31400,25752,1.0,15.368852,3.38,15.368852,3.38
31400,3865,1.0,8.852459,1.95,8.852459,1.95
31399,25001,2.0,35.04918,7.71,35.04918,7.71
31398,25752,2.0,17.885246,3.93,16.991803,3.74
31398,3865,1.0,8.852459,1.95,8.852459,1.95
31397,3865,6.0,52.57377,11.57,47.319672,10.41
31396,3865,1.0,15.368852,3.38,14.598361,3.21
31396,25752,1.0,15.368852,3.38,14.598361,3.21
31396,3870,1.0,15.368852,3.38,14.606557,3.21
31395,3865,4.0,58.393443,12.85,58.393443,12.85
31394,3865,1.0,15.368852,3.38,13.827869,3.04
31394,3870,1.0,15.368852,3.38,13.836066,3.04
31394,25001,1.0,17.696721,3.89,17.696721,3.89
31393,25752,2.0,17.885246,3.93,17.885246,3.93
31392,3865,4.0,58.393443,12.85,53.065574,11.67
31390,3865,2.0,29.196721,6.42,27.737705,6.1
31389,3870,1.0,15.368852,3.38,14.598361,3.21
31389,25001,1.0,17.696721,3.89,17.696721,3.89
31385,3865,4.0,58.393443,12.85,58.393443,12.85
31384,3865,2.0,29.196721,6.42,27.737705,6.1
31383,3870,2.0,29.196721,6.42,26.278689,5.78
31383,3313,12.0,111.934426,24.63,100.737705,22.16
31383,25001,1.0,18.442623,4.06,16.598361,3.65
31383,3865,1.0,9.221311,2.03,8.303279,1.83
31382,3865,1.0,9.221311,2.03,9.221311,2.03
31382,25752,1.0,9.221311,2.03,9.221311,2.03
31381,3865,3.0,26.286885,5.78,24.97541,5.49
31380,3865,2.0,29.196721,6.42,27.729508,6.1
31380,3865,2.0,17.52459,3.86,16.655738,3.66
31380,25752,2.0,17.704918,3.9,17.704918,3.9
31379,25752,1.0,15.368852,3.38,14.598361,3.21
31379,3865,1.0,8.852459,1.95,8.852459,1.95
31378,3865,2.0,29.196721,6.42,29.196721,6.42
31377,25752,2.0,17.885246,3.93,15.196721,3.34
31377,3865,1.0,8.852459,1.95,8.852459,1.95
31377,3870,1.0,15.368852,3.38,13.065574,2.87
31376,25752,2.0,29.819672,6.56,29.819672,6.56
31376,3865,2.0,17.704918,3.9,17.704918,3.9
31375,3865,2.0,29.196721,6.42,29.196721,6.42
31374,3870,2.0,29.196721,6.42,29.196721,6.42
31374,25001,1.0,17.696721,3.89,17.696721,3.89
31363,unknown_gift_item,1.0,29.491803,6.49,29.491803,6.49
31362,25026,1.0,52.57377,11.57,52.57377,11.57
31361,unknown_gift_item,1.0,29.491803,6.49,29.491803,6.49
31360,3865,1.0,15.368852,3.38,13.827869,3.04
31360,3870,1.0,15.368852,3.38,13.836066,3.04
31359,unknown_gift_item,1.0,14.745902,3.24,14.745902,3.24
31358,3865,1.0,15.368852,3.38,15.368852,3.38
31358,3870,1.0,15.368852,3.38,15.368852,3.38
31357,25752,1.0,15.368852,3.38,13.836066,3.04
31357,3865,1.0,8.852459,1.95,8.852459,1.95
31356,25752,1.0,15.368852,3.38,15.368852,3.38
31356,3865,1.0,15.368852,3.38,15.368852,3.38
31355,3865,2.0,29.196721,6.42,24.819672,5.46
31354,3865,2.0,29.196721,6.42,29.196721,6.42
31354,3870,2.0,29.196721,6.42,29.196721,6.42
31354,25001,2.0,35.04918,7.71,35.04918,7.71
31353,3865,1.0,15.368852,3.38,15.368852,3.38
31353,3870,1.0,15.368852,3.38,15.368852,3.38
31353,25001,1.0,18.442623,4.06,18.442623,4.06
31353,3313,2.0,19.639344,4.32,19.639344,4.32
31352,3865,3.0,26.286885,5.78,23.655738,5.2
31352,25752,1.0,9.221311,2.03,8.303279,1.83
31351,3313,3.0,28.868852,6.35,28.868852,6.35
31350,unknown_gift_item,1.0,44.237705,9.73,44.237705,9.73
31349,25001,3.0,52.57377,11.57,52.57377,11.57
31348,25752,3.0,43.795082,9.63,39.418033,8.67
31347,unknown_gift_item,1.0,29.491803,6.49,29.491803,6.49
31346,unknown_gift_item,1.0,8.852459,1.95,8.852459,1.95
31345,3865,4.0,35.04918,7.71,35.04918,7.71
31344,unknown_gift_item,1.0,14.745902,3.24,14.745902,3.24
31342,3865,2.0,29.196721,6.42,26.278689,5.78
31342,3870,2.0,29.196721,6.42,26.278689,5.78
31341,3870,2.0,29.196721,6.42,29.196721,6.42
31341,25001,1.0,17.696721,3.89,17.696721,3.89
31340,26420,1.0,44.237705,9.73,44.237705,9.73
31339,3865,1.0,9.221311,2.03,9.221311,2.03
31339,25001,1.0,18.442623,4.06,18.442623,4.06
31337,3870,1.0,15.368852,3.38,15.368852,3.38
31337,3865,1.0,15.368852,3.38,15.368852,3.38
31336,3865,1.0,15.368852,3.38,15.368852,3.38
31336,3870,1.0,15.368852,3.38,15.368852,3.38
31335,25752,1.0,8.852459,1.95,8.852459,1.95
31335,25001,1.0,18.442623,4.06,16.598361,3.65
31334,3865,1.0,9.221311,2.03,9.221311,2.03
31334,25752,1.0,8.852459,1.95,8.852459,1.95
31333,25752,4.0,35.04918,7.71,31.540984,6.94
31333,3865,4.0,35.409836,7.79,35.409836,7.79
31332,3865,2.0,17.52459,3.86,15.770492,3.47
31332,25752,1.0,8.852459,1.95,8.852459,1.95
31331,3865,1.0,15.368852,3.38,15.368852,3.38
31331,25752,1.0,15.368852,3.38,15.368852,3.38
31328,25752,1.0,9.221311,2.03,8.303279,1.83
31328,3865,1.0,8.852459,1.95,8.852459,1.95
31328,25001,1.0,18.442623,4.06,16.598361,3.65
31327,3865,4.0,58.393443,12.85,58.393443,12.85
31326,3865,2.0,17.52459,3.86,17.52459,3.86
31323,23378,1.0,17.704918,3.9,17.704918,3.9
31322,25752,1.0,9.221311,2.03,9.221311,2.03
31322,3865,1.0,8.852459,1.95,8.852459,1.95
31320,25752,3.0,26.286885,5.78,26.286885,5.78
31319,3865,1.0,15.368852,3.38,15.368852,3.38
31319,25752,1.0,15.368852,3.38,15.368852,3.38
31317,3865,6.0,87.590164,19.27,87.590164,19.27
31315,25752,1.0,9.221311,2.03,9.221311,2.03
31315,25752,1.0,15.368852,3.38,15.368852,3.38
31315,3865,1.0,9.221311,2.03,9.221311,2.03
31314,3865,1.0,15.368852,3.38,13.827869,3.04
31314,3313,1.0,9.819672,2.16,8.844262,1.95
31313,3865,1.0,9.221311,2.03,9.221311,2.03
31313,25752,1.0,8.852459,1.95,8.852459,1.95
31311,25752,3.0,43.795082,9.63,43.795082,9.63
31311,3865,1.0,8.852459,1.95,8.852459,1.95
31310,3865,1.0,9.221311,2.03,9.221311,2.03
31310,25752,1.0,8.852459,1.95,8.852459,1.95
31310,3870,1.0,15.368852,3.38,15.368852,3.38
31309,25001,1.0,18.442623,4.06,18.442623,4.06
31308,3870,1.0,15.368852,3.38,13.836066,3.04
31308,25001,1.0,17.696721,3.89,17.696721,3.89
31307,3870,1.0,15.368852,3.38,15.368852,3.38
31307,3865,1.0,9.221311,2.03,9.221311,2.03
31307,25001,1.0,17.696721,3.89,17.696721,3.89
31306,25752,1.0,9.221311,2.03,8.303279,1.83
31306,3870,1.0,15.368852,3.38,13.827869,3.04
31305,3865,1.0,9.221311,2.03,9.221311,2.03
31305,25752,1.0,8.852459,1.95,8.852459,1.95
31304,3865,2.0,29.196721,6.42,29.196721,6.42
31303,3865,4.0,35.04918,7.71,35.04918,7.71
31300,3865,2.0,17.52459,3.86,15.778689,3.47
31300,25752,2.0,17.885246,3.93,16.090164,3.54
31299,25752,2.0,17.885246,3.93,17.885246,3.93
31299,3865,2.0,17.704918,3.9,17.704918,3.9
31297,23378,1.0,29.491803,6.49,29.491803,6.49
31296,3865,2.0,17.52459,3.86,17.52459,3.86
31296,25752,1.0,8.852459,1.95,8.852459,1.95
31288,3865,2.0,29.196721,6.42,29.196721,6.42
31287,25752,2.0,17.52459,3.86,17.52459,3.86
31286,3865,2.0,17.52459,3.86,17.52459,3.86
31283,23378,1.0,14.745902,3.24,14.745902,3.24
31283,24437,1.0,8.852459,1.95,8.852459,1.95
31282,25752,2.0,29.196721,6.42,24.819672,5.46
31282,3865,4.0,58.393443,12.85,49.631148,10.92
31279,3865,2.0,29.196721,6.42,26.278689,5.78
31278,3865,1.0,9.221311,2.03,9.221311,2.03
31278,25752,1.0,8.852459,1.95,8.852459,1.95
31276,3313,6.0,55.967213,12.31,50.368852,11.08
31276,25752,1.0,9.221311,2.03,8.303279,1.83
31276,3865,1.0,8.852459,1.95,8.852459,1.95
31276,25001,1.0,17.696721,3.89,17.696721,3.89
31275,25752,1.0,15.368852,3.38,15.368852,3.38
31275,3865,1.0,8.852459,1.95,8.852459,1.95
31274,3865,1.0,9.221311,2.03,9.221311,2.03
31274,25752,1.0,8.852459,1.95,8.852459,1.95
31273,25001,1.0,18.442623,4.06,16.598361,3.65
31272,3865,2.0,17.52459,3.86,15.770492,3.47
31272,25752,1.0,8.852459,1.95,8.852459,1.95
31272,25001,1.0,18.442623,4.06,16.598361,3.65
31271,25752,2.0,29.196721,6.42,29.196721,6.42
31271,3865,1.0,8.852459,1.95,8.852459,1.95
31270,3865,2.0,17.52459,3.86,15.770492,3.47
31270,25001,1.0,18.442623,4.06,16.598361,3.65
31269,3865,1.0,9.221311,2.03,9.221311,2.03
31269,25752,2.0,17.704918,3.9,17.704918,3.9
31268,25001,1.0,18.442623,4.06,18.442623,4.06
31268,3865,1.0,9.221311,2.03,9.221311,2.03
31268,25752,1.0,9.221311,2.03,9.221311,2.03
31267,25001,1.0,18.442623,4.06,18.442623,4.06
31267,25752,1.0,9.221311,2.03,9.221311,2.03
31267,3865,1.0,8.852459,1.95,8.852459,1.95
31266,25001,1.0,18.442623,4.06,16.598361,3.65
31266,25752,1.0,9.221311,2.03,8.303279,1.83
31266,3865,1.0,8.852459,1.95,8.852459,1.95
31265,3865,1.0,9.221311,2.03,8.303279,1.83
31265,25001,1.0,18.442623,4.06,16.598361,3.65
31264,3865,2.0,17.52459,3.86,17.52459,3.86
31264,25001,1.0,18.442623,4.06,18.442623,4.06
31264,3313,1.0,9.819672,2.16,9.819672,2.16
31263,3865,1.0,15.368852,3.38,13.827869,3.04
31263,25752,1.0,9.221311,2.03,8.303279,1.83
31263,25001,1.0,18.442623,4.06,16.590164,3.65
31263,3313,1.0,9.819672,2.16,8.844262,1.95
31262,25001,1.0,18.442623,4.06,18.442623,4.06
31262,3865,1.0,15.368852,3.38,15.368852,3.38
31261,unknown_gift_item,1.0,14.745902,3.24,14.745902,3.24
31260,3865,2.0,29.196721,6.42,29.196721,6.42
31259,3865,2.0,29.196721,6.42,29.196721,6.42
31258,3865,1.0,15.368852,3.38,15.368852,3.38
31258,3865,1.0,9.221311,2.03,9.221311,2.03
31257,25752,2.0,29.196721,6.42,29.196721,6.42
31257,3865,1.0,8.852459,1.95,8.852459,1.95
31256,3865,2.0,29.196721,6.42,29.196721,6.42
31255,25001,1.0,18.442623,4.06,18.442623,4.06
31254,3865,1.0,15.368852,3.38,15.368852,3.38
31254,25752,1.0,15.368852,3.38,15.368852,3.38
31253,3865,1.0,9.221311,2.03,8.303279,1.83
31253,25752,1.0,8.852459,1.95,8.852459,1.95
31252,25001,1.0,18.442623,4.06,16.590164,3.65
31252,3313,1.0,9.819672,2.16,8.844262,1.95
31251,3865,1.0,15.368852,3.38,15.368852,3.38
31251,25001,1.0,18.442623,4.06,18.442623,4.06
31250,3865,4.0,58.393443,12.85,58.393443,12.85
31250,25752,3.0,43.795082,9.63,43.795082,9.63
31247,3865,3.0,43.795082,9.63,39.418033,8.67
31245,25752,1.0,15.368852,3.38,15.368852,3.38
31244,unknown_gift_item,1.0,44.237705,9.73,44.237705,9.73
31236,25001,1.0,18.442623,4.06,18.442623,4.06
31230,3865,1.0,15.368852,3.38,15.368852,3.38
31230,25752,1.0,15.368852,3.38,15.368852,3.38
31226,3865,3.0,26.286885,5.78,23.655738,5.2
31226,25752,1.0,8.852459,1.95,8.852459,1.95
31225,3865,2.0,17.52459,3.86,15.770492,3.47
31225,25001,1.0,18.442623,4.06,16.598361,3.65
31224,3865,2.0,29.196721,6.42,29.196721,6.42
31224,25752,2.0,29.196721,6.42,29.196721,6.42
31220,3865,1.0,15.368852,3.38,15.368852,3.38
31220,25752,1.0,15.368852,3.38,15.368852,3.38
31219,25752,2.0,29.196721,6.42,26.278689,5.78
31218,25001,1.0,18.442623,4.06,18.442623,4.06
31218,25752,1.0,9.221311,2.03,9.221311,2.03
31211,unknown_gift_item,1.0,29.491803,6.49,29.491803,6.49
31205,3865,2.0,29.196721,6.42,26.278689,5.78
31204,3865,2.0,29.196721,6.42,26.278689,5.78
31203,3865,5.0,72.991803,16.06,72.991803,16.06
31198,3865,2.0,17.52459,3.86,17.52459,3.86
31197,25752,1.0,15.368852,3.38,15.368852,3.38
31197,3865,1.0,15.368852,3.38,15.368852,3.38
31196,3865,1.0,15.368852,3.38,13.827869,3.04
31196,25752,1.0,15.368852,3.38,13.836066,3.04
31195,25001,2.0,35.04918,7.71,31.540984,6.94
31189,24437,1.0,26.557377,5.84,26.557377,5.84
31188,3865,2.0,17.52459,3.86,15.762295,3.47
31188,25752,2.0,17.52459,3.86,15.778689,3.47
31187,25752,1.0,9.221311,2.03,9.221311,2.03
31187,3865,1.0,8.852459,1.95,8.852459,1.95
31183,25752,1.0,15.368852,3.38,15.368852,3.38
31183,3865,1.0,9.221311,2.03,9.221311,2.03
31182,25752,2.0,29.196721,6.42,29.196721,6.42
31182,3865,1.0,8.852459,1.95,8.852459,1.95
31181,3865,1.0,15.368852,3.38,13.827869,3.04
31181,25752,1.0,15.368852,3.38,13.836066,3.04
31180,3865,1.0,15.368852,3.38,13.836066,3.04
31180,25001,1.0,18.442623,4.06,16.598361,3.65
31179,3865,3.0,43.795082,9.63,39.418033,8.67
31178,3865,2.0,29.196721,6.42,26.278689,5.78
31177,unknown_gift_item,1.0,26.557377,5.84,26.557377,5.84
31176,25752,2.0,29.196721,6.42,29.196721,6.42
31175,25752,1.0,15.368852,3.38,13.827869,3.04
31175,3865,1.0,15.368852,3.38,13.836066,3.04
31174,3865,1.0,15.368852,3.38,13.827869,3.04
31174,25752,1.0,15.368852,3.38,13.836066,3.04
31173,3865,2.0,29.196721,6.42,29.196721,6.42
31172,25752,2.0,29.196721,6.42,29.196721,6.42
31171,25752,2.0,29.196721,6.42,26.278689,5.78
31169,3865,1.0,9.221311,2.03,9.221311,2.03
31169,25752,2.0,17.704918,3.9,17.704918,3.9
31168,3865,3.0,26.286885,5.78,26.286885,5.78
31167,23378,1.0,29.491803,6.49,29.491803,6.49
31166,24437,1.0,44.237705,9.73,44.237705,9.73
31165,25752,1.0,9.221311,2.03,9.221311,2.03
31165,3865,2.0,17.704918,3.9,17.704918,3.9
31164,3865,2.0,29.196721,6.42,29.196721,6.42
31163,25752,2.0,17.52459,3.86,15.770492,3.47
31163,3865,1.0,8.852459,1.95,8.852459,1.95
31161,25752,2.0,29.196721,6.42,29.196721,6.42
31160,3865,3.0,43.795082,9.63,39.418033,8.67
31160,3870,1.0,14.754098,3.25,14.754098,3.25
31159,3865,2.0,29.196721,6.42,26.278689,5.78
31158,3870,6.0,87.590164,19.27,78.827869,17.34
31158,unknown_pos_sale,1.0,0.0,0.0,0.0,0.0
31157,3865,1.0,15.368852,3.38,13.827869,3.04
31157,3870,1.0,15.368852,3.38,13.836066,3.04
31156,23378,1.0,44.237705,9.73,44.237705,9.73
31155,3865,2.0,29.196721,6.42,26.278689,5.78
31154,3870,1.0,15.368852,3.38,15.368852,3.38
31154,25001,1.0,17.696721,3.89,17.696721,3.89
31153,25752,4.0,35.04918,7.71,31.540984,6.94
31152,25001,1.0,17.696721,3.89,17.696721,3.89
31152,3865,1.0,9.221311,2.03,8.303279,1.83
31150,3865,6.0,87.590164,19.27,78.827869,17.34
31150,unknown_pos_sale,1.0,0.0,0.0,0.0,0.0
31149,25752,1.0,9.221311,2.03,8.303279,1.83
31149,3865,1.0,8.852459,1.95,8.852459,1.95
31149,3870,1.0,15.368852,3.38,13.827869,3.04
31146,3865,1.0,15.368852,3.38,13.836066,3.04
31146,3870,1.0,14.754098,3.25,14.754098,3.25
31145,3865,1.0,15.368852,3.38,15.368852,3.38
31145,3870,1.0,14.754098,3.25,14.754098,3.25
31144,25026,1.0,87.622951,19.28,87.622951,19.28
31143,25752,1.0,9.221311,2.03,9.221311,2.03
31143,3870,2.0,29.196721,6.42,29.196721,6.42
31142,3870,2.0,29.196721,6.42,29.196721,6.42
31142,3865,2.0,17.52459,3.86,17.52459,3.86
31142,unknown_pos_sale,1.0,0.0,0.0,0.0,0.0
31142,25001,2.0,35.04918,7.71,35.04918,7.71
31140,3870,1.0,15.368852,3.38,15.368852,3.38
31140,3865,1.0,9.221311,2.03,9.221311,2.03
31135,25752,1.0,15.368852,3.38,15.368852,3.38
31135,3865,1.0,11.680328,2.57,11.680328,2.57
31134,3313,2.0,19.639344,4.32,17.672131,3.89
31134,25001,1.0,16.385246,3.6,16.385246,3.6
31133,25752,1.0,15.368852,3.38,13.827869,3.04
31133,3865,1.0,15.368852,3.38,13.836066,3.04
31133,3870,1.0,12.295082,2.7,12.295082,2.7
31132,25752,1.0,9.221311,2.03,9.221311,2.03
31132,3870,1.0,15.368852,3.38,15.368852,3.38
31132,25001,1.0,16.385246,3.6,16.385246,3.6
31131,3870,2.0,29.508197,6.49,29.508197,6.49
31131,25001,1.0,16.385246,3.6,16.385246,3.6
31130,unknown_gift_item,1.0,44.237705,9.73,44.237705,9.73
31129,3870,1.0,15.368852,3.38,15.368852,3.38
31129,3865,1.0,15.368852,3.38,15.368852,3.38
31128,3865,2.0,29.508197,6.49,29.508197,6.49
31127,3865,1.0,9.221311,2.03,8.303279,1.83
31127,3870,1.0,15.368852,3.38,13.836066,3.04
31127,25001,1.0,18.442623,4.06,16.590164,3.65
31124,23378,1.0,44.237705,9.73,44.237705,9.73
31123,3865,4.0,35.04918,7.71,33.295082,7.32
31123,3870,2.0,24.590164,5.41,24.590164,5.41
31123,unknown_pos_sale,1.0,0.0,0.0,0.0,0.0
31122,3865,1.0,15.368852,3.38,15.368852,3.38
31122,3870,1.0,15.368852,3.38,15.368852,3.38
31121,unknown_gift_item,1.0,14.745902,3.24,14.745902,3.24
31120,26420,1.0,14.745902,3.24,14.745902,3.24
31119,3865,1.0,9.221311,2.03,9.221311,2.03
31118,unknown_gift_item,1.0,8.852459,1.95,8.852459,1.95
31117,3865,4.0,58.393443,12.85,58.393443,12.85
31117,unknown_pos_sale,1.0,0.0,0.0,0.0,0.0
31116,3865,4.0,58.393443,12.85,55.47541,12.2
31115,25752,2.0,17.704918,3.9,17.704918,3.9
31115,3865,2.0,17.704918,3.9,17.704918,3.9
31115,3870,1.0,12.295082,2.7,12.295082,2.7
31114,25752,4.0,58.393443,12.85,58.393443,12.85
31114,unknown_pos_sale,1.0,0.0,0.0,0.0,0.0
31112,26420,1.0,29.491803,6.49,29.491803,6.49
31103,3865,4.0,35.04918,7.71,35.04918,7.71
31102,25752,2.0,29.508197,6.49,29.508197,6.49
31101,25752,3.0,44.262295,9.74,44.262295,9.74
31101,3865,1.0,15.368852,3.38,15.368852,3.38
31101,unknown_pos_sale,1.0,0.0,0.0,0.0,0.0
31099,23378,2.0,29.491803,6.49,29.491803,6.49
31098,3865,1.0,15.368852,3.38,15.368852,3.38
31098,25752,2.0,29.508197,6.49,29.508197,6.49
31097,25752,2.0,29.508197,6.49,26.557377,5.84
31096,3865,1.0,9.221311,2.03,9.221311,2.03
31096,25752,1.0,15.368852,3.38,15.368852,3.38
31095,3865,4.0,58.393443,12.85,58.393443,12.85
31095,unknown_pos_sale,1.0,0.0,0.0,0.0,0.0
31094,3865,2.0,29.508197,6.49,28.032787,6.17
31094,25752,2.0,29.508197,6.49,28.032787,6.17
31094,unknown_pos_sale,1.0,0.0,0.0,0.0,0.0
31094,3870,1.0,12.295082,2.7,12.295082,2.7
31093,unknown_pos_sale,12.0,103.672131,22.81,103.672131,22.81
31093,unknown_pos_sale,1.0,0.0,0.0,0.0,0.0
31092,25752,2.0,29.508197,6.49,28.032787,6.17
31092,3865,2.0,29.508197,6.49,28.032787,6.17
31092,unknown_pos_sale,1.0,0.0,0.0,0.0,0.0
31092,3870,1.0,12.295082,2.7,12.295082,2.7
31091,3870,2.0,29.508197,6.49,28.032787,6.17
31090,3865,4.0,58.393443,12.85,55.47541,12.2
31090,unknown_pos_sale,1.0,0.0,0.0,0.0,0.0
31090,3870,1.0,12.295082,2.7,12.295082,2.7
31089,3870,2.0,29.508197,6.49,28.032787,6.17
31088,25752,2.0,17.704918,3.9,16.811475,3.7
31088,3870,1.0,15.368852,3.38,14.606557,3.21
31088,3865,1.0,9.221311,2.03,8.762295,1.93
31087,3865,1.0,15.368852,3.38,15.368852,3.38
31087,3870,1.0,12.295082,2.7,12.295082,2.7
31087,25752,1.0,15.368852,3.38,15.368852,3.38
31086,3865,2.0,29.508197,6.49,28.032787,6.17
31085,3865,5.0,72.991803,16.06,69.344262,15.26
31085,unknown_pos_sale,1.0,0.0,0.0,0.0,0.0
31084,25752,4.0,35.04918,7.71,35.04918,7.71
31083,3592,3.0,25.254098,5.56,23.991803,5.28
31083,3313,3.0,28.868852,6.35,27.42623,6.03
31082,3870,1.0,15.368852,3.38,15.368852,3.38
31082,25001,1.0,16.385246,3.6,16.385246,3.6
31081,3865,1.0,9.221311,2.03,8.762295,1.93
31081,3870,2.0,24.590164,5.41,24.590164,5.41
31081,25001,1.0,18.442623,4.06,17.516393,3.85
31081,25752,1.0,9.221311,2.03,8.762295,1.93
31081,unknown_pos_sale,1.0,0.0,0.0,0.0,0.0
31080,25001,2.0,35.409836,7.79,35.409836,7.79
31079,25752,2.0,29.508197,6.49,28.032787,6.17
31079,3865,2.0,29.508197,6.49,28.032787,6.17
31078,3314,36.0,284.754098,62.65,270.516393,59.51
31078,unknown_pos_sale,1.0,0.0,0.0,0.0,0.0
31076,3865,4.0,58.393443,12.85,58.393443,12.85
31076,unknown_pos_sale,1.0,0.0,0.0,0.0,0.0
31075,3865,2.0,17.704918,3.9,16.819672,3.7
31075,3870,2.0,29.508197,6.49,28.02459,6.17
31075,25752,1.0,15.368852,3.38,14.606557,3.21
31075,unknown_pos_sale,1.0,0.0,0.0,0.0,0.0
31074,3865,4.0,58.393443,12.85,55.47541,12.2
31074,unknown_pos_sale,1.0,0.0,0.0,0.0,0.0
31074,3870,1.0,12.295082,2.7,12.295082,2.7
31073,3865,2.0,29.508197,6.49,28.032787,6.17
31073,3870,1.0,12.295082,2.7,12.295082,2.7
31072,3865,2.0,29.508197,6.49,28.02459,6.17
31072,25752,1.0,15.368852,3.38,14.606557,3.21
31071,25752,2.0,29.508197,6.49,29.508197,6.49
31070,3865,2.0,29.508197,6.49,28.032787,6.17
31069,3870,2.0,29.508197,6.49,28.032787,6.17
31067,23378,1.0,29.491803,6.49,28.016393,6.16
31066,3592,12.0,90.688525,19.95,86.155738,18.95
31066,unknown_pos_sale,1.0,0.0,0.0,0.0,0.0
31065,3313,3.0,28.868852,6.35,28.868852,6.35
31065,3314,3.0,27.04918,5.95,27.04918,5.95
31065,3592,2.0,17.180328,3.78,17.180328,3.78
31065,unknown_pos_sale,1.0,0.0,0.0,0.0,0.0
31064,25752,5.0,72.991803,16.06,69.344262,15.26
31064,unknown_pos_sale,1.0,0.0,0.0,0.0,0.0
31063,3870,4.0,58.393443,12.85,55.47541,12.2
31061,3870,1.0,15.368852,3.38,15.368852,3.38
31061,25001,1.0,16.385246,3.6,16.385246,3.6
31059,3865,4.0,35.04918,7.71,33.295082,7.32
31057,3865,3.0,26.557377,5.84,26.557377,5.84
31054,unknown_gift_item,1.0,8.852459,1.95,8.852459,1.95
31053,25026,1.0,17.52459,3.86,17.52459,3.86
31052,unknown_gift_item,1.0,14.745902,3.24,14.745902,3.24
31050,25752,1.0,15.368852,3.38,15.368852,3.38
31050,3870,2.0,29.508197,6.49,29.508197,6.49
31049,25752,4.0,58.393443,12.85,58.393443,12.85
31049,unknown_pos_sale,1.0,0.0,0.0,0.0,0.0
31046,3870,1.0,15.368852,3.38,15.368852,3.38
31046,25001,1.0,16.385246,3.6,16.385246,3.6
31041,3865,1.0,9.221311,2.03,9.221311,2.03
31041,3870,1.0,15.368852,3.38,15.368852,3.38
31039,25001,1.0,18.442623,4.06,18.442623,4.06
31039,3870,1.0,12.295082,2.7,12.295082,2.7
31038,3865,2.0,17.704918,3.9,17.704918,3.9
31038,3870,1.0,12.295082,2.7,12.295082,2.7
31037,25752,3.0,44.262295,9.74,42.04918,9.25
31036,25001,2.0,35.409836,7.79,33.631148,7.4
31036,3313,1.0,9.819672,2.16,9.336066,2.05
31034,3865,3.0,26.557377,5.84,25.221311,5.55
31034,3870,1.0,15.368852,3.38,14.606557,3.21
31033,23378,2.0,29.491803,6.49,29.491803,6.49
31032,3865,2.0,17.704918,3.9,17.704918,3.9
31032,3870,2.0,29.508197,6.49,29.508197,6.49
31032,25001,1.0,16.385246,3.6,16.385246,3.6
31032,unknown_pos_sale,1.0,0.0,0.0,0.0,0.0
31031,3870,1.0,15.368852,3.38,14.598361,3.21
31031,25001,1.0,16.385246,3.6,16.385246,3.6
31030,3870,1.0,15.368852,3.38,15.368852,3.38
31030,25752,2.0,29.508197,6.49,29.508197,6.49
31029,3870,1.0,15.368852,3.38,13.836066,3.04
31029,3865,2.0,17.704918,3.9,15.934426,3.51
31028,3865,1.0,9.221311,2.03,9.221311,2.03
31028,25001,1.0,18.442623,4.06,18.442623,4.06
31027,3313,6.0,55.377049,12.18,52.598361,11.57
31027,3592,5.0,42.090164,9.26,39.991803,8.8
31027,unknown_pos_sale,1.0,0.0,0.0,0.0,0.0
31026,3592,3.0,25.254098,5.56,21.467213,4.72
31026,3313,6.0,55.377049,12.18,47.065574,10.35
31026,25001,1.0,16.385246,3.6,16.385246,3.6
31026,unknown_pos_sale,1.0,0.0,0.0,0.0,0.0
31024,25752,4.0,58.393443,12.85,52.557377,11.56
31024,unknown_pos_sale,1.0,0.0,0.0,0.0,0.0
31024,3865,2.0,17.704918,3.9,15.934426,3.51
31024,3870,1.0,12.295082,2.7,12.295082,2.7
31022,26420,1.0,29.491803,6.49,29.491803,6.49
31021,25001,1.0,18.442623,4.06,16.598361,3.65
31021,3870,1.0,12.295082,2.7,12.295082,2.7
31020,25752,1.0,15.368852,3.38,15.368852,3.38
31020,3870,2.0,29.508197,6.49,29.508197,6.49
31019,3865,1.0,9.221311,2.03,8.303279,1.83
31018,25001,1.0,18.442623,4.06,16.598361,3.65
31018,3865,1.0,9.221311,2.03,8.303279,1.83
31016,3865,4.0,35.04918,7.71,35.04918,7.71
31015,3870,2.0,29.508197,6.49,29.508197,6.49
31015,25001,1.0,16.385246,3.6,16.385246,3.6
31014,3314,6.0,51.885246,11.41,51.885246,11.41
31014,25001,1.0,18.442623,4.06,18.442623,4.06
31014,unknown_pos_sale,1.0,0.0,0.0,0.0,0.0
31013,3865,3.0,26.557377,5.84,25.229508,5.55
30995,3865,8.0,70.098361,15.42,59.581967,13.11
30995,unknown_pos_sale,1.0,0.0,0.0,0.0,0.0
30994,25001,4.0,70.098361,15.42,70.098361,15.42
30994,unknown_pos_sale,1.0,0.0,0.0,0.0,0.0
30993,3865,3.0,26.557377,5.84,26.557377,5.84
30992,3865,3.0,26.557377,5.84,26.557377,5.84
30990,3865,4.0,35.04918,7.71,35.04918,7.71
30985,unknown_gift_item,1.0,8.852459,1.95,8.852459,1.95
30984,3865,2.0,17.704918,3.9,17.704918,3.9
30984,25752,1.0,15.368852,3.38,15.368852,3.38
30983,3865,1.0,9.221311,2.03,8.303279,1.83
30983,3870,1.0,15.368852,3.38,13.827869,3.04
30983,25752,1.0,15.368852,3.38,13.836066,3.04
30982,3865,1.0,9.221311,2.03,8.303279,1.83
30982,3870,2.0,24.590164,5.41,24.590164,5.41
30981,unknown_gift_item,1.0,14.745902,3.24,14.745902,3.24
30980,26420,1.0,14.745902,3.24,14.745902,3.24
30978,3865,4.0,35.04918,7.71,35.04918,7.71
30978,3870,2.0,24.590164,5.41,24.590164,5.41
30978,unknown_pos_sale,1.0,0.0,0.0,0.0,0.0
30971,25001,1.0,18.442623,4.06,17.52459,3.86
30971,3870,1.0,12.295082,2.7,12.295082,2.7
30970,3865,3.0,26.557377,5.84,23.901639,5.26
30970,3870,3.0,44.262295,9.74,39.836066,8.76
30970,unknown_pos_sale,1.0,0.0,0.0,0.0,0.0
30967,25752,1.0,15.368852,3.38,13.836066,3.04
30967,3865,4.0,35.04918,7.71,31.540984,6.94
30967,3870,1.0,12.295082,2.7,12.295082,2.7
30967,unknown_pos_sale,1.0,0.0,0.0,0.0,0.0
30966,3865,1.0,9.221311,2.03,9.221311,2.03
30966,25001,1.0,18.442623,4.06,18.442623,4.06
30965,3865,1.0,9.221311,2.03,8.303279,1.83
30965,25752,2.0,29.508197,6.49,26.557377,5.84
30965,25001,1.0,18.442623,4.06,16.598361,3.65
30965,unknown_pos_sale,1.0,0.0,0.0,0.0,0.0
30965,3870,1.0,12.295082,2.7,12.295082,2.7
30964,3870,2.0,29.508197,6.49,29.508197,6.49
30964,25001,1.0,16.385246,3.6,16.385246,3.6
30963,25752,2.0,29.508197,6.49,29.508197,6.49
30963,3865,2.0,17.704918,3.9,17.704918,3.9
30963,3592,1.0,8.590164,1.89,8.590164,1.89
30961,3314,6.0,51.885246,11.41,49.295082,10.84
30960,25001,1.0,18.442623,4.06,16.598361,3.65
30960,3870,1.0,12.295082,2.7,12.295082,2.7
30959,unknown_gift_item,1.0,29.491803,6.49,29.491803,6.49
30958,25026,1.0,52.57377,11.57,52.57377,11.57
30957,25752,2.0,29.508197,6.49,28.032787,6.17
30955,unknown_gift_item,1.0,14.745902,3.24,14.745902,3.24
30954,3865,4.0,35.04918,7.71,31.540984,6.94
30950,3865,4.0,35.04918,7.71,35.04918,7.71
30949,3865,2.0,17.704918,3.9,15.934426,3.51
30949,3870,1.0,12.295082,2.7,12.295082,2.7
30948,25001,2.0,35.409836,7.79,31.868852,7.01
30948,3870,3.0,36.885246,8.11,36.885246,8.11
30948,3313,1.0,0.0,0.0,0.0,0.0
30947,3865,3.0,26.557377,5.84,26.557377,5.84
30945,25752,1.0,15.368852,3.38,15.368852,3.38
30945,3865,1.0,9.221311,2.03,9.221311,2.03
30945,3870,1.0,12.295082,2.7,12.295082,2.7
30945,25001,1.0,18.442623,4.06,18.442623,4.06
30944,3865,8.0,70.098361,15.42,70.098361,15.42
30944,3313,1.0,0.0,0.0,0.0,0.0
30943,3870,1.0,15.368852,3.38,15.368852,3.38
30943,25752,1.0,15.368852,3.38,15.368852,3.38
30942,unknown_gift_item,1.0,29.491803,6.49,29.491803,6.49
30938,3865,1.0,9.221311,2.03,9.221311,2.03
30938,25752,1.0,15.368852,3.38,15.368852,3.38
30937,3870,2.0,29.508197,6.49,26.557377,5.84
30937,25001,1.0,16.385246,3.6,16.385246,3.6
30936,3870,2.0,29.508197,6.49,29.508197,6.49
30936,3865,2.0,17.704918,3.9,17.704918,3.9
30934,26420,1.0,44.237705,9.73,44.237705,9.73
30931,3865,1.0,9.221311,2.03,9.221311,2.03
30931,3870,1.0,12.295082,2.7,12.295082,2.7
30931,25752,1.0,15.368852,3.38,15.368852,3.38
30929,3870,1.0,15.368852,3.38,15.368852,3.38
30929,3865,1.0,9.221311,2.03,9.221311,2.03
30927,3870,4.0,58.393443,12.85,58.393443,12.85
30927,3313,1.0,0.0,0.0,0.0,0.0
30927,25001,1.0,16.385246,3.6,16.385246,3.6
30926,25752,2.0,29.508197,6.49,29.508197,6.49
30925,3865,2.0,17.704918,3.9,15.934426,3.51
30925,3870,1.0,12.295082,2.7,12.295082,2.7
30916,3870,4.0,58.393443,12.85,58.393443,12.85
30916,3313,1.0,0.0,0.0,0.0,0.0
30915,3870,2.0,29.508197,6.49,29.508197,6.49
30914,25001,4.0,70.098361,15.42,70.098361,15.42
30914,3313,1.0,0.0,0.0,0.0,0.0
30914,3870,4.0,58.393443,12.85,58.393443,12.85
30913,3865,7.0,61.336066,13.49,58.270492,12.82
30913,3313,1.0,0.0,0.0,0.0,0.0
30912,25752,1.0,15.368852,3.38,13.827869,3.04
30912,3865,1.0,9.221311,2.03,8.303279,1.83
30912,3870,1.0,15.368852,3.38,13.836066,3.04
30910,25026,1.0,17.52459,3.86,17.52459,3.86
30909,3314,3.0,27.04918,5.95,27.04918,5.95
30908,25752,4.0,58.393443,12.85,52.557377,11.56
30907,3865,4.0,35.04918,7.71,31.540984,6.94
30906,3865,2.0,17.704918,3.9,14.967213,3.29
30906,3870,1.0,15.368852,3.38,14.008197,3.08
30904,3865,2.0,17.704918,3.9,15.934426,3.51
30904,3870,2.0,29.508197,6.49,26.557377,5.84
30904,25001,1.0,16.385246,3.6,16.385246,3.6
30904,3313,1.0,0.0,0.0,0.0,0.0
30903,3870,2.0,29.508197,6.49,29.508197,6.49
30902,25752,1.0,15.368852,3.38,15.368852,3.38
30902,25752,1.0,15.368852,3.38,15.368852,3.38
30901,23378,1.0,29.491803,6.49,29.491803,6.49
30900,3865,1.0,9.221311,2.03,9.221311,2.03
30900,3870,1.0,15.368852,3.38,15.368852,3.38
30900,25001,1.0,18.442623,4.06,18.442623,4.06
30899,3870,2.0,29.508197,6.49,29.508197,6.49
30899,25001,1.0,18.442623,4.06,18.442623,4.06
30898,25752,1.0,15.368852,3.38,13.827869,3.04
30898,3870,1.0,15.368852,3.38,13.836066,3.04
30896,3865,3.0,26.557377,5.84,26.557377,5.84
30896,3870,2.0,24.590164,5.41,24.590164,5.41
30896,25752,1.0,15.368852,3.38,15.368852,3.38
30896,3313,1.0,0.0,0.0,0.0,0.0
30896,unknown_pos_sale,1.0,21.47541,4.72,21.47541,4.72
30895,25752,2.0,29.508197,6.49,29.508197,6.49
30895,3865,2.0,17.704918,3.9,17.704918,3.9
30895,3870,1.0,12.295082,2.7,12.295082,2.7
30895,3313,1.0,0.0,0.0,0.0,0.0
30894,23378,1.0,44.237705,9.73,44.237705,9.73
30892,25752,2.0,29.508197,6.49,26.557377,5.84
30890,3865,5.0,43.811475,9.64,43.811475,9.64
30890,3870,3.0,44.262295,9.74,44.262295,9.74
30890,3313,1.0,0.0,0.0,0.0,0.0
30890,25752,2.0,29.508197,6.49,29.508197,6.49
30890,25001,1.0,16.385246,3.6,16.385246,3.6
30882,25001,1.0,18.442623,4.06,18.442623,4.06
30882,3865,5.0,43.811475,9.64,43.811475,9.64
30882,3313,1.0,0.0,0.0,0.0,0.0
30881,25752,2.0,29.508197,6.49,29.508197,6.49
30880,25001,1.0,18.442623,4.06,18.442623,4.06
30880,3870,2.0,24.590164,5.41,24.590164,5.41
30880,3865,2.0,17.704918,3.9,17.704918,3.9
30880,3313,1.0,0.0,0.0,0.0,0.0
30878,3865,4.0,35.04918,7.71,31.540984,6.94
30877,3870,1.0,15.368852,3.38,13.836066,3.04
30877,25001,1.0,16.385246,3.6,16.385246,3.6
30876,3865,2.0,17.704918,3.9,17.704918,3.9
30876,3870,1.0,12.295082,2.7,12.295082,2.7
30875,3870,2.0,29.508197,6.49,29.508197,6.49
30873,3865,1.0,9.221311,2.03,9.221311,2.03
30873,25752,1.0,15.368852,3.38,15.368852,3.38
30872,3865,1.0,9.221311,2.03,9.221311,2.03
30871,3865,7.0,61.336066,13.49,61.336066,13.49
30871,3313,1.0,0.0,0.0,0.0,0.0
30870,3870,2.0,29.508197,6.49,26.557377,5.84
30870,25001,2.0,32.770492,7.21,32.770492,7.21
30870,3313,1.0,0.0,0.0,0.0,0.0
30869,25001,2.0,35.409836,7.79,31.868852,7.01
30868,25752,1.0,15.368852,3.38,15.368852,3.38
30868,3865,2.0,17.704918,3.9,17.704918,3.9
30867,3870,2.0,24.590164,5.41,24.590164,5.41
30867,3313,1.0,0.0,0.0,0.0,0.0
30867,3865,4.0,35.04918,7.71,35.04918,7.71
30866,25752,1.0,15.368852,3.38,15.368852,3.38
30866,3870,1.0,15.368852,3.38,15.368852,3.38
30823,3865,8.0,70.098361,15.42,66.590164,14.65
30823,3313,1.0,0.0,0.0,0.0,0.0
30822,3865,4.0,35.04918,7.71,35.04918,7.71
30821,25001,2.0,35.409836,7.79,35.409836,7.79
30821,3870,2.0,29.508197,6.49,29.508197,6.49
30821,3313,1.0,0.0,0.0,0.0,0.0
30820,25752,2.0,29.508197,6.49,29.508197,6.49
30819,25752,1.0,15.368852,3.38,15.368852,3.38
30819,3865,2.0,17.704918,3.9,17.704918,3.9
30818,3313,3.0,28.868852,6.35,25.983607,5.72
30818,25752,1.0,15.368852,3.38,13.836066,3.04
30818,3865,4.0,35.04918,7.71,31.540984,6.94
30818,3313,1.0,0.0,0.0,0.0,0.0
30817,3865,2.0,17.704918,3.9,14.967213,3.29
30817,25752,1.0,15.368852,3.38,14.008197,3.08
30815,3865,4.0,35.04918,7.71,35.04918,7.71
30813,25752,1.0,15.368852,3.38,14.598361,3.21
30813,3870,1.0,15.368852,3.38,14.606557,3.21
30810,3865,4.0,35.04918,7.71,35.04918,7.71
30810,3870,4.0,58.393443,12.85,58.393443,12.85
30810,3313,1.0,0.0,0.0,0.0,0.0
30810,25752,1.0,15.368852,3.38,15.368852,3.38
30806,unknown_pos_sale,1.0,27.795082,6.11,27.795082,6.11
30802,unknown_gift_item,1.0,44.237705,9.73,44.237705,9.73
30801,3865,2.0,17.704918,3.9,17.704918,3.9
30801,3870,2.0,24.590164,5.41,24.590164,5.41
30801,25752,1.0,15.368852,3.38,15.368852,3.38
30801,3313,1.0,0.0,0.0,0.0,0.0
30800,25752,1.0,15.368852,3.38,15.368852,3.38
30800,3865,2.0,17.704918,3.9,17.704918,3.9
30798,3870,4.0,58.393443,12.85,49.631148,10.92
30796,3865,1.0,9.221311,2.03,9.221311,2.03
30796,25752,2.0,29.508197,6.49,29.508197,6.49
30793,23378,1.0,29.491803,6.49,29.491803,6.49
30793,23378,1.0,17.704918,3.9,17.704918,3.9
30792,3865,1.0,9.221311,2.03,8.303279,1.83
30792,3870,1.0,15.368852,3.38,13.827869,3.04
30792,25752,1.0,15.368852,3.38,13.836066,3.04
30791,3865,5.0,72.991803,16.06,65.696721,14.45
30791,3313,1.0,0.0,0.0,0.0,0.0
30790,3865,7.0,61.336066,13.49,61.336066,13.49
30790,3313,1.0,0.0,0.0,0.0,0.0
30789,3865,1.0,15.368852,3.38,15.368852,3.38
30789,3870,1.0,12.295082,2.7,12.295082,2.7
30788,3865,3.0,44.262295,9.74,44.262295,9.74
30788,25001,1.0,18.442623,4.06,18.442623,4.06
30788,3313,1.0,0.0,0.0,0.0,0.0
30787,3865,1.0,15.368852,3.38,15.368852,3.38
30787,3870,1.0,12.295082,2.7,12.295082,2.7
30786,3870,2.0,29.508197,6.49,29.508197,6.49
30786,3870,2.0,29.508197,6.49,29.508197,6.49
30786,3313,1.0,0.0,0.0,0.0,0.0
30785,3870,1.0,15.368852,3.38,15.368852,3.38
30785,25001,1.0,16.385246,3.6,16.385246,3.6
30783,unknown_gift_item,1.0,29.491803,6.49,29.491803,6.49
30781,3865,1.0,9.221311,2.03,9.221311,2.03
30781,3870,1.0,15.368852,3.38,15.368852,3.38
30780,3865,2.0,29.508197,6.49,26.557377,5.84
30779,3865,2.0,29.508197,6.49,26.557377,5.84
30778,25001,1.0,18.442623,4.06,18.442623,4.06
30778,25752,1.0,15.368852,3.38,15.368852,3.38
30778,3870,1.0,15.368852,3.38,15.368852,3.38
30778,3314,1.0,9.196721,2.02,9.196721,2.02
30778,3313,1.0,0.0,0.0,0.0,0.0
30777,unknown_pos_sale,1.0,27.795082,6.11,27.795082,6.11
30774,25001,2.0,35.409836,7.79,35.409836,7.79
30773,25752,2.0,29.508197,6.49,29.508197,6.49
30773,unknown_pos_sale,1.0,21.47541,4.72,21.47541,4.72
30772,24437,1.0,26.557377,5.84,26.557377,5.84
30765,3865,1.0,9.221311,2.03,8.303279,1.83
30765,3870,1.0,15.368852,3.38,13.827869,3.04
30765,25752,1.0,15.368852,3.38,13.836066,3.04
30765,25001,1.0,16.385246,3.6,16.385246,3.6
30764,unknown_gift_item,1.0,26.557377,5.84,26.557377,5.84
30763,3865,2.0,17.704918,3.9,17.704918,3.9
30763,3870,1.0,12.295082,2.7,12.295082,2.7
30762,3865,2.0,17.704918,3.9,15.934426,3.51
30762,3870,2.0,24.590164,5.41,24.590164,5.41
30762,25752,1.0,15.368852,3.38,13.836066,3.04
30762,3313,1.0,0.0,0.0,0.0,0.0
30762,25001,1.0,18.442623,4.06,16.598361,3.65
30761,unknown_pos_sale,1.0,27.278689,6.0,24.557377,5.4
30761,3865,4.0,35.04918,7.71,31.540984,6.94
30761,25001,1.0,18.442623,4.06,16.598361,3.65
30761,3313,1.0,0.0,0.0,0.0,0.0
30760,25752,1.0,15.368852,3.38,15.368852,3.38
30760,3865,1.0,15.368852,3.38,15.368852,3.38
30759,3865,1.0,15.368852,3.38,15.368852,3.38
30759,3870,1.0,12.295082,2.7,12.295082,2.7
30759,25752,1.0,15.368852,3.38,15.368852,3.38
30759,unknown_pos_sale,1.0,21.47541,4.72,21.47541,4.72
30759,3313,1.0,0.0,0.0,0.0,0.0
30758,3865,1.0,15.368852,3.38,13.827869,3.04
30758,25752,1.0,15.368852,3.38,13.836066,3.04
30757,25001,1.0,18.442623,4.06,16.590164,3.65
30757,3313,1.0,9.819672,2.16,8.844262,1.95
30749,unknown_pos_sale,1.0,27.278689,6.0,27.278689,6.0
30745,3865,1.0,15.368852,3.38,14.598361,3.21
30745,25752,1.0,15.368852,3.38,14.606557,3.21
30745,3870,1.0,12.295082,2.7,12.295082,2.7
30744,3865,1.0,9.221311,2.03,9.221311,2.03
30744,25752,1.0,15.368852,3.38,15.368852,3.38
30743,3865,2.0,29.508197,6.49,29.508197,6.49
30742,3865,1.0,15.368852,3.38,13.827869,3.04
30742,3870,1.0,15.368852,3.38,13.836066,3.04
30742,25001,1.0,16.385246,3.6,16.385246,3.6
30742,25752,1.0,15.368852,3.38,13.836066,3.04
30742,3313,1.0,0.0,0.0,0.0,0.0
30741,3870,1.0,15.368852,3.38,15.368852,3.38
30741,25001,1.0,16.385246,3.6,16.385246,3.6
30741,3313,1.0,0.0,0.0,0.0,0.0
30741,3865,2.0,29.508197,6.49,29.508197,6.49
30740,3870,1.0,15.368852,3.38,15.368852,3.38
30740,25001,1.0,18.442623,4.06,18.442623,4.06
30740,25752,1.0,15.368852,3.38,15.368852,3.38
30740,3865,1.0,15.368852,3.38,15.368852,3.38
30740,3313,1.0,0.0,0.0,0.0,0.0
30739,25752,1.0,15.368852,3.38,15.368852,3.38
30739,3870,2.0,24.590164,5.41,24.590164,5.41
30739,3865,2.0,29.508197,6.49,29.508197,6.49
30739,3313,1.0,0.0,0.0,0.0,0.0
30738,3865,4.0,58.393443,12.85,58.393443,12.85
30738,3313,1.0,0.0,0.0,0.0,0.0
30737,3865,1.0,15.368852,3.38,13.836066,3.04
30737,25001,1.0,18.442623,4.06,16.598361,3.65
30736,25001,1.0,18.442623,4.06,18.442623,4.06
30736,3865,1.0,9.221311,2.03,9.221311,2.03
30735,25001,1.0,18.442623,4.06,18.442623,4.06
30735,3865,1.0,9.221311,2.03,9.221311,2.03
30733,23378,1.0,44.237705,9.73,44.237705,9.73
30732,3865,1.0,15.368852,3.38,15.368852,3.38
30732,3870,1.0,12.295082,2.7,12.295082,2.7
30731,3865,3.0,26.557377,5.84,26.557377,5.84
30729,3865,1.0,15.368852,3.38,15.368852,3.38
30729,3870,1.0,12.295082,2.7,12.295082,2.7
30728,3314,3.0,27.04918,5.95,27.04918,5.95
30728,unknown_pos_sale,1.0,27.278689,6.0,27.278689,6.0
30727,3865,2.0,29.508197,6.49,29.508197,6.49
30726,25752,3.0,44.262295,9.74,44.262295,9.74
30726,3865,1.0,15.368852,3.38,15.368852,3.38
30726,3313,1.0,0.0,0.0,0.0,0.0
30725,3865,2.0,29.508197,6.49,29.508197,6.49
30725,3870,1.0,12.295082,2.7,12.295082,2.7
30724,3865,1.0,15.368852,3.38,13.065574,2.87
30724,25001,1.0,18.442623,4.06,15.672131,3.45
30723,3865,2.0,17.704918,3.9,15.934426,3.51
30723,25752,1.0,15.368852,3.38,13.836066,3.04
30723,3870,1.0,12.295082,2.7,12.295082,2.7
30722,3865,4.0,58.393443,12.85,58.393443,12.85
30722,3313,1.0,0.0,0.0,0.0,0.0
30722,25752,2.0,29.508197,6.49,29.508197,6.49
30721,3313,6.0,55.377049,12.18,52.606557,11.57
30721,3314,6.0,51.885246,11.41,49.295082,10.84
30721,3313,1.0,0.0,0.0,0.0,0.0
30720,unknown_gift_item,1.0,29.491803,6.49,29.491803,6.49
30716,3865,1.0,15.368852,3.38,13.836066,3.04
30716,3870,1.0,12.295082,2.7,12.295082,2.7
30716,25752,1.0,15.368852,3.38,13.836066,3.04
30716,25001,1.0,18.442623,4.06,16.590164,3.65
30716,3313,1.0,0.0,0.0,0.0,0.0
30716,unknown_pos_sale,1.0,21.47541,4.72,21.47541,4.72
30715,unknown_gift_item,1.0,44.237705,9.73,44.237705,9.73
30714,3865,2.0,29.508197,6.49,28.032787,6.17
30714,25752,2.0,29.508197,6.49,28.032787,6.17
30713,3865,2.0,29.508197,6.49,28.032787,6.17
30712,3870,1.0,12.295082,2.7,12.295082,2.7
30712,25752,1.0,15.368852,3.38,14.606557,3.21
30712,3865,2.0,29.508197,6.49,28.02459,6.17
30711,unknown_pos_sale,2.0,54.557377,12.0,51.827869,11.4
30711,3314,1.0,9.196721,2.02,8.737705,1.92
30711,3313,1.0,0.0,0.0,0.0,0.0
30710,25026,1.0,87.622951,19.28,87.622951,19.28
30709,25752,2.0,29.508197,6.49,29.508197,6.49
30708,20000,1.0,69.663934,15.33,69.663934,15.33
30708,3313,1.0,0.0,0.0,0.0,0.0
30708,3313,6.0,55.377049,12.18,55.377049,12.18
30707,3313,3.0,28.868852,6.35,27.42623,6.03
30706,3865,4.0,58.393443,12.85,55.47541,12.2
30706,3870,1.0,12.295082,2.7,12.295082,2.7
30706,3313,1.0,0.0,0.0,0.0,0.0
30705,25752,1.0,15.368852,3.38,15.368852,3.38
30705,3865,1.0,9.221311,2.03,9.221311,2.03
30705,3870,1.0,12.295082,2.7,12.295082,2.7
30704,25001,3.0,53.114754,11.69,50.459016,11.1
30703,3865,2.0,29.508197,6.49,26.557377,5.84
30703,3870,1.0,12.295082,2.7,12.295082,2.7
30702,25752,2.0,29.508197,6.49,28.032787,6.17
30701,unknown_pos_sale,1.0,27.795082,6.11,26.401639,5.81
30700,3865,2.0,29.508197,6.49,29.508197,6.49
30699,unknown_pos_sale,1.0,27.278689,6.0,25.918033,5.7
30697,3865,1.0,15.368852,3.38,13.836066,3.04
30697,3870,1.0,12.295082,2.7,12.295082,2.7
30696,3865,4.0,35.04918,7.71,33.295082,7.32
30696,3870,2.0,24.590164,5.41,24.590164,5.41
30696,3313,1.0,0.0,0.0,0.0,0.0
30695,3865,2.0,29.508197,6.49,29.508197,6.49
30695,25752,2.0,29.508197,6.49,29.508197,6.49
30695,3313,1.0,0.0,0.0,0.0,0.0
30694,3313,3.0,28.868852,6.35,27.418033,6.03
30694,25001,1.0,16.385246,3.6,16.385246,3.6
30694,3314,3.0,27.04918,5.95,25.696721,5.65
30694,3313,1.0,0.0,0.0,0.0,0.0
30694,3870,1.0,15.368852,3.38,14.606557,3.21
30693,3865,3.0,26.557377,5.84,26.557377,5.84
30692,unknown_gift_item,1.0,44.237705,9.73,44.237705,9.73
30691,3870,1.0,15.368852,3.38,0.0,0.0
30689,3865,1.0,9.221311,2.03,8.303279,1.83
30689,25001,1.0,18.442623,4.06,16.598361,3.65
30684,23378,1.0,44.237705,9.73,44.237705,9.73
30683,3865,2.0,29.508197,6.49,28.032787,6.17
30681,3865,1.0,9.221311,2.03,9.221311,2.03
30681,25752,1.0,15.368852,3.38,15.368852,3.38
30679,3870,1.0,15.368852,3.38,13.827869,3.04
30679,3865,1.0,15.368852,3.38,13.836066,3.04
30678,3865,1.0,9.221311,2.03,8.303279,1.83
30678,3870,1.0,12.295082,2.7,12.295082,2.7
30678,25752,1.0,15.368852,3.38,13.827869,3.04
30677,unknown_gift_item,1.0,8.852459,1.95,8.852459,1.95
30676,3865,1.0,9.221311,2.03,8.754098,1.93
30676,3870,1.0,12.295082,2.7,12.295082,2.7
30676,3592,1.0,8.590164,1.89,8.163934,1.8
30675,3865,1.0,15.368852,3.38,15.368852,3.38
30675,25752,1.0,15.368852,3.38,15.368852,3.38
30673,23378,2.0,29.491803,6.49,29.491803,6.49
30672,3865,1.0,15.368852,3.38,15.368852,3.38
30672,3870,1.0,12.295082,2.7,12.295082,2.7
30671,3865,2.0,17.704918,3.9,17.704918,3.9
30671,25001,1.0,18.442623,4.06,18.442623,4.06
30668,25752,2.0,29.508197,6.49,28.032787,6.17
30668,3865,2.0,29.508197,6.49,28.032787,6.17
30668,3870,1.0,12.295082,2.7,12.295082,2.7
30668,3313,1.0,0.0,0.0,0.0,0.0
30664,25001,1.0,18.442623,4.06,18.442623,4.06
30664,3313,1.0,9.819672,2.16,9.819672,2.16
30663,25752,2.0,29.508197,6.49,28.032787,6.17
30661,3865,1.0,9.221311,2.03,9.221311,2.03
30661,3870,1.0,15.368852,3.38,15.368852,3.38
30660,23378,1.0,29.491803,6.49,29.491803,6.49
30659,3865,3.0,26.557377,5.84,25.229508,5.55
30659,3870,1.0,12.295082,2.7,12.295082,2.7
30659,unknown_pos_sale,4.0,22.491803,4.95,21.368852,4.7
30659,3313,1.0,0.0,0.0,0.0,0.0
30658,3865,2.0,29.508197,6.49,29.508197,6.49
30657,3865,3.0,26.557377,5.84,26.557377,5.84
30656,25001,2.0,35.409836,7.79,33.639344,7.4
30656,3870,1.0,12.295082,2.7,12.295082,2.7
30655,3865,1.0,15.368852,3.38,13.836066,3.04
30655,25752,2.0,29.508197,6.49,26.557377,5.84
30654,3870,2.0,29.508197,6.49,28.032787,6.17
30653,3865,1.0,15.368852,3.38,14.598361,3.21
30653,3870,1.0,12.295082,2.7,12.295082,2.7
30651,3865,1.0,15.368852,3.38,15.368852,3.38
30651,25752,1.0,15.368852,3.38,15.368852,3.38
30650,25752,4.0,58.393443,12.85,55.47541,12.2
30648,3319,12.0,84.590164,18.61,80.360656,17.68
30648,3313,1.0,0.0,0.0,0.0,0.0
30647,unknown_pos_sale,1.0,12.286885,2.7,11.680328,2.57
30647,unknown_pos_sale,1.0,27.278689,6.0,25.909836,5.7
30647,3870,1.0,15.368852,3.38,14.598361,3.21
30647,25752,1.0,15.368852,3.38,14.598361,3.21
30647,3313,1.0,0.0,0.0,0.0,0.0
30646,unknown_pos_sale,2.0,54.557377,12.0,51.819672,11.4
30646,3313,1.0,9.819672,2.16,9.336066,2.05
30646,3313,1.0,0.0,0.0,0.0,0.0
30645,25752,4.0,58.393443,12.85,55.47541,12.2
30645,3313,1.0,0.0,0.0,0.0,0.0
30645,3870,2.0,29.508197,6.49,28.032787,6.17
30644,25001,1.0,18.442623,4.06,17.52459,3.86
30644,3870,1.0,12.295082,2.7,12.295082,2.7
30643,3865,4.0,58.393443,12.85,58.393443,12.85
30643,3313,1.0,0.0,0.0,0.0,0.0
30643,3870,1.0,12.295082,2.7,12.295082,2.7
30642,3865,2.0,29.508197,6.49,29.508197,6.49
30641,25752,1.0,15.368852,3.38,15.368852,3.38
30641,3865,1.0,15.368852,3.38,15.368852,3.38
30640,3865,4.0,35.04918,7.71,31.540984,6.94
30639,3870,2.0,29.508197,6.49,26.557377,5.84
30638,25752,1.0,15.368852,3.38,15.368852,3.38
30638,3865,1.0,15.368852,3.38,15.368852,3.38
30564,3865,1.0,15.368852,3.38,15.368852,3.38
30564,3870,1.0,15.368852,3.38,15.368852,3.38
30564,25752,1.0,15.368852,3.38,15.368852,3.38
30563,25752,2.0,29.508197,6.49,29.508197,6.49
30562,3865,2.0,29.508197,6.49,29.508197,6.49
30562,25752,3.0,44.262295,9.74,44.262295,9.74
30562,3313,1.0,0.0,0.0,0.0,0.0
30561,3865,4.0,35.04918,7.71,35.04918,7.71
30560,23378,1.0,29.491803,6.49,29.491803,6.49
30559,unknown_gift_item,1.0,8.852459,1.95,8.852459,1.95
30558,25026,1.0,17.52459,3.86,17.52459,3.86
30557,unknown_gift_item,1.0,14.745902,3.24,14.745902,3.24
30556,3865,2.0,29.508197,6.49,29.508197,6.49
30555,3865,4.0,58.393443,12.85,58.393443,12.85
30555,3313,1.0,0.0,0.0,0.0,0.0
30554,3865,1.0,9.221311,2.03,9.221311,2.03
30554,25752,1.0,15.368852,3.38,15.368852,3.38
30553,3865,1.0,15.368852,3.38,13.836066,3.04
30553,3870,1.0,12.295082,2.7,12.295082,2.7
30552,3865,1.0,15.368852,3.38,15.368852,3.38
30552,3870,1.0,15.368852,3.38,15.368852,3.38
30552,25001,1.0,18.442623,4.06,18.442623,4.06
30550,3865,2.0,29.508197,6.49,29.508197,6.49
30547,25001,1.0,18.442623,4.06,18.442623,4.06
30540,3865,2.0,29.508197,6.49,29.508197,6.49
30539,3313,1.0,0.0,0.0,0.0,0.0
30539,3865,4.0,58.393443,12.85,58.393443,12.85
30538,3865,1.0,15.368852,3.38,13.836066,3.04
30538,25001,1.0,18.442623,4.06,16.598361,3.65
30533,23378,1.0,17.704918,3.9,17.704918,3.9
30532,26420,1.0,29.491803,6.49,29.491803,6.49
30531,25001,2.0,35.409836,7.79,33.639344,7.4
30530,3865,2.0,29.508197,6.49,29.508197,6.49
30529,3865,2.0,29.508197,6.49,29.508197,6.49
30528,3865,2.0,29.508197,6.49,29.508197,6.49
30528,25752,2.0,29.508197,6.49,29.508197,6.49
30528,3313,1.0,0.0,0.0,0.0,0.0
30527,unknown_gift_item,1.0,26.557377,5.84,26.557377,5.84
30526,3865,2.0,29.508197,6.49,29.508197,6.49
30521,3314,12.0,97.081967,21.36,97.081967,21.36
30521,3313,1.0,0.0,0.0,0.0,0.0
30521,3313,12.0,103.672131,22.81,103.672131,22.81
30521,3319,12.0,84.590164,18.61,84.590164,18.61
30520,3870,2.0,29.508197,6.49,29.508197,6.49
30520,25001,1.0,16.385246,3.6,16.385246,3.6
30519,3865,3.0,44.262295,9.74,39.836066,8.76
30518,3865,2.0,29.508197,6.49,29.508197,6.49
30518,3870,1.0,12.295082,2.7,12.295082,2.7
30507,3865,2.0,29.508197,6.49,26.557377,5.84
30505,3870,1.0,15.368852,3.38,15.368852,3.38
30505,25752,2.0,29.508197,6.49,29.508197,6.49
30504,unknown_pos_sale,2.0,54.557377,12.0,54.557377,12.0
30504,3319,1.0,8.008197,1.76,8.008197,1.76
30504,3313,1.0,0.0,0.0,0.0,0.0
30503,unknown_gift_item,1.0,29.491803,6.49,29.491803,6.49
30502,25001,2.0,35.409836,7.79,35.409836,7.79
30500,3865,1.0,9.221311,2.03,8.303279,1.83
30500,unknown_pos_sale,3.0,16.868852,3.71,16.868852,3.71
30499,3865,1.0,9.221311,2.03,9.221311,2.03
30499,3870,1.0,12.295082,2.7,12.295082,2.7
30498,3865,1.0,15.368852,3.38,15.368852,3.38
30498,3870,1.0,12.295082,2.7,12.295082,2.7
30497,unknown_gift_item,1.0,44.237705,9.73,44.237705,9.73
30496,3870,1.0,15.368852,3.38,15.368852,3.38
30496,25752,1.0,15.368852,3.38,15.368852,3.38
30496,25752,1.0,15.368852,3.38,15.368852,3.38
30496,3865,1.0,15.368852,3.38,15.368852,3.38
30496,3313,1.0,0.0,0.0,0.0,0.0
30494,unknown_gift_item,1.0,8.852459,1.95,8.852459,1.95
30493,unknown_gift_item,1.0,14.745902,3.24,14.745902,3.24
30492,26420,1.0,14.745902,3.24,14.745902,3.24
30491,unknown_pos_sale,1.0,12.286885,2.7,12.286885,2.7
30490,3870,3.0,44.262295,9.74,44.262295,9.74
30489,3313,1.0,0.0,0.0,0.0,0.0
30489,3865,2.0,29.508197,6.49,29.508197,6.49
30489,25752,2.0,29.508197,6.49,29.508197,6.49
30489,3313,1.0,0.0,0.0,0.0,0.0
30489,unknown_pos_sale,6.0,32.360656,7.12,32.360656,7.12
30488,unknown_gift_item,1.0,29.491803,6.49,29.491803,6.49
30487,25026,1.0,52.57377,11.57,52.57377,11.57
30486,unknown_gift_item,1.0,14.745902,3.24,14.745902,3.24
30485,3865,4.0,35.04918,7.71,31.540984,6.94
30484,25752,2.0,29.508197,6.49,29.508197,6.49
30483,unknown_gift_item,1.0,29.491803,6.49,29.491803,6.49
30482,3865,1.0,15.368852,3.38,15.368852,3.38
30482,25752,1.0,15.368852,3.38,15.368852,3.38
30480,3865,2.0,29.508197,6.49,29.508197,6.49
30479,3865,2.0,29.508197,6.49,29.508197,6.49
30476,3865,2.0,17.704918,3.9,17.704918,3.9
30475,25001,2.0,35.409836,7.79,35.409836,7.79
30475,3870,1.0,12.295082,2.7,12.295082,2.7
30475,3865,2.0,17.704918,3.9,17.704918,3.9
30475,3313,1.0,0.0,0.0,0.0,0.0
30474,3865,2.0,29.508197,6.49,26.557377,5.84
30473,3865,2.0,29.508197,6.49,28.032787,6.17
30473,3870,2.0,29.508197,6.49,28.032787,6.17
30473,3313,1.0,0.0,0.0,0.0,0.0
30473,25001,1.0,16.385246,3.6,16.385246,3.6
30472,3865,2.0,29.508197,6.49,29.508197,6.49
30469,3314,12.0,97.081967,21.36,87.377049,19.22
30469,3313,1.0,0.0,0.0,0.0,0.0
30468,unknown_gift_item,1.0,44.237705,9.73,44.237705,9.73
30467,3865,2.0,17.704918,3.9,17.704918,3.9
30467,3870,1.0,15.368852,3.38,15.368852,3.38
30464,23378,1.0,29.491803,6.49,29.491803,6.49
30460,23378,1.0,44.237705,9.73,44.237705,9.73
30459,3865,2.0,29.508197,6.49,29.508197,6.49
30458,3865,3.0,44.262295,9.74,44.262295,9.74
30457,3865,1.0,15.368852,3.38,13.836066,3.04
30456,unknown_gift_item,1.0,14.745902,3.24,14.745902,3.24
30455,3865,4.0,58.393443,12.85,52.557377,11.56
30454,3865,4.0,58.393443,12.85,58.393443,12.85
30454,3313,1.0,0.0,0.0,0.0,0.0
30453,3865,1.0,15.368852,3.38,13.836066,3.04
30453,3870,1.0,12.295082,2.7,12.295082,2.7
30452,25001,2.0,35.409836,7.79,35.409836,7.79
30452,3870,1.0,12.295082,2.7,12.295082,2.7
30451,3865,1.0,15.368852,3.38,15.368852,3.38
30451,25752,1.0,15.368852,3.38,15.368852,3.38
30450,3870,1.0,15.368852,3.38,13.836066,3.04
30450,3313,3.0,28.868852,6.35,25.97541,5.71
30450,3314,2.0,18.393443,4.05,16.557377,3.64
30450,3313,1.0,0.0,0.0,0.0,0.0
30450,3314,2.0,18.393443,4.05,16.557377,3.64
30449,25001,1.0,18.442623,4.06,15.680328,3.45
30449,3870,1.0,12.295082,2.7,12.295082,2.7
30448,25752,2.0,29.508197,6.49,29.508197,6.49
30447,unknown_gift_item,1.0,26.557377,5.84,26.557377,5.84
30446,3865,2.0,29.508197,6.49,29.508197,6.49
30445,3865,1.0,15.368852,3.38,15.368852,3.38
30445,3870,1.0,15.368852,3.38,15.368852,3.38
30445,25752,1.0,15.368852,3.38,15.368852,3.38
30444,unknown_gift_item,1.0,44.237705,9.73,44.237705,9.73
30443,3865,2.0,29.508197,6.49,26.557377,5.84
30442,3865,2.0,29.508197,6.49,29.508197,6.49
30441,3870,1.0,15.368852,3.38,13.827869,3.04
30441,25752,1.0,15.368852,3.38,13.836066,3.04
30440,3870,2.0,29.508197,6.49,29.508197,6.49
30439,3865,1.0,15.368852,3.38,15.368852,3.38
30439,3870,1.0,12.295082,2.7,12.295082,2.7
30438,3865,3.0,44.262295,9.74,39.836066,8.76
30436,3865,4.0,35.04918,7.71,35.04918,7.71
30435,3865,4.0,58.393443,12.85,58.393443,12.85
30435,3313,1.0,0.0,0.0,0.0,0.0
30427,3865,4.0,35.04918,7.71,31.540984,6.94
30427,3870,2.0,24.590164,5.41,24.590164,5.41
30426,3865,1.0,9.221311,2.03,9.221311,2.03
30426,25752,1.0,15.368852,3.38,15.368852,3.38
30424,25752,2.0,29.508197,6.49,29.508197,6.49
30420,25001,2.0,32.770492,7.21,32.770492,7.21
30420,3314,3.0,27.04918,5.95,27.04918,5.95
30420,3313,1.0,0.0,0.0,0.0,0.0
30419,unknown_gift_item,1.0,29.491803,6.49,29.491803,6.49
30417,24437,1.0,26.557377,5.84,26.557377,5.84
30416,unknown_pos_sale,2.0,31.147541,6.85,31.147541,6.85
30414,26420,1.0,29.491803,6.49,29.491803,6.49
30413,25752,2.0,29.508197,6.49,29.508197,6.49
30412,3865,1.0,15.368852,3.38,15.368852,3.38
30412,3870,1.0,12.295082,2.7,12.295082,2.7
30411,25001,1.0,18.442623,4.06,16.598361,3.65
30411,3865,1.0,15.368852,3.38,13.836066,3.04
30410,unknown_pos_sale,1.0,12.286885,2.7,12.286885,2.7
30409,3865,3.0,44.262295,9.74,44.262295,9.74
30394,3865,1.0,15.368852,3.38,15.368852,3.38
30394,25752,1.0,15.368852,3.38,15.368852,3.38
30390,3865,2.0,29.508197,6.49,29.508197,6.49
30389,25752,4.0,58.393443,12.85,55.47541,12.2
30387,24437,1.0,26.557377,5.84,26.557377,5.84
30386,unknown_pos_sale,6.0,153.836066,33.84,153.836066,33.84
30386,3313,1.0,0.0,0.0,0.0,0.0
30385,25752,1.0,15.368852,3.38,15.368852,3.38
30385,25001,1.0,18.442623,4.06,18.442623,4.06
30381,3870,5.0,72.991803,16.06,72.991803,16.06
30381,3313,1.0,0.0,0.0,0.0,0.0
30381,3870,1.0,15.368852,3.38,15.368852,3.38
30380,3865,1.0,15.368852,3.38,15.368852,3.38
30380,25752,1.0,15.368852,3.38,15.368852,3.38
30380,25001,1.0,18.442623,4.06,18.442623,4.06
30379,3314,5.0,45.081967,9.92,45.081967,9.92
30379,3865,2.0,29.508197,6.49,29.508197,6.49
30379,3313,1.0,0.0,0.0,0.0,0.0
30378,unknown_gift_item,1.0,26.557377,5.84,26.557377,5.84
30377,3865,1.0,9.221311,2.03,9.221311,2.03
30377,25752,1.0,15.368852,3.38,15.368852,3.38
30376,3865,2.0,29.508197,6.49,29.508197,6.49
30373,23378,1.0,14.745902,3.24,14.745902,3.24
30373,26420,1.0,14.745902,3.24,14.745902,3.24
30365,25752,3.0,44.262295,9.74,44.262295,9.74
30365,3865,1.0,15.368852,3.38,15.368852,3.38
30365,3313,1.0,0.0,0.0,0.0,0.0
30364,25001,2.0,35.409836,7.79,35.409836,7.79
30363,3865,7.0,61.336066,13.49,61.336066,13.49
30363,3313,1.0,0.0,0.0,0.0,0.0
30362,3319,3.0,23.532787,5.18,20.008197,4.4
30362,3592,3.0,25.254098,5.56,21.459016,4.72
30361,3865,2.0,29.508197,6.49,26.557377,5.84
30361,3870,1.0,12.295082,2.7,12.295082,2.7
30360,3870,1.0,15.368852,3.38,15.368852,3.38
30360,25001,1.0,18.442623,4.06,18.442623,4.06
30359,unknown_pos_sale,1.0,12.286885,2.7,11.065574,2.43
30359,3865,3.0,26.557377,5.84,23.893443,5.26
30359,25001,1.0,18.442623,4.06,16.598361,3.65
30359,3870,1.0,12.295082,2.7,12.295082,2.7
30359,3313,1.0,0.0,0.0,0.0,0.0
30356,24437,1.0,44.237705,9.73,44.237705,9.73
30356,23378,1.0,29.491803,6.49,29.491803,6.49
30356,3313,1.0,0.0,0.0,0.0,0.0
30355,3865,2.0,29.508197,6.49,29.508197,6.49
30353,3870,4.0,58.393443,12.85,58.393443,12.85
30353,3313,1.0,0.0,0.0,0.0,0.0
30352,25001,1.0,18.442623,4.06,18.442623,4.06
30352,3865,1.0,9.221311,2.03,9.221311,2.03
30351,25001,1.0,18.442623,4.06,16.598361,3.65
30351,3865,2.0,17.704918,3.9,15.92623,3.5
30351,3313,1.0,9.819672,2.16,8.844262,1.95
30351,3314,1.0,9.196721,2.02,8.278689,1.82
30351,3870,1.0,12.295082,2.7,12.295082,2.7
30350,3313,1.0,9.819672,2.16,8.352459,1.84
30350,unknown_pos_sale,1.0,27.278689,6.0,23.180328,5.1
30350,25001,2.0,32.770492,7.21,32.770492,7.21
30348,23378,1.0,44.237705,9.73,44.237705,9.73
30347,3313,12.0,103.672131,22.81,88.122951,19.39
30343,3870,1.0,15.368852,3.38,15.368852,3.38
30343,25001,1.0,16.385246,3.6,16.385246,3.6
30342,3865,1.0,15.368852,3.38,15.368852,3.38
30342,3870,1.0,12.295082,2.7,12.295082,2.7
30341,3865,2.0,17.704918,3.9,17.704918,3.9
30331,3865,4.0,58.393443,12.85,52.54918,11.56
30331,3313,1.0,0.0,0.0,0.0,0.0
30331,3865,2.0,29.508197,6.49,26.557377,5.84
30331,3865,1.0,15.368852,3.38,13.836066,3.04
30331,25752,1.0,15.368852,3.38,13.836066,3.04
30331,25752,2.0,29.508197,6.49,26.557377,5.84
30330,3865,1.0,15.368852,3.38,13.827869,3.04
30330,3870,1.0,12.295082,2.7,12.295082,2.7
30330,25752,1.0,15.368852,3.38,13.836066,3.04
30327,3865,4.0,58.393443,12.85,52.557377,11.56
30325,23378,2.0,58.983607,12.98,58.983607,12.98
30325,3313,1.0,0.0,0.0,0.0,0.0
30324,3865,2.0,29.508197,6.49,29.508197,6.49
30324,3870,1.0,12.295082,2.7,12.295082,2.7
30323,25752,1.0,15.368852,3.38,15.368852,3.38
30323,3870,1.0,15.368852,3.38,15.368852,3.38
30321,unknown_gift_item,1.0,29.491803,6.49,29.491803,6.49
30317,3870,1.0,15.368852,3.38,15.368852,3.38
30317,25001,2.0,35.409836,7.79,35.409836,7.79
30316,unknown_gift_item,1.0,44.237705,9.73,44.237705,9.73
30315,25026,1.0,87.622951,19.28,87.622951,19.28
30313,3865,1.0,15.368852,3.38,15.368852,3.38
30313,3870,1.0,15.368852,3.38,15.368852,3.38
30312,3865,2.0,29.508197,6.49,29.508197,6.49
30310,3865,2.0,29.508197,6.49,29.508197,6.49
30309,3865,2.0,29.508197,6.49,26.557377,5.84
30308,3313,2.0,19.639344,4.32,17.663934,3.89
30308,3314,2.0,18.393443,4.05,16.557377,3.64
30308,unknown_pos_sale,1.0,27.278689,6.0,24.557377,5.4
30308,3870,1.0,15.368852,3.38,13.836066,3.04
30307,3865,4.0,58.393443,12.85,58.393443,12.85
30307,3313,1.0,0.0,0.0,0.0,0.0
30306,3865,2.0,29.508197,6.49,26.557377,5.84
30306,3870,1.0,12.295082,2.7,12.295082,2.7
30305,3870,2.0,29.508197,6.49,29.508197,6.49
30305,25001,2.0,35.409836,7.79,35.409836,7.79
30305,3313,1.0,0.0,0.0,0.0,0.0
30298,unknown_gift_item,1.0,44.237705,9.73,44.237705,9.73
30297,3865,4.0,58.393443,12.85,52.557377,11.56
30297,3313,1.0,0.0,0.0,0.0,0.0
30297,25752,2.0,29.508197,6.49,26.557377,5.84
30290,3865,1.0,15.368852,3.38,15.368852,3.38
30290,3865,1.0,9.221311,2.03,9.221311,2.03
30289,3865,2.0,29.508197,6.49,26.557377,5.84
30289,25752,1.0,15.368852,3.38,13.836066,3.04
30286,3865,1.0,15.368852,3.38,15.368852,3.38
30286,3870,1.0,12.295082,2.7,12.295082,2.7
30285,25752,2.0,29.508197,6.49,29.508197,6.49
30284,25001,1.0,18.442623,4.06,16.598361,3.65
30281,25752,1.0,15.368852,3.38,13.836066,3.04
30281,25001,1.0,18.442623,4.06,16.598361,3.65
30280,3865,3.0,44.262295,9.74,44.262295,9.74
30280,3314,1.0,9.196721,2.02,9.196721,2.02
30280,3319,1.0,8.008197,1.76,8.008197,1.76
30280,3313,1.0,0.0,0.0,0.0,0.0
30278,3870,1.0,12.295082,2.7,12.295082,2.7
30278,3865,1.0,9.221311,2.03,9.221311,2.03
30278,25001,1.0,18.442623,4.06,18.442623,4.06
30278,25001,1.0,18.442623,4.06,18.442623,4.06
30278,3313,1.0,0.0,0.0,0.0,0.0
30277,3865,2.0,29.508197,6.49,29.508197,6.49
30276,3865,4.0,58.393443,12.85,58.393443,12.85
30276,3313,1.0,0.0,0.0,0.0,0.0
30275,unknown_gift_item,1.0,14.745902,3.24,14.745902,3.24
30274,26420,1.0,14.745902,3.24,14.745902,3.24
30273,3865,2.0,29.508197,6.49,29.508197,6.49
30272,3865,4.0,58.393443,12.85,58.393443,12.85
30272,3313,1.0,0.0,0.0,0.0,0.0
30272,25752,2.0,29.508197,6.49,29.508197,6.49
30271,3865,1.0,9.221311,2.03,9.221311,2.03
30271,25752,1.0,15.368852,3.38,15.368852,3.38
30270,unknown_gift_item,1.0,8.852459,1.95,8.852459,1.95
30269,3865,1.0,9.221311,2.03,9.221311,2.03
30265,25752,3.0,44.262295,9.74,44.262295,9.74
30265,3865,5.0,43.811475,9.64,43.811475,9.64
30265,3313,1.0,0.0,0.0,0.0,0.0
30265,3870,2.0,29.508197,6.49,29.508197,6.49
30264,3865,4.0,35.04918,7.71,35.04918,7.71
30264,3870,1.0,12.295082,2.7,12.295082,2.7
30263,25752,2.0,29.508197,6.49,29.508197,6.49
30263,3865,1.0,9.221311,2.03,9.221311,2.03
30262,3870,1.0,15.368852,3.38,15.368852,3.38
30262,25001,1.0,18.442623,4.06,18.442623,4.06
30262,25752,1.0,15.368852,3.38,15.368852,3.38
30260,3865,1.0,15.368852,3.38,15.368852,3.38
30260,25752,1.0,15.368852,3.38,15.368852,3.38
30256,23378,2.0,29.491803,6.49,29.491803,6.49
30255,3870,2.0,29.508197,6.49,29.508197,6.49
30255,3865,1.0,9.221311,2.03,9.221311,2.03
30253,3865,2.0,29.508197,6.49,29.508197,6.49
30252,3319,12.0,84.590164,18.61,71.901639,15.82
30252,3313,1.0,0.0,0.0,0.0,0.0
30251,3314,6.0,51.885246,11.41,44.106557,9.7
30251,25001,1.0,16.385246,3.6,16.385246,3.6
30251,3313,1.0,0.0,0.0,0.0,0.0
30250,3865,2.0,17.704918,3.9,15.934426,3.51
30250,3870,1.0,12.295082,2.7,12.295082,2.7
30249,3865,1.0,15.368852,3.38,13.836066,3.04
30249,3870,1.0,12.295082,2.7,12.295082,2.7
30248,23378,1.0,29.491803,6.49,29.491803,6.49
30247,25001,4.0,70.098361,15.42,70.098361,15.42
30247,3313,1.0,0.0,0.0,0.0,0.0
30243,unknown_pos_sale,1.0,27.795082,6.11,27.795082,6.11
30243,3865,1.0,9.221311,2.03,9.221311,2.03
30243,3870,1.0,12.295082,2.7,12.295082,2.7
30243,3592,1.0,8.590164,1.89,8.590164,1.89
30243,3313,1.0,0.0,0.0,0.0,0.0
30240,3865,1.0,15.368852,3.38,13.836066,3.04
30240,3870,1.0,12.295082,2.7,12.295082,2.7
30239,3865,1.0,15.368852,3.38,15.368852,3.38
30239,25752,1.0,15.368852,3.38,15.368852,3.38
30238,25752,1.0,15.368852,3.38,15.368852,3.38
30237,3865,2.0,29.508197,6.49,26.557377,5.84
30236,3865,1.0,15.368852,3.38,15.368852,3.38
30236,3870,1.0,12.295082,2.7,12.295082,2.7
30231,3865,2.0,17.704918,3.9,15.934426,3.51
30231,3313,2.0,19.639344,4.32,17.672131,3.89
30230,3865,3.0,44.262295,9.74,44.262295,9.74
30230,25752,1.0,15.368852,3.38,15.368852,3.38
30230,3313,1.0,0.0,0.0,0.0,0.0
30229,3314,2.0,18.393443,4.05,16.557377,3.64
30229,3319,3.0,23.532787,5.18,21.180328,4.66
30229,3313,3.0,28.868852,6.35,25.97541,5.71
30228,3865,2.0,29.508197,6.49,29.508197,6.49
30227,3870,2.0,29.508197,6.49,26.557377,5.84
30227,25001,1.0,16.385246,3.6,16.385246,3.6
30226,25752,1.0,15.368852,3.38,13.827869,3.04
30226,3865,1.0,15.368852,3.38,13.836066,3.04
30226,3870,1.0,12.295082,2.7,12.295082,2.7
30225,25752,2.0,29.508197,6.49,29.508197,6.49
30225,3865,2.0,29.508197,6.49,29.508197,6.49
30225,3313,1.0,0.0,0.0,0.0,0.0
30225,3870,1.0,12.295082,2.7,12.295082,2.7
30224,3314,3.0,27.04918,5.95,27.04918,5.95
30224,3313,1.0,0.0,0.0,0.0,0.0
30224,unknown_pos_sale,2.0,103.770492,22.83,103.770492,22.83
30223,unknown_pos_sale,1.0,45.147541,9.93,45.147541,9.93
30222,3870,4.0,58.393443,12.85,58.393443,12.85
30222,3313,1.0,0.0,0.0,0.0,0.0
30222,25001,1.0,16.385246,3.6,16.385246,3.6
30221,unknown_gift_item,1.0,8.852459,1.95,8.852459,1.95
30220,25026,1.0,17.52459,3.86,17.52459,3.86
30219,unknown_gift_item,1.0,14.745902,3.24,14.745902,3.24
30218,25752,4.0,58.393443,12.85,58.393443,12.85
30218,3313,1.0,0.0,0.0,0.0,0.0
30216,3865,2.0,29.508197,6.49,29.508197,6.49
30215,3865,3.0,44.262295,9.74,37.622951,8.28
30215,3870,3.0,36.885246,8.11,36.885246,8.11
30215,3313,1.0,0.0,0.0,0.0,0.0
30214,3865,2.0,29.508197,6.49,29.508197,6.49
30213,3313,18.0,155.508197,34.21,155.508197,34.21
30211,25752,1.0,15.368852,3.38,15.368852,3.38
30211,3865,2.0,29.508197,6.49,29.508197,6.49
30210,3865,2.0,29.508197,6.49,29.508197,6.49
30209,3865,1.0,15.368852,3.38,15.368852,3.38
30209,3870,1.0,12.295082,2.7,12.295082,2.7
30208,3865,2.0,29.508197,6.49,26.557377,5.84
30208,25752,1.0,15.368852,3.38,13.836066,3.04
30207,25001,4.0,70.098361,15.42,59.581967,13.11
30207,3313,1.0,0.0,0.0,0.0,0.0
30207,25752,2.0,29.508197,6.49,25.081967,5.52
30207,3870,3.0,36.885246,8.11,36.885246,8.11
30206,3865,1.0,9.221311,2.03,9.221311,2.03
30206,25752,1.0,15.368852,3.38,15.368852,3.38
30205,3865,2.0,29.508197,6.49,25.081967,5.52
30205,3870,1.0,12.295082,2.7,12.295082,2.7
30203,3865,1.0,15.368852,3.38,13.827869,3.04
30203,25752,1.0,15.368852,3.38,13.836066,3.04
30202,unknown_pos_sale,6.0,45.147541,9.93,40.631148,8.94
30193,3865,4.0,35.04918,7.71,35.04918,7.71
30193,3870,2.0,24.590164,5.41,24.590164,5.41
30193,3313,1.0,0.0,0.0,0.0,0.0
30192,3870,2.0,29.508197,6.49,26.557377,5.84
30192,25001,2.0,32.770492,7.21,32.770492,7.21
30192,3313,1.0,0.0,0.0,0.0,0.0
30189,3865,4.0,58.393443,12.85,52.557377,11.56
30189,3313,1.0,0.0,0.0,0.0,0.0
30189,3870,1.0,12.295082,2.7,12.295082,2.7
30188,20000,1.0,69.663934,15.33,69.663934,15.33
30188,3313,1.0,0.0,0.0,0.0,0.0
30187,25752,1.0,15.368852,3.38,14.598361,3.21
30187,3865,1.0,15.368852,3.38,14.606557,3.21
30187,3870,1.0,12.295082,2.7,12.295082,2.7
30186,3865,4.0,35.04918,7.71,29.795082,6.55
30185,3865,2.0,29.508197,6.49,29.508197,6.49
30184,25001,1.0,18.442623,4.06,16.598361,3.65
30183,3865,3.0,44.262295,9.74,39.836066,8.76
30183,25001,1.0,18.442623,4.06,16.598361,3.65
30182,3865,2.0,29.508197,6.49,29.508197,6.49
30182,3870,1.0,12.295082,2.7,12.295082,2.7
30182,3313,1.0,9.819672,2.16,9.819672,2.16
30182,3592,1.0,8.590164,1.89,8.590164,1.89
30181,3865,2.0,29.508197,6.49,29.508197,6.49
30180,25752,4.0,58.393443,12.85,58.393443,12.85
30180,3313,1.0,0.0,0.0,0.0,0.0
30178,23378,2.0,29.491803,6.49,29.491803,6.49
30177,3865,2.0,29.508197,6.49,26.557377,5.84
30176,3865,4.0,35.04918,7.71,35.04918,7.71
30172,3865,4.0,58.393443,12.85,52.557377,11.56
30172,3870,1.0,12.295082,2.7,12.295082,2.7
30172,3313,1.0,0.0,0.0,0.0,0.0
30171,3865,2.0,29.508197,6.49,29.508197,6.49
30171,25752,2.0,29.508197,6.49,29.508197,6.49
30171,3313,1.0,0.0,0.0,0.0,0.0
30170,unknown_pos_sale,1.0,27.278689,6.0,27.278689,6.0
30168,26420,1.0,29.491803,6.49,29.491803,6.49
30167,3865,1.0,15.368852,3.38,15.368852,3.38
30167,25752,1.0,15.368852,3.38,15.368852,3.38
30166,3865,2.0,17.704918,3.9,15.934426,3.51
30166,3870,1.0,12.295082,2.7,12.295082,2.7
30165,3865,1.0,15.368852,3.38,15.368852,3.38
30165,25752,1.0,15.368852,3.38,15.368852,3.38
30164,3865,1.0,15.368852,3.38,15.368852,3.38
30164,25752,1.0,15.368852,3.38,15.368852,3.38
30163,3865,4.0,35.04918,7.71,35.04918,7.71
30162,3313,1.0,0.0,0.0,0.0,0.0
30162,unknown_pos_sale,12.0,108.393443,23.85,97.557377,21.46
30161,3865,2.0,29.508197,6.49,29.508197,6.49
30160,unknown_pos_sale,1.0,27.278689,6.0,27.278689,6.0
30157,25752,1.0,15.368852,3.38,15.368852,3.38
30157,3865,1.0,9.221311,2.03,9.221311,2.03
30144,20000,1.0,69.663934,15.33,69.663934,15.33
30144,3313,1.0,0.0,0.0,0.0,0.0
30143,20000,1.0,69.663934,15.33,69.663934,15.33
30143,3313,1.0,0.0,0.0,0.0,0.0
30139,3865,2.0,29.508197,6.49,29.508197,6.49
30138,25752,4.0,58.393443,12.85,52.557377,11.56
30138,unknown_pos_sale,1.0,21.47541,4.72,21.47541,4.72
30138,3313,1.0,0.0,0.0,0.0,0.0
30137,3870,2.0,29.508197,6.49,29.508197,6.49
30136,25001,2.0,35.409836,7.79,35.409836,7.79
30136,3870,1.0,12.295082,2.7,12.295082,2.7
30135,25001,4.0,70.098361,15.42,70.098361,15.42
30135,3313,1.0,0.0,0.0,0.0,0.0
30134,25752,2.0,17.704918,3.9,15.934426,3.51
30134,3865,2.0,17.704918,3.9,15.934426,3.51
30133,25752,2.0,29.508197,6.49,29.508197,6.49
30131,3865,1.0,15.368852,3.38,13.836066,3.04
30131,25001,1.0,18.442623,4.06,16.598361,3.65
30130,3865,2.0,29.508197,6.49,29.508197,6.49
30130,3870,1.0,12.295082,2.7,12.295082,2.7
30129,3865,1.0,15.368852,3.38,13.836066,3.04
30129,25752,1.0,15.368852,3.38,13.836066,3.04
30129,25001,1.0,18.442623,4.06,16.590164,3.65
30129,3865,1.0,15.368852,3.38,13.836066,3.04
30129,3313,1.0,0.0,0.0,0.0,0.0
30128,3865,1.0,15.368852,3.38,13.827869,3.04
30128,25752,1.0,15.368852,3.38,13.836066,3.04
30126,3865,1.0,9.221311,2.03,8.303279,1.83
30126,3870,1.0,15.368852,3.38,13.827869,3.04
30126,25752,1.0,9.221311,2.03,8.303279,1.83
30125,3865,1.0,9.221311,2.03,9.221311,2.03
30125,3865,1.0,15.368852,3.38,15.368852,3.38
30125,3870,2.0,29.508197,6.49,29.508197,6.49
30125,25001,2.0,35.409836,7.79,35.409836,7.79
30125,3313,1.0,0.0,0.0,0.0,0.0
30123,3865,4.0,35.04918,7.71,35.04918,7.71
30122,3865,2.0,29.508197,6.49,26.557377,5.84
30121,3314,7.0,60.532787,13.32,60.532787,13.32
30121,3313,1.0,0.0,0.0,0.0,0.0
30120,3313,12.0,103.672131,22.81,88.122951,19.39
30119,3313,3.0,28.868852,6.35,24.540984,5.4
30119,3319,6.0,45.147541,9.93,38.368852,8.44
30119,3592,2.0,17.180328,3.78,14.606557,3.21
30118,3870,1.0,15.368852,3.38,15.368852,3.38
30118,25752,1.0,9.221311,2.03,9.221311,2.03
30117,3865,1.0,15.368852,3.38,15.368852,3.38
30117,25752,1.0,15.368852,3.38,15.368852,3.38
30116,25001,1.0,18.442623,4.06,18.442623,4.06
30116,3870,1.0,12.295082,2.7,12.295082,2.7
30116,3865,1.0,15.368852,3.38,15.368852,3.38
30115,unknown_pos_sale,3.0,80.188525,17.64,68.163934,15.0
30115,3313,1.0,0.0,0.0,0.0,0.0
30114,3865,1.0,9.221311,2.03,9.221311,2.03
30114,25001,1.0,18.442623,4.06,18.442623,4.06
30113,3865,1.0,15.368852,3.38,15.368852,3.38
30113,3870,1.0,12.295082,2.7,12.295082,2.7
30113,25752,1.0,15.368852,3.38,15.368852,3.38
30112,3313,1.0,0.0,0.0,0.0,0.0
30112,25752,1.0,15.368852,3.38,13.065574,2.87
30112,3865,1.0,15.368852,3.38,13.065574,2.87
30112,20000,1.0,69.663934,15.33,59.213115,13.03
30110,3870,1.0,15.368852,3.38,15.368852,3.38
30110,3865,1.0,15.368852,3.38,15.368852,3.38
30109,25001,1.0,18.442623,4.06,18.442623,4.06
30109,3870,1.0,12.295082,2.7,12.295082,2.7
30109,3865,1.0,9.221311,2.03,9.221311,2.03
30108,25001,1.0,18.442623,4.06,17.52459,3.86
30108,3870,1.0,12.295082,2.7,12.295082,2.7
30107,3865,1.0,9.221311,2.03,8.303279,1.83
30107,25752,2.0,17.704918,3.9,15.934426,3.51
30107,3870,1.0,12.295082,2.7,12.295082,2.7
30107,unknown_pos_sale,1.0,21.47541,4.72,21.47541,4.72
30107,3313,1.0,0.0,0.0,0.0,0.0
30106,3865,1.0,15.368852,3.38,13.065574,2.87
30106,25752,1.0,15.368852,3.38,13.065574,2.87
30106,3870,1.0,12.295082,2.7,12.295082,2.7
30106,3313,2.0,19.639344,4.32,16.688525,3.67
30106,3314,2.0,18.393443,4.05,15.639344,3.44
30105,3865,2.0,29.508197,6.49,29.508197,6.49
30104,3314,18.0,145.622951,32.04,131.057377,28.83
30104,3313,1.0,0.0,0.0,0.0,0.0
30103,25752,2.0,29.508197,6.49,25.081967,5.52
30099,3865,4.0,58.393443,12.85,49.631148,10.92
30099,3865,1.0,15.368852,3.38,13.065574,2.87
30099,3313,1.0,0.0,0.0,0.0,0.0
30097,3865,3.0,26.557377,5.84,26.557377,5.84
30097,3865,1.0,15.368852,3.38,15.368852,3.38
30097,25752,1.0,9.221311,2.03,9.221311,2.03
30097,25752,1.0,15.368852,3.38,15.368852,3.38
30097,3313,1.0,0.0,0.0,0.0,0.0
30096,3865,2.0,29.508197,6.49,25.081967,5.52
30096,25752,2.0,17.704918,3.9,15.04918,3.31
30094,3865,1.0,15.368852,3.38,15.368852,3.38
30093,3865,2.0,29.508197,6.49,26.557377,5.84
30093,3870,2.0,24.590164,5.41,24.590164,5.41
30093,25001,1.0,18.442623,4.06,16.598361,3.65
30093,3313,1.0,0.0,0.0,0.0,0.0
30092,3870,2.0,29.508197,6.49,26.557377,5.84
30092,25752,4.0,35.04918,7.71,31.540984,6.94
30092,3313,1.0,0.0,0.0,0.0,0.0
30092,3865,4.0,35.04918,7.71,31.54918,6.94
30090,unknown_gift_item,1.0,8.852459,1.95,8.852459,1.95
30089,unknown_pos_sale,1.0,27.278689,6.0,23.188525,5.1
30089,3313,10.0,92.295082,20.3,78.442623,17.26
30089,3319,8.0,60.196721,13.24,51.172131,11.26
30088,25752,1.0,9.221311,2.03,9.221311,2.03
30088,3865,1.0,15.368852,3.38,15.368852,3.38
30087,3865,2.0,29.508197,6.49,28.032787,6.17
30084,3865,1.0,9.221311,2.03,9.221311,2.03
30084,25001,1.0,18.442623,4.06,18.442623,4.06
30083,3865,2.0,29.508197,6.49,29.508197,6.49
30082,3865,4.0,35.04918,7.71,35.04918,7.71
30081,unknown_gift_item,1.0,14.745902,3.24,14.745902,3.24
30080,26420,1.0,14.745902,3.24,14.745902,3.24
30079,25752,2.0,29.508197,6.49,25.081967,5.52
30078,20000,1.0,69.663934,15.33,59.213115,13.03
30078,3313,1.0,0.0,0.0,0.0,0.0
30077,3865,2.0,29.508197,6.49,25.081967,5.52
30077,25752,4.0,35.04918,7.71,29.795082,6.55
30076,3865,2.0,29.508197,6.49,25.081967,5.52
30076,3870,1.0,12.295082,2.7,12.295082,2.7
30075,3865,2.0,29.508197,6.49,25.081967,5.52
30075,3870,1.0,15.368852,3.38,13.065574,2.87
30075,25752,3.0,26.557377,5.84,22.57377,4.97
30075,3313,1.0,0.0,0.0,0.0,0.0
30074,3865,3.0,44.262295,9.74,37.622951,8.28
30072,3314,2.0,18.393443,4.05,15.622951,3.44
30072,3870,1.0,15.368852,3.38,13.065574,2.87
30072,25752,1.0,9.221311,2.03,7.844262,1.73
30071,3865,1.0,9.221311,2.03,7.844262,1.73
30071,3870,1.0,15.368852,3.38,13.057377,2.87
30071,20000,1.0,69.663934,15.33,59.213115,13.03
30071,3313,1.0,0.0,0.0,0.0,0.0
30070,25026,1.0,52.57377,11.57,52.57377,11.57
30069,unknown_gift_item,1.0,29.491803,6.49,29.491803,6.49
30068,unknown_gift_item,1.0,14.745902,3.24,14.745902,3.24
30067,3865,2.0,29.508197,6.49,25.081967,5.52
30067,3870,3.0,44.262295,9.74,37.622951,8.28
30067,3313,1.0,0.0,0.0,0.0,0.0
30067,25001,2.0,35.409836,7.79,30.098361,6.62
30067,25752,1.0,15.368852,3.38,13.065574,2.87
30064,25752,4.0,58.393443,12.85,58.393443,12.85
30064,3313,1.0,0.0,0.0,0.0,0.0
30063,3865,4.0,58.393443,12.85,52.54918,11.56
30063,3870,4.0,58.393443,12.85,52.557377,11.56
30063,3313,1.0,0.0,0.0,0.0,0.0
30059,3865,4.0,58.393443,12.85,52.557377,11.56
30059,3313,1.0,0.0,0.0,0.0,0.0
30059,3870,1.0,12.295082,2.7,12.295082,2.7
30058,25001,1.0,18.44,4.06,18.44,4.06
30058,25752,4.0,35.05,7.71,35.05,7.71
30058,3870,1.0,12.3,2.71,12.3,2.71
30058,3313,1.0,0.0,0.0,0.0,0.0
30057,25001,1.0,18.442623,4.06,15.680328,3.45
30057,25752,4.0,35.04918,7.71,29.786885,6.55
30057,3870,1.0,12.295082,2.7,12.295082,2.7
30057,3313,1.0,0.0,0.0,0.0,0.0
30056,3870,1.0,15.368852,3.38,15.368852,3.38
30056,25752,3.0,26.557377,5.84,26.557377,5.84
30056,25001,1.0,16.385246,3.6,16.385246,3.6
30056,3313,1.0,0.0,0.0,0.0,0.0
30055,3313,3.0,28.868852,6.35,24.540984,5.4
30054,unknown_gift_item,1.0,29.491803,6.49,29.491803,6.49
30053,unknown_pos_sale,9.0,67.721311,14.9,60.95082,13.41
30053,3313,1.0,0.0,0.0,0.0,0.0
30044,unknown_pos_sale,1.0,27.278689,6.0,27.278689,6.0
30043,unknown_pos_sale,1.0,27.278689,6.0,23.188525,5.1
30043,3865,2.0,29.508197,6.49,25.081967,5.52
30043,3870,1.0,12.295082,2.7,12.295082,2.7
30043,3313,1.0,0.0,0.0,0.0,0.0
30042,25752,1.0,15.368852,3.38,15.368852,3.38
30042,3865,1.0,15.368852,3.38,15.368852,3.38
30041,25001,1.0,18.442623,4.06,16.598361,3.65
30041,3870,1.0,12.295082,2.7,12.295082,2.7
30040,3865,1.0,9.221311,2.03,7.836066,1.72
30040,3870,1.0,12.295082,2.7,12.295082,2.7
30040,25752,1.0,9.221311,2.03,7.844262,1.73
30040,25001,1.0,18.442623,4.06,15.672131,3.45
30039,3865,4.0,58.393443,12.85,58.393443,12.85
30039,3313,1.0,0.0,0.0,0.0,0.0
30038,25752,2.0,17.704918,3.9,15.04918,3.31
30038,3870,1.0,15.368852,3.38,13.065574,2.87
30038,25001,1.0,16.385246,3.6,16.385246,3.6
30037,3870,1.0,15.368852,3.38,15.368852,3.38
30037,25001,1.0,16.385246,3.6,16.385246,3.6
30036,3870,1.0,15.368852,3.38,13.065574,2.87
30036,25001,1.0,16.385246,3.6,16.385246,3.6
30033,3865,2.0,29.508197,6.49,29.508197,6.49
30032,25752,4.0,58.393443,12.85,58.393443,12.85
30032,3313,1.0,0.0,0.0,0.0,0.0
30029,3865,2.0,29.508197,6.49,26.557377,5.84
30029,3870,4.0,58.393443,12.85,52.557377,11.56
30029,3313,1.0,0.0,0.0,0.0,0.0
30029,25001,1.0,16.385246,3.6,16.385246,3.6
30028,3865,1.0,15.368852,3.38,15.368852,3.38
30028,3870,1.0,15.368852,3.38,15.368852,3.38
30027,3865,2.0,29.508197,6.49,29.508197,6.49
30027,3870,1.0,15.368852,3.38,15.368852,3.38
30027,25752,1.0,15.368852,3.38,15.368852,3.38
30027,3313,1.0,0.0,0.0,0.0,0.0
30026,25752,2.0,29.508197,6.49,29.508197,6.49
30025,3865,4.0,58.393443,12.85,58.393443,12.85
30025,3313,1.0,0.0,0.0,0.0,0.0
30024,3865,4.0,35.04918,7.71,35.04918,7.71
30024,3870,1.0,12.295082,2.7,12.295082,2.7
30022,3870,2.0,29.508197,6.49,29.508197,6.49
30022,3865,1.0,9.221311,2.03,9.221311,2.03
30022,unknown_pos_sale,1.0,27.278689,6.0,27.278689,6.0
30022,3313,1.0,0.0,0.0,0.0,0.0
30021,25001,4.0,70.098361,15.42,63.090164,13.88
30021,3313,1.0,0.0,0.0,0.0,0.0
30020,25752,3.0,26.557377,5.84,26.557377,5.84
30016,20000,1.0,69.663934,15.33,69.663934,15.33
30016,3313,1.0,0.0,0.0,0.0,0.0
30016,3865,2.0,29.508197,6.49,28.032787,6.17
30016,3870,1.0,12.295082,2.7,12.295082,2.7
30015,unknown_gift_item,1.0,44.237705,9.73,44.237705,9.73
30014,25752,1.0,9.221311,2.03,9.221311,2.03
30014,3865,1.0,15.368852,3.38,15.368852,3.38
30013,25026,1.0,17.52459,3.86,17.52459,3.86
30012,25752,1.0,15.368852,3.38,15.368852,3.38
30012,3865,1.0,15.368852,3.38,15.368852,3.38
30011,3865,1.0,9.221311,2.03,8.295082,1.82
30011,3870,1.0,12.295082,2.7,12.295082,2.7
30011,25752,1.0,9.221311,2.03,8.303279,1.83
30010,3865,1.0,15.368852,3.38,15.368852,3.38
30010,3870,1.0,12.295082,2.7,12.295082,2.7
30005,3865,2.0,29.508197,6.49,26.557377,5.84
30004,3314,24.0,189.836066,41.76,180.344262,39.68
30004,3313,1.0,0.0,0.0,0.0,0.0
30003,3865,2.0,17.704918,3.9,15.934426,3.51
30003,3870,1.0,12.295082,2.7,12.295082,2.7
30001,25752,4.0,58.393443,12.85,58.393443,12.85
30001,3313,1.0,0.0,0.0,0.0,0.0
30000,25752,1.0,9.221311,2.03,9.221311,2.03
29987,3865,2.0,29.508197,6.49,29.508197,6.49
29971,3865,2.0,17.704918,3.9,17.704918,3.9
29971,3870,1.0,15.368852,3.38,15.368852,3.38
29971,25752,2.0,17.704918,3.9,17.704918,3.9
29969,25001,1.0,18.442623,4.06,18.442623,4.06
29969,25752,1.0,9.221311,2.03,9.221311,2.03
29968,3314,6.0,51.885246,11.41,51.885246,11.41
29968,25001,1.0,16.385246,3.6,16.385246,3.6
29968,3313,1.0,0.0,0.0,0.0,0.0
29967,3865,1.0,9.221311,2.03,9.221311,2.03
29967,3865,2.0,17.704918,3.9,17.704918,3.9
29966,3865,2.0,29.508197,6.49,26.557377,5.84
29965,3865,4.0,35.04918,7.71,35.04918,7.71
29964,3313,3.0,28.868852,6.35,28.868852,6.35
29964,3313,6.0,55.377049,12.18,55.377049,12.18
29963,3865,4.0,58.393443,12.85,58.393443,12.85
29963,3313,1.0,0.0,0.0,0.0,0.0
29961,23378,1.0,29.491803,6.49,29.491803,6.49
29960,3865,3.0,26.557377,5.84,26.557377,5.84
29953,3865,1.0,15.368852,3.38,15.368852,3.38
29953,3870,1.0,15.368852,3.38,15.368852,3.38
29953,3870,1.0,15.368852,3.38,15.368852,3.38
29953,3865,1.0,15.368852,3.38,15.368852,3.38
29953,3314,1.0,0.0,0.0,0.0,0.0
29952,3865,1.0,15.368852,3.38,15.368852,3.38
29952,25752,1.0,15.368852,3.38,15.368852,3.38
29952,25001,1.0,18.442623,4.06,18.442623,4.06
29951,3313,24.0,202.622951,44.58,182.352459,40.12
29951,3314,1.0,0.0,0.0,0.0,0.0
29951,unknown_pos_sale,1.0,27.278689,6.0,24.557377,5.4
29950,25752,1.0,15.368852,3.38,15.368852,3.38
29950,25752,1.0,15.368852,3.38,15.368852,3.38
29949,3870,1.0,15.368852,3.38,13.827869,3.04
29949,3865,1.0,15.368852,3.38,13.836066,3.04
29948,3313,6.0,55.377049,12.18,49.836066,10.96
29948,3319,2.0,16.016393,3.52,14.418033,3.17
29948,3314,1.0,0.0,0.0,0.0,0.0
29947,unknown_pos_sale,1.0,12.286885,2.7,11.065574,2.43
29947,unknown_pos_sale,1.0,27.795082,6.11,25.008197,5.5
29946,3592,1.0,8.590164,1.89,7.737705,1.7
29946,3319,2.0,16.016393,3.52,14.401639,3.17
29946,3314,1.0,9.196721,2.02,8.278689,1.82
29946,3313,1.0,9.819672,2.16,8.836066,1.94
29946,3313,1.0,9.819672,2.16,8.844262,1.95
29945,unknown_pos_sale,2.0,54.557377,12.0,49.098361,10.8
29945,3870,1.0,15.368852,3.38,15.368852,3.38
29945,3314,1.0,0.0,0.0,0.0,0.0
29944,25001,2.0,35.409836,7.79,35.409836,7.79
29944,3870,2.0,24.590164,5.41,24.590164,5.41
29944,3314,1.0,0.0,0.0,0.0,0.0
29943,3870,2.0,29.508197,6.49,29.508197,6.49
29943,25001,2.0,35.409836,7.79,35.409836,7.79
29943,3314,1.0,0.0,0.0,0.0,0.0
29941,3313,6.0,55.377049,12.18,49.836066,10.96
29941,3870,1.0,12.295082,2.7,12.295082,2.7
29941,3314,1.0,0.0,0.0,0.0,0.0
29940,25752,1.0,15.368852,3.38,15.368852,3.38
29940,3865,1.0,15.368852,3.38,15.368852,3.38
29939,3865,1.0,9.221311,2.03,9.221311,2.03
29939,25752,1.0,9.221311,2.03,9.221311,2.03
29939,3870,1.0,12.295082,2.7,12.295082,2.7
29938,3592,1.0,8.590164,1.89,7.737705,1.7
29938,3314,1.0,0.0,0.0,0.0,0.0
29938,3313,6.0,55.377049,12.18,49.836066,10.96
29938,3592,1.0,8.590164,1.89,7.737705,1.7
29938,3314,1.0,0.0,0.0,0.0,0.0
29937,3314,12.0,97.081967,21.36,92.221311,20.29
29937,unknown_pos_sale,1.0,12.286885,2.7,11.680328,2.57
29937,3870,1.0,12.295082,2.7,12.295082,2.7
29936,unknown_pos_sale,2.0,54.557377,12.0,49.098361,10.8
29936,unknown_pos_sale,1.0,27.795082,6.11,25.016393,5.5
29936,3314,1.0,0.0,0.0,0.0,0.0
29936,3313,1.0,9.819672,2.16,8.844262,1.95
29936,3870,1.0,12.295082,2.7,12.295082,2.7
29935,25752,1.0,15.368852,3.38,15.368852,3.38
29935,25752,2.0,17.704918,3.9,17.704918,3.9
29934,3865,2.0,29.508197,6.49,29.508197,6.49
29933,25001,2.0,35.409836,7.79,35.409836,7.79
29932,25001,1.0,18.442623,4.06,18.442623,4.06
29932,3865,1.0,9.221311,2.03,9.221311,2.03
29931,3870,2.0,29.508197,6.49,26.557377,5.84
29930,3319,3.0,23.532787,5.18,21.180328,4.66
29930,3592,3.0,25.254098,5.56,22.721311,5.0
29930,3313,1.0,9.819672,2.16,8.844262,1.95
29930,3314,2.0,18.393443,4.05,16.557377,3.64
29929,25001,2.0,35.409836,7.79,35.409836,7.79
29928,3313,6.0,55.377049,12.18,49.836066,10.96
29928,unknown_pos_sale,1.0,51.885246,11.41,51.885246,11.41
29928,3314,1.0,0.0,0.0,0.0,0.0
29927,unknown_pos_sale,1.0,27.278689,6.0,27.278689,6.0
29926,3865,2.0,29.508197,6.49,29.508197,6.49
29925,25752,2.0,29.508197,6.49,29.508197,6.49
29924,unknown_pos_sale,1.0,27.278689,6.0,27.278689,6.0
29923,3865,2.0,29.508197,6.49,29.508197,6.49
29923,3865,2.0,17.704918,3.9,17.704918,3.9
29923,3870,1.0,12.295082,2.7,12.295082,2.7
29923,3314,1.0,0.0,0.0,0.0,0.0
29922,3313,6.0,55.377049,12.18,49.836066,10.96
29921,3313,3.0,28.868852,6.35,25.983607,5.72
29920,3313,2.0,19.639344,4.32,19.639344,4.32
29920,3314,2.0,18.393443,4.05,18.393443,4.05
29920,3319,2.0,16.016393,3.52,16.016393,3.52
29919,3865,4.0,35.04918,7.71,31.540984,6.94
29918,3865,3.0,44.262295,9.74,44.262295,9.74
29917,3865,2.0,29.508197,6.49,26.557377,5.84
29917,3870,2.0,29.508197,6.49,26.557377,5.84
29917,3314,1.0,0.0,0.0,0.0,0.0
29917,25001,2.0,35.409836,7.79,31.868852,7.01
29916,3870,1.0,15.368852,3.38,15.368852,3.38
29916,3865,1.0,15.368852,3.38,15.368852,3.38
29915,3870,1.0,15.368852,3.38,15.368852,3.38
29914,25752,1.0,9.221311,2.03,9.221311,2.03
29914,3313,1.0,9.819672,2.16,9.819672,2.16
29914,3870,1.0,12.295082,2.7,12.295082,2.7
29913,3865,1.0,9.221311,2.03,9.221311,2.03
29912,3865,2.0,29.508197,6.49,29.508197,6.49
29912,25752,2.0,29.508197,6.49,29.508197,6.49
29912,3314,1.0,0.0,0.0,0.0,0.0
29910,3865,2.0,29.508197,6.49,26.557377,5.84
29908,25752,2.0,29.508197,6.49,29.508197,6.49
29896,3870,2.0,29.508197,6.49,26.557377,5.84
29895,3865,1.0,15.368852,3.38,15.368852,3.38
29895,3870,1.0,12.295082,2.7,12.295082,2.7
29892,3865,2.0,17.7,3.89,17.7,3.89
29892,25752,2.0,17.7,3.89,17.7,3.89
29892,3870,1.0,15.37,3.38,15.37,3.38
29892,25001,2.0,35.41,7.79,35.41,7.79
29892,3314,1.0,0.0,0.0,0.0,0.0
29892,unknown_pos_sale,1.0,55.377049,12.18,55.377049,12.18
29890,unknown_gift_item,1.0,26.557377,5.84,26.557377,5.84
29889,3865,3.0,44.262295,9.74,44.262295,9.74
29889,3870,2.0,24.590164,5.41,24.590164,5.41
29889,3314,1.0,0.0,0.0,0.0,0.0
29888,unknown_pos_sale,1.0,27.278689,6.0,24.54918,5.4
29888,3592,1.0,8.590164,1.89,7.729508,1.7
29887,unknown_pos_sale,1.0,27.278689,6.0,24.54918,5.4
29887,3870,1.0,12.295082,2.7,12.295082,2.7
29887,3865,1.0,9.221311,2.03,8.303279,1.83
29887,3314,1.0,0.0,0.0,0.0,0.0
29887,25001,1.0,18.442623,4.06,16.598361,3.65
29886,3313,12.0,103.672131,22.81,93.303279,20.53
29886,3314,1.0,0.0,0.0,0.0,0.0
29885,3870,1.0,15.368852,3.38,15.368852,3.38
29885,25752,1.0,9.221311,2.03,9.221311,2.03
29885,unknown_pos_sale,1.0,21.47541,4.72,21.47541,4.72
29884,unknown_gift_item,1.0,44.237705,9.73,44.237705,9.73
29883,25001,2.0,35.409836,7.79,35.409836,7.79
29882,3865,1.0,15.368852,3.38,15.368852,3.38
29882,3870,1.0,12.295082,2.7,12.295082,2.7
29882,3313,1.0,9.819672,2.16,9.819672,2.16
29881,3865,1.0,15.368852,3.38,13.827869,3.04
29881,25752,1.0,15.368852,3.38,13.836066,3.04
29880,3865,2.0,17.704918,3.9,15.934426,3.51
29880,3870,1.0,12.295082,2.7,12.295082,2.7
29879,25001,2.0,35.409836,7.79,35.409836,7.79
29879,3870,2.0,24.590164,5.41,24.590164,5.41
29879,3314,1.0,0.0,0.0,0.0,0.0
29878,25752,1.0,9.221311,2.03,9.221311,2.03
29878,3870,1.0,15.368852,3.38,15.368852,3.38
29876,unknown_pos_sale,1.0,27.278689,6.0,27.278689,6.0
29876,25001,1.0,18.442623,4.06,18.442623,4.06
29876,3870,1.0,12.295082,2.7,12.295082,2.7
29876,3314,1.0,0.0,0.0,0.0,0.0
29875,3865,2.0,29.508197,6.49,29.508197,6.49
29875,25752,1.0,15.368852,3.38,15.368852,3.38
29874,25752,1.0,9.221311,2.03,8.295082,1.82
29874,3865,1.0,9.221311,2.03,8.303279,1.83
29874,3870,1.0,12.295082,2.7,12.295082,2.7
29843,unknown_pos_sale,1.0,55.377049,12.18,47.07377,10.36
29842,3865,1.0,15.368852,3.38,15.368852,3.38
29842,3870,1.0,15.368852,3.38,15.368852,3.38
29838,25752,1.0,15.368852,3.38,15.368852,3.38
29838,25752,1.0,9.221311,2.03,9.221311,2.03
29837,25001,1.0,18.442623,4.06,18.442623,4.06
29837,3870,1.0,15.368852,3.38,15.368852,3.38
29836,3865,2.0,17.704918,3.9,15.934426,3.51
29836,3870,1.0,12.295082,2.7,12.295082,2.7
29835,3865,4.0,58.393443,12.85,58.393443,12.85
29835,3314,1.0,0.0,0.0,0.0,0.0
29834,3865,1.0,9.221311,2.03,9.221311,2.03
29834,3870,1.0,12.295082,2.7,12.295082,2.7
29833,3870,1.0,12.295082,2.7,12.295082,2.7
29833,3865,1.0,9.221311,2.03,8.303279,1.83
29833,25001,1.0,18.442623,4.06,16.598361,3.65
29832,3865,1.0,15.368852,3.38,15.368852,3.38
29832,3870,1.0,12.295082,2.7,12.295082,2.7
29828,unknown_gift_item,1.0,29.491803,6.49,29.491803,6.49
29827,25001,1.0,18.442623,4.06,18.442623,4.06
29827,3870,1.0,15.368852,3.38,15.368852,3.38
29827,25752,3.0,26.557377,5.84,26.557377,5.84
29827,3314,1.0,0.0,0.0,0.0,0.0
29826,3865,2.0,29.508197,6.49,29.508197,6.49
29825,3865,2.0,29.508197,6.49,29.508197,6.49
29825,25752,2.0,29.508197,6.49,29.508197,6.49
29825,3314,1.0,0.0,0.0,0.0,0.0
29824,25001,1.0,18.442623,4.06,18.442623,4.06
29824,3870,1.0,12.295082,2.7,12.295082,2.7
29823,25752,2.0,17.704918,3.9,17.704918,3.9
29822,3865,1.0,15.368852,3.38,13.836066,3.04
29822,3870,1.0,12.295082,2.7,12.295082,2.7
29821,3865,3.0,44.262295,9.74,39.836066,8.76
29821,3870,1.0,12.295082,2.7,12.295082,2.7
29820,3870,4.0,58.393443,12.85,52.54918,11.56
29820,3314,1.0,0.0,0.0,0.0,0.0
29820,25752,4.0,35.04918,7.71,31.54918,6.94
29819,3865,2.0,29.508197,6.49,29.508197,6.49
29819,3870,1.0,12.295082,2.7,12.295082,2.7
29818,25001,1.0,18.442623,4.06,16.598361,3.65
29818,3870,1.0,12.295082,2.7,12.295082,2.7
29817,3865,1.0,15.368852,3.38,15.368852,3.38
29816,3865,1.0,15.368852,3.38,13.836066,3.04
29815,3865,2.0,17.704918,3.9,15.934426,3.51
29815,3870,1.0,12.295082,2.7,12.295082,2.7
29814,3865,1.0,15.368852,3.38,13.836066,3.04
29814,25001,2.0,35.409836,7.79,31.860656,7.01
29814,3870,1.0,15.368852,3.38,13.836066,3.04
29814,3314,1.0,0.0,0.0,0.0,0.0
29813,25001,1.0,18.442623,4.06,18.442623,4.06
29813,unknown_pos_sale,2.0,18.393443,4.05,18.393443,4.05
29813,25001,1.0,18.442623,4.06,18.442623,4.06
29813,unknown_pos_sale,1.0,8.008197,1.76,8.008197,1.76
29813,3314,1.0,0.0,0.0,0.0,0.0
29812,3314,1.0,0.0,0.0,0.0,0.0
29812,3865,2.0,29.508197,6.49,26.557377,5.84
29812,3870,2.0,29.508197,6.49,26.557377,5.84
29812,3314,1.0,0.0,0.0,0.0,0.0
29812,25752,6.0,52.57377,11.57,47.319672,10.41
29810,3865,4.0,35.04918,7.71,35.04918,7.71
29809,3865,1.0,9.221311,2.03,9.221311,2.03
29809,25001,1.0,18.442623,4.06,18.442623,4.06
29809,3870,1.0,12.295082,2.7,12.295082,2.7
29808,3870,1.0,15.368852,3.38,15.368852,3.38
29808,3865,1.0,15.368852,3.38,15.368852,3.38
29807,25752,4.0,58.393443,12.85,52.557377,11.56
29806,25001,1.0,18.442623,4.06,16.598361,3.65
29806,3870,1.0,12.295082,2.7,12.295082,2.7
29805,unknown_gift_item,1.0,26.557377,5.84,26.557377,5.84
29804,3865,2.0,29.508197,6.49,26.557377,5.84
29803,3865,2.0,29.508197,6.49,26.557377,5.84
29802,3865,4.0,58.393443,12.85,52.54918,11.56
29802,3870,4.0,58.393443,12.85,52.557377,11.56
29802,3314,1.0,0.0,0.0,0.0,0.0
29801,3870,1.0,15.368852,3.38,15.368852,3.38
29801,3865,1.0,9.221311,2.03,9.221311,2.03
29800,25752,1.0,9.221311,2.03,9.221311,2.03
29800,3870,1.0,15.368852,3.38,15.368852,3.38
29799,3865,1.0,9.221311,2.03,9.221311,2.03
29799,3870,1.0,15.368852,3.38,15.368852,3.38
29798,25752,4.0,58.393443,12.85,58.393443,12.85
29798,unknown_pos_sale,1.0,21.47541,4.72,21.47541,4.72
29798,3314,1.0,0.0,0.0,0.0,0.0
29797,25752,2.0,29.508197,6.49,26.557377,5.84
29796,25752,1.0,9.221311,2.03,8.295082,1.82
29796,3865,1.0,9.221311,2.03,8.303279,1.83
29796,3870,1.0,12.295082,2.7,12.295082,2.7
29795,3865,1.0,15.368852,3.38,13.836066,3.04
29795,3870,1.0,12.295082,2.7,12.295082,2.7
29794,3865,4.0,58.393443,12.85,52.557377,11.56
29793,3865,1.0,9.221311,2.03,9.221311,2.03
29793,3870,1.0,12.295082,2.7,12.295082,2.7
29793,25752,1.0,9.221311,2.03,9.221311,2.03
29793,25001,1.0,18.442623,4.06,18.442623,4.06
29792,3870,2.0,29.508197,6.49,26.557377,5.84
29792,3865,2.0,17.704918,3.9,15.934426,3.51
29792,25752,2.0,17.704918,3.9,15.934426,3.51
29792,3314,1.0,0.0,0.0,0.0,0.0
29792,unknown_pos_sale,1.0,27.278689,6.0,27.278689,6.0
29791,3870,1.0,15.368852,3.38,13.827869,3.04
29791,3865,1.0,15.368852,3.38,13.836066,3.04
29790,3865,2.0,29.508197,6.49,29.508197,6.49
29789,25752,3.0,26.557377,5.84,23.901639,5.26
29789,25001,1.0,18.442623,4.06,16.598361,3.65
29789,3592,1.0,8.590164,1.89,8.590164,1.89
29788,3865,4.0,58.393443,12.85,58.393443,12.85
29788,3314,1.0,0.0,0.0,0.0,0.0
29787,25752,4.0,58.393443,12.85,58.393443,12.85
29787,3314,1.0,0.0,0.0,0.0,0.0
29786,3865,2.0,29.508197,6.49,29.508197,6.49
29785,25752,2.0,29.508197,6.49,29.508197,6.49
29784,3870,1.0,15.368852,3.38,13.827869,3.04
29784,25752,1.0,9.221311,2.03,8.303279,1.83
29784,3313,1.0,9.819672,2.16,9.819672,2.16
29783,25001,4.0,70.098361,15.42,70.098361,15.42
29783,3314,1.0,0.0,0.0,0.0,0.0
29782,25752,4.0,35.04918,7.71,35.04918,7.71
29782,3870,2.0,29.508197,6.49,29.508197,6.49
29782,3314,1.0,0.0,0.0,0.0,0.0
29782,3865,4.0,35.04918,7.71,35.04918,7.71
29781,unknown_pos_sale,1.0,27.278689,6.0,25.918033,5.7
29780,3870,2.0,29.508197,6.49,26.557377,5.84
29779,3865,2.0,17.704918,3.9,17.704918,3.9
29779,3870,1.0,12.295082,2.7,12.295082,2.7
29778,3870,2.0,29.508197,6.49,26.557377,5.84
29777,3865,2.0,29.508197,6.49,29.508197,6.49
29776,3870,1.0,15.368852,3.38,14.606557,3.21
29776,3865,4.0,58.393443,12.85,55.467213,12.2
29776,3314,1.0,0.0,0.0,0.0,0.0
29775,3870,1.0,15.368852,3.38,13.836066,3.04
29775,25752,1.0,15.368852,3.38,13.836066,3.04
29775,25001,1.0,18.442623,4.06,16.590164,3.65
29774,25752,2.0,29.508197,6.49,26.557377,5.84
29774,3870,1.0,15.368852,3.38,13.836066,3.04
29774,unknown_pos_sale,1.0,21.47541,4.72,21.47541,4.72
29774,3314,1.0,0.0,0.0,0.0,0.0
29771,25752,1.0,9.221311,2.03,9.221311,2.03
29771,25001,1.0,18.442623,4.06,18.442623,4.06
29771,3870,1.0,12.295082,2.7,12.295082,2.7
29769,3865,1.0,9.221311,2.03,8.303279,1.83
29769,3870,2.0,24.590164,5.41,24.590164,5.41
29767,3870,2.0,29.508197,6.49,26.557377,5.84
29765,3865,2.0,17.704918,3.9,15.934426,3.51
29765,25752,2.0,17.704918,3.9,15.934426,3.51
29764,3865,1.0,15.368852,3.38,15.368852,3.38
29763,3870,2.0,29.508197,6.49,29.508197,6.49
29763,3865,2.0,29.508197,6.49,29.508197,6.49
29763,3314,1.0,0.0,0.0,0.0,0.0
29763,25752,2.0,17.704918,3.9,17.704918,3.9
29762,3865,2.0,29.508197,6.49,26.557377,5.84
29762,25752,1.0,9.221311,2.03,8.303279,1.83
29762,3865,2.0,29.508197,6.49,26.557377,5.84
29762,3314,1.0,0.0,0.0,0.0,0.0
29758,3865,2.0,29.508197,6.49,26.557377,5.84
29757,3865,1.0,15.368852,3.38,15.368852,3.38
29757,3870,1.0,12.295082,2.7,12.295082,2.7
29756,3870,4.0,58.393443,12.85,52.557377,11.56
29755,3865,2.0,17.704918,3.9,17.704918,3.9
29755,3870,2.0,24.590164,5.41,24.590164,5.41
29755,3865,2.0,17.704918,3.9,17.704918,3.9
29755,3314,1.0,0.0,0.0,0.0,0.0
29753,3865,1.0,15.368852,3.38,13.836066,3.04
29753,3865,1.0,9.221311,2.03,8.303279,1.83
29753,25752,2.0,17.704918,3.9,15.92623,3.5
29752,3865,2.0,29.508197,6.49,29.508197,6.49
29751,3865,2.0,29.508197,6.49,26.557377,5.84
29750,3865,2.0,29.508197,6.49,26.557377,5.84
29750,3870,2.0,24.590164,5.41,24.590164,5.41
29750,25752,2.0,17.704918,3.9,15.934426,3.51
29750,3314,1.0,0.0,0.0,0.0,0.0
29750,unknown_pos_sale,1.0,21.47541,4.72,21.47541,4.72
29749,25001,1.0,18.442623,4.06,16.598361,3.65
29749,3870,1.0,12.295082,2.7,12.295082,2.7
29748,3870,1.0,15.368852,3.38,15.368852,3.38
29748,25001,1.0,18.442623,4.06,18.442623,4.06
29747,25001,1.0,18.442623,4.06,16.598361,3.65
29747,3865,1.0,15.368852,3.38,13.836066,3.04
29746,3870,1.0,15.368852,3.38,15.368852,3.38
29746,3865,1.0,9.221311,2.03,9.221311,2.03
29745,3865,1.0,9.221311,2.03,9.221311,2.03
29745,3870,2.0,24.590164,5.41,24.590164,5.41
29745,25752,1.0,9.221311,2.03,9.221311,2.03
29745,25001,1.0,18.442623,4.06,18.442623,4.06
29745,3314,1.0,0.0,0.0,0.0,0.0
29744,25752,4.0,35.04918,7.71,31.540984,6.94
29743,3870,5.0,72.991803,16.06,65.696721,14.45
29743,3314,1.0,0.0,0.0,0.0,0.0
29742,3865,2.0,29.508197,6.49,26.557377,5.84
29742,25752,2.0,17.704918,3.9,15.934426,3.51
29741,3870,2.0,29.508197,6.49,26.557377,5.84
29741,unknown_pos_sale,1.0,55.377049,12.18,55.377049,12.18
29741,3314,1.0,0.0,0.0,0.0,0.0
29741,unknown_pos_sale,1.0,51.885246,11.41,51.885246,11.41
29740,3865,2.0,17.704918,3.9,15.934426,3.51
29740,3870,1.0,12.295082,2.7,12.295082,2.7
29739,3870,1.0,15.368852,3.38,13.836066,3.04
29739,3865,2.0,17.704918,3.9,15.934426,3.51
29739,25752,4.0,35.04918,7.71,31.540984,6.94
29739,3314,1.0,0.0,0.0,0.0,0.0
29739,unknown_pos_sale,1.0,21.47541,4.72,21.47541,4.72
29738,3865,4.0,58.393443,12.85,52.557377,11.56
29737,25752,2.0,17.704918,3.9,17.704918,3.9
29737,3870,1.0,15.368852,3.38,15.368852,3.38
29736,25752,4.0,35.04918,7.71,31.540984,6.94
29735,3865,2.0,29.508197,6.49,26.557377,5.84
29734,3865,1.0,9.221311,2.03,8.303279,1.83
29734,25001,1.0,18.442623,4.06,16.598361,3.65
29733,25752,2.0,17.704918,3.9,15.934426,3.51
29733,3870,1.0,15.368852,3.38,13.836066,3.04
29732,unknown_gift_item,1.0,29.491803,6.49,29.491803,6.49
29731,unknown_gift_item,1.0,44.237705,9.73,44.237705,9.73
29730,3865,1.0,15.368852,3.38,13.827869,3.04
29730,3870,1.0,15.368852,3.38,13.836066,3.04
29728,25026,1.0,87.622951,19.28,87.622951,19.28
29727,3865,4.0,58.393443,12.85,58.393443,12.85
29727,3314,1.0,0.0,0.0,0.0,0.0
29727,3870,1.0,12.295082,2.7,12.295082,2.7
29726,3865,1.0,15.368852,3.38,13.836066,3.04
29726,25001,1.0,18.442623,4.06,16.590164,3.65
29726,25752,1.0,9.221311,2.03,8.303279,1.83
29725,25752,5.0,43.811475,9.64,39.434426,8.68
29724,3870,1.0,15.368852,3.38,15.368852,3.38
29724,25001,1.0,18.442623,4.06,18.442623,4.06
29709,25001,4.0,70.098361,15.42,63.090164,13.88
29709,3314,1.0,0.0,0.0,0.0,0.0
29708,3865,3.0,44.262295,9.74,39.836066,8.76
29708,3870,4.0,58.393443,12.85,52.557377,11.56
29708,3314,1.0,0.0,0.0,0.0,0.0
29708,25752,3.0,26.557377,5.84,23.901639,5.26
29708,25001,1.0,18.442623,4.06,16.598361,3.65
29707,3865,4.0,58.393443,12.85,52.557377,11.56
29707,3314,1.0,0.0,0.0,0.0,0.0
29707,3870,1.0,12.295082,2.7,12.295082,2.7
29706,3865,1.0,9.221311,2.03,9.221311,2.03
29706,3870,1.0,15.368852,3.38,15.368852,3.38
29706,25752,1.0,9.221311,2.03,9.221311,2.03
29705,3865,4.0,35.04918,7.71,31.540984,6.94
29704,25001,1.0,18.442623,4.06,16.598361,3.65
29704,3870,1.0,12.295082,2.7,12.295082,2.7
29703,3865,5.0,72.991803,16.06,65.696721,14.45
29703,3314,1.0,0.0,0.0,0.0,0.0
29701,3314,1.0,0.0,0.0,0.0,0.0
29701,25001,4.0,70.098361,15.42,63.090164,13.88
29700,3865,5.0,72.991803,16.06,65.696721,14.45
29700,3865,5.0,72.991803,16.06,65.696721,14.45
29700,3314,1.0,0.0,0.0,0.0,0.0
29700,3314,1.0,0.0,0.0,0.0,0.0
29699,3865,1.0,15.368852,3.38,13.836066,3.04
29699,25001,1.0,18.442623,4.06,16.598361,3.65
29698,3865,1.0,15.368852,3.38,13.827869,3.04
29698,3870,1.0,15.368852,3.38,13.836066,3.04
29698,3870,1.0,15.368852,3.38,13.836066,3.04
29697,25001,2.0,35.409836,7.79,31.868852,7.01
29696,25001,2.0,35.409836,7.79,31.868852,7.01
29695,3865,2.0,29.508197,6.49,26.557377,5.84
29694,3865,4.0,58.393443,12.85,52.557377,11.56
29694,3870,1.0,12.295082,2.7,12.295082,2.7
29694,3314,1.0,0.0,0.0,0.0,0.0
29693,3870,2.0,29.508197,6.49,26.557377,5.84
29693,3865,2.0,29.508197,6.49,26.557377,5.84
29692,25001,4.0,70.098361,15.42,63.090164,13.88
29692,3314,1.0,0.0,0.0,0.0,0.0
29692,3870,2.0,24.590164,5.41,24.590164,5.41
29691,25752,1.0,9.221311,2.03,8.303279,1.83
29691,25001,1.0,18.442623,4.06,16.598361,3.65
29690,unknown_gift_item,1.0,44.237705,9.73,44.237705,9.73
29689,3865,5.0,72.991803,16.06,65.696721,14.45
29689,3314,1.0,0.0,0.0,0.0,0.0
29689,3314,1.0,0.0,0.0,0.0,0.0
29688,25752,3.0,26.557377,5.84,23.901639,5.26
29687,3865,4.0,58.393443,12.85,58.393443,12.85
29687,3314,1.0,0.0,0.0,0.0,0.0
29686,3870,1.0,15.368852,3.38,15.368852,3.38
29686,3865,1.0,15.368852,3.38,15.368852,3.38
29685,3865,1.0,9.221311,2.03,9.221311,2.03
29685,25001,1.0,18.442623,4.06,18.442623,4.06
29685,25752,1.0,9.221311,2.03,9.221311,2.03
29684,3865,2.0,17.704918,3.9,15.934426,3.51
29684,3870,1.0,12.295082,2.7,12.295082,2.7
29683,3865,1.0,15.368852,3.38,13.836066,3.04
29683,3870,1.0,12.295082,2.7,12.295082,2.7
29682,25752,4.0,35.04918,7.71,35.04918,7.71
29681,3865,2.0,29.508197,6.49,29.508197,6.49
29681,25752,4.0,35.04918,7.71,35.04918,7.71
29681,3314,1.0,0.0,0.0,0.0,0.0
29680,3865,3.0,44.262295,9.74,39.836066,8.76
29680,25752,2.0,17.704918,3.9,15.934426,3.51
29680,3870,1.0,12.295082,2.7,12.295082,2.7
29680,3314,1.0,0.0,0.0,0.0,0.0
29679,3865,1.0,15.368852,3.38,13.836066,3.04
29679,3870,1.0,12.295082,2.7,12.295082,2.7
29678,3865,1.0,9.221311,2.03,8.303279,1.83
29678,3870,1.0,12.295082,2.7,12.295082,2.7
29677,3865,1.0,15.368852,3.38,15.368852,3.38
29677,3870,1.0,12.295082,2.7,12.295082,2.7
29674,3865,1.0,15.368852,3.38,15.368852,3.38
29674,3870,1.0,12.295082,2.7,12.295082,2.7
29673,25752,7.0,61.336066,13.49,61.336066,13.49
29673,3314,1.0,0.0,0.0,0.0,0.0
29672,3865,1.0,9.221311,2.03,9.221311,2.03
29672,3870,1.0,12.295082,2.7,12.295082,2.7
29671,3592,12.0,90.688525,19.95,90.688525,19.95
29671,3314,1.0,0.0,0.0,0.0,0.0
29670,unknown_gift_item,1.0,8.852459,1.95,8.852459,1.95
29669,3865,1.0,15.368852,3.38,15.368852,3.38
29669,3870,1.0,12.295082,2.7,12.295082,2.7
29668,3865,1.0,15.368852,3.38,15.368852,3.38
29668,3870,1.0,15.368852,3.38,15.368852,3.38
29667,3865,4.0,58.393443,12.85,58.393443,12.85
29667,25752,4.0,35.04918,7.71,35.04918,7.71
29667,3314,1.0,0.0,0.0,0.0,0.0
29666,3865,2.0,29.508197,6.49,29.508197,6.49
29666,3870,2.0,29.508197,6.49,29.508197,6.49
29666,3314,1.0,0.0,0.0,0.0,0.0
29665,3865,1.0,15.368852,3.38,14.598361,3.21
29665,3870,1.0,12.295082,2.7,12.295082,2.7
29663,23378,1.0,29.491803,6.49,26.540984,5.84
29661,3865,2.0,29.508197,6.49,29.508197,6.49
29660,3865,2.0,29.508197,6.49,29.508197,6.49
29660,3870,2.0,29.508197,6.49,29.508197,6.49
29660,3314,1.0,0.0,0.0,0.0,0.0
29659,3865,1.0,15.368852,3.38,15.368852,3.38
29659,3870,1.0,12.295082,2.7,12.295082,2.7
29658,unknown_pos_sale,1.0,51.885246,11.41,46.696721,10.27
29658,unknown_pos_sale,1.0,55.377049,12.18,49.836066,10.96
29658,3314,1.0,0.0,0.0,0.0,0.0
29657,3314,1.0,0.0,0.0,0.0,0.0
29657,25001,4.0,70.098361,15.42,63.090164,13.88
29656,3865,1.0,9.221311,2.03,9.221311,2.03
29656,3870,1.0,15.368852,3.38,15.368852,3.38
29655,unknown_gift_item,1.0,14.745902,3.24,14.745902,3.24
29644,23378,1.0,44.237705,9.73,39.819672,8.76
29644,25752,4.0,35.04918,7.71,31.540984,6.94
29644,3314,1.0,0.0,0.0,0.0,0.0
29643,3865,4.0,58.393443,12.85,52.557377,11.56
29640,3865,2.0,29.508197,6.49,29.508197,6.49
29640,3870,1.0,12.295082,2.7,12.295082,2.7
29639,unknown_pos_sale,2.0,110.754098,24.37,110.754098,24.37
29639,unknown_pos_sale,1.0,51.885246,11.41,51.885246,11.41
29639,3314,1.0,0.0,0.0,0.0,0.0
29639,unknown_pos_sale,1.0,45.147541,9.93,45.147541,9.93
29639,25752,1.0,9.221311,2.03,9.221311,2.03
29638,3865,3.0,26.557377,5.84,26.557377,5.84
29638,25752,1.0,9.221311,2.03,9.221311,2.03
29637,25001,1.0,18.442623,4.06,16.598361,3.65
29637,3313,2.0,19.639344,4.32,17.672131,3.89
29636,3865,1.0,15.368852,3.38,15.368852,3.38
29636,3870,1.0,15.368852,3.38,15.368852,3.38
29635,3865,2.0,17.704918,3.9,15.934426,3.51
29635,3870,1.0,12.295082,2.7,12.295082,2.7
29634,3865,2.0,29.508197,6.49,26.557377,5.84
29633,3865,2.0,29.508197,6.49,26.54918,5.84
29633,25752,2.0,17.704918,3.9,15.934426,3.51
29633,unknown_pos_sale,1.0,27.278689,6.0,24.557377,5.4
29633,3314,1.0,0.0,0.0,0.0,0.0
29632,3870,2.0,29.508197,6.49,26.557377,5.84
29631,3865,3.0,44.262295,9.74,39.836066,8.76
29630,3865,8.0,70.098361,15.42,63.090164,13.88
29630,3314,1.0,0.0,0.0,0.0,0.0
29629,3865,2.0,29.508197,6.49,29.508197,6.49
29629,3870,1.0,15.368852,3.38,15.368852,3.38
29628,3865,1.0,9.221311,2.03,9.221311,2.03
29625,unknown_pos_sale,1.0,55.377049,12.18,49.844262,10.97
29625,3314,3.0,27.04918,5.95,24.336066,5.35
29625,3319,1.0,8.008197,1.76,7.213115,1.59
29624,3865,1.0,9.221311,2.03,9.221311,2.03
29624,3870,1.0,12.295082,2.7,12.295082,2.7
29624,25752,2.0,17.704918,3.9,17.704918,3.9
29623,3865,2.0,17.704918,3.9,15.934426,3.51
29623,3870,1.0,12.295082,2.7,12.295082,2.7
29622,unknown_gift_item,1.0,8.852459,1.95,8.852459,1.95
29621,25026,1.0,17.52459,3.86,17.52459,3.86
29620,unknown_gift_item,1.0,14.745902,3.24,14.745902,3.24
29619,3865,2.0,17.704918,3.9,17.704918,3.9
29619,25752,1.0,9.221311,2.03,9.221311,2.03
29616,23378,1.0,29.491803,6.49,29.491803,6.49
29615,3865,5.0,72.991803,16.06,65.696721,14.45
29615,3314,1.0,0.0,0.0,0.0,0.0
29612,3870,1.0,12.295082,2.7,12.295082,2.7
29612,25752,1.0,9.221311,2.03,8.295082,1.82
29612,3865,1.0,9.221311,2.03,8.303279,1.83
29611,unknown_pos_sale,1.0,27.278689,6.0,24.54918,5.4
29611,3313,1.0,9.819672,2.16,8.836066,1.94
29610,25752,1.0,9.221311,2.03,8.303279,1.83
29610,3865,1.0,15.368852,3.38,13.827869,3.04
29610,3870,1.0,12.295082,2.7,12.295082,2.7
29609,25752,3.0,26.557377,5.84,26.557377,5.84
29608,3870,1.0,15.368852,3.38,15.368852,3.38
29608,3865,1.0,9.221311,2.03,9.221311,2.03
29607,3865,1.0,15.368852,3.38,13.065574,2.87
29607,3870,1.0,12.295082,2.7,12.295082,2.7
29606,3865,4.0,58.393443,12.85,58.393443,12.85
29606,3314,1.0,0.0,0.0,0.0,0.0
29605,25752,4.0,35.04918,7.71,31.540984,6.94
29605,unknown_pos_sale,1.0,21.47541,4.72,21.47541,4.72
29604,25001,1.0,18.442623,4.06,16.598361,3.65
29604,25752,1.0,9.221311,2.03,8.303279,1.83
29603,3870,1.0,15.368852,3.38,15.368852,3.38
29603,3865,1.0,15.368852,3.38,15.368852,3.38
29602,3865,1.0,15.368852,3.38,15.368852,3.38
29602,3870,2.0,24.590164,5.41,24.590164,5.41
29602,25001,1.0,18.442623,4.06,18.442623,4.06
29602,3314,1.0,0.0,0.0,0.0,0.0
29601,3865,2.0,17.704918,3.9,17.704918,3.9
29601,25752,2.0,17.704918,3.9,17.704918,3.9
29599,unknown_pos_sale,3.0,80.188525,17.64,68.163934,15.0
29599,3314,1.0,0.0,0.0,0.0,0.0
29598,3865,1.0,9.221311,2.03,7.836066,1.72
29598,25752,1.0,9.221311,2.03,7.844262,1.73
29598,3870,1.0,12.295082,2.7,12.295082,2.7
29597,3865,3.0,26.557377,5.84,23.901639,5.26
29597,3870,2.0,24.590164,5.41,24.590164,5.41
29597,25752,1.0,9.221311,2.03,8.303279,1.83
29596,3313,6.0,55.377049,12.18,49.836066,10.96
29595,3870,1.0,15.368852,3.38,13.827869,3.04
29595,3865,1.0,15.368852,3.38,13.836066,3.04
29594,3865,2.0,29.508197,6.49,29.508197,6.49
29593,3870,1.0,15.368852,3.38,15.368852,3.38
29593,3865,1.0,9.221311,2.03,9.221311,2.03
29593,25752,1.0,9.221311,2.03,9.221311,2.03
29592,3865,1.0,15.368852,3.38,13.827869,3.04
29592,3870,1.0,12.295082,2.7,12.295082,2.7
29592,25752,1.0,9.221311,2.03,8.303279,1.83
29591,25001,2.0,35.409836,7.79,31.868852,7.01
29590,unknown_pos_sale,1.0,27.278689,6.0,24.54918,5.4
29590,3865,1.0,9.221311,2.03,8.295082,1.82
29590,25752,1.0,9.221311,2.03,8.303279,1.83
29567,25752,1.0,9.221311,2.03,9.221311,2.03
29567,3870,1.0,15.368852,3.38,15.368852,3.38
29562,3870,2.0,29.508197,6.49,29.508197,6.49
29562,3314,1.0,0.0,0.0,0.0,0.0
29562,25001,2.0,35.409836,7.79,35.409836,7.79
29561,3592,3.0,25.254098,5.56,25.254098,5.56
29560,3865,2.0,29.508197,6.49,29.508197,6.49
29559,25752,5.0,43.811475,9.64,39.434426,8.68
29559,unknown_pos_sale,1.0,21.47541,4.72,21.47541,4.72
29559,3314,1.0,0.0,0.0,0.0,0.0
29558,3865,1.0,15.368852,3.38,15.368852,3.38
29558,25752,2.0,17.704918,3.9,17.704918,3.9
29557,3865,2.0,29.508197,6.49,26.557377,5.84
29556,3865,2.0,29.508197,6.49,26.557377,5.84
29555,3870,1.0,15.368852,3.38,13.836066,3.04
29555,3865,4.0,35.04918,7.71,31.540984,6.94
29555,3865,2.0,17.704918,3.9,15.934426,3.51
29555,3314,1.0,0.0,0.0,0.0,0.0
29553,3870,1.0,15.368852,3.38,15.368852,3.38
29553,25752,1.0,9.221311,2.03,9.221311,2.03
29551,25752,2.0,17.704918,3.9,17.704918,3.9
29551,3313,1.0,9.819672,2.16,9.819672,2.16
29550,25752,1.0,9.221311,2.03,9.221311,2.03
29550,25001,2.0,35.409836,7.79,35.409836,7.79
29549,3865,2.0,29.508197,6.49,26.557377,5.84
29547,23378,1.0,17.704918,3.9,17.704918,3.9
29547,3592,2.0,17.180328,3.78,17.180328,3.78
29546,25001,1.0,18.442623,4.06,16.598361,3.65
29546,3865,1.0,9.221311,2.03,8.303279,1.83
29545,3865,2.0,29.508197,6.49,29.508197,6.49
29544,3865,1.0,15.368852,3.38,15.368852,3.38
29544,3870,1.0,12.295082,2.7,12.295082,2.7
29543,3870,2.0,29.508197,6.49,29.508197,6.49
29542,unknown_pos_sale,2.0,55.590164,12.23,55.590164,12.23
29542,3865,1.0,9.221311,2.03,9.221311,2.03
29542,3314,1.0,0.0,0.0,0.0,0.0
29541,25001,2.0,35.409836,7.79,35.409836,7.79
29535,3865,4.0,58.393443,12.85,58.393443,12.85
29535,3314,1.0,0.0,0.0,0.0,0.0
29534,3865,1.0,15.368852,3.38,13.836066,3.04
29533,3865,4.0,58.393443,12.85,52.557377,11.56
29533,3314,1.0,0.0,0.0,0.0,0.0
29533,3870,1.0,12.295082,2.7,12.295082,2.7
29530,unknown_pos_sale,12.0,101.508197,22.33,86.278689,18.98
29530,3314,1.0,0.0,0.0,0.0,0.0
29530,unknown_pos_sale,12.0,101.508197,22.33,86.286885,18.98
29529,25001,2.0,35.409836,7.79,35.409836,7.79
29529,3870,2.0,24.590164,5.41,24.590164,5.41
29529,3314,1.0,0.0,0.0,0.0,0.0
29524,3865,2.0,29.508197,6.49,29.508197,6.49
29519,3865,4.0,58.393443,12.85,58.393443,12.85
29519,3314,1.0,0.0,0.0,0.0,0.0
29519,3870,1.0,12.295082,2.7,12.295082,2.7
29517,25752,3.0,26.557377,5.84,26.557377,5.84
29516,3865,4.0,58.393443,12.85,58.393443,12.85
29516,3314,1.0,0.0,0.0,0.0,0.0
29515,3865,2.0,17.704918,3.9,15.934426,3.51
29514,unknown_gift_item,1.0,26.557377,5.84,26.557377,5.84
29512,3865,1.0,15.368852,3.38,15.368852,3.38
29512,3870,1.0,15.368852,3.38,15.368852,3.38
29511,3865,1.0,15.368852,3.38,15.368852,3.38
29511,3870,1.0,12.295082,2.7,12.295082,2.7
29510,25752,1.0,9.221311,2.03,9.221311,2.03
29510,3870,1.0,15.368852,3.38,15.368852,3.38
29510,3865,1.0,9.221311,2.03,9.221311,2.03
29509,3865,2.0,29.508197,6.49,26.557377,5.84
29508,3865,2.0,29.508197,6.49,29.508197,6.49
29508,25752,1.0,9.221311,2.03,9.221311,2.03
29507,3314,6.0,51.885246,11.41,51.885246,11.41
29507,3865,1.0,9.221311,2.03,9.221311,2.03
29507,3870,1.0,15.368852,3.38,15.368852,3.38
29506,unknown_pos_sale,1.0,51.885246,11.41,46.696721,10.27
29506,3870,1.0,15.368852,3.38,13.836066,3.04
29506,3314,1.0,0.0,0.0,0.0,0.0
29505,unknown_gift_item,1.0,29.491803,6.49,29.491803,6.49
29504,3865,1.0,9.221311,2.03,9.221311,2.03
29504,3870,1.0,12.295082,2.7,12.295082,2.7
29504,25001,1.0,18.442623,4.06,18.442623,4.06
29503,25001,2.0,35.409836,7.79,35.409836,7.79
29502,25001,1.0,18.442623,4.06,18.442623,4.06
29502,3870,1.0,12.295082,2.7,12.295082,2.7
29501,3870,2.0,29.508197,6.49,29.508197,6.49
29500,unknown_pos_sale,6.0,45.147541,9.93,45.147541,9.93
29500,unknown_pos_sale,6.0,45.147541,9.93,45.147541,9.93
29500,3314,1.0,0.0,0.0,0.0,0.0
29499,3865,2.0,29.508197,6.49,29.508197,6.49
29499,3870,1.0,15.368852,3.38,15.368852,3.38
29498,unknown_gift_item,1.0,44.237705,9.73,44.237705,9.73
29497,3870,2.0,29.508197,6.49,29.508197,6.49
29497,25001,1.0,18.442623,4.06,18.442623,4.06
29496,unknown_pos_sale,1.0,27.278689,6.0,25.918033,5.7
29495,unknown_pos_sale,1.0,55.377049,12.18,55.377049,12.18
29495,unknown_pos_sale,1.0,51.885246,11.41,51.885246,11.41
29495,3314,1.0,0.0,0.0,0.0,0.0
29494,3865,2.0,17.704918,3.9,17.704918,3.9
29494,3870,1.0,12.295082,2.7,12.295082,2.7
29487,unknown_gift_item,1.0,8.852459,1.95,8.852459,1.95
29485,25001,1.0,18.442623,4.06,18.442623,4.06
29485,3870,1.0,12.295082,2.7,12.295082,2.7
29484,3865,2.0,29.508197,6.49,26.557377,5.84
29483,3865,4.0,35.04918,7.71,35.04918,7.71
29482,3870,1.0,15.368852,3.38,15.368852,3.38
29482,3865,1.0,9.221311,2.03,9.221311,2.03
29481,3592,1.0,8.590164,1.89,8.155738,1.79
29481,3319,1.0,8.008197,1.76,7.614754,1.68
29481,3313,1.0,9.819672,2.16,9.327869,2.05
29480,26420,1.0,14.745902,3.24,14.745902,3.24
29479,unknown_gift_item,1.0,14.745902,3.24,14.745902,3.24
29477,25752,7.0,61.336066,13.49,61.336066,13.49
29477,3314,1.0,0.0,0.0,0.0,0.0
29476,3313,1.0,9.819672,2.16,9.327869,2.05
29476,3319,1.0,8.008197,1.76,7.614754,1.68
29476,3592,1.0,8.590164,1.89,8.155738,1.79
29475,3865,2.0,29.508197,6.49,29.508197,6.49
29473,25752,1.0,9.221311,2.03,9.221311,2.03
29473,3870,1.0,15.368852,3.38,15.368852,3.38
29472,25752,4.0,35.04918,7.71,35.04918,7.71
29443,25752,4.0,35.04918,7.71,29.795082,6.55
29442,3865,4.0,35.04918,7.71,29.795082,6.55
29442,3870,1.0,12.295082,2.7,12.295082,2.7
29441,unknown_gift_item,1.0,29.491803,6.49,29.491803,6.49
29440,25026,1.0,52.57377,11.57,52.57377,11.57
29439,unknown_gift_item,1.0,14.745902,3.24,14.745902,3.24
29438,3319,3.0,23.532787,5.18,20.008197,4.4
29438,3592,3.0,25.254098,5.56,21.459016,4.72
29437,3865,1.0,15.368852,3.38,13.836066,3.04
29437,25752,1.0,9.221311,2.03,8.303279,1.83
29437,3870,1.0,12.295082,2.7,12.295082,2.7
29437,25001,1.0,18.442623,4.06,16.590164,3.65
29437,3361,1.0,0.0,0.0,0.0,0.0
29436,3865,1.0,15.368852,3.38,15.368852,3.38
29436,25752,1.0,9.221311,2.03,9.221311,2.03
29435,3361,1.0,0.0,0.0,0.0,0.0
29435,25001,4.0,70.098361,15.42,59.57377,13.11
29435,3870,1.0,12.295082,2.7,12.295082,2.7
29435,25752,1.0,9.221311,2.03,7.844262,1.73
29423,3865,2.0,17.704918,3.9,15.934426,3.51
29423,3870,3.0,44.262295,9.74,39.836066,8.76
29423,3361,1.0,0.0,0.0,0.0,0.0
29421,3865,2.0,17.704918,3.9,15.934426,3.51
29421,3870,1.0,12.295082,2.7,12.295082,2.7
29420,3865,1.0,9.221311,2.03,9.221311,2.03
29420,3870,1.0,15.368852,3.38,15.368852,3.38
29420,25752,1.0,9.221311,2.03,9.221311,2.03
29420,25001,1.0,18.442623,4.06,18.442623,4.06
29420,3361,1.0,0.0,0.0,0.0,0.0
29419,3865,2.0,29.508197,6.49,29.508197,6.49
29418,3870,2.0,29.508197,6.49,26.557377,5.84
29417,25752,1.0,9.221311,2.03,9.221311,2.03
29417,3865,2.0,17.704918,3.9,17.704918,3.9
29416,unknown_gift_item,1.0,29.491803,6.49,29.491803,6.49
29415,3870,1.0,15.368852,3.38,15.368852,3.38
29415,3865,1.0,9.221311,2.03,9.221311,2.03
29413,3865,1.0,15.368852,3.38,15.368852,3.38
29413,3870,1.0,15.368852,3.38,15.368852,3.38
29413,25752,1.0,9.221311,2.03,9.221311,2.03
29413,3361,1.0,0.0,0.0,0.0,0.0
29412,3865,2.0,29.508197,6.49,29.508197,6.49
29412,3870,1.0,12.295082,2.7,12.295082,2.7
29412,3361,1.0,0.0,0.0,0.0,0.0
29411,3870,2.0,29.508197,6.49,26.557377,5.84
29411,3361,1.0,0.0,0.0,0.0,0.0
29411,3865,4.0,58.393443,12.85,52.557377,11.56
29410,25001,1.0,18.442623,4.06,18.442623,4.06
29410,25752,2.0,17.704918,3.9,17.704918,3.9
29410,3361,1.0,0.0,0.0,0.0,0.0
29409,3865,1.0,15.368852,3.38,15.368852,3.38
29409,25752,1.0,9.221311,2.03,9.221311,2.03
29409,3870,1.0,12.295082,2.7,12.295082,2.7
29409,3361,1.0,0.0,0.0,0.0,0.0
29409,unknown_pos_sale,1.0,21.47541,4.72,21.47541,4.72
29408,unknown_pos_sale,1.0,51.885246,11.41,46.688525,10.27
29408,3361,1.0,0.0,0.0,0.0,0.0
29408,3592,1.0,8.590164,1.89,7.737705,1.7
29371,3865,2.0,29.508197,6.49,28.032787,6.17
29370,3865,1.0,15.368852,3.38,13.827869,3.04
29370,3870,1.0,15.368852,3.38,13.836066,3.04
29364,3865,2.0,29.508197,6.49,29.508197,6.49
29349,3865,1.0,15.368852,3.38,15.368852,3.38
29343,3870,3.0,44.262295,9.74,44.262295,9.74
29343,3865,2.0,29.508197,6.49,29.508197,6.49
29343,3313,1.0,0.0,0.0,0.0,0.0
29337,3865,2.0,17.704918,3.9,17.704918,3.9
29252,25001,2.0,35.409836,7.79,35.409836,7.79
29251,25752,3.0,26.557377,5.84,26.557377,5.84
29250,3865,2.0,29.508197,6.49,29.508197,6.49
29250,3870,1.0,12.295082,2.7,12.295082,2.7
29249,3865,1.0,15.368852,3.38,15.368852,3.38
29249,25752,1.0,9.221311,2.03,9.221311,2.03
29248,25001,1.0,18.442623,4.06,18.442623,4.06
29247,3865,1.0,15.368852,3.38,15.368852,3.38
29247,3870,1.0,12.295082,2.7,12.295082,2.7
29246,3865,1.0,15.368852,3.38,13.827869,3.04
29246,25752,1.0,9.221311,2.03,8.303279,1.83
29246,3865,1.0,9.221311,2.03,8.303279,1.83
29243,23378,1.0,44.237705,9.73,44.237705,9.73
29243,26420,1.0,14.745902,3.24,14.745902,3.24
29243,3313,1.0,0.0,0.0,0.0,0.0
29242,3865,1.0,15.368852,3.38,15.368852,3.38
29242,3870,1.0,15.368852,3.38,15.368852,3.38
29242,3865,2.0,29.508197,6.49,29.508197,6.49
29242,3313,1.0,0.0,0.0,0.0,0.0
29238,3865,1.0,9.221311,2.03,8.295082,1.82
29238,3870,1.0,12.295082,2.7,12.295082,2.7
29238,25752,1.0,9.221311,2.03,8.303279,1.83
29237,3865,2.0,29.508197,6.49,29.508197,6.49
29237,25752,2.0,17.704918,3.9,17.704918,3.9
29237,3870,1.0,15.368852,3.38,15.368852,3.38
29237,3313,1.0,0.0,0.0,0.0,0.0
29237,25001,1.0,18.442623,4.06,18.442623,4.06
29236,3865,1.0,9.221311,2.03,8.303279,1.83
29236,3870,1.0,12.295082,2.7,12.295082,2.7
29236,25001,1.0,18.442623,4.06,16.598361,3.65
29236,3361,2.0,14.721311,3.24,13.254098,2.92
29236,3319,2.0,16.016393,3.52,14.401639,3.17
29236,3313,1.0,0.0,0.0,0.0,0.0
29236,3592,1.0,8.590164,1.89,7.737705,1.7
29235,unknown_pos_sale,1.0,55.377049,12.18,52.606557,11.57
29235,unknown_pos_sale,1.0,27.278689,6.0,25.918033,5.7
29235,3313,1.0,0.0,0.0,0.0,0.0
29234,unknown_pos_sale,2.0,54.557377,12.0,54.557377,12.0
29234,25752,1.0,9.221311,2.03,9.221311,2.03
29234,3313,1.0,0.0,0.0,0.0,0.0
29224,3865,1.0,15.368852,3.38,13.827869,3.04
29224,3870,1.0,15.368852,3.38,13.836066,3.04
29223,3865,4.0,58.39,12.85,52.56,11.56
29202,25752,7.0,61.336066,13.49,55.204918,12.15
29198,3865,2.0,29.508197,6.49,29.508197,6.49
29196,3865,4.0,58.393443,12.85,52.557377,11.56
29195,3865,1.0,15.368852,3.38,15.368852,3.38
29195,3870,1.0,12.295082,2.7,12.295082,2.7
29194,3865,2.0,17.704918,3.9,17.704918,3.9
29194,25752,2.0,17.704918,3.9,17.704918,3.9
29191,3865,4.0,58.393443,12.85,58.393443,12.85
29191,3313,1.0,0.0,0.0,0.0,0.0
29190,25752,4.0,35.04918,7.71,35.04918,7.71
29189,3870,1.0,15.368852,3.38,13.836066,3.04
29189,3865,2.0,17.704918,3.9,15.934426,3.51
29188,3870,1.0,15.368852,3.38,14.598361,3.21
29188,unknown_pos_sale,1.0,55.377049,12.18,52.606557,11.57
29188,3313,1.0,0.0,0.0,0.0,0.0
29188,3313,1.0,0.0,0.0,0.0,0.0
29187,3865,2.0,29.508197,6.49,29.508197,6.49
29186,3865,6.0,52.57377,11.57,52.57377,11.57
29186,unknown_pos_sale,1.0,27.278689,6.0,27.278689,6.0
29186,3313,1.0,0.0,0.0,0.0,0.0
29185,3865,1.0,15.368852,3.38,13.827869,3.04
29185,3870,1.0,15.368852,3.38,13.836066,3.04
29184,3592,6.0,48.442623,10.66,46.016393,10.12
29184,3361,6.0,41.508197,9.13,39.434426,8.68
29184,3313,1.0,0.0,0.0,0.0,0.0
29183,25752,7.0,61.336066,13.49,61.336066,13.49
29183,3313,1.0,0.0,0.0,0.0,0.0
29182,3870,2.0,29.508197,6.49,29.508197,6.49
29181,3865,1.0,9.221311,2.03,9.221311,2.03
29181,25752,2.0,17.704918,3.9,17.704918,3.9
29181,3870,1.0,12.295082,2.7,12.295082,2.7
29180,25752,3.0,26.557377,5.84,26.557377,5.84
29179,3865,2.0,29.508197,6.49,26.557377,5.84
29179,3870,2.0,29.508197,6.49,26.557377,5.84
29178,3865,2.0,29.508197,6.49,29.508197,6.49
29178,3870,1.0,12.295082,2.7,12.295082,2.7
29178,3314,1.0,9.196721,2.02,9.196721,2.02
29177,3870,1.0,15.368852,3.38,15.368852,3.38
29177,3865,1.0,9.221311,2.03,9.221311,2.03
29176,3870,2.0,29.508197,6.49,26.557377,5.84
29176,25752,1.0,9.221311,2.03,8.303279,1.83
29175,3865,1.0,9.221311,2.03,9.221311,2.03
29175,3870,1.0,12.295082,2.7,12.295082,2.7
29173,3870,1.0,15.368852,3.38,15.368852,3.38
29173,25752,1.0,9.221311,2.03,9.221311,2.03
29172,25752,1.0,9.221311,2.03,8.303279,1.83
29172,3865,2.0,29.508197,6.49,26.557377,5.84
29172,unknown_pos_sale,1.0,21.47541,4.72,21.47541,4.72
29171,25752,2.0,17.704918,3.9,15.934426,3.51
29171,3865,2.0,17.704918,3.9,15.934426,3.51
29165,25752,3.0,26.557377,5.84,26.557377,5.84
29164,3865,1.0,15.368852,3.38,15.368852,3.38
29164,3870,1.0,12.295082,2.7,12.295082,2.7
29161,23378,1.0,14.745902,3.24,14.745902,3.24
29161,26420,1.0,14.745902,3.24,14.745902,3.24
29160,3865,2.0,29.508197,6.49,29.508197,6.49
29160,3870,1.0,12.295082,2.7,12.295082,2.7
29138,3865,1.0,15.368852,3.38,13.836066,3.04
29138,3870,1.0,12.295082,2.7,12.295082,2.7
29132,3865,4.0,58.393443,12.85,58.393443,12.85
29132,3313,1.0,0.0,0.0,0.0,0.0
29132,3870,1.0,12.295082,2.7,12.295082,2.7
29131,3865,1.0,15.368852,3.38,13.836066,3.04
29130,3865,1.0,15.368852,3.38,15.368852,3.38
29130,3870,1.0,12.295082,2.7,12.295082,2.7
29120,25752,3.0,26.557377,5.84,23.901639,5.26
29120,3865,1.0,9.221311,2.03,8.303279,1.83
29117,25752,5.0,43.811475,9.64,43.811475,9.64
29117,unknown_pos_sale,1.0,21.47541,4.72,21.47541,4.72
29117,3313,1.0,0.0,0.0,0.0,0.0
29114,3313,1.0,9.819672,2.16,9.819672,2.16
29114,3319,1.0,8.008197,1.76,8.008197,1.76
29114,3592,1.0,8.590164,1.89,8.590164,1.89
29113,3870,4.0,58.393443,12.85,58.393443,12.85
29113,3313,1.0,0.0,0.0,0.0,0.0
29112,3870,1.0,15.368852,3.38,13.827869,3.04
29112,3865,1.0,15.368852,3.38,13.836066,3.04
29111,3870,1.0,15.368852,3.38,13.827869,3.04
29111,3865,1.0,15.368852,3.38,13.836066,3.04
29110,3870,4.0,58.393443,12.85,58.393443,12.85
29110,3313,1.0,0.0,0.0,0.0,0.0
29109,3865,2.0,17.704918,3.9,17.704918,3.9
29109,3870,2.0,29.508197,6.49,29.508197,6.49
29107,3865,1.0,15.368852,3.38,15.368852,3.38
29107,3870,1.0,12.295082,2.7,12.295082,2.7
29107,25752,1.0,9.221311,2.03,9.221311,2.03
29106,3865,1.0,9.221311,2.03,9.221311,2.03
29106,3870,1.0,15.368852,3.38,15.368852,3.38
29105,3870,2.0,29.508197,6.49,29.508197,6.49
29105,25752,1.0,9.221311,2.03,9.221311,2.03
29104,25752,1.0,9.221311,2.03,9.221311,2.03
29104,unknown_pos_sale,1.0,21.47541,4.72,21.47541,4.72
29102,24437,1.0,26.557377,5.84,26.557377,5.84
29100,3865,2.0,29.508197,6.49,29.508197,6.49
29100,25752,4.0,35.04918,7.71,35.04918,7.71
29100,3313,1.0,0.0,0.0,0.0,0.0
29099,unknown_pos_sale,7.0,64.606557,14.21,64.606557,14.21
29099,3313,1.0,0.0,0.0,0.0,0.0
29085,unknown_gift_item,1.0,44.237705,9.73,44.237705,9.73
29084,3865,3.0,44.262295,9.74,39.836066,8.76
29083,3870,2.0,29.508197,6.49,29.508197,6.49
29082,25752,3.0,26.557377,5.84,26.557377,5.84
29078,3865,4.0,35.04918,7.71,31.540984,6.94
29077,3865,2.0,29.508197,6.49,29.508197,6.49
29077,3870,1.0,15.368852,3.38,15.368852,3.38
29076,3361,12.0,77.704918,17.1,77.704918,17.1
29076,3313,1.0,0.0,0.0,0.0,0.0
29075,3865,4.0,35.04918,7.71,31.540984,6.94
29075,25752,4.0,35.04918,7.71,31.54918,6.94
29075,3313,1.0,0.0,0.0,0.0,0.0
29075,3870,2.0,29.508197,6.49,26.557377,5.84
29074,3870,2.0,29.508197,6.49,29.508197,6.49
29073,3865,1.0,15.368852,3.38,15.368852,3.38
29072,3865,2.0,29.508197,6.49,29.508197,6.49
29072,3870,1.0,12.295082,2.7,12.295082,2.7
29071,3865,1.0,15.368852,3.38,15.368852,3.38
29071,3870,1.0,12.295082,2.7,12.295082,2.7
29070,unknown_pos_sale,1.0,20.286885,4.46,18.254098,4.02
29070,3361,1.0,7.360656,1.62,6.631148,1.46
29069,3870,1.0,15.368852,3.38,13.836066,3.04
29069,3865,2.0,17.704918,3.9,15.92623,3.5
29069,25752,1.0,9.221311,2.03,8.303279,1.83
29066,unknown_pos_sale,1.0,27.795082,6.11,27.795082,6.11
29066,unknown_pos_sale,1.0,8.590164,1.89,8.590164,1.89
29066,unknown_pos_sale,1.0,8.008197,1.76,8.008197,1.76
29066,unknown_pos_sale,1.0,7.360656,1.62,7.360656,1.62
29060,23378,1.0,29.491803,6.49,29.491803,6.49
29059,3865,8.0,70.098361,15.42,59.581967,13.11
29059,3313,1.0,0.0,0.0,0.0,0.0
29058,3865,3.0,44.262295,9.74,44.262295,9.74
29057,25752,1.0,9.221311,2.03,9.221311,2.03
29057,3865,1.0,9.221311,2.03,9.221311,2.03
29056,unknown_pos_sale,2.0,54.557377,12.0,54.557377,12.0
29056,unknown_pos_sale,1.0,45.147541,9.93,45.147541,9.93
29056,3313,1.0,0.0,0.0,0.0,0.0
29055,3870,1.0,15.368852,3.38,15.368852,3.38
29055,25752,1.0,9.221311,2.03,9.221311,2.03
29054,unknown_pos_sale,1.0,49.155738,10.81,49.155738,10.81
29054,3870,1.0,12.295082,2.7,12.295082,2.7
29054,3313,1.0,0.0,0.0,0.0,0.0
29053,25752,1.0,9.221311,2.03,9.221311,2.03
29053,3865,1.0,9.221311,2.03,9.221311,2.03
29053,3870,1.0,12.295082,2.7,12.295082,2.7
29052,3361,12.0,77.704918,17.1,77.704918,17.1
29052,3313,1.0,0.0,0.0,0.0,0.0
29048,3865,2.0,17.704918,3.9,15.934426,3.51
29048,3870,2.0,29.508197,6.49,26.557377,5.84
29010,3865,2.0,29.508197,6.49,29.508197,6.49
29003,unknown_pos_sale,1.0,27.278689,6.0,27.278689,6.0
28987,unknown_pos_sale,1.0,27.278689,6.0,27.278689,6.0
28980,3870,1.0,15.368852,3.38,15.368852,3.38
28980,3865,1.0,15.368852,3.38,15.368852,3.38
28968,unknown_pos_sale,1.0,27.278689,6.0,27.278689,6.0
28965,3865,4.0,58.393443,12.85,58.393443,12.85
28965,3313,1.0,0.0,0.0,0.0,0.0
28962,3870,1.0,15.368852,3.38,15.368852,3.38
28962,25752,2.0,17.704918,3.9,17.704918,3.9
28962,3865,1.0,15.368852,3.38,15.368852,3.38
28961,25752,3.0,26.557377,5.84,26.557377,5.84
28960,25752,1.0,9.221311,2.03,9.221311,2.03
28960,3865,1.0,15.368852,3.38,15.368852,3.38
28951,3870,4.0,58.393443,12.85,58.393443,12.85
28951,3313,1.0,0.0,0.0,0.0,0.0
28949,24437,1.0,26.557377,5.84,26.557377,5.84
28949,3865,1.0,15.368852,3.38,13.836066,3.04
28948,unknown_pos_sale,1.0,27.278689,6.0,27.278689,6.0
28944,3865,1.0,15.368852,3.38,15.368852,3.38
28944,25752,1.0,9.221311,2.03,9.221311,2.03
28919,3865,1.0,15.368852,3.38,15.368852,3.38
28919,25752,1.0,9.221311,2.03,9.221311,2.03
28918,25752,5.0,43.811475,9.64,39.434426,8.68
28918,3865,2.0,29.508197,6.49,26.557377,5.84
28918,3313,1.0,0.0,0.0,0.0,0.0
28918,3870,2.0,24.590164,5.41,24.590164,5.41
28917,3865,2.0,17.704918,3.9,17.704918,3.9
28917,3870,1.0,12.295082,2.7,12.295082,2.7
28917,25752,1.0,9.221311,2.03,9.221311,2.03
28916,3865,4.0,58.393443,12.85,58.393443,12.85
28916,3313,1.0,0.0,0.0,0.0,0.0
28915,3865,3.0,44.262295,9.74,39.836066,8.76
28912,3865,2.0,29.508197,6.49,29.508197,6.49
28912,3870,1.0,12.295082,2.7,12.295082,2.7
28912,3314,6.0,51.885246,11.41,51.885246,11.41
28912,3313,1.0,0.0,0.0,0.0,0.0
28911,3870,1.0,15.368852,3.38,15.368852,3.38
28911,3865,1.0,15.368852,3.38,15.368852,3.38
28910,3865,2.0,29.508197,6.49,29.508197,6.49
28910,25752,4.0,35.04918,7.71,35.04918,7.71
28910,3313,1.0,0.0,0.0,0.0,0.0
28909,3865,4.0,35.04918,7.71,35.04918,7.71
28908,3865,2.0,29.508197,6.49,26.557377,5.84
28908,3870,1.0,12.295082,2.7,12.295082,2.7
28907,3865,4.0,58.393443,12.85,58.393443,12.85
28906,3865,2.0,29.508197,6.49,29.508197,6.49
28905,3313,6.0,55.377049,12.18,55.377049,12.18
28905,3870,1.0,15.368852,3.38,15.368852,3.38
28905,3319,1.0,8.008197,1.76,8.008197,1.76
28904,3865,1.0,15.368852,3.38,15.368852,3.38
28903,25752,4.0,35.04918,7.71,31.540984,6.94
28902,3865,2.0,29.508197,6.49,29.508197,6.49
28902,25752,1.0,9.221311,2.03,9.221311,2.03
28901,25752,1.0,9.221311,2.03,9.221311,2.03
28900,3870,2.0,29.508197,6.49,29.508197,6.49
28900,3865,2.0,17.704918,3.9,17.704918,3.9
28899,3865,1.0,15.368852,3.38,15.368852,3.38
28899,25752,1.0,9.221311,2.03,9.221311,2.03
28899,3870,1.0,12.295082,2.7,12.295082,2.7
28898,3865,1.0,9.221311,2.03,9.221311,2.03
28898,3870,1.0,15.368852,3.38,15.368852,3.38
28897,unknown_pos_sale,1.0,41.508197,9.13,41.508197,9.13
28896,3865,2.0,29.508197,6.49,29.508197,6.49
28895,3865,3.0,44.262295,9.74,39.836066,8.76
28894,25752,1.0,9.221311,2.03,9.221311,2.03
28894,3865,1.0,9.221311,2.03,9.221311,2.03
28894,3870,1.0,12.295082,2.7,12.295082,2.7
28893,23378,1.0,29.491803,6.49,29.491803,6.49
28892,23378,1.0,44.237705,9.73,44.237705,9.73
28891,25026,1.0,87.622951,19.28,87.622951,19.28
28890,3865,4.0,35.04918,7.71,31.540984,6.94
28889,3865,1.0,15.368852,3.38,15.368852,3.38
28889,3870,1.0,15.368852,3.38,15.368852,3.38
28888,3865,2.0,29.508197,6.49,29.508197,6.49
28888,3870,1.0,12.295082,2.7,12.295082,2.7
28887,3865,2.0,29.508197,6.49,29.508197,6.49
28887,3870,1.0,12.295082,2.7,12.295082,2.7
28886,25752,8.0,70.098361,15.42,63.090164,13.88
28884,23378,1.0,44.237705,9.73,44.237705,9.73
28883,3870,3.0,44.262295,9.74,44.262295,9.74
28882,3870,2.0,29.508197,6.49,26.557377,5.84
28881,3865,2.0,29.508197,6.49,29.508197,6.49
28881,3870,1.0,12.295082,2.7,12.295082,2.7
28880,3870,1.0,15.368852,3.38,13.827869,3.04
28880,25752,1.0,9.221311,2.03,8.303279,1.83
28879,3865,1.0,9.22,2.03,9.22,2.03
28878,3865,1.0,15.368852,3.38,15.368852,3.38
28878,3870,1.0,12.295082,2.7,12.295082,2.7
28878,25752,1.0,9.221311,2.03,9.221311,2.03
28877,3865,2.0,29.508197,6.49,26.557377,5.84
28877,3870,1.0,12.295082,2.7,12.295082,2.7
28876,3870,1.0,15.368852,3.38,13.827869,3.04
28876,3865,1.0,15.368852,3.38,13.836066,3.04
28876,25752,1.0,9.221311,2.03,8.303279,1.83
28875,3870,2.0,29.508197,6.49,29.508197,6.49
28874,3870,2.0,29.508197,6.49,26.557377,5.84
28871,26420,1.0,14.745902,3.24,14.745902,3.24
28871,23378,1.0,14.745902,3.24,14.745902,3.24
28869,24437,1.0,8.852459,1.95,8.852459,1.95
28868,25752,2.0,17.704918,3.9,15.934426,3.51
28867,3865,2.0,17.704918,3.9,15.934426,3.51
28867,3870,1.0,15.368852,3.38,13.836066,3.04
28866,25752,4.0,35.04918,7.71,35.04918,7.71
28862,3865,4.0,35.04918,7.71,35.04918,7.71
28861,3865,1.0,9.221311,2.03,9.221311,2.03
28861,3870,1.0,15.368852,3.38,15.368852,3.38
28861,25752,1.0,9.221311,2.03,9.221311,2.03
28860,3865,2.0,29.508197,6.49,29.508197,6.49
28859,3865,1.0,9.221311,2.03,8.295082,1.82
28859,3870,1.0,12.295082,2.7,12.295082,2.7
28859,3319,1.0,8.008197,1.76,7.213115,1.59
28858,3361,6.0,41.508197,9.13,41.508197,9.13
28856,25752,2.0,17.704918,3.9,15.934426,3.51
28856,3865,2.0,17.704918,3.9,15.934426,3.51
28855,3865,4.0,58.393443,12.85,58.393443,12.85
28854,3870,2.0,29.508197,6.49,29.508197,6.49
28853,3865,1.0,15.368852,3.38,13.836066,3.04
28853,3870,2.0,29.508197,6.49,26.557377,5.84
28852,25752,1.0,9.221311,2.03,9.221311,2.03
28852,3865,1.0,15.368852,3.38,15.368852,3.38
28851,25752,4.0,35.04918,7.71,33.295082,7.32
28850,3865,3.0,26.557377,5.84,26.557377,5.84
28850,3870,1.0,12.295082,2.7,12.295082,2.7
28838,unknown_pos_sale,1.0,20.286885,4.46,20.286885,4.46
28838,3870,1.0,12.295082,2.7,12.295082,2.7
28813,3865,4.0,58.393443,12.85,58.393443,12.85
28813,3870,1.0,12.295082,2.7,12.295082,2.7
28812,25752,1.0,9.221311,2.03,8.295082,1.82
28812,3865,1.0,9.221311,2.03,8.303279,1.83
28812,3870,1.0,12.295082,2.7,12.295082,2.7
28811,25752,1.0,9.221311,2.03,9.221311,2.03
28811,3870,1.0,15.368852,3.38,15.368852,3.38
28810,24437,1.0,8.852459,1.95,8.852459,1.95
28809,25026,1.0,17.52459,3.86,17.52459,3.86
28808,23378,1.0,14.745902,3.24,14.745902,3.24
28807,25752,4.0,35.04918,7.71,31.540984,6.94
28806,25752,2.0,17.704918,3.9,15.934426,3.51
28806,3865,2.0,17.704918,3.9,15.934426,3.51
28806,3870,2.0,29.508197,6.49,26.557377,5.84
28805,3870,1.0,15.368852,3.38,15.368852,3.38
28805,3865,1.0,9.221311,2.03,9.221311,2.03
28801,3361,3.0,21.639344,4.76,21.639344,4.76
28801,3314,3.0,27.04918,5.95,27.04918,5.95
28801,3313,3.0,28.868852,6.35,28.868852,6.35
28800,3865,1.0,15.368852,3.38,15.368852,3.38
28800,3870,1.0,15.368852,3.38,15.368852,3.38
28799,3870,4.0,58.393443,12.85,58.393443,12.85
28798,3865,2.0,29.508197,6.49,29.508197,6.49
28797,25752,2.0,17.704918,3.9,15.934426,3.51
28797,3865,1.0,15.368852,3.38,13.836065,3.04
28795,3865,2.0,17.704918,3.9,15.934426,3.51
28795,25752,2.0,17.704918,3.9,15.934426,3.51
28794,3865,1.0,15.368852,3.38,15.368852,3.38
28794,3870,1.0,15.368852,3.38,15.368852,3.38
28793,3865,1.0,15.368852,3.38,15.368852,3.38
28793,3870,1.0,12.295082,2.7,12.295082,2.7
28792,3865,2.0,17.704918,3.9,15.934426,3.51
28792,3870,1.0,12.295082,2.7,12.295082,2.7
28791,3865,1.0,9.221311,2.03,9.221311,2.03
28790,3865,4.0,35.04918,7.71,35.04918,7.71
28790,3870,1.0,15.368852,3.38,15.368852,3.38
28789,3870,1.0,15.368852,3.38,15.368852,3.38
28789,3865,1.0,9.221311,2.03,9.221311,2.03
28787,3865,4.0,58.401639,12.85,52.565573,11.56
28786,3865,2.0,29.508197,6.49,29.508197,6.49
28786,3870,1.0,12.295082,2.7,12.295082,2.7
28785,3870,2.0,29.508197,6.49,29.508197,6.49
28784,unknown_pos_sale,1.0,27.278689,6.0,24.54918,5.4
28784,3361,1.0,7.360656,1.62,6.622951,1.46
28782,3865,4.0,58.393443,12.85,52.557377,11.56
28781,3865,4.0,35.04918,7.71,35.04918,7.71
28780,25752,1.0,9.221311,2.03,8.762295,1.93
28780,unknown_pos_sale,1.0,20.286885,4.46,19.270492,4.24
28779,3870,3.0,44.262295,9.74,44.262295,9.74
28778,3865,2.0,17.704918,3.9,17.704918,3.9
28778,25752,2.0,17.704918,3.9,17.704918,3.9
28778,3870,1.0,12.3,2.7,12.3,2.7
28773,3870,2.0,29.508197,6.49,29.508197,6.49
28772,unknown_pos_sale,1.0,41.508197,9.13,41.508197,9.13
28771,3870,2.0,29.508197,6.49,26.54918,5.84
28771,3870,1.0,15.368852,3.38,13.836066,3.04
28771,3865,1.0,9.221311,2.03,8.303279,1.83
28770,3865,4.0,58.393443,12.85,55.47541,12.2
28769,3865,2.0,29.508197,6.49,28.032787,6.17
28769,3870,1.0,12.295082,2.7,12.295082,2.7
28768,3865,2.0,17.704918,3.9,16.819672,3.7
28768,25752,2.0,17.704918,3.9,16.819672,3.7
28768,3870,1.0,12.295082,2.7,12.295082,2.7
28767,3870,2.0,29.508197,6.49,28.032787,6.17
28766,3865,2.0,17.704918,3.9,17.704918,3.9
28766,25752,2.0,17.704918,3.9,17.704918,3.9
28763,3865,1.0,9.221311,2.03,8.762295,1.93
28763,3865,2.0,17.704918,3.9,16.819672,3.7
28762,3865,1.0,15.368852,3.38,14.598361,3.21
28762,3314,1.0,9.196721,2.02,9.196721,2.02
28762,3361,1.0,7.360656,1.62,7.360656,1.62
28760,3865,1.0,15.368852,3.38,14.598361,3.21
28760,3870,1.0,12.295082,2.7,12.295082,2.7
28759,3865,2.0,29.508197,6.49,26.54918,5.84
28759,3870,2.0,29.508197,6.49,26.557377,5.84
28759,unknown_pos_sale,1.0,27.278689,6.0,24.557377,5.4
28755,3865,1.0,9.221311,2.03,9.221311,2.03
28755,3870,1.0,15.368852,3.38,15.368852,3.38
28754,3865,2.0,29.508197,6.49,28.02459,6.17
28754,3870,1.0,15.368852,3.38,14.606557,3.21
28753,3865,1.0,9.221311,2.03,8.762295,1.93
28753,3870,1.0,15.368852,3.38,14.598361,3.21
28753,25752,1.0,9.221311,2.03,8.762295,1.93
28752,25752,6.0,52.57377,11.57,52.57377,11.57
28751,3865,1.0,15.368852,3.38,15.368852,3.38
28750,3865,2.0,30.74,6.76,23.36,5.14
28750,25752,4.0,36.88,8.11,28.03,6.17
28749,3314,24.0,189.836066,41.76,170.852459,37.59
28749,3313,24.0,202.622951,44.58,182.360656,40.12
28749,3319,12.0,84.590164,18.61,76.131148,16.75
28749,3361,12.0,77.704918,17.1,69.934426,15.39
28749,3870,2.0,29.508197,6.49,26.557377,5.84
28748,3865,4.0,58.393443,12.85,55.467213,12.2
28748,25752,4.0,35.04918,7.71,33.303279,7.33
28748,3870,1.0,12.295082,2.7,12.295082,2.7
28747,3870,1.0,15.368852,3.38,14.606557,3.21
28747,3865,2.0,29.508197,6.49,28.02459,6.17
28746,3870,4.0,58.393443,12.85,55.47541,12.2
28746,3314,12.0,97.081967,21.36,97.081967,21.36
28746,3319,12.0,84.590164,18.61,84.590164,18.61
28745,3865,3.0,44.262295,9.74,42.04918,9.25
28744,3865,1.0,15.368852,3.38,15.368852,3.38
28744,3870,1.0,12.295082,2.7,12.295082,2.7
28743,3865,4.0,58.393443,12.85,55.47541,12.2
28743,25752,2.0,17.704918,3.9,16.819672,3.7
28743,3870,1.0,12.295082,2.7,12.295082,2.7
28742,3870,2.0,29.508197,6.49,29.508197,6.49
28742,3865,1.0,15.368852,3.38,15.368852,3.38
28742,25752,1.0,9.221311,2.03,9.221311,2.03
28741,3870,2.0,29.508197,6.49,28.032787,6.17
28740,3865,1.0,15.368852,3.38,14.598361,3.21
28740,3870,1.0,15.368852,3.38,14.606557,3.21
28739,3870,6.0,92.22,20.29,87.61,19.27
28739,3865,2.0,30.74,6.76,23.36,5.14
28736,3865,2.0,29.508197,6.49,28.032787,6.17
28734,3865,2.0,29.508197,6.49,29.508197,6.49
28733,25752,4.0,35.04918,7.71,33.295082,7.32
28733,3870,2.0,29.508197,6.49,28.032787,6.17
28732,3865,1.0,15.368852,3.38,15.368852,3.38
28732,3870,1.0,12.295082,2.7,12.295082,2.7
28731,3865,1.0,15.368852,3.38,15.368852,3.38
28731,3313,1.0,9.819672,2.16,9.819672,2.16
28731,3314,1.0,9.196721,2.02,9.196721,2.02
28730,3865,4.0,58.393443,12.85,52.557377,11.56
28730,25752,2.0,17.704918,3.9,15.934426,3.51
28729,3865,2.0,29.508197,6.49,28.032787,6.17
28729,25752,1.0,9.221311,2.03,8.762295,1.93
28729,3870,1.0,12.295082,2.7,12.295082,2.7
28727,3865,4.0,35.04918,7.71,33.295082,7.32
28727,3870,1.0,12.295082,2.7,12.295082,2.7
28726,25752,2.0,17.704918,3.9,17.704918,3.9
28725,3865,8.0,116.786885,25.69,105.106557,23.12
28724,3865,1.0,15.368852,3.38,15.368852,3.38
28724,3870,1.0,12.295082,2.7,12.295082,2.7
28723,3865,2.0,29.508197,6.49,28.032787,6.17
28723,3870,2.0,29.508197,6.49,28.032787,6.17
28722,3865,1.0,15.368852,3.38,15.368852,3.38
28722,25752,1.0,9.221311,2.03,9.221311,2.03
28721,3870,1.0,15.368852,3.38,14.598361,3.21
28721,3361,3.0,21.639344,4.76,21.639344,4.76
28721,3314,2.0,18.393443,4.05,18.393443,4.05
28720,3870,1.0,15.368852,3.38,14.598361,3.21
28720,25752,1.0,9.221311,2.03,8.762295,1.93
28719,3865,2.0,17.704918,3.9,15.934426,3.51
28719,3870,2.0,29.508197,6.49,26.557377,5.84
28718,3865,1.0,15.368852,3.38,15.368852,3.38
28718,3870,1.0,12.295082,2.7,12.295082,2.7
28717,3865,2.0,17.704918,3.9,15.934426,3.51
28717,3870,1.0,12.295082,2.7,12.295082,2.7
28716,3865,4.0,58.393443,12.85,58.393443,12.85
28715,3865,1.0,15.368852,3.38,15.368852,3.38
28715,3870,1.0,12.295082,2.7,12.295082,2.7
28714,3865,1.0,9.221311,2.03,8.295082,1.82
28714,3865,1.0,9.221311,2.03,8.303279,1.83
28714,25752,1.0,9.221311,2.03,8.303279,1.83
28713,3865,2.0,29.508197,6.49,29.508197,6.49
28713,3870,1.0,12.295082,2.7,12.295082,2.7
28712,3865,1.0,15.368852,3.38,15.368852,3.38
28712,25752,1.0,9.221311,2.03,9.221311,2.03
28711,25752,3.0,26.557377,5.84,26.557377,5.84
28710,3865,1.0,9.221311,2.03,9.221311,2.03
28710,25752,1.0,9.221311,2.03,9.221311,2.03
28710,25752,1.0,9.221311,2.03,9.221311,2.03
28709,3865,2.0,29.508197,6.49,26.557377,5.84
28709,3870,1.0,12.295082,2.7,12.295082,2.7
28708,3870,2.0,29.508197,6.49,26.557377,5.84
28707,25752,4.0,35.04918,7.71,35.04918,7.71
28706,26420,1.0,29.491803,6.49,29.491803,6.49
28705,25752,1.0,9.221311,2.03,9.221311,2.03
28705,25752,1.0,9.221311,2.03,9.221311,2.03
28705,25752,1.0,9.221311,2.03,9.221311,2.03
28704,unknown_pos_sale,1.0,49.155738,10.81,49.155738,10.81
28704,3870,1.0,12.295082,2.7,12.295082,2.7
28703,3865,1.0,15.368852,3.38,15.368852,3.38
28703,25752,1.0,9.221311,2.03,9.221311,2.03
28692,24437,1.0,8.852459,1.95,8.852459,1.95
28687,3865,1.0,9.221311,2.03,9.221311,2.03
28687,25752,1.0,9.221311,2.03,9.221311,2.03
28687,3870,1.0,12.295082,2.7,12.295082,2.7
28673,3870,2.0,29.508197,6.49,26.557377,5.84
28673,3865,1.0,9.221311,2.03,8.303279,1.83
28672,3870,1.0,15.368852,3.38,13.827869,3.04
28672,25752,1.0,9.221311,2.03,8.303279,1.83
28672,3865,1.0,9.221311,2.03,8.303279,1.83
28603,25752,1.0,9.221311,2.03,8.303279,1.83
28603,23378,1.0,14.745902,3.24,14.745902,3.24
28603,26420,1.0,14.745902,3.24,14.745902,3.24
28601,25752,1.0,9.221311,2.03,8.303279,1.83
28601,3865,2.0,29.508197,6.49,26.557377,5.84
28600,3865,2.0,17.704918,3.9,17.704918,3.9
28600,3870,1.0,12.295082,2.7,12.295082,2.7
28599,23378,1.0,14.745902,3.24,14.745902,3.24
28596,25026,1.0,52.57377,11.57,52.57377,11.57
28596,23378,1.0,29.491803,6.49,29.491803,6.49
28596,3870,4.0,58.393443,12.85,58.393443,12.85
28596,25752,2.0,17.704918,3.9,17.704918,3.9
28595,3865,4.0,58.393443,12.85,52.54918,11.56
28595,3865,4.0,58.393443,12.85,52.557377,11.56
28594,25752,4.0,35.04918,7.71,35.04918,7.71
28593,unknown_pos_sale,1.0,41.508197,9.13,41.508197,9.13
28592,25752,3.0,26.557377,5.84,26.557377,5.84
28592,3865,1.0,15.368852,3.38,15.368852,3.38
28591,unknown_pos_sale,1.0,45.147541,9.93,45.147541,9.93
28591,unknown_pos_sale,1.0,49.155738,10.81,49.155738,10.81
28590,3865,1.0,15.368852,3.38,15.368852,3.38
28590,3870,1.0,12.295082,2.7,12.295082,2.7
28587,23378,1.0,29.491803,6.49,29.491803,6.49
28586,3865,10.0,145.983607,32.12,145.983607,32.12
28585,3870,1.0,15.368852,3.38,13.836066,3.04
28585,unknown_pos_sale,1.0,55.377049,12.18,49.836066,10.96
28584,3865,1.0,9.221311,2.03,8.295082,1.82
28584,3870,1.0,12.295082,2.7,12.295082,2.7
28584,25752,1.0,9.221311,2.03,8.303279,1.83
28582,23378,1.0,44.237705,9.73,44.237705,9.73
28581,3870,1.0,15.368852,3.38,15.368852,3.38
28581,3865,1.0,9.221311,2.03,9.221311,2.03
28580,3865,4.0,35.04918,7.71,35.04918,7.71
28579,3865,2.0,29.508197,6.49,26.557377,5.84
28578,25752,1.0,9.221311,2.03,8.295082,1.82
28578,3865,1.0,9.221311,2.03,8.303279,1.83
28578,3870,1.0,12.295082,2.7,12.295082,2.7
28577,3865,1.0,15.368852,3.38,13.836066,3.04
28577,3870,1.0,12.295082,2.7,12.295082,2.7
28573,25026,1.0,17.52459,3.86,17.52459,3.86
28573,3361,1.0,7.360656,1.62,7.360656,1.62
28572,3865,2.0,17.704918,3.9,15.934426,3.51
28572,3870,1.0,12.295082,2.7,12.295082,2.7
28571,3865,1.0,15.368852,3.38,15.368852,3.38
28571,3870,1.0,12.295082,2.7,12.295082,2.7
28570,3865,3.0,44.262295,9.74,44.262295,9.74
28570,3870,3.0,36.885246,8.11,36.885246,8.11
28569,3865,4.0,35.04918,7.71,31.540984,6.94
28569,3870,1.0,12.295082,2.7,12.295082,2.7
28568,25752,2.0,17.704918,3.9,17.704918,3.9
28568,unknown_pos_sale,1.0,21.47541,4.72,21.47541,4.72
28568,3870,2.0,29.508197,6.49,29.508197,6.49
28567,3865,2.0,29.508197,6.49,29.508197,6.49
28566,3870,2.0,29.508197,6.49,29.508197,6.49
28566,25752,1.0,9.221311,2.03,9.221311,2.03
28565,3865,6.0,87.590164,19.27,83.213115,18.31
28559,3865,4.0,58.393443,12.85,52.557377,11.56
28559,3870,1.0,12.295082,2.7,12.295082,2.7
28558,25752,1.0,9.221311,2.03,9.221311,2.03
28558,3865,1.0,15.368852,3.38,15.368852,3.38
28557,unknown_pos_sale,1.0,15.57377,3.43,15.57377,3.43
28557,3313,1.0,9.819672,2.16,9.819672,2.16
28556,25752,4.0,35.04918,7.71,29.795082,6.55
28554,3865,1.0,15.368852,3.38,15.368852,3.38
28554,3870,1.0,12.295082,2.7,12.295082,2.7
28553,3865,1.0,15.368852,3.38,13.827869,3.04
28553,25752,1.0,9.221311,2.03,8.303279,1.83
28488,3865,4.0,61.47541,13.52,57.72,13.52
28487,25752,2.0,17.704918,3.9,17.704918,3.9
28487,3865,2.0,17.704918,3.9,17.704918,3.9
28486,3865,2.0,29.508197,6.49,29.508197,6.49
28485,3870,4.0,58.393443,12.85,52.557377,11.56
28485,25001,4.0,70.098361,15.42,63.07377,13.88
28485,3314,3.0,27.04918,5.95,24.344262,5.36
28485,3313,3.0,28.868852,6.35,25.983607,5.72
28485,3865,4.0,58.393443,12.85,52.557377,11.56
28485,unknown_pos_sale,1.0,27.278689,6.0,24.557377,5.4
28485,unknown_pos_sale,6.0,41.508197,9.13,37.360656,8.22
28481,3865,1.0,15.368852,3.38,15.368852,3.38
28481,3870,1.0,12.295082,2.7,12.295082,2.7
28480,3865,2.0,29.508197,6.49,29.508197,6.49
28478,23378,1.0,29.491803,6.49,29.491803,6.49
28477,3865,2.0,29.508197,6.49,29.508197,6.49
28476,3319,3.0,23.532787,5.18,20.0,4.4
28476,3313,2.0,19.639344,4.32,16.696721,3.67
28476,3314,1.0,9.196721,2.02,7.819672,1.72
28474,23378,1.0,29.491803,6.49,29.491803,6.49
28473,3865,1.0,15.368852,3.38,13.827869,3.04
28473,3865,1.0,15.368852,3.38,13.836066,3.04
28469,3865,2.0,17.704918,3.9,17.704918,3.9
28469,3870,2.0,29.508197,6.49,29.508197,6.49
28469,25001,1.0,18.442623,4.06,18.442623,4.06
28468,3361,12.0,77.704918,17.1,73.819672,16.24
28467,25001,1.0,18.442623,4.06,15.680328,3.45
28467,3870,1.0,12.295082,2.7,12.295082,2.7
28466,3865,2.0,29.508197,6.49,29.508197,6.49
28465,3865,1.0,15.368852,3.38,13.836066,3.04
28464,3865,1.0,9.221311,2.03,8.303279,1.83
28464,25001,1.0,18.442623,4.06,16.598361,3.65
28463,3865,4.0,58.393443,12.85,58.393443,12.85
28463,3870,1.0,12.295082,2.7,12.295082,2.7
28462,unknown_gift_item,1.0,44.237705,9.73,44.237705,9.73
28461,3865,4.0,58.393443,12.85,58.393443,12.85
28460,3361,12.0,77.704918,17.1,66.04918,14.53
28459,unknown_pos_sale,1.0,49.155738,10.81,49.155738,10.81
28458,unknown_pos_sale,1.0,49.155738,10.81,41.778689,9.19
28457,25001,4.0,70.098361,15.42,70.098361,15.42
28457,3870,2.0,29.508197,6.49,29.508197,6.49
28456,3865,2.0,17.704918,3.9,17.704918,3.9
28455,3361,6.0,41.508197,9.13,41.508197,9.13
28455,3313,6.0,55.377049,12.18,55.377049,12.18
28455,3314,6.0,51.885246,11.41,51.885246,11.41
28454,25752,4.0,35.04918,7.71,35.04918,7.71
28453,3865,1.0,15.368852,3.38,15.368852,3.38
28453,3870,1.0,12.295082,2.7,12.295082,2.7
28452,3870,1.0,15.368852,3.38,13.065574,2.87
28452,25001,1.0,16.385246,3.6,16.385246,3.6
28451,3865,1.0,15.368852,3.38,15.368852,3.38
28450,3870,1.0,15.368852,3.38,14.0,3.08
28450,3865,1.0,15.368852,3.38,14.0,3.08
28450,25752,1.0,9.221311,2.03,7.860656,1.73
28449,3870,1.0,15.368852,3.38,13.065574,2.87
28449,3865,1.0,15.368852,3.38,13.065574,2.87
28448,3865,1.0,15.368852,3.38,15.368852,3.38
28447,3865,1.0,15.368852,3.38,15.368852,3.38
28446,unknown_pos_sale,1.0,20.286885,4.46,18.262295,4.02
28446,25001,1.0,16.385246,3.6,16.385246,3.6
28445,25001,1.0,18.442623,4.06,17.516393,3.85
28445,3865,1.0,15.368852,3.38,14.606557,3.21
28444,unknown_pos_sale,1.0,49.155738,10.81,49.155738,10.81
28443,25001,3.0,53.114754,11.69,45.147541,9.93
28442,unknown_pos_sale,1.0,49.155738,10.81,44.237705,9.73
28442,3870,1.0,12.295082,2.7,12.295082,2.7
28441,25001,2.0,35.409836,7.79,35.409836,7.79
28437,23378,1.0,29.491803,6.49,29.491803,6.49
28436,3865,1.0,15.368852,3.38,13.836066,3.04
28436,25752,2.0,17.704918,3.9,15.934426,3.51
28435,3865,1.0,15.368852,3.38,13.836066,3.04
28435,3870,1.0,12.295082,2.7,12.295082,2.7
28434,3865,1.0,15.368852,3.38,15.368852,3.38
28433,3865,1.0,15.368852,3.38,13.827869,3.04
28433,3870,1.0,15.368852,3.38,13.836066,3.04
28433,25001,1.0,16.385246,3.6,16.385246,3.6
28432,3865,2.0,29.508197,6.49,29.508197,6.49
28431,3870,1.0,15.368852,3.38,15.368852,3.38
28431,3865,2.0,29.508197,6.49,29.508197,6.49
28431,25752,1.0,9.221311,2.03,9.221311,2.03
28430,3870,4.0,58.393443,12.85,52.557377,11.56
28429,3865,1.0,15.37,3.38,13.84,3.04
28428,3870,2.0,29.508197,6.49,29.508197,6.49
28422,3865,4.0,58.393443,12.85,52.557377,11.56
28415,3865,1.0,15.368852,3.38,13.827869,3.04
28415,3870,1.0,15.368852,3.38,13.836066,3.04
28414,3865,4.0,58.393443,12.85,52.557377,11.56
28414,3870,1.0,12.295082,2.7,12.295082,2.7
28414,25752,2.0,17.704918,3.9,15.934426,3.51
28412,3865,1.0,15.368852,3.38,13.827869,3.04
28412,25752,1.0,9.221311,2.03,8.303279,1.83
28412,3870,1.0,12.295082,2.7,12.295082,2.7
28410,3865,1.0,15.368852,3.38,15.368852,3.38
28409,3870,1.0,15.368852,3.38,15.368852,3.38
28409,3865,4.0,58.393443,12.85,58.393443,12.85
28409,25752,2.0,17.704918,3.9,17.704918,3.9
28408,25752,4.0,35.04918,7.71,35.04918,7.71
28407,25752,3.0,26.557377,5.84,26.557377,5.84
28406,3865,2.0,29.508197,6.49,26.557377,5.84
28405,3865,1.0,15.368852,3.38,15.368852,3.38
28405,3870,1.0,12.295082,2.7,12.295082,2.7
28404,3865,2.0,29.508197,6.49,29.508197,6.49
28403,25752,1.0,9.221311,2.03,7.663934,1.69
28403,unknown_pos_sale,1.0,21.47541,4.72,19.918033,4.38
28403,3870,1.0,15.368852,3.38,13.811475,3.04
28403,25001,1.0,16.385246,3.6,14.827869,3.26
28402,3865,2.0,29.508197,6.49,29.508197,6.49
28400,3865,2.0,29.508197,6.49,29.508197,6.49
28399,3865,1.0,15.368852,3.38,13.836066,3.04
28399,3870,1.0,12.295082,2.7,12.295082,2.7
28398,3865,2.0,29.508197,6.49,29.508197,6.49
28397,25752,6.0,52.57377,11.57,52.57377,11.57
28396,3865,1.0,15.368852,3.38,13.836066,3.04
28396,3870,1.0,12.295082,2.7,12.295082,2.7
28395,3865,1.0,15.368852,3.38,13.836066,3.04
28395,3870,1.0,12.295082,2.7,12.295082,2.7
28393,3865,2.0,29.508197,6.49,29.508197,6.49
28393,3870,1.0,12.295082,2.7,12.295082,2.7
28392,3865,1.0,15.368852,3.38,13.836066,3.04
28392,3870,1.0,12.295082,2.7,12.295082,2.7
28392,25001,1.0,18.442623,4.06,16.598361,3.65
28391,25001,1.0,18.442623,4.06,16.598361,3.65
28391,unknown_pos_sale,1.0,20.286885,4.46,18.254098,4.02
28391,25752,1.0,9.221311,2.03,8.303279,1.83
28390,25752,1.0,9.221311,2.03,9.221311,2.03
28390,25001,1.0,18.442623,4.06,18.442623,4.06
28390,3870,1.0,15.368852,3.38,15.368852,3.38
28389,3865,1.0,15.368852,3.38,15.368852,3.38
28388,3865,2.0,29.508197,6.49,29.508197,6.49
28388,3870,1.0,12.295082,2.7,12.295082,2.7
28380,3870,1.0,15.368852,3.38,15.368852,3.38
28380,25001,1.0,16.385246,3.6,16.385246,3.6
28380,25752,1.0,9.221311,2.03,9.221311,2.03
28379,3865,2.0,29.508197,6.49,26.557377,5.84
28379,3870,2.0,29.508197,6.49,26.557377,5.84
28379,25001,2.0,35.409836,7.79,31.868852,7.01
28379,25752,2.0,17.704918,3.9,15.934426,3.51
28379,3314,3.0,27.04918,5.95,24.344262,5.36
28378,25752,1.0,9.221311,2.03,8.303279,1.83
28378,25001,1.0,18.442623,4.06,16.598361,3.65
28377,25752,1.0,9.221311,2.03,9.221311,2.03
28377,3870,1.0,15.368852,3.38,15.368852,3.38
28376,3865,1.0,15.368852,3.38,15.368852,3.38
28376,3870,1.0,15.368852,3.38,15.368852,3.38
28376,25752,1.0,9.221311,2.03,9.221311,2.03
28375,3865,1.0,15.368852,3.38,15.368852,3.38
28375,25001,1.0,18.442623,4.06,18.442623,4.06
28374,23378,1.0,29.491803,6.49,29.491803,6.49
28373,23378,1.0,44.237705,9.73,44.237705,9.73
28372,25026,1.0,87.622951,19.28,87.622951,19.28
28371,25001,2.0,35.409836,7.79,35.409836,7.79
28363,25752,2.0,17.704918,3.9,17.704918,3.9
28362,3865,1.0,15.368852,3.38,15.368852,3.38
28362,3870,1.0,15.368852,3.38,15.368852,3.38
28362,25752,1.0,9.221311,2.03,9.221311,2.03
28361,25752,1.0,9.221311,2.03,9.221311,2.03
28361,25001,1.0,18.442623,4.06,18.442623,4.06
28361,3870,1.0,12.295082,2.7,12.295082,2.7
28360,3865,1.0,15.368852,3.38,13.827869,3.04
28360,25752,1.0,9.221311,2.03,8.303279,1.83
28360,3314,1.0,9.196721,2.02,8.278689,1.82
28359,25752,2.0,17.704918,3.9,17.704918,3.9
28359,3870,1.0,15.368852,3.38,15.368852,3.38
28358,3865,1.0,15.368852,3.38,15.368852,3.38
28358,3870,1.0,15.368852,3.38,15.368852,3.38
28358,25752,1.0,9.221311,2.03,9.221311,2.03
28357,3870,1.0,15.368852,3.38,15.368852,3.38
28357,25752,1.0,9.221311,2.03,9.221311,2.03
28356,25752,4.0,35.04918,7.71,31.540984,6.94
28356,unknown_pos_sale,1.0,21.47541,4.72,21.47541,4.72
28356,3870,1.0,15.368852,3.38,13.836066,3.04
28355,3865,2.0,29.508197,6.49,29.508197,6.49
28354,3865,4.0,58.393443,12.85,58.393443,12.85
28353,3314,4.0,36.065574,7.93,32.459016,7.14
28353,3319,6.0,45.147541,9.93,40.631148,8.94
28353,3361,4.0,28.852459,6.35,25.967213,5.71
28352,25752,1.0,9.221311,2.03,9.221311,2.03
28352,3870,1.0,15.368852,3.38,15.368852,3.38
28351,3865,2.0,29.508197,6.49,28.032787,6.17
28350,3865,2.0,29.508197,6.49,29.508197,6.49
28343,3865,2.0,29.508197,6.49,29.508197,6.49
28343,3870,1.0,12.295082,2.7,12.295082,2.7
28337,3865,1.0,15.368852,3.38,15.368852,3.38
28337,25752,1.0,9.221311,2.03,9.221311,2.03
28337,3870,1.0,12.295082,2.7,12.295082,2.7
28336,3865,1.0,15.368852,3.38,15.368852,3.38
28336,3870,1.0,12.295082,2.7,12.295082,2.7
28333,25752,4.0,35.04918,7.71,35.04918,7.71
28332,3314,6.0,51.885246,11.41,49.286885,10.84
28332,3319,6.0,45.147541,9.93,42.893443,9.44
28331,25752,4.0,35.04918,7.71,31.540984,6.94
28330,25752,1.0,9.221311,2.03,9.221311,2.03
28330,3865,1.0,15.368852,3.38,15.368852,3.38
28330,unknown_pos_sale,1.0,27.278689,6.0,24.54918,5.4
28329,3865,2.0,29.508197,6.49,29.508197,6.49
28329,3870,1.0,12.295082,2.7,12.295082,2.7
28327,23378,1.0,14.745902,3.24,14.745902,3.24
28326,25752,1.0,9.221311,2.03,9.221311,2.03
28325,24437,1.0,8.852459,1.95,8.852459,1.95
28324,25026,1.0,17.52459,3.86,17.52459,3.86
28323,23378,1.0,14.745902,3.24,14.745902,3.24
28322,3865,1.0,15.368852,3.38,13.836066,3.04
28322,25752,2.0,17.704918,3.9,15.934426,3.51
28321,3865,1.0,15.368852,3.38,15.368852,3.38
28321,3870,1.0,12.295082,2.7,12.295082,2.7
28320,25001,1.0,18.442623,4.06,18.442623,4.06
28320,3870,1.0,15.368852,3.38,15.368852,3.38
28319,3870,1.0,15.368852,3.38,15.368852,3.38
28319,25752,1.0,9.221311,2.03,9.221311,2.03
28318,25001,2.0,35.409836,7.79,35.409836,7.79
28317,3865,1.0,15.368852,3.38,15.368852,3.38
28317,25001,1.0,18.442623,4.06,18.442623,4.06
28317,3870,1.0,12.295082,2.7,12.295082,2.7
28316,unknown_pos_sale,1.0,27.278689,6.0,24.54918,5.4
28316,3313,1.0,9.819672,2.16,8.836066,1.94
28295,unknown_pos_sale,1.0,9.819672,2.16,9.819672,2.16
28295,unknown_pos_sale,1.0,9.196721,2.02,9.196721,2.02
28295,3319,1.0,8.008197,1.76,8.008197,1.76
28246,3865,2.0,29.508197,6.49,26.557377,5.84
28246,3870,1.0,12.295082,2.7,12.295082,2.7
28245,25001,3.0,53.114754,11.69,53.114754,11.69
28244,3314,12.0,97.081967,21.36,87.377049,19.22
28217,unknown_pos_sale,1.0,55.377049,12.18,47.07377,10.36
28216,unknown_pos_sale,1.0,57.02459,12.55,57.02459,12.55
28215,3865,2.0,29.508197,6.49,29.508197,6.49
28215,25752,2.0,17.704918,3.9,17.704918,3.9
28214,unknown_pos_sale,1.0,8.008197,1.76,7.213115,1.59
28214,unknown_pos_sale,1.0,9.819672,2.16,8.836066,1.94
28214,unknown_pos_sale,1.0,9.196721,2.02,8.270492,1.82
28214,unknown_pos_sale,1.0,7.360656,1.62,6.631148,1.46
28205,3865,4.0,58.393443,12.85,58.393443,12.85
28205,3870,1.0,12.295082,2.7,12.295082,2.7
28202,3865,2.0,29.508197,6.49,29.508197,6.49
28201,25752,3.0,26.557377,5.84,26.557377,5.84
28200,3313,12.0,103.672131,22.81,88.122951,19.39
28198,25752,1.0,9.221311,2.03,8.303279,1.83
28198,3870,1.0,15.368852,3.38,15.368852,3.38
28198,3865,1.0,15.368852,3.38,15.368852,3.38
28196,24437,1.0,26.557377,5.84,26.557377,5.84
28194,25001,2.0,35.409836,7.79,31.868852,7.01
28193,3865,2.0,29.508197,6.49,28.032787,6.17
28182,23378,1.0,29.491803,6.49,29.491803,6.49
28179,3865,2.0,29.508197,6.49,29.508197,6.49
28179,25752,1.0,9.221311,2.03,9.221311,2.03
28178,3865,4.0,58.393443,12.85,52.54918,11.56
28178,3870,4.0,58.393443,12.85,52.557377,11.56
28178,25001,1.0,16.385246,3.6,16.385246,3.6
28177,25752,1.0,9.221311,2.03,9.221311,2.03
28177,3865,1.0,15.368852,3.38,15.368852,3.38
28166,3865,1.0,15.368852,3.38,13.836066,3.04
28160,unknown_gift_item,1.0,44.237705,9.73,44.237705,9.73
28159,3865,1.0,15.368852,3.38,15.368852,3.38
28159,3870,1.0,12.295082,2.7,12.295082,2.7
28158,25001,1.0,18.442623,4.06,18.442623,4.06
28158,3870,1.0,12.295082,2.7,12.295082,2.7
28157,26420,1.0,29.491803,6.49,29.491803,6.49
28156,3865,1.0,15.368852,3.38,15.368852,3.38
28156,25752,1.0,9.221311,2.03,9.221311,2.03
28155,3865,5.0,72.991803,16.06,65.688525,14.45
28155,25752,4.0,35.04918,7.71,31.54918,6.94
28154,3865,2.0,29.508197,6.49,29.508197,6.49
28153,3865,4.0,58.393443,12.85,52.557377,11.56
28152,3865,2.0,29.508197,6.49,29.508197,6.49
28151,3865,1.0,15.368852,3.38,13.827869,3.04
28151,25752,1.0,9.221311,2.03,8.303279,1.83
28151,3870,1.0,12.295082,2.7,12.295082,2.7
28150,3361,24.0,151.868852,33.41,151.868852,33.41
28146,25752,4.0,35.04918,7.71,31.540984,6.94
28145,3865,2.0,29.508197,6.49,29.508197,6.49
28145,3870,1.0,12.295082,2.7,12.295082,2.7
28144,3865,1.0,15.368852,3.38,13.836066,3.04
28144,3870,1.0,12.295082,2.7,12.295082,2.7
28141,23378,1.0,14.745902,3.24,14.745902,3.24
28139,3865,2.0,29.508197,6.49,26.557377,5.84
28139,3870,2.0,24.590164,5.41,24.590164,5.41
28138,3870,1.0,15.368852,3.38,15.368852,3.38
28138,3865,1.0,15.368852,3.38,15.368852,3.38
28138,25752,1.0,9.221311,2.03,9.221311,2.03
28136,3870,4.0,58.393443,12.85,55.47541,12.2
28135,3865,2.0,29.508197,6.49,29.508197,6.49
28133,23378,1.0,29.491803,6.49,29.491803,6.49
28132,3865,2.0,29.508197,6.49,26.557377,5.84
28132,3870,1.0,12.295082,2.7,12.295082,2.7
28131,25752,4.0,35.04918,7.71,35.04918,7.71
28129,3865,1.0,15.368852,3.38,15.368852,3.38
28129,25752,1.0,9.221311,2.03,9.221311,2.03
28128,3865,2.0,29.508197,6.49,29.508197,6.49
28127,3865,1.0,15.368852,3.38,15.368852,3.38
28127,25752,1.0,9.221311,2.03,9.221311,2.03
28126,unknown_pos_sale,1.0,55.377049,12.18,47.065574,10.35
28126,unknown_pos_sale,1.0,45.147541,9.93,38.377049,8.44
28125,3865,8.0,116.786885,25.69,116.786885,25.69
28124,3865,2.0,29.508197,6.49,29.508197,6.49
28123,3865,1.0,15.368852,3.38,15.368852,3.38
28123,3870,1.0,12.295082,2.7,12.295082,2.7
28123,25752,1.0,9.221311,2.03,9.221311,2.03
28120,25752,4.0,35.04918,7.71,35.04918,7.71
28119,3865,2.0,29.508197,6.49,26.557377,5.84
28119,25752,1.0,9.221311,2.03,8.303279,1.83
28117,25752,2.0,17.704918,3.9,17.704918,3.9
28117,3865,1.0,15.368852,3.38,15.368852,3.38
28116,25752,4.0,35.04918,7.71,29.786885,6.55
28116,3870,1.0,15.368852,3.38,13.065574,2.87
28115,3865,2.0,29.508197,6.49,29.508197,6.49
28115,3870,1.0,12.295082,2.7,12.295082,2.7
28114,25001,1.0,18.442623,4.06,16.598361,3.65
28114,3870,1.0,12.295082,2.7,12.295082,2.7
28113,3865,4.0,58.393443,12.85,52.557377,11.56
28112,25752,1.0,9.221311,2.03,9.221311,2.03
28112,unknown_pos_sale,1.0,21.47541,4.72,21.47541,4.72
28111,25752,2.0,17.704918,3.9,17.704918,3.9
28111,3870,1.0,15.368852,3.38,15.368852,3.38
28110,25752,2.0,17.704918,3.9,15.934426,3.51
28110,3870,1.0,15.368852,3.38,13.836066,3.04
28107,3870,1.0,15.368852,3.38,13.319672,2.93
28107,unknown_pos_sale,1.0,20.286885,4.46,18.237705,4.01
28106,25001,2.0,35.409836,7.79,35.409836,7.79
28105,3865,2.0,17.704918,3.9,17.704918,3.9
28105,3870,2.0,24.590164,5.41,24.590164,5.41
28104,3865,1.0,9.221311,2.03,9.221311,2.03
28104,3870,1.0,12.295082,2.7,12.295082,2.7
28104,25752,2.0,17.704918,3.9,17.704918,3.9
28103,3865,2.0,29.508197,6.49,29.508197,6.49
28102,3865,1.0,15.368852,3.38,15.368852,3.38
28102,3870,1.0,12.295082,2.7,12.295082,2.7
28102,25752,1.0,15.368852,3.38,15.368852,3.38
28101,3865,1.0,15.368852,3.38,15.368852,3.38
28101,25752,1.0,9.221311,2.03,9.221311,2.03
28100,3865,1.0,15.368852,3.38,13.827869,3.04
28100,25752,1.0,15.368852,3.38,13.836066,3.04
28099,23378,1.0,29.491803,6.49,29.491803,6.49
28098,3865,1.0,9.221311,2.03,9.221311,2.03
28098,25752,1.0,9.221311,2.03,9.221311,2.03
28098,3870,1.0,12.295082,2.7,12.295082,2.7
28097,3313,12.0,103.672131,22.81,88.122951,19.39
28096,25752,1.0,9.221311,2.03,9.221311,2.03
28096,3870,1.0,15.368852,3.38,15.368852,3.38
28095,25752,2.0,29.508197,6.49,29.508197,6.49
28095,unknown_pos_sale,1.0,21.47541,4.72,21.47541,4.72
28094,3865,2.0,29.508197,6.49,29.508197,6.49
28092,25001,2.0,35.409836,7.79,30.098361,6.62
28092,3361,17.0,110.081967,24.22,93.57377,20.59
28091,25752,1.0,15.368852,3.38,13.827869,3.04
28091,3865,1.0,15.368852,3.38,13.836066,3.04
28089,3865,1.0,15.368852,3.38,15.368852,3.38
28089,3870,1.0,12.295082,2.7,12.295082,2.7
28088,25752,2.0,17.704918,3.9,15.92623,3.5
28088,3361,2.0,14.721311,3.24,13.254098,2.92
28087,3870,2.0,29.508197,6.49,26.557377,5.84
28086,3865,2.0,17.704918,3.9,15.934426,3.51
28085,unknown_pos_sale,1.0,20.286885,4.46,18.254098,4.02
28085,3870,1.0,15.368852,3.38,13.836066,3.04
28084,unknown_pos_sale,1.0,55.377049,12.18,55.377049,12.18
28084,unknown_pos_sale,1.0,27.278689,6.0,27.278689,6.0
28083,unknown_pos_sale,1.0,49.155738,10.81,44.237705,9.73
28083,25001,1.0,16.385246,3.6,16.385246,3.6
28071,25752,2.0,29.508197,6.49,26.557377,5.84
28070,25752,2.0,29.508197,6.49,29.508197,6.49
28069,3865,1.0,15.368852,3.38,15.368852,3.38
28069,25752,1.0,15.368852,3.38,15.368852,3.38
28068,unknown_gift_item,1.0,44.237705,9.73,44.237705,9.73
28067,3865,1.0,15.368852,3.38,13.836066,3.04
28067,3870,1.0,12.295082,2.7,12.295082,2.7
28066,25001,2.0,35.409836,7.79,35.409836,7.79
28066,3870,2.0,29.508197,6.49,29.508197,6.49
28066,25752,1.0,15.368852,3.38,15.368852,3.38
28065,unknown_pos_sale,1.0,49.155738,10.81,49.155738,10.81
28064,25001,1.0,18.442623,4.06,18.442623,4.06
28064,3870,1.0,12.295082,2.7,12.295082,2.7
28064,25752,1.0,15.368852,3.38,15.368852,3.38
28063,3865,2.0,29.508197,6.49,29.508197,6.49
28062,25001,1.0,18.442623,4.06,16.598361,3.65
28062,3865,1.0,9.221311,2.03,8.303279,1.83
28061,3865,1.0,15.368852,3.38,13.827869,3.04
28061,25752,1.0,15.368852,3.38,13.836066,3.04
28060,3865,2.0,17.704918,3.9,17.704918,3.9
28060,3870,1.0,15.368852,3.38,15.368852,3.38
28060,25001,1.0,18.442623,4.06,18.442623,4.06
28059,25752,1.0,15.368852,3.38,13.827869,3.04
28059,3870,1.0,15.368852,3.38,13.836066,3.04
28057,3865,2.0,29.508197,6.49,26.557377,5.84
28057,3870,1.0,12.295082,2.7,12.295082,2.7
28056,25752,2.0,29.508197,6.49,28.032787,6.17
28055,25752,1.0,15.368852,3.38,15.368852,3.38
28055,3865,1.0,15.368852,3.38,15.368852,3.38
28054,25752,2.0,29.508197,6.49,29.508197,6.49
28053,25752,4.0,35.04918,7.71,35.04918,7.71
28052,25752,1.0,15.368852,3.38,15.368852,3.38
28050,3870,2.0,29.508197,6.49,26.557377,5.84
28050,25752,1.0,9.221311,2.03,8.303279,1.83
28049,25752,2.0,17.704918,3.9,17.704918,3.9
28049,3865,1.0,9.221311,2.03,9.221311,2.03
28047,25752,4.0,58.393443,12.85,58.393443,12.85
28046,3870,4.0,58.393443,12.85,58.393443,12.85
28045,3865,1.0,15.368852,3.38,15.368852,3.38
28045,25752,1.0,9.221311,2.03,9.221311,2.03
28044,25752,1.0,9.221311,2.03,9.221311,2.03
28044,25001,1.0,18.442623,4.06,18.442623,4.06
28044,3870,1.0,15.368852,3.38,15.368852,3.38
28042,25752,1.0,15.368852,3.38,13.836066,3.04
28042,25001,1.0,18.442623,4.06,16.598361,3.65
28041,unknown_pos_sale,1.0,49.155738,10.81,46.696721,10.27
28040,25752,4.0,58.393443,12.85,55.47541,12.2
28038,3865,1.0,15.368852,3.38,13.836066,3.04
28037,23378,1.0,44.237705,9.73,44.237705,9.73
28036,25026,1.0,87.622951,19.28,87.622951,19.28
28034,23378,1.0,29.491803,6.49,29.491803,6.49
28033,25752,2.0,29.508197,6.49,26.557377,5.84
28030,3865,2.0,29.508197,6.49,29.508197,6.49
28029,25752,2.0,17.704918,3.9,17.704918,3.9
28028,3865,1.0,9.221311,2.03,9.221311,2.03
28028,25752,1.0,15.368852,3.38,15.368852,3.38
28027,3865,1.0,9.221311,2.03,9.221311,2.03
28027,25752,1.0,15.368852,3.38,15.368852,3.38
28026,25752,4.0,58.393443,12.85,58.393443,12.85
28025,25752,2.0,29.508197,6.49,29.508197,6.49
28024,3865,2.0,29.508197,6.49,29.508197,6.49
28023,25752,1.0,9.221311,2.03,9.221311,2.03
28022,3870,1.0,15.368852,3.38,15.368852,3.38
28022,25752,1.0,9.221311,2.03,9.221311,2.03
28021,25752,2.0,17.704918,3.9,17.704918,3.9
28021,25752,1.0,9.221311,2.03,9.221311,2.03
28019,25752,2.0,29.508197,6.49,26.557377,5.84
28019,unknown_pos_sale,1.0,21.47541,4.72,21.47541,4.72
28018,25752,1.0,15.368852,3.38,15.368852,3.38
28018,3865,1.0,9.221311,2.03,9.221311,2.03
28017,3870,1.0,15.368852,3.38,15.368852,3.38
28017,3865,1.0,9.221311,2.03,9.221311,2.03
28016,3865,4.0,58.393443,12.85,58.393443,12.85
28015,3865,1.0,9.221311,2.03,9.221311,2.03
28015,25752,1.0,15.368852,3.38,15.368852,3.38
28014,3865,4.0,58.393443,12.85,58.393443,12.85
28013,3865,1.0,15.368852,3.38,15.368852,3.38
28013,3870,1.0,15.368852,3.38,15.368852,3.38
28013,25001,1.0,16.385246,3.6,16.385246,3.6
28012,3865,1.0,15.368852,3.38,14.598361,3.21
28012,3870,1.0,12.295082,2.7,12.295082,2.7
28012,25752,1.0,9.221311,2.03,8.762295,1.93
28012,25752,1.0,9.221311,2.03,8.762295,1.93
28011,25752,2.0,29.508197,6.49,26.557377,5.84
28010,3865,4.0,58.393443,12.85,52.557377,11.56
28009,3865,1.0,15.368852,3.38,15.368852,3.38
28009,25752,1.0,9.221311,2.03,9.221311,2.03
28008,25752,2.0,29.508197,6.49,29.508197,6.49
28007,3865,2.0,29.508197,6.49,29.508197,6.49
28006,24437,1.0,8.852459,1.95,8.852459,1.95
28005,25026,1.0,17.52459,3.86,17.52459,3.86
28004,23378,1.0,14.745902,3.24,14.745902,3.24
28003,3865,1.0,15.368852,3.38,13.827869,3.04
28003,25752,1.0,15.368852,3.38,13.836066,3.04
28002,3865,2.0,29.508197,6.49,26.557377,5.84
28002,3870,2.0,29.508197,6.49,26.557377,5.84
28002,25001,1.0,16.385246,3.6,16.385246,3.6
27999,25752,2.0,29.508197,6.49,29.508197,6.49
27998,25752,2.0,29.508197,6.49,26.557377,5.84
27997,3865,2.0,29.508197,6.49,29.508197,6.49
27997,25752,3.0,26.557377,5.84,26.557377,5.84
27996,25752,4.0,58.393443,12.85,58.393443,12.85
27995,3865,1.0,15.368852,3.38,15.368852,3.38
27995,25001,1.0,18.442623,4.06,18.442623,4.06
27994,3865,1.0,15.368852,3.38,15.368852,3.38
27994,3870,1.0,12.295082,2.7,12.295082,2.7
27993,25752,2.0,29.508197,6.49,29.508197,6.49
27993,3870,1.0,15.368852,3.38,15.368852,3.38
27992,25752,2.0,29.508197,6.49,29.508197,6.49
27991,3865,1.0,15.368852,3.38,15.368852,3.38
27991,25752,1.0,9.221311,2.03,9.221311,2.03
27990,25752,1.0,9.221311,2.03,9.221311,2.03
27989,3865,2.0,29.508197,6.49,29.508197,6.49
27989,25752,2.0,29.508197,6.49,29.508197,6.49
27988,25752,2.0,29.508197,6.49,29.508197,6.49
27985,3865,4.0,35.04918,7.71,35.04918,7.71
27985,3870,1.0,12.295082,2.7,12.295082,2.7
27984,3870,1.0,15.368852,3.38,15.368852,3.38
27984,25001,1.0,18.442623,4.06,18.442623,4.06
27983,25752,2.0,17.704918,3.9,17.704918,3.9
27983,3865,2.0,29.508197,6.49,29.508197,6.49
27982,25752,2.0,29.508197,6.49,29.508197,6.49
27981,25752,2.0,29.508197,6.49,29.508197,6.49
27981,unknown_pos_sale,1.0,21.47541,4.72,21.47541,4.72
27980,3865,3.0,26.557377,5.84,26.557377,5.84
27980,25001,1.0,18.442623,4.06,18.442623,4.06
27979,3865,4.0,58.393443,12.85,52.557377,11.56
27978,25752,2.0,17.704918,3.9,17.704918,3.9
27978,3865,1.0,9.221311,2.03,9.221311,2.03
27977,3865,4.0,35.04918,7.71,31.540984,6.94
27976,25752,2.0,29.508197,6.49,29.508197,6.49
27975,25752,2.0,29.508197,6.49,29.508197,6.49
27974,3865,1.0,15.368852,3.38,13.836066,3.04
27974,3870,1.0,12.295082,2.7,12.295082,2.7
27973,25752,1.0,9.221311,2.03,9.221311,2.03
27973,3865,1.0,9.221311,2.03,9.221311,2.03
27972,25001,2.0,35.409836,7.79,35.409836,7.79
27972,25752,2.0,17.704918,3.9,17.704918,3.9
27971,3865,2.0,17.704918,3.9,15.934426,3.51
27971,25752,2.0,17.704918,3.9,15.934426,3.51
27971,3870,1.0,12.295082,2.7,12.295082,2.7
27970,25001,2.0,35.409836,7.79,35.409836,7.79
27970,25752,4.0,35.04918,7.71,35.04918,7.71
27969,3865,4.0,58.393443,12.85,52.557377,11.56
27968,3870,2.0,29.508197,6.49,29.508197,6.49
27967,25752,1.0,9.221311,2.03,9.221311,2.03
27967,3870,1.0,15.368852,3.38,15.368852,3.38
27966,25752,4.0,58.393443,12.85,58.393443,12.85
27966,3865,4.0,58.393443,12.85,58.393443,12.85
27966,3870,4.0,58.393443,12.85,58.393443,12.85
27965,3870,1.0,15.368852,3.38,15.368852,3.38
27965,25001,1.0,18.442623,4.06,18.442623,4.06
27964,3865,1.0,15.368852,3.38,13.836066,3.04
27964,3870,1.0,12.295082,2.7,12.295082,2.7
27963,25752,3.0,26.557377,5.84,26.557377,5.84
27962,25752,6.0,52.57377,11.57,52.57377,11.57
27961,25001,2.0,35.409836,7.79,31.868852,7.01
27960,25001,1.0,18.442623,4.06,18.442623,4.06
27960,3870,1.0,12.295082,2.7,12.295082,2.7
27959,3865,2.0,29.508197,6.49,26.557377,5.84
27959,3870,2.0,29.508197,6.49,26.557377,5.84
27959,25752,1.0,15.368852,3.38,13.836066,3.04
27959,25001,2.0,35.409836,7.79,31.868852,7.01
27957,25001,2.0,35.409836,7.79,35.409836,7.79
27956,25752,2.0,29.508197,6.49,29.508197,6.49
27955,25752,2.0,29.508197,6.49,29.508197,6.49
27954,25001,1.0,18.442623,4.06,18.442623,4.06
27954,3870,1.0,12.295082,2.7,12.295082,2.7
27954,25752,1.0,9.221311,2.03,9.221311,2.03
27953,3865,1.0,9.221311,2.03,8.295082,1.82
27953,3870,1.0,12.295082,2.7,12.295082,2.7
27953,25752,1.0,9.221311,2.03,8.303279,1.83
27952,25752,4.0,58.393443,12.85,58.393443,12.85
27951,25001,1.0,18.442623,4.06,18.442623,4.06
27951,3865,1.0,9.221311,2.03,9.221311,2.03
27950,25001,1.0,18.442623,4.06,18.442623,4.06
27950,3870,1.0,12.295082,2.7,12.295082,2.7
27949,26420,1.0,29.491803,6.49,29.491803,6.49
27947,3865,4.0,58.393443,12.85,58.393443,12.85
27946,3865,4.0,58.393443,12.85,58.393443,12.85
27945,25752,4.0,35.04918,7.71,31.540984,6.94
27937,25752,1.0,15.368852,3.38,15.368852,3.38
27937,3865,1.0,15.368852,3.38,15.368852,3.38
27935,25001,2.0,35.409836,7.79,31.868852,7.01
27933,25001,1.0,18.442623,4.06,18.442623,4.06
27933,3870,2.0,24.590164,5.41,24.590164,5.41
27933,3865,1.0,15.368852,3.38,15.368852,3.38
27932,3865,1.0,15.368852,3.38,13.827869,3.04
27932,25752,1.0,15.368852,3.38,13.836066,3.04
27931,3865,1.0,15.368852,3.38,15.368852,3.38
27931,3870,1.0,12.295082,2.7,12.295082,2.7
27930,unknown_pos_sale,2.0,27.442623,6.04,27.442623,6.04
27930,unknown_pos_sale,1.0,20.286885,4.46,20.286885,4.46
27930,unknown_pos_sale,1.0,20.286885,4.46,20.286885,4.46
27929,3865,1.0,15.368852,3.38,15.368852,3.38
27929,3870,1.0,12.295082,2.7,12.295082,2.7
27929,25001,1.0,18.442623,4.06,18.442623,4.06
27928,3865,1.0,9.221311,2.03,9.221311,2.03
27928,25752,1.0,9.221311,2.03,9.221311,2.03
27928,3870,1.0,12.295082,2.7,12.295082,2.7
27927,3870,1.0,15.368852,3.38,15.368852,3.38
27927,3865,1.0,9.221311,2.03,9.221311,2.03
27926,25752,2.0,29.508197,6.49,29.508197,6.49
27925,3865,2.0,17.704918,3.9,17.704918,3.9
27925,25752,2.0,17.704918,3.9,17.704918,3.9
27921,25752,2.0,17.704918,3.9,15.934426,3.51
27921,unknown_pos_sale,1.0,21.47541,4.72,21.47541,4.72
27920,25752,8.0,70.098361,15.42,59.581967,13.11
27905,3870,1.0,15.368852,3.38,15.368852,3.38
27905,25752,1.0,9.221311,2.03,9.221311,2.03
27896,3865,1.0,15.368852,3.38,15.368852,3.38
27896,25752,1.0,15.368852,3.38,15.368852,3.38
27895,3865,1.0,9.221311,2.03,9.221311,2.03
27895,25752,1.0,9.221311,2.03,9.221311,2.03
27895,3870,1.0,12.295082,2.7,12.295082,2.7
27895,25001,1.0,18.442623,4.06,18.442623,4.06
27893,3865,4.0,35.04918,7.71,35.04918,7.71
27888,25001,1.0,18.442623,4.06,18.442623,4.06
27888,3870,1.0,12.295082,2.7,12.295082,2.7
27887,3865,1.0,9.221311,2.03,9.221311,2.03
27887,25752,2.0,17.704918,3.9,17.704918,3.9
27886,25001,4.0,70.098361,15.42,63.090164,13.88
27885,25752,4.0,58.393443,12.85,52.557377,11.56
27885,25752,4.0,58.393443,12.85,52.557377,11.56
27884,3865,1.0,9.221311,2.03,9.221311,2.03
27884,25752,1.0,9.221311,2.03,9.221311,2.03
27884,3361,1.0,7.360656,1.62,7.360656,1.62
27883,25752,1.0,9.221311,2.03,8.295082,1.82
27883,3870,1.0,15.368852,3.38,13.827869,3.04
27883,3319,1.0,8.008197,1.76,7.213115,1.59
27882,3865,3.0,44.262295,9.74,44.262295,9.74
27881,3865,1.0,15.368852,3.38,15.368852,3.38
27880,3865,1.0,15.368852,3.38,13.836066,3.04
27880,3870,1.0,15.368852,3.38,13.836066,3.04
27880,25752,1.0,15.368852,3.38,13.836066,3.04
27880,25001,1.0,18.442623,4.06,16.590164,3.65
27880,unknown_pos_sale,1.0,21.47541,4.72,21.47541,4.72
27879,25752,1.0,9.221311,2.03,8.303279,1.83
27879,3865,1.0,9.221311,2.03,8.303279,1.83
27879,3870,1.0,15.368852,3.38,13.827869,3.04
27878,3865,2.0,29.508197,6.49,29.508197,6.49
27877,3865,2.0,29.508197,6.49,29.508197,6.49
27876,25752,3.0,26.557377,5.84,26.557377,5.84
27875,3865,1.0,15.368852,3.38,15.368852,3.38
27874,3865,1.0,15.368852,3.38,15.368852,3.38
27874,25752,1.0,9.221311,2.03,9.221311,2.03
27872,25001,1.0,18.442623,4.06,18.442623,4.06
27872,3870,1.0,12.295082,2.7,12.295082,2.7
27871,3865,2.0,29.508197,6.49,29.508197,6.49
27870,25752,4.0,35.04918,7.71,33.295082,7.32
27869,3865,1.0,9.221311,2.03,8.303279,1.83
27869,3870,1.0,12.295082,2.7,12.295082,2.7
27869,25752,2.0,17.704918,3.9,15.934426,3.51
27865,25001,2.0,35.409836,7.79,31.868852,7.01
27865,3870,1.0,12.295082,2.7,12.295082,2.7
27864,25752,4.0,35.04918,7.71,35.04918,7.71
27862,25752,3.0,26.557377,5.84,22.57377,4.97
27862,3865,1.0,15.368852,3.38,13.065574,2.87
27861,3865,2.0,17.704918,3.9,17.704918,3.9
27861,25752,1.0,9.221311,2.03,9.221311,2.03
27860,25752,2.0,29.508197,6.49,26.557377,5.84
27859,25752,2.0,17.704918,3.9,15.934426,3.51
27859,3870,1.0,15.368852,3.38,13.836066,3.04
27858,3313,2.0,19.639344,4.32,16.688525,3.67
27858,3319,2.0,16.016393,3.52,13.614754,3.0
27858,3314,2.0,18.393443,4.05,15.639344,3.44
27857,25752,2.0,29.508197,6.49,29.508197,6.49
27856,25752,1.0,9.221311,2.03,9.221311,2.03
27856,3865,1.0,9.221311,2.03,9.221311,2.03
27856,3870,1.0,12.295082,2.7,12.295082,2.7
27855,3865,1.0,9.221311,2.03,8.303279,1.83
27851,3865,2.0,29.508197,6.49,29.508197,6.49
27850,3865,1.0,15.368852,3.38,13.836066,3.04
27850,3870,1.0,12.295082,2.7,12.295082,2.7
27849,3865,1.0,15.368852,3.38,13.827869,3.04
27849,25752,1.0,15.368852,3.38,13.836066,3.04
27849,3870,1.0,12.295082,2.7,12.295082,2.7
27848,3865,1.0,15.368852,3.38,15.368852,3.38
27848,3870,1.0,12.295082,2.7,12.295082,2.7
27847,3865,2.0,17.704918,3.9,17.704918,3.9
27847,3870,1.0,12.295082,2.7,12.295082,2.7
27846,3865,2.0,29.508197,6.49,26.557377,5.84
27846,3870,1.0,12.295082,2.7,12.295082,2.7
27845,3870,1.0,15.368852,3.38,13.827869,3.04
27845,25752,1.0,9.221311,2.03,8.303279,1.83
27845,3865,1.0,9.221311,2.03,8.303279,1.83
27844,25752,1.0,15.368852,3.38,13.836066,3.04
27844,unknown_pos_sale,1.0,21.47541,4.72,21.47541,4.72
27843,25752,1.0,15.368852,3.38,15.368852,3.38
27842,25752,4.0,58.393443,12.85,58.393443,12.85
27841,3865,1.0,15.368852,3.38,15.368852,3.38
27841,3870,1.0,15.368852,3.38,15.368852,3.38
27840,unknown_pos_sale,1.0,41.508197,9.13,35.278689,7.76
27839,25752,1.0,9.221311,2.03,7.836066,1.72
27839,3865,1.0,9.221311,2.03,7.844262,1.73
27839,3870,1.0,12.295082,2.7,12.295082,2.7
27838,3865,4.0,58.393443,12.85,58.393443,12.85
27835,25752,1.0,15.368852,3.38,13.065574,2.87
27835,3870,1.0,15.368852,3.38,13.065574,2.87
27834,25752,4.0,35.04918,7.71,29.786885,6.55
27834,3865,4.0,35.04918,7.71,29.795082,6.55
27834,3870,1.0,12.295082,2.7,12.295082,2.7
27833,unknown_pos_sale,1.0,20.286885,4.46,20.286885,4.46
27832,unknown_pos_sale,2.0,27.442623,6.04,24.696721,5.43
27830,25752,1.0,15.368852,3.38,13.065574,2.87
27830,unknown_pos_sale,1.0,21.47541,4.72,21.47541,4.72
27830,3865,1.0,15.368852,3.38,13.065574,2.87
27830,3870,1.0,12.295082,2.7,12.295082,2.7
27829,25752,2.0,17.704918,3.9,17.704918,3.9
27829,3865,2.0,29.508197,6.49,29.508197,6.49
27828,3865,1.0,15.368852,3.38,13.836066,3.04
27828,3870,1.0,12.295082,2.7,12.295082,2.7
27827,3865,4.0,35.04918,7.71,31.540984,6.94
27826,3865,1.0,9.221311,2.03,8.295082,1.82
27826,3870,1.0,12.295082,2.7,12.295082,2.7
27826,25752,1.0,9.221311,2.03,8.303279,1.83
27825,3865,4.0,58.393443,12.85,55.47541,12.2
27824,3865,2.0,29.508197,6.49,29.508197,6.49
27823,24437,1.0,26.557377,5.84,26.557377,5.84
27822,23378,1.0,29.491803,6.49,29.491803,6.49
27821,3865,1.0,9.221311,2.03,9.221311,2.03
27821,3870,1.0,15.368852,3.38,15.368852,3.38
27821,25752,2.0,17.704918,3.9,17.704918,3.9
27817,3865,7.0,61.336066,13.49,55.196721,12.14
27817,unknown_pos_sale,1.0,13.721311,3.02,12.352459,2.72
27816,23378,1.0,44.237705,9.73,44.237705,9.73
27815,unknown_pos_sale,1.0,13.721311,3.02,13.721311,3.02
27814,25001,1.0,18.442623,4.06,18.442623,4.06
27814,25001,1.0,18.442623,4.06,18.442623,4.06
27813,3870,1.0,15.368852,3.38,13.827869,3.04
27813,3865,1.0,15.368852,3.38,13.836066,3.04
27812,3865,2.0,29.508197,6.49,29.508197,6.49
27811,3865,3.0,44.262295,9.74,39.836066,8.76
27810,3865,4.0,35.04918,7.71,35.04918,7.71
27809,25752,2.0,29.508197,6.49,29.508197,6.49
27809,3865,2.0,29.508197,6.49,29.508197,6.49
27807,25752,2.0,29.508197,6.49,26.557377,5.84
27807,3870,2.0,29.508197,6.49,26.557377,5.84
27806,3865,2.0,29.508197,6.49,29.508197,6.49
27806,25752,3.0,44.262295,9.74,44.262295,9.74
27806,3870,1.0,12.295082,2.7,12.295082,2.7
27805,unknown_gift_item,1.0,44.237705,9.73,44.237705,9.73
27804,3865,1.0,15.368852,3.38,15.368852,3.38
27804,25752,1.0,15.368852,3.38,15.368852,3.38
27804,3870,1.0,12.295082,2.7,12.295082,2.7
27803,25001,1.0,18.442623,4.06,18.442623,4.06
27803,3870,1.0,12.295082,2.7,12.295082,2.7
27803,25001,1.0,18.442623,4.06,18.442623,4.06
27800,3865,2.0,17.704918,3.9,15.92623,3.5
27800,unknown_pos_sale,1.0,12.286885,2.7,11.065574,2.43
27799,3865,1.0,15.368852,3.38,13.836066,3.04
27799,25752,1.0,15.368852,3.38,13.836066,3.04
27799,25001,1.0,18.442623,4.06,16.590164,3.65
27797,25752,4.0,58.393443,12.85,58.393443,12.85
27796,25752,2.0,29.508197,6.49,29.508197,6.49
27770,3865,2.0,29.508197,6.49,26.557377,5.84
27769,25752,2.0,17.704918,3.9,17.704918,3.9
27768,3865,2.0,29.508197,6.49,29.508197,6.49
27768,3870,1.0,12.295082,2.7,12.295082,2.7
27767,3865,2.0,29.508197,6.49,29.508197,6.49
27766,25752,1.0,9.221311,2.03,9.221311,2.03
27766,3865,1.0,9.221311,2.03,9.221311,2.03
27766,25001,1.0,18.442623,4.06,18.442623,4.06
27765,3865,1.0,15.368852,3.38,15.368852,3.38
27765,3870,1.0,15.368852,3.38,15.368852,3.38
27765,25752,1.0,15.368852,3.38,15.368852,3.38
27764,3865,4.0,58.393443,12.85,58.393443,12.85
27758,3870,1.0,15.368852,3.38,13.836066,3.04
27758,25001,1.0,16.385246,3.6,16.385246,3.6
27755,25752,1.0,9.221311,2.03,9.221311,2.03
27755,3865,1.0,15.368852,3.38,15.368852,3.38
27755,3870,1.0,12.295082,2.7,12.295082,2.7
27738,25752,1.0,15.368852,3.38,15.368852,3.38
27738,25752,2.0,29.508197,6.49,29.508197,6.49
27676,3865,1.0,15.368852,3.38,15.368852,3.38
27676,25752,1.0,15.368852,3.38,15.368852,3.38
27673,25001,1.0,18.442623,4.06,18.442623,4.06
27648,25752,1.0,15.368852,3.38,15.368852,3.38
27647,3865,1.0,15.368852,3.38,13.836066,3.04
27647,25752,1.0,15.368852,3.38,13.836066,3.04
27647,3870,1.0,15.368852,3.38,13.836066,3.04
27647,25001,1.0,18.442623,4.06,16.590164,3.65
27646,unknown_pos_sale,12.0,288.098361,63.38,244.885246,53.87
27644,3865,2.0,30.737705,6.76,29.508197,6.49
27644,25752,2.0,30.737705,6.76,29.508197,6.49
27642,3319,6.0,48.04918,10.57,35.409836,7.79
27642,3313,6.0,58.918033,12.96,46.278689,10.18
27642,3320,12.0,58.918033,12.96,33.639344,7.4
27642,3386,12.0,68.754098,15.13,43.475409,9.56
27642,25001,2.0,36.885246,8.11,32.688525,7.19
27642,25752,2.0,30.737705,6.76,26.540984,5.84
27641,25001,2.0,35.409836,7.79,31.860656,7.01
27641,3870,1.0,12.295082,2.7,12.295082,2.7
27641,3865,1.0,9.221311,2.03,8.303279,1.83
27641,25752,1.0,9.221311,2.03,8.303279,1.83
27640,25752,2.0,29.508197,6.49,29.508197,6.49
27637,25752,2.0,29.508197,6.49,26.557377,5.84
27631,3865,1.0,15.368852,3.38,13.836066,3.04
27631,3870,1.0,12.295082,2.7,12.295082,2.7
27603,25752,4.0,35.04918,7.71,31.540984,6.94
27555,25752,5.0,43.811475,9.64,43.811475,9.64
27555,unknown_pos_sale,1.0,21.47541,4.72,21.47541,4.72
27554,3865,6.0,87.590164,19.27,78.827869,17.34
27552,3865,4.0,35.04918,7.71,35.04918,7.71
27548,25752,2.0,18.442623,4.06,14.827869,3.26
27548,3870,2.0,30.737705,6.76,25.270492,5.56
27548,25001,4.0,73.770492,16.23,60.959017,13.41
27548,3386,4.0,22.918033,5.04,17.745902,3.9
27547,3313,12.0,103.672131,22.81,103.672131,22.81
27547,3870,1.0,12.295082,2.7,12.295082,2.7
27545,unknown_pos_sale,1.0,20.286885,4.46,20.286885,4.46
27545,unknown_pos_sale,1.0,13.721311,3.02,13.721311,3.02
27544,3865,2.0,29.508197,6.49,29.508197,6.49
27543,3870,4.0,58.393443,12.85,52.54918,11.56
27543,25752,2.0,17.704918,3.9,17.704918,3.9
27543,3870,1.0,15.368852,3.38,13.836066,3.04
27543,25752,1.0,9.221311,2.03,9.221311,2.03
27542,3865,2.0,17.704918,3.9,17.704918,3.9
27542,3870,1.0,12.295082,2.7,12.295082,2.7
27541,25752,4.0,35.04918,7.71,31.540984,6.94
27540,25752,4.0,58.393443,12.85,58.393443,12.85
27539,25001,4.0,70.098361,15.42,70.098361,15.42
27538,unknown_pos_sale,6.0,32.311475,7.11,29.081967,6.4
27531,3865,4.0,35.04918,7.71,31.540984,6.94
27530,3870,2.0,29.508197,6.49,29.508197,6.49
27529,3865,4.0,58.393443,12.85,58.393443,12.85
27528,3865,4.0,58.393443,12.85,58.393443,12.85
27527,25001,1.0,16.385246,3.6,16.385246,3.6
27527,3870,1.0,15.368852,3.38,15.368852,3.38
27526,25001,1.0,18.442623,4.06,18.442623,4.06
27526,25752,1.0,9.221311,2.03,9.221311,2.03
27525,3865,1.0,15.368852,3.38,13.836066,3.04
27525,3870,1.0,12.295082,2.7,12.295082,2.7
27524,25752,1.0,9.221311,2.03,9.221311,2.03
27524,25752,1.0,15.368852,3.38,15.368852,3.38
27523,3870,2.0,29.508197,6.49,29.508197,6.49
27522,3865,1.0,9.221311,2.03,8.303279,1.83
27522,3870,1.0,12.295082,2.7,12.295082,2.7
27521,3865,1.0,9.221311,2.03,9.221311,2.03
27521,3870,1.0,15.368852,3.38,15.368852,3.38
27520,3870,1.0,15.368852,3.38,15.368852,3.38
27520,25001,1.0,16.385246,3.6,16.385246,3.6
27519,25001,2.0,35.409836,7.79,35.409836,7.79
27518,3386,6.0,33.0,7.26,33.0,7.26
27517,3865,4.0,58.393443,12.85,58.393443,12.85
27516,3865,5.0,43.811475,9.64,39.434426,8.68
27516,25001,1.0,18.442623,4.06,16.598361,3.65
27516,3870,2.0,29.508197,6.49,26.557377,5.84
27515,25001,4.0,70.098361,15.42,70.098361,15.42
27514,3865,1.0,15.368852,3.38,15.368852,3.38
27514,3870,1.0,12.295082,2.7,12.295082,2.7
27513,25001,2.0,35.409836,7.79,35.409836,7.79
27512,unknown_pos_sale,1.0,13.721311,3.02,11.663934,2.57
27512,unknown_pos_sale,1.0,21.47541,4.72,21.47541,4.72
27511,3865,1.0,15.368852,3.38,13.065574,2.87
27511,3865,1.0,15.368852,3.38,13.065574,2.87
27510,3870,1.0,15.368852,3.38,15.368852,3.38
27510,3865,1.0,9.221311,2.03,9.221311,2.03
27509,3361,12.0,77.704918,17.1,66.04918,14.53
27508,25752,1.0,9.221311,2.03,8.303279,1.83
27508,unknown_pos_sale,1.0,21.47541,4.72,21.47541,4.72
27507,25752,1.0,9.221311,2.03,8.303279,1.83
27507,unknown_pos_sale,1.0,21.47541,4.72,21.47541,4.72
27503,3865,1.0,9.221311,2.03,9.221311,2.03
27503,25752,1.0,9.221311,2.03,9.221311,2.03
27503,3386,1.0,5.729508,1.26,5.729508,1.26
27503,3386,1.0,5.729508,1.26,5.729508,1.26
27502,3870,2.0,29.508197,6.49,29.508197,6.49
27501,3870,1.0,15.368852,3.38,13.827869,3.04
27501,25001,1.0,16.385246,3.6,16.385246,3.6
27501,3865,1.0,9.221311,2.03,8.303279,1.83
27500,3865,4.0,35.04918,7.71,31.540984,6.94
27499,3865,1.0,15.368852,3.38,15.368852,3.38
27499,3870,1.0,12.295082,2.7,12.295082,2.7
27498,3865,1.0,15.368852,3.38,15.368852,3.38
27498,3870,1.0,12.295082,2.7,12.295082,2.7
27497,23378,1.0,44.237705,9.73,44.237705,9.73
27496,3870,2.0,29.508197,6.49,29.508197,6.49
27496,3865,1.0,9.221311,2.03,9.221311,2.03
27495,3870,1.0,15.368852,3.38,15.368852,3.38
27495,3865,1.0,9.221311,2.03,9.221311,2.03
27495,25752,1.0,9.221311,2.03,9.221311,2.03
27494,unknown_pos_sale,1.0,29.5,6.49,26.54918,5.84
27493,3865,4.0,58.393443,12.85,55.114754,12.13
27493,3870,1.0,12.295082,2.7,11.47541,2.52
27491,25026,1.0,87.622951,19.28,87.622951,19.28
27488,3865,3.0,44.262295,9.74,39.836066,8.76
27487,3865,1.0,15.368852,3.38,15.368852,3.38
27486,3865,4.0,58.393443,12.85,58.393443,12.85
27485,3865,1.0,15.368852,3.38,13.827869,3.04
27485,25752,1.0,15.368852,3.38,13.836066,3.04
27484,3865,1.0,15.368852,3.38,13.827869,3.04
27484,3870,1.0,15.368852,3.38,13.836066,3.04
27483,3865,2.0,29.508197,6.49,29.508197,6.49
27482,3865,1.0,9.221311,2.03,8.295082,1.82
27482,3870,1.0,12.295082,2.7,12.295082,2.7
27482,25752,1.0,9.221311,2.03,8.303279,1.83
27481,3865,2.0,17.704918,3.9,15.92623,3.5
27481,3870,1.0,15.368852,3.38,13.836066,3.04
27481,unknown_pos_sale,1.0,29.5,6.49,26.557377,5.84
27479,25752,1.0,9.221311,2.03,8.303279,1.83
27479,3870,1.0,15.368852,3.38,13.827869,3.04
27477,25001,1.0,18.442623,4.06,18.442623,4.06
27476,3865,2.0,17.704918,3.9,17.704918,3.9
27476,3870,2.0,24.590164,5.41,24.590164,5.41
27475,unknown_pos_sale,1.0,49.155738,10.81,49.155738,10.81
27474,3865,1.0,15.368852,3.38,13.836066,3.04
27473,3870,2.0,29.508197,6.49,29.508197,6.49
27472,unknown_pos_sale,1.0,49.155738,10.81,49.155738,10.81
27472,unknown_pos_sale,1.0,29.5,6.49,29.5,6.49
27472,3870,1.0,12.295082,2.7,12.295082,2.7
27472,unknown_pos_sale,1.0,49.155738,10.81,49.155738,10.81
27471,3865,1.0,9.221311,2.03,9.221311,2.03
27470,25752,2.0,29.508197,6.49,26.557377,5.84
27469,25752,1.0,15.368852,3.38,13.827869,3.04
27469,3865,1.0,15.368852,3.38,13.836066,3.04
27469,3870,1.0,12.295082,2.7,12.295082,2.7
27469,unknown_pos_sale,1.0,21.47541,4.72,21.47541,4.72
27468,3865,1.0,9.221311,2.03,9.221311,2.03
27468,25752,1.0,15.368852,3.38,15.368852,3.38
27467,3865,2.0,29.508197,6.49,29.508197,6.49
27466,25752,1.0,9.221311,2.03,9.221311,2.03
27466,unknown_pos_sale,1.0,21.47541,4.72,21.47541,4.72
27465,3865,1.0,15.368852,3.38,13.065574,2.87
27465,25752,1.0,15.368852,3.38,13.065574,2.87
27464,3386,6.0,33.0,7.26,29.696721,6.53
27464,25752,3.0,26.557377,5.84,23.901639,5.26
27463,25752,3.0,27.663934,6.09,27.663934,6.09
27462,3870,2.0,29.508197,6.49,26.557377,5.84
27461,25752,2.0,17.704918,3.9,15.934426,3.51
27461,3865,2.0,17.704918,3.9,15.934426,3.51
27460,3865,2.0,29.508197,6.49,29.508197,6.49
27459,3865,4.0,35.04918,7.71,31.540984,6.94
27459,3870,1.0,12.295082,2.7,12.295082,2.7
27458,25752,1.0,9.221311,2.03,9.221311,2.03
27457,unknown_pos_sale,1.0,21.47541,4.72,21.47541,4.72
27457,25752,3.0,44.262295,9.74,39.836066,8.76
27456,25752,1.0,15.368852,3.38,13.827869,3.04
27456,3865,1.0,15.368852,3.38,13.836066,3.04
27454,3870,4.0,58.393443,12.85,52.557377,11.56
27453,3865,4.0,35.04918,7.71,35.04918,7.71
27452,3865,1.0,15.368852,3.38,13.836066,3.04
27451,25752,4.0,35.04918,7.71,35.04918,7.71
27450,unknown_pos_sale,1.0,13.721311,3.02,12.352459,2.72
27450,3386,2.0,11.459016,2.52,10.303279,2.27
27450,3870,1.0,15.368852,3.38,13.836066,3.04
27450,25001,1.0,16.385246,3.6,16.385246,3.6
27449,25752,2.0,29.508197,6.49,29.508197,6.49
27448,25752,1.0,15.368852,3.38,15.368852,3.38
27448,3865,1.0,15.368852,3.38,15.368852,3.38
27447,3865,1.0,15.368852,3.38,15.368852,3.38
27447,3870,1.0,12.295082,2.7,12.295082,2.7
27446,3865,4.0,61.47541,13.52,55.327869,12.17
27445,3870,1.0,15.368852,3.38,13.836066,3.04
27445,25001,1.0,16.385246,3.6,16.385246,3.6
27444,3870,2.0,29.508197,6.49,29.508197,6.49
27443,3865,1.0,15.368852,3.38,15.368852,3.38
27443,3870,1.0,12.295082,2.7,12.295082,2.7
27441,25752,1.0,9.221311,2.03,9.221311,2.03
27440,25752,2.0,29.508197,6.49,26.557377,5.84
27440,3865,2.0,29.508197,6.49,26.557377,5.84
27439,25752,4.0,35.04918,7.71,31.540984,6.94
27437,25752,2.0,29.508197,6.49,29.508197,6.49
27436,25752,2.0,29.508197,6.49,26.557377,5.84
27435,3865,2.0,17.704918,3.9,17.704918,3.9
27435,unknown_pos_sale,1.0,29.5,6.49,29.5,6.49
27434,3870,1.0,15.368852,3.38,15.368852,3.38
27434,25001,1.0,16.385246,3.6,16.385246,3.6
27434,3314,6.0,51.885246,11.41,51.885246,11.41
27433,25752,2.0,29.508197,6.49,29.508197,6.49
27432,3865,2.0,29.508197,6.49,29.508197,6.49
27432,3870,1.0,12.295082,2.7,12.295082,2.7
27431,3870,1.0,15.368852,3.38,13.836066,3.04
27431,25752,2.0,29.508197,6.49,29.508197,6.49
27430,3865,4.0,58.393443,12.85,49.631148,10.92
27429,24437,1.0,8.852459,1.95,8.852459,1.95
27428,25026,1.0,17.52459,3.86,17.52459,3.86
27427,23378,1.0,14.745902,3.24,14.745902,3.24
27426,3865,1.0,15.368852,3.38,15.368852,3.38
27426,25752,1.0,9.221311,2.03,9.221311,2.03
27425,3870,1.0,15.368852,3.38,15.368852,3.38
27425,25752,1.0,9.221311,2.03,9.221311,2.03
27425,3313,1.0,9.819672,2.16,9.819672,2.16
27424,3865,4.0,35.04918,7.71,35.04918,7.71
27423,3865,12.0,175.180328,38.54,157.663934,34.69
27423,3870,1.0,12.295082,2.7,12.295082,2.7
27422,3865,1.0,15.368852,3.38,15.368852,3.38
27421,3865,4.0,58.393443,12.85,52.557377,11.56
27421,3870,1.0,12.295082,2.7,12.295082,2.7
27420,3865,1.0,15.368852,3.38,15.368852,3.38
27420,3870,1.0,12.295082,2.7,12.295082,2.7
27419,3870,2.0,29.508197,6.49,26.557377,5.84
27418,25752,4.0,35.04918,7.71,31.540984,6.94
27418,unknown_pos_sale,1.0,21.47541,4.72,21.47541,4.72
27416,3870,1.0,15.368852,3.38,15.368852,3.38
27415,3870,2.0,29.508197,6.49,26.557377,5.84
27414,25752,2.0,17.704918,3.9,15.934426,3.51
27414,25001,2.0,35.409836,7.79,31.868852,7.01
27414,25001,1.0,18.442623,4.06,16.598361,3.65
27413,3870,1.0,15.368852,3.38,13.836066,3.04
27413,3361,6.0,41.508197,9.13,41.508197,9.13
27410,25001,4.0,70.098361,15.42,63.090164,13.88
27409,3361,6.0,41.508197,9.13,37.352459,8.22
27409,3386,6.0,33.0,7.26,29.704918,6.54
27408,25752,1.0,9.221311,2.03,8.303279,1.83
27406,25752,2.0,29.508197,6.49,29.508197,6.49
27406,3870,1.0,15.368852,3.38,13.836066,3.04
27405,3865,2.0,17.704918,3.9,15.934426,3.51
27404,3870,2.0,29.508197,6.49,26.557377,5.84
27404,25752,1.0,15.368852,3.38,13.836066,3.04
27403,25001,2.0,35.409836,7.79,35.409836,7.79
27402,25752,2.0,17.704918,3.9,17.704918,3.9
27402,25752,1.0,9.221311,2.03,9.221311,2.03
27401,3870,5.0,72.991803,16.06,65.696721,14.45
27400,3865,2.0,29.508197,6.49,26.557377,5.84
27400,3870,1.0,12.295082,2.7,12.295082,2.7
27400,25752,2.0,29.508197,6.49,26.557377,5.84
27399,3870,1.0,15.368852,3.38,13.827869,3.04
27399,3870,1.0,15.368852,3.38,13.836066,3.04
27398,3870,1.0,15.368852,3.38,13.836066,3.04
27398,25001,1.0,16.385246,3.6,16.385246,3.6
27397,25752,3.0,26.557377,5.84,26.557377,5.84
27396,3865,2.0,29.508197,6.49,29.508197,6.49
27396,3870,2.0,29.508197,6.49,29.508197,6.49
27396,25001,2.0,35.409836,7.79,35.409836,7.79
27396,25752,2.0,29.508197,6.49,29.508197,6.49
27395,25752,2.0,30.737705,6.76,27.663935,6.09
27392,3865,1.0,15.368852,3.38,15.368852,3.38
27390,unknown_pos_sale,1.0,29.5,6.49,29.5,6.49
27385,25752,1.0,15.368852,3.38,13.836066,3.04
27384,3865,1.0,15.368852,3.38,15.368852,3.38
27384,25001,1.0,18.442623,4.06,18.442623,4.06
27383,3865,1.0,9.221311,2.03,8.295082,1.82
27383,3870,1.0,12.295082,2.7,12.295082,2.7
27383,25752,1.0,9.221311,2.03,8.303279,1.83
27382,3870,1.0,15.368852,3.38,15.368852,3.38
27382,25752,1.0,15.368852,3.38,15.368852,3.38
27381,3314,6.0,51.885246,11.41,51.885246,11.41
27380,23378,1.0,29.491803,6.49,29.491803,6.49
27379,25752,1.0,15.368852,3.38,13.827869,3.04
27379,3865,1.0,15.368852,3.38,13.836066,3.04
27378,3865,1.0,9.221311,2.03,9.221311,2.03
27378,25752,2.0,17.704918,3.9,17.704918,3.9
27375,25752,1.0,9.221311,2.03,8.762295,1.93
27375,unknown_pos_sale,1.0,21.47541,4.72,21.47541,4.72
27373,3870,2.0,29.508197,6.49,26.557377,5.84
27365,25752,3.0,26.557377,5.84,26.557377,5.84
27364,3865,3.0,44.262295,9.74,39.836066,8.76
27363,3865,2.0,17.704918,3.9,17.704918,3.9
27363,3870,1.0,12.295082,2.7,12.295082,2.7
27354,25752,4.0,35.04918,7.71,35.04918,7.71
27346,25752,1.0,9.221311,2.03,8.303279,1.83
27346,25752,1.0,15.368852,3.38,13.827869,3.04
27346,25752,1.0,9.221311,2.03,8.303279,1.83
27345,3870,2.0,29.508197,6.49,23.901639,5.26
27345,25001,1.0,18.442623,4.06,16.598361,3.65
27344,3870,1.0,15.368852,3.38,15.368852,3.38
27344,25001,1.0,16.385246,3.6,16.385246,3.6
27343,3865,1.0,15.368852,3.38,13.836066,3.04
27343,3870,1.0,12.295082,2.7,12.295082,2.7
27342,3870,1.0,15.368852,3.38,15.368852,3.38
27342,25752,1.0,9.221311,2.03,9.221311,2.03
27341,25752,2.0,29.508197,6.49,29.508197,6.49
27341,3865,1.0,15.368852,3.38,15.368852,3.38
27340,3870,1.0,15.368852,3.38,15.368852,3.38
27340,unknown_pos_sale,1.0,13.721311,3.02,13.721311,3.02
27339,25001,1.0,18.442623,4.06,18.442623,4.06
27339,3870,1.0,12.295082,2.7,12.295082,2.7
27337,3870,2.0,29.508197,6.49,26.557377,5.84
27336,25752,2.0,29.508197,6.49,29.508197,6.49
27336,3865,2.0,29.508197,6.49,29.508197,6.49
27335,25752,2.0,17.704918,3.9,17.704918,3.9
27335,25001,2.0,35.409836,7.79,35.409836,7.79
27334,3870,1.0,15.368852,3.38,15.368852,3.38
27334,25752,1.0,9.221311,2.03,9.221311,2.03
27333,3870,1.0,15.368852,3.38,13.827869,3.04
27333,25752,1.0,9.221311,2.03,8.303279,1.83
27332,25752,1.0,15.368852,3.38,15.368852,3.38
27332,3865,1.0,9.221311,2.03,9.221311,2.03
27331,25001,3.0,49.155738,10.81,49.155738,10.81
27330,3865,1.0,15.368852,3.38,15.368852,3.38
27330,25752,1.0,9.221311,2.03,9.221311,2.03
27330,3870,1.0,15.368852,3.38,15.368852,3.38
27329,25752,1.0,15.368852,3.38,15.368852,3.38
27328,3870,2.0,29.508197,6.49,26.557377,5.84
27327,3870,1.0,15.368852,3.38,15.368852,3.38
27327,25752,1.0,9.221311,2.03,9.221311,2.03
27326,unknown_pos_sale,2.0,54.557377,12.0,49.098361,10.8
27325,3870,4.0,58.393443,12.85,58.393443,12.85
27324,3870,4.0,58.393443,12.85,58.393443,12.85
27324,25001,1.0,16.385246,3.6,16.385246,3.6
27322,unknown_gift_item,1.0,44.237705,9.73,44.237705,9.73
27321,25001,4.0,70.098361,15.42,70.098361,15.42
27319,3870,4.0,58.393443,12.85,58.393443,12.85
27318,25001,1.0,18.442623,4.06,18.442623,4.06
27317,3865,2.0,29.508197,6.49,29.508197,6.49
27316,3865,1.0,15.368852,3.38,15.368852,3.38
27316,unknown_pos_sale,1.0,13.721311,3.02,13.721311,3.02
27315,26420,1.0,29.491803,6.49,29.491803,6.49
27314,25752,2.0,17.704918,3.9,17.704918,3.9
27314,3865,2.0,29.508197,6.49,29.508197,6.49
27313,unknown_pos_sale,1.0,49.155738,10.81,49.155738,10.81
27313,25752,1.0,15.368852,3.38,15.368852,3.38
27312,3870,1.0,15.368852,3.38,13.836066,3.04
27312,25752,1.0,15.368852,3.38,15.368852,3.38
27311,25752,4.0,58.393443,12.85,58.393443,12.85
27291,25752,1.0,15.368852,3.38,15.368852,3.38
27291,unknown_pos_sale,1.0,21.47541,4.72,21.47541,4.72
27290,25752,4.0,35.04918,7.71,35.04918,7.71
27289,3870,1.0,15.368852,3.38,13.836066,3.04
27289,3865,2.0,29.508197,6.49,29.508197,6.49
27288,25752,2.0,17.704918,3.9,15.934426,3.51
27288,3865,1.0,15.368852,3.38,13.836066,3.04
27287,25752,2.0,17.704918,3.9,17.704918,3.9
27287,25001,1.0,18.442623,4.06,18.442623,4.06
27287,3865,1.0,15.368852,3.38,15.368852,3.38
27287,3870,1.0,12.295082,2.7,12.295082,2.7
27286,25752,1.0,15.368852,3.38,13.836066,3.04
27285,3870,2.0,29.508197,6.49,29.508197,6.49
27285,3865,1.0,15.368852,3.38,15.368852,3.38
27284,25001,1.0,18.442623,4.06,18.442623,4.06
27283,unknown_pos_sale,1.0,29.5,6.49,29.5,6.49
27282,unknown_pos_sale,1.0,29.5,6.49,29.5,6.49
27281,3865,5.0,72.991803,16.06,72.991803,16.06
27280,25752,4.0,58.393443,12.85,52.557377,11.56
27279,3870,1.0,15.368852,3.38,15.368852,3.38
27279,25001,1.0,18.442623,4.06,18.442623,4.06
27278,unknown_pos_sale,1.0,29.5,6.49,29.5,6.49
27278,unknown_pos_sale,1.0,20.286885,4.46,20.286885,4.46
27277,25752,4.0,58.393443,12.85,49.631148,10.92
27276,3865,1.0,15.368852,3.38,13.836066,3.04
27276,3870,1.0,12.295082,2.7,12.295082,2.7
27262,3870,1.0,15.368852,3.38,15.368852,3.38
27262,25001,1.0,18.442623,4.06,18.442623,4.06
27261,25001,2.0,35.409836,7.79,31.868852,7.01
27261,3870,1.0,12.295082,2.7,12.295082,2.7
27260,3865,1.0,15.368852,3.38,15.368852,3.38
27260,25752,2.0,17.704918,3.9,17.704918,3.9
27251,3865,2.0,29.508197,6.49,29.508197,6.49
27251,25752,4.0,35.04918,7.71,35.04918,7.71
27251,3870,1.0,15.368852,3.38,13.836066,3.04
27250,3870,1.0,12.295082,2.7,12.295082,2.7
27250,25752,1.0,9.221311,2.03,9.221311,2.03
27250,3865,1.0,15.368852,3.38,15.368852,3.38
27250,3870,1.0,15.368852,3.38,15.368852,3.38
27249,25752,2.0,17.704918,3.9,17.704918,3.9
27249,3870,1.0,15.368852,3.38,13.836066,3.04
27248,3870,1.0,15.368852,3.38,13.836066,3.04
27248,25001,1.0,16.385246,3.6,16.385246,3.6
27247,3870,1.0,15.368852,3.38,13.836066,3.04
27247,25752,2.0,17.704918,3.9,17.704918,3.9
27246,3870,2.0,29.508197,6.49,29.508197,6.49
27246,25001,1.0,16.385246,3.6,16.385246,3.6
27245,3870,2.0,29.508197,6.49,26.557377,5.84
27244,3865,2.0,29.508197,6.49,29.508197,6.49
27243,3870,2.0,29.508197,6.49,26.557377,5.84
27243,3865,1.0,15.368852,3.38,15.368852,3.38
27242,25752,1.0,9.22,2.03,9.22,2.03
27241,3870,3.0,44.262295,9.74,39.836066,8.76
27241,25001,1.0,16.385246,3.6,16.385246,3.6
27240,3870,2.0,29.508197,6.49,26.557377,5.84
27240,unknown_pos_sale,1.0,51.885246,11.41,51.885246,11.41
27240,unknown_pos_sale,1.0,55.377049,12.18,55.377049,12.18
27239,3865,2.0,30.74,6.76,29.24,6.43
27239,3870,1.0,15.37,3.38,12.57,2.77
27238,3870,1.0,15.368852,3.38,15.368852,3.38
27238,25001,1.0,16.385246,3.6,16.385246,3.6
27237,3865,1.0,15.368852,3.38,15.368852,3.38
27237,3870,1.0,12.295082,2.7,12.295082,2.7
27236,3865,2.0,29.508197,6.49,26.557377,5.84
27235,unknown_pos_sale,3.0,41.163934,9.06,41.163934,9.06
27235,unknown_pos_sale,1.0,49.155738,10.81,49.155738,10.81
27234,3870,1.0,15.368852,3.38,15.368852,3.38
27234,25001,1.0,16.385246,3.6,16.385246,3.6
27234,3865,1.0,15.368852,3.38,15.368852,3.38
27233,3865,1.0,15.368852,3.38,15.368852,3.38
27233,25752,1.0,9.221311,2.03,9.221311,2.03
27232,3865,1.0,15.368852,3.38,15.368852,3.38
27232,3870,1.0,12.295082,2.7,12.295082,2.7
27231,25752,4.0,35.04918,7.71,35.04918,7.71
27227,3361,2.0,14.721311,3.24,14.721311,3.24
27227,3314,2.0,18.393443,4.05,18.393443,4.05
27227,3319,1.0,8.008197,1.76,8.008197,1.76
27226,3865,1.0,15.368852,3.38,15.368852,3.38
27217,3870,6.0,92.22,20.29,83.0,18.26
27216,3865,1.0,15.368852,3.38,13.836066,3.04
27216,3870,1.0,12.295082,2.7,12.295082,2.7
27213,3865,1.0,15.368852,3.38,15.368852,3.38
27212,25752,4.0,35.04918,7.71,31.540984,6.94
27211,3865,1.0,15.368852,3.38,15.368852,3.38
27211,3870,1.0,12.295082,2.7,12.295082,2.7
27211,25752,1.0,9.221311,2.03,9.221311,2.03
27211,25752,1.0,9.221311,2.03,9.221311,2.03
27211,unknown_pos_sale,1.0,21.47541,4.72,21.47541,4.72
27210,3865,2.0,29.508197,6.49,29.508197,6.49
27209,3870,2.0,29.508197,6.49,29.508197,6.49
27205,25752,1.0,9.221311,2.03,9.221311,2.03
27205,3865,1.0,15.368852,3.38,15.368852,3.38
27205,3870,1.0,12.295082,2.7,12.295082,2.7
27204,3865,1.0,15.368852,3.38,13.827869,3.04
27204,3870,1.0,15.368852,3.38,13.836066,3.04
27202,unknown_pos_sale,1.0,27.278689,6.0,27.278689,6.0
27201,25752,4.0,35.04918,7.71,31.54918,6.94
27201,3865,4.0,58.393443,12.85,52.54918,11.56
27200,3865,2.0,29.508197,6.49,29.508197,6.49
27199,3865,2.0,29.508197,6.49,29.508197,6.49
27198,3386,3.0,16.844262,3.71,15.155738,3.33
27198,3865,1.0,15.368852,3.38,13.836066,3.04
27197,3870,2.0,29.508197,6.49,29.508197,6.49
27197,3865,2.0,29.508197,6.49,29.508197,6.49
27196,3865,2.0,29.508197,6.49,26.557377,5.84
27195,3314,2.0,18.393443,4.05,16.540984,3.64
27195,3319,1.0,8.008197,1.76,7.213115,1.59
27195,unknown_pos_sale,1.0,27.278689,6.0,24.557377,5.4
27190,25752,2.0,17.704918,3.9,15.04918,3.31
27190,3386,6.0,33.0,7.26,28.04918,6.17
27189,3865,1.0,15.368852,3.38,15.368852,3.38
27189,25752,1.0,9.221311,2.03,9.221311,2.03
27187,3865,2.0,29.508197,6.49,29.508197,6.49
27185,3870,2.0,29.508197,6.49,26.557377,5.84
27183,3865,2.0,29.508197,6.49,26.557377,5.84
27182,25001,1.0,18.442623,4.06,18.442623,4.06
27182,unknown_pos_sale,1.0,23.278689,5.12,23.278689,5.12
27181,25752,4.0,35.04918,7.71,31.540984,6.94
27180,unknown_pos_sale,1.0,27.278689,6.0,27.278689,6.0
27179,unknown_pos_sale,1.0,29.5,6.49,29.5,6.49
27178,3865,2.0,29.508197,6.49,29.508197,6.49
27178,25752,2.0,17.704918,3.9,17.704918,3.9
27177,3870,2.0,29.508197,6.49,29.508197,6.49
27177,25001,2.0,35.409836,7.79,35.409836,7.79
27176,25752,1.0,9.221311,2.03,9.221311,2.03
27176,3870,1.0,15.368852,3.38,15.368852,3.38
27175,3870,1.0,15.368852,3.38,15.368852,3.38
27175,3865,1.0,15.368852,3.38,15.368852,3.38
27174,3865,2.0,29.508197,6.49,26.557377,5.84
27173,3865,4.0,58.393443,12.85,58.393443,12.85
27171,25752,2.0,17.704918,3.9,17.704918,3.9
27171,3865,1.0,15.368852,3.38,15.368852,3.38
27169,23378,1.0,29.491803,6.49,29.491803,6.49
27168,3865,2.0,29.508197,6.49,29.508197,6.49
27167,3870,2.0,29.508197,6.49,26.557377,5.84
27167,25752,1.0,9.221311,2.03,8.303279,1.83
27166,3865,1.0,15.368852,3.38,15.368852,3.38
27166,3870,1.0,15.368852,3.38,15.368852,3.38
27165,3865,1.0,15.368852,3.38,13.827869,3.04
27165,3870,1.0,15.368852,3.38,13.836066,3.04
27164,3865,4.0,58.393443,12.85,58.393443,12.85
27164,unknown_pos_sale,1.0,23.278689,5.12,23.278689,5.12
27163,3870,2.0,29.508197,6.49,29.508197,6.49
27162,25752,4.0,35.04918,7.71,33.295082,7.32
27161,23378,1.0,44.237705,9.73,44.237705,9.73
27160,3361,12.0,77.704918,17.1,69.934426,15.39
27160,unknown_pos_sale,1.0,13.721311,3.02,13.721311,3.02
27160,3386,3.0,16.844262,3.71,16.844262,3.71
27159,25752,1.0,9.221311,2.03,9.221311,2.03
27152,3865,1.0,15.368852,3.38,15.368852,3.38
27152,25752,1.0,9.221311,2.03,9.221311,2.03
27151,3313,2.0,19.639344,4.32,19.639344,4.32
27151,3314,2.0,18.393443,4.05,18.393443,4.05
27151,3319,2.0,16.016393,3.52,16.016393,3.52
27151,3386,6.0,33.0,7.26,33.0,7.26
27151,25752,1.0,9.221311,2.03,9.221311,2.03
27151,25001,1.0,18.442623,4.06,18.442623,4.06
27151,3870,1.0,15.368852,3.38,15.368852,3.38
27150,3319,2.0,16.016393,3.52,14.418033,3.17
27150,3314,2.0,18.393443,4.05,16.540984,3.64
27150,3313,1.0,9.819672,2.16,8.844262,1.95
27149,unknown_pos_sale,3.0,80.188525,17.64,72.172131,15.88
27148,3865,4.0,58.393443,12.85,49.631148,10.92
27148,3865,4.0,58.393443,12.85,49.639344,10.92
27147,25752,3.0,26.557377,5.84,26.557377,5.84
27146,3386,6.0,33.0,7.26,33.0,7.26
27145,24437,1.0,8.852459,1.95,8.852459,1.95
27144,unknown_gift_item,1.0,44.237705,9.73,44.237705,9.73
27143,25001,1.0,18.442623,4.06,18.442623,4.06
27143,3865,1.0,15.368852,3.38,15.368852,3.38
27143,25752,2.0,17.704918,3.9,17.704918,3.9
27142,3386,12.0,63.245902,13.91,63.245902,13.91
27141,3865,2.0,29.508197,6.49,29.508197,6.49
27140,25752,2.0,17.704918,3.9,17.704918,3.9
27139,3865,4.0,58.393443,12.85,58.393443,12.85
27133,3319,2.0,16.016393,3.52,13.598361,2.99
27133,3386,1.0,5.729508,1.26,4.877049,1.07
27133,3361,1.0,7.360656,1.62,6.262295,1.38
27132,3865,1.0,15.368852,3.38,13.836066,3.04
27132,25001,1.0,18.442623,4.06,16.598361,3.65
27131,3386,10.0,55.0,12.1,55.0,12.1
27130,25752,2.0,17.704918,3.9,17.704918,3.9
27130,3865,1.0,15.368852,3.38,15.368852,3.38
27113,25752,4.0,35.04918,7.71,31.540984,6.94
27110,3865,2.0,29.508197,6.49,29.508197,6.49
27110,unknown_pos_sale,1.0,23.278689,5.12,23.278689,5.12
27110,3870,2.0,29.508197,6.49,29.508197,6.49
27110,3870,2.0,29.508197,6.49,29.508197,6.49
27108,3865,1.0,15.368852,3.38,15.368852,3.38
27108,25752,2.0,17.704918,3.9,17.704918,3.9
27107,3386,6.0,33.0,7.26,28.04918,6.17
27106,25752,2.0,17.704918,3.9,15.934426,3.51
27105,3865,2.0,29.508197,6.49,29.508197,6.49
27104,25001,4.0,70.098361,15.42,70.098361,15.42
27104,25001,4.0,70.098361,15.42,70.098361,15.42
27103,3865,2.0,29.508197,6.49,29.508197,6.49
27102,unknown_pos_sale,2.0,54.557377,12.0,46.377049,10.2
27101,3865,2.0,29.508197,6.49,29.508197,6.49
27068,25752,2.0,17.704918,3.9,17.704918,3.9
27068,3870,1.0,15.368852,3.38,15.368852,3.38
27067,3865,2.0,29.508197,6.49,29.508197,6.49
27066,25752,4.0,35.04918,7.71,29.795082,6.55
27065,unknown_pos_sale,1.0,27.278689,6.0,23.188525,5.1
27065,25752,1.0,9.221311,2.03,7.844262,1.73
27065,3865,2.0,29.508197,6.49,25.081967,5.52
27065,25001,2.0,35.409836,7.79,30.090164,6.62
27064,3865,3.0,44.262295,9.74,44.262295,9.74
27063,3865,2.0,29.508197,6.49,29.508197,6.49
27063,25752,2.0,17.704918,3.9,17.704918,3.9
27062,25001,2.0,35.409836,7.79,35.409836,7.79
27057,3865,2.0,29.508197,6.49,29.508197,6.49
27057,3870,2.0,29.508197,6.49,29.508197,6.49
27056,25752,4.0,35.04918,7.71,29.795082,6.55
27055,25001,2.0,35.409836,7.79,35.409836,7.79
27055,25752,2.0,17.704918,3.9,17.704918,3.9
27055,3870,2.0,29.508197,6.49,29.508197,6.49
27055,unknown_pos_sale,1.0,23.278689,5.12,23.278689,5.12
27054,25001,1.0,18.442623,4.06,18.442623,4.06
27053,3361,10.0,69.180328,15.22,58.795082,12.93
27053,25001,2.0,35.409836,7.79,30.098361,6.62
27053,3386,6.0,33.0,7.26,28.057377,6.17
27053,3319,2.0,16.016393,3.52,13.614754,3.0
27052,unknown_pos_sale,1.0,27.795082,6.11,27.795082,6.11
27051,unknown_pos_sale,1.0,27.278689,6.0,23.180328,5.1
27051,3386,1.0,5.729508,1.26,4.877049,1.07
27050,3386,3.0,16.844262,3.71,14.311475,3.15
27050,3319,1.0,8.008197,1.76,6.811475,1.5
27050,3313,1.0,9.819672,2.16,8.352459,1.84
27049,3865,2.0,29.508197,6.49,25.081967,5.52
27048,3865,2.0,29.508197,6.49,26.557377,5.84
27047,3870,2.0,29.508197,6.49,25.081967,5.52
27046,25001,2.0,35.409836,7.79,35.409836,7.79
27045,3865,1.0,15.368852,3.38,15.368852,3.38
27045,25752,1.0,9.221311,2.03,9.221311,2.03
27044,3386,12.0,63.245902,13.91,53.762295,11.83
27043,unknown_pos_sale,1.0,20.286885,4.46,18.254098,4.02
27043,3313,1.0,9.819672,2.16,8.844262,1.95
27042,unknown_pos_sale,1.0,27.278689,6.0,23.180328,5.1
27042,3386,1.0,5.729508,1.26,4.877049,1.07
27041,25752,1.0,9.221311,2.03,9.221311,2.03
27041,3870,1.0,15.368852,3.38,15.368852,3.38
27040,3865,2.0,29.508197,6.49,25.081967,5.52
27039,3865,1.0,15.368852,3.38,15.368852,3.38
27039,25001,1.0,18.442623,4.06,18.442623,4.06
27039,25752,1.0,9.221311,2.03,9.221311,2.03
27038,25752,1.0,9.221311,2.03,8.303279,1.83
27037,3865,1.0,15.368852,3.38,15.368852,3.38
27037,25001,1.0,18.442623,4.06,18.442623,4.06
27037,3870,1.0,15.368852,3.38,15.368852,3.38
27036,25752,4.0,35.04918,7.71,35.04918,7.71
27035,unknown_pos_sale,1.0,20.286885,4.46,20.286885,4.46
27034,25752,3.0,26.557377,5.84,26.557377,5.84
27033,25752,4.0,35.04918,7.71,35.04918,7.71
27032,3870,2.0,29.508197,6.49,29.508197,6.49
27031,3865,2.0,29.508197,6.49,26.557377,5.84
27031,25752,2.0,17.704918,3.9,15.934426,3.51
27030,25752,4.0,35.04918,7.71,35.04918,7.71
27029,25752,4.0,35.04918,7.71,35.04918,7.71
27028,25752,1.0,9.221311,2.03,9.221311,2.03
27028,3386,3.0,16.844262,3.71,16.844262,3.71
27023,3865,4.0,58.393443,12.85,52.557377,11.56
27022,25752,4.0,35.04918,7.71,35.04918,7.71
27021,3865,1.0,15.368852,3.38,13.836066,3.04
27019,3865,4.0,58.393443,12.85,58.393443,12.85
27019,unknown_pos_sale,1.0,23.278689,5.12,23.278689,5.12
27017,3865,2.0,29.508197,6.49,26.557377,5.84
27013,25752,1.0,9.221311,2.03,9.221311,2.03
27013,3865,1.0,15.368852,3.38,15.368852,3.38
27012,3865,2.0,29.508197,6.49,29.508197,6.49
27011,unknown_pos_sale,1.0,29.5,6.49,29.5,6.49
27003,3865,1.0,15.368852,3.38,13.827869,3.04
27003,3870,1.0,15.368852,3.38,13.836066,3.04
27001,25752,3.0,26.557377,5.84,26.557377,5.84
27001,3870,1.0,15.368852,3.38,15.368852,3.38
26998,3865,1.0,15.368852,3.38,15.368852,3.38
26998,3865,1.0,15.368852,3.38,15.368852,3.38
26998,25752,1.0,9.221311,2.03,9.221311,2.03
26997,unknown_pos_sale,1.0,41.508197,9.13,41.508197,9.13
26996,3319,6.0,45.147541,9.93,45.147541,9.93
26996,3361,6.0,41.508197,9.13,41.508197,9.13
26994,23378,1.0,44.237705,9.73,44.237705,9.73
26993,3865,2.0,29.508197,6.49,29.508197,6.49
26992,3865,2.0,29.508197,6.49,29.508197,6.49
26991,3865,2.0,29.508197,6.49,29.508197,6.49
26990,25752,4.0,35.04918,7.71,35.04918,7.71
26989,3865,1.0,15.368852,3.38,15.368852,3.38
26989,3386,1.0,5.729508,1.26,5.729508,1.26
26989,25752,1.0,9.221311,2.03,9.221311,2.03
26987,3870,1.0,15.368852,3.38,15.368852,3.38
26987,25001,1.0,18.442623,4.06,18.442623,4.06
26987,unknown_pos_sale,1.0,23.278689,5.12,23.278689,5.12
26987,unknown_pos_sale,1.0,27.278689,6.0,27.278689,6.0
26986,3865,2.0,29.508197,6.49,29.508197,6.49
26983,25001,1.0,18.442623,4.06,16.598361,3.65
26982,unknown_pos_sale,1.0,20.286885,4.46,20.286885,4.46
26982,unknown_pos_sale,1.0,13.721311,3.02,13.721311,3.02
26981,3865,2.0,29.508197,6.49,29.508197,6.49
26980,25752,6.0,52.57377,11.57,49.942623,10.99
26979,3865,2.0,29.508197,6.49,29.508197,6.49
26978,25752,2.0,17.704918,3.9,17.704918,3.9
26978,3865,1.0,15.368852,3.38,15.368852,3.38
26977,3865,1.0,15.368852,3.38,13.836066,3.04
26977,25752,2.0,17.704918,3.9,15.934426,3.51
26976,25752,4.0,35.04918,7.71,35.04918,7.71
26975,25752,2.0,17.704918,3.9,17.704918,3.9
26974,unknown_pos_sale,1.0,29.5,6.49,26.54918,5.84
26956,unknown_pos_sale,1.0,20.286885,4.46,20.286885,4.46
26956,3870,1.0,15.368852,3.38,15.368852,3.38
26956,unknown_pos_sale,1.0,13.721311,3.02,13.721311,3.02
26941,25001,2.0,35.409836,7.79,31.868852,7.01
26931,3865,2.0,29.508197,6.49,29.508197,6.49
26930,3865,1.0,15.368852,3.38,15.368852,3.38
26930,25001,1.0,18.442623,4.06,18.442623,4.06
26929,3865,1.0,15.368852,3.38,15.368852,3.38
26929,25752,1.0,9.221311,2.03,9.221311,2.03
26928,3870,2.0,29.508197,6.49,29.508197,6.49
26925,25001,2.0,35.409836,7.79,35.409836,7.79
26925,3870,4.0,58.393443,12.85,58.393443,12.85
26924,unknown_pos_sale,1.0,20.286885,4.46,20.286885,4.46
26924,25001,2.0,35.409836,7.79,35.409836,7.79
26924,3870,1.0,15.368852,3.38,15.368852,3.38
26923,25001,2.0,35.409836,7.79,35.409836,7.79
26922,3865,2.0,29.508197,6.49,26.557377,5.84
26917,3865,2.0,29.508197,6.49,29.508197,6.49
26916,25752,2.0,17.704918,3.9,17.704918,3.9
26916,3870,1.0,15.368852,3.38,15.368852,3.38
26915,25752,1.0,9.221311,2.03,9.221311,2.03
26915,3865,1.0,15.368852,3.38,15.368852,3.38
26914,3870,2.0,29.508197,6.49,29.508197,6.49
26913,25001,1.0,18.442623,4.06,18.442623,4.06
26913,25752,2.0,17.704918,3.9,17.704918,3.9
26912,25752,1.0,9.221311,2.03,9.221311,2.03
26912,3870,1.0,15.368852,3.38,15.368852,3.38
26911,24437,1.0,8.852459,1.95,8.852459,1.95
26910,25026,1.0,17.52459,3.86,17.52459,3.86
26909,23378,1.0,14.745902,3.24,14.745902,3.24
26870,3386,6.0,33.0,7.26,33.0,7.26
26870,25752,1.0,9.221311,2.03,9.221311,2.03
26870,unknown_pos_sale,1.0,23.278689,5.12,23.278689,5.12
26862,3870,1.0,15.368852,3.38,15.368852,3.38
26862,25752,2.0,17.704918,3.9,17.704918,3.9
26862,25752,2.0,17.704918,3.9,17.704918,3.9
26861,3865,2.0,30.74,6.76,27.66623,6.09
26861,3870,3.0,46.11,10.14,41.503443,9.13
26860,3870,1.0,15.368852,3.38,13.827869,3.04
26860,3865,1.0,15.368852,3.38,13.836066,3.04
26860,unknown_pos_sale,1.0,23.278689,5.12,23.278689,5.12
26859,3865,1.0,15.368852,3.38,13.827869,3.04
26859,unknown_pos_sale,1.0,13.721311,3.02,12.352459,2.72
26858,3865,2.0,29.508197,6.49,29.508197,6.49
26858,25752,2.0,17.704918,3.9,17.704918,3.9
26858,25001,2.0,35.409836,7.79,35.409836,7.79
26857,25752,3.0,26.557377,5.84,26.557377,5.84
26856,3865,2.0,29.508197,6.49,26.557377,5.84
26851,3870,3.0,44.262295,9.74,44.262295,9.74
26850,3865,2.0,29.508197,6.49,29.508197,6.49
26849,3386,3.0,16.844262,3.71,16.844262,3.71
26849,25752,1.0,9.221311,2.03,9.221311,2.03
26848,25001,2.0,35.409836,7.79,35.409836,7.79
26847,25752,3.0,26.557377,5.84,26.557377,5.84
26845,3870,1.0,15.368852,3.38,15.368852,3.38
26845,3870,1.0,15.368852,3.38,15.368852,3.38
26843,3865,2.0,29.508197,6.49,29.508197,6.49
26843,25752,1.0,9.221311,2.03,9.221311,2.03
26842,unknown_pos_sale,1.0,27.278689,6.0,27.278689,6.0
26841,3865,1.0,15.368852,3.38,15.368852,3.38
26841,25752,1.0,9.221311,2.03,9.221311,2.03
26840,25752,3.0,26.557377,5.84,26.557377,5.84
26839,3865,1.0,15.368852,3.38,15.368852,3.38
26839,25752,2.0,17.704918,3.9,17.704918,3.9
26834,25752,2.0,17.704918,3.9,15.934426,3.51
26834,25752,2.0,17.704918,3.9,15.934426,3.51
26832,3870,1.0,15.368852,3.38,15.368852,3.38
26832,25752,2.0,17.704918,3.9,17.704918,3.9
26831,3865,1.0,15.368852,3.38,15.368852,3.38
26831,25752,1.0,9.221311,2.03,9.221311,2.03
26830,unknown_pos_sale,1.0,27.278689,6.0,27.278689,6.0
26829,3865,4.0,58.393443,12.85,58.393443,12.85
26828,3865,1.0,15.368852,3.38,13.836066,3.04
26828,25001,1.0,18.442623,4.06,16.598361,3.65
26824,25752,2.0,17.704918,3.9,15.934426,3.51
26824,25001,1.0,18.442623,4.06,16.598361,3.65
26823,25752,2.0,17.704918,3.9,17.704918,3.9
26823,25752,2.0,17.704918,3.9,17.704918,3.9
26823,3870,2.0,29.508197,6.49,29.508197,6.49
26823,3865,1.0,15.368852,3.38,15.368852,3.38
26819,3870,1.0,15.368852,3.38,13.827869,3.04
26819,3865,1.0,15.368852,3.38,13.836066,3.04
26818,25752,4.0,35.04918,7.71,35.04918,7.71
26817,25752,3.0,26.557377,5.84,26.557377,5.84
26815,23378,1.0,29.491803,6.49,29.491803,6.49
26814,3865,2.0,29.508197,6.49,29.508197,6.49
26813,3865,4.0,58.393443,12.85,52.54918,11.56
26813,3870,4.0,58.393443,12.85,52.557377,11.56
26813,3865,4.0,58.393443,12.85,52.557377,11.56
26812,25752,4.0,35.04918,7.71,31.540984,6.94
26809,26420,1.0,29.491803,6.49,29.491803,6.49
26808,25001,1.0,18.442623,4.06,18.442623,4.06
26808,25752,1.0,9.221311,2.03,9.221311,2.03
26807,unknown_pos_sale,1.0,45.147541,9.93,45.147541,9.93
26807,unknown_pos_sale,1.0,41.508197,9.13,41.508197,9.13
26806,unknown_pos_sale,1.0,29.5,6.49,29.5,6.49
26805,25752,4.0,35.04918,7.71,35.04918,7.71
26804,25752,2.0,17.704918,3.9,15.934426,3.51
26803,25752,2.0,17.704918,3.9,15.934426,3.51
26803,3865,2.0,29.508197,6.49,26.557377,5.84
26803,3386,3.0,16.844262,3.71,15.163934,3.34
26802,3870,2.0,29.508197,6.49,29.508197,6.49
26801,unknown_pos_sale,2.0,8.52459,1.88,8.52459,1.88
26801,unknown_pos_sale,2.0,54.557377,12.0,54.557377,12.0
26801,unknown_pos_sale,2.0,110.754098,24.37,110.754098,24.37
26800,unknown_pos_sale,1.0,20.286885,4.46,20.286885,4.46
26800,unknown_pos_sale,1.0,27.278689,6.0,27.278689,6.0
26799,25752,2.0,17.704918,3.9,17.704918,3.9
26799,3870,2.0,29.508197,6.49,29.508197,6.49
26798,3870,1.0,15.368852,3.38,15.368852,3.38
26797,3865,1.0,15.368852,3.38,13.836066,3.04
26797,25001,1.0,18.442623,4.06,16.598361,3.65
26796,3865,2.0,29.508197,6.49,29.508197,6.49
26796,3870,1.0,15.368852,3.38,15.368852,3.38
26796,unknown_pos_sale,1.0,23.278689,5.12,23.278689,5.12
26795,3319,6.0,45.147541,9.93,40.622951,8.94
26795,3386,6.0,33.0,7.26,29.704918,6.54
26795,25752,1.0,9.221311,2.03,8.303279,1.83
26794,3865,2.0,29.508197,6.49,29.508197,6.49
26793,unknown_pos_sale,1.0,20.286885,4.46,20.286885,4.46
26793,3313,1.0,9.819672,2.16,9.819672,2.16
26792,3870,2.0,29.508197,6.49,29.508197,6.49
26791,3865,2.0,29.508197,6.49,29.508197,6.49
26791,25752,2.0,17.704918,3.9,17.704918,3.9
26790,25752,1.0,9.221311,2.03,9.221311,2.03
26790,3870,1.0,15.368852,3.38,15.368852,3.38
26789,25752,4.0,35.04918,7.71,35.04918,7.71
26788,3865,2.0,29.508197,6.49,29.508197,6.49
26787,25752,4.0,35.04918,7.71,35.04918,7.71
26786,3386,4.0,22.459016,4.94,20.213115,4.45
26786,25752,1.0,9.221311,2.03,8.303279,1.83
26785,3865,2.0,29.508197,6.49,29.508197,6.49
26784,25752,2.0,17.704918,3.9,17.704918,3.9
26784,25001,1.0,18.442623,4.06,18.442623,4.06
26784,3865,1.0,15.368852,3.38,15.368852,3.38
26781,25752,2.0,17.704918,3.9,17.704918,3.9
26781,3865,1.0,15.368852,3.38,15.368852,3.38
26781,25001,1.0,18.442623,4.06,18.442623,4.06
26780,3865,2.0,29.508197,6.49,29.508197,6.49
26779,25752,2.0,17.704918,3.9,17.704918,3.9
26779,25752,2.0,17.704918,3.9,17.704918,3.9
26778,25752,3.0,26.557377,5.84,26.557377,5.84
26778,3870,1.0,15.368852,3.38,15.368852,3.38
26778,3386,1.0,5.729508,1.26,5.729508,1.26
26777,3870,2.0,29.508197,6.49,29.508197,6.49
26777,25752,2.0,17.704918,3.9,17.704918,3.9
26776,3870,1.0,15.368852,3.38,15.368852,3.38
26776,25752,1.0,9.221311,2.03,9.221311,2.03
26775,25752,3.0,26.557377,5.84,26.557377,5.84
26774,25752,4.0,35.04918,7.71,35.04918,7.71
26758,25001,2.0,35.409836,7.79,35.409836,7.79
26757,25752,2.0,17.704918,3.9,17.704918,3.9
26757,25752,2.0,17.704918,3.9,17.704918,3.9
26756,3865,2.0,29.508197,6.49,29.508197,6.49
26755,3865,1.0,15.368852,3.38,13.827869,3.04
26755,3870,1.0,15.368852,3.38,13.836066,3.04
26754,3865,3.0,44.262295,9.74,44.262295,9.74
26752,3870,2.0,29.508197,6.49,29.508197,6.49
26752,3865,2.0,29.508197,6.49,29.508197,6.49
26752,25752,2.0,17.704918,3.9,17.704918,3.9
26751,3865,4.0,58.393443,12.85,58.393443,12.85
26750,3865,2.0,29.508197,6.49,26.557377,5.84
26750,3865,2.0,29.508197,6.49,26.557377,5.84
26749,3865,1.0,15.368852,3.38,15.368852,3.38
26749,3870,1.0,15.368852,3.38,15.368852,3.38
26749,unknown_pos_sale,1.0,23.278689,5.12,23.278689,5.12
26747,3865,1.0,15.368852,3.38,13.827869,3.04
26747,3870,1.0,15.368852,3.38,13.836066,3.04
26746,3865,1.0,15.368852,3.38,15.368852,3.38
26746,25752,1.0,9.221311,2.03,9.221311,2.03
26740,3865,1.0,15.368852,3.38,15.368852,3.38
26739,25752,4.0,35.04918,7.71,31.540984,6.94
26738,3870,1.0,15.368852,3.38,15.368852,3.38
26738,3865,1.0,15.368852,3.38,15.368852,3.38
26738,25752,1.0,9.221311,2.03,9.221311,2.03
26738,25001,1.0,18.442623,4.06,18.442623,4.06
26737,3870,2.0,29.508197,6.49,29.508197,6.49
26736,25752,2.0,17.704918,3.9,17.704918,3.9
26736,25001,1.0,18.442623,4.06,18.442623,4.06
26735,25752,4.0,35.04918,7.71,35.04918,7.71
26734,unknown_pos_sale,1.0,29.5,6.49,29.5,6.49
26734,3865,1.0,15.368852,3.38,15.368852,3.38
26734,3865,1.0,15.368852,3.38,15.368852,3.38
26733,25752,3.0,26.557377,5.84,26.557377,5.84
26733,3865,4.0,58.393443,12.85,58.393443,12.85
26733,3870,3.0,44.262295,9.74,44.262295,9.74
26732,unknown_pos_sale,1.0,9.819672,2.16,9.819672,2.16
26732,25001,1.0,18.442623,4.06,18.442623,4.06
26724,3865,2.0,29.508197,6.49,29.508197,6.49
26720,3865,2.0,29.508197,6.49,26.557377,5.84
26720,unknown_pos_sale,1.0,23.278689,5.12,23.278689,5.12
26719,25001,4.0,70.098361,15.42,70.098361,15.42
26718,25752,2.0,17.704918,3.9,15.934426,3.51
26718,3865,1.0,15.368852,3.38,13.836066,3.04
26717,3865,4.0,58.393443,12.85,52.557377,11.56
26717,25752,2.0,17.704918,3.9,15.934426,3.51
26713,3319,3.0,23.532787,5.18,21.172131,4.66
26713,3314,2.0,18.393443,4.05,16.557377,3.64
26713,3386,3.0,16.844262,3.71,15.163934,3.34
26712,unknown_pos_sale,1.0,13.721311,3.02,13.721311,3.02
26712,unknown_pos_sale,1.0,20.286885,4.46,20.286885,4.46
26711,3865,2.0,29.508197,6.49,29.508197,6.49
26711,3865,2.0,29.508197,6.49,29.508197,6.49
26710,25752,4.0,35.04918,7.71,35.04918,7.71
26709,3386,6.0,33.0,7.26,33.0,7.26
26708,3870,2.0,29.508197,6.49,29.508197,6.49
26707,3865,2.0,29.508197,6.49,29.508197,6.49
26707,unknown_pos_sale,1.0,23.278689,5.12,23.278689,5.12
26706,25752,4.0,35.04918,7.71,35.04918,7.71
26705,3386,12.0,63.245902,13.91,63.245902,13.91
26704,3865,4.0,58.393443,12.85,58.393443,12.85
26703,25001,2.0,35.409836,7.79,35.409836,7.79
26702,25752,4.0,35.04918,7.71,35.04918,7.71
26700,24437,1.0,26.557377,5.84,26.557377,5.84
26698,23378,1.0,29.491803,6.49,29.491803,6.49
26697,3865,2.0,29.508197,6.49,29.508197,6.49
26694,25752,2.0,17.704918,3.9,17.704918,3.9
26694,3865,1.0,15.368852,3.38,15.368852,3.38
26690,unknown_pos_sale,1.0,29.5,6.49,29.5,6.49
26689,3870,1.0,15.368852,3.38,15.368852,3.38
26689,3865,1.0,15.368852,3.38,15.368852,3.38
26688,3865,2.0,29.508197,6.49,29.508197,6.49
26687,25752,2.0,17.704918,3.9,17.704918,3.9
26687,3865,2.0,29.508197,6.49,29.508197,6.49
26685,23378,1.0,44.237705,9.73,44.237705,9.73
26684,25752,4.0,35.04918,7.71,31.540984,6.94
26683,3865,2.0,29.508197,6.49,26.557377,5.84
26682,3865,1.0,15.368852,3.38,15.368852,3.38
26682,25752,1.0,9.221311,2.03,9.221311,2.03
26681,3386,3.0,16.844262,3.71,16.844262,3.71
26681,3314,1.0,9.196721,2.02,9.196721,2.02
26679,3865,2.0,29.508197,6.49,29.508197,6.49
26678,3865,1.0,15.368852,3.38,15.368852,3.38
26678,25752,1.0,9.221311,2.03,9.221311,2.03
26677,3386,10.0,55.0,12.1,55.0,12.1
26676,25752,2.0,17.704918,3.9,17.704918,3.9
26676,25752,2.0,17.704918,3.9,17.704918,3.9
26675,3865,1.0,15.368852,3.38,15.368852,3.38
26675,25752,1.0,9.221311,2.03,9.221311,2.03
26675,unknown_pos_sale,1.0,25.180328,5.54,25.180328,5.54
26674,unknown_gift_item,1.0,44.237705,9.73,44.237705,9.73
26673,25752,2.0,17.704918,3.9,17.704918,3.9
26673,25752,1.0,9.221311,2.03,9.221311,2.03
26671,24437,1.0,8.852459,1.95,8.852459,1.95
26669,25752,3.0,26.557377,5.84,23.893443,5.26
26669,3386,1.0,5.729508,1.26,5.163934,1.14
26668,25752,2.0,17.704918,3.9,15.934426,3.51
26668,25752,2.0,17.704918,3.9,15.934426,3.51
26667,3865,2.0,29.508197,6.49,29.508197,6.49
26666,25001,1.0,18.442623,4.06,16.590164,3.65
26666,3313,1.0,9.819672,2.16,8.844262,1.95
26665,3870,2.0,29.508197,6.49,29.508197,6.49
26665,25752,1.0,9.221311,2.03,9.221311,2.03
26664,3865,4.0,58.393443,12.85,58.393443,12.85
26663,3865,4.0,58.393443,12.85,52.557377,11.56
26662,25001,3.0,53.114754,11.69,53.114754,11.69
26660,3865,2.0,29.508197,6.49,29.508197,6.49
26651,3865,1.0,15.368852,3.38,15.368852,3.38
26651,25752,1.0,9.221311,2.03,9.221311,2.03
26650,unknown_pos_sale,1.0,20.286885,4.46,20.286885,4.46
26649,3319,6.0,45.147541,9.93,45.147541,9.93
26649,3865,1.0,15.368852,3.38,15.368852,3.38
26648,3865,2.0,29.508197,6.49,29.508197,6.49
26647,3865,1.0,15.368852,3.38,15.368852,3.38
26647,3865,1.0,15.368852,3.38,15.368852,3.38
26646,25752,3.0,26.557377,5.84,26.557377,5.84
26641,25752,3.0,26.557377,5.84,26.557377,5.84
26640,25752,1.0,9.221311,2.03,8.303279,1.83
26640,25001,1.0,18.442623,4.06,16.598361,3.65
26639,25752,1.0,9.221311,2.03,9.221311,2.03
26639,3865,1.0,15.368852,3.38,15.368852,3.38
26638,3865,3.0,44.262295,9.74,44.262295,9.74
26638,unknown_pos_sale,1.0,13.721311,3.02,13.721311,3.02
26637,25752,3.0,26.557377,5.84,26.557377,5.84
26637,25752,3.0,26.557377,5.84,26.557377,5.84
26636,25001,2.0,36.885246,8.11,36.885246,8.11
26632,25752,3.0,26.557377,5.84,26.557377,5.84
26631,3865,2.0,30.737705,6.76,27.663934,6.09
26600,25752,2.0,18.442623,4.06,18.442623,4.06
26599,3386,6.0,33.0,7.26,33.0,7.26
26598,25752,8.0,70.819672,15.58,70.819672,15.58
26597,3386,6.0,33.0,7.26,33.0,7.26
26596,25752,3.0,26.557377,5.84,26.557377,5.84
26595,3870,3.0,44.262295,9.74,39.836066,8.76
26595,25752,3.0,26.557377,5.84,23.901639,5.26
26595,3865,3.0,44.262295,9.74,39.836066,8.76
26594,25001,3.0,52.57377,11.57,52.57377,11.57
26593,25752,3.0,26.557377,5.84,26.557377,5.84
26592,3865,1.0,15.368852,3.38,15.368852,3.38
26592,3870,1.0,15.368852,3.38,15.368852,3.38
26592,25752,1.0,9.221311,2.03,9.221311,2.03
26591,3870,2.0,30.737705,6.76,27.663934,6.09
26590,3870,1.0,15.368852,3.38,13.836066,3.04
26590,unknown_pos_sale,1.0,27.278689,6.0,27.278689,6.0
26588,3870,5.0,73.770492,16.23,73.770492,16.23
26587,3865,1.0,15.368852,3.38,15.368852,3.38
26587,25001,1.0,18.442623,4.06,18.442623,4.06
26586,3865,1.0,15.368852,3.38,13.836066,3.04
26586,3870,1.0,15.368852,3.38,13.836066,3.04
26586,25752,1.0,9.221311,2.03,8.303279,1.83
26586,25001,1.0,18.442623,4.06,16.590164,3.65
26585,3865,2.0,30.737705,6.76,27.663934,6.09
26584,25752,3.0,26.557377,5.84,26.557377,5.84
26583,3865,2.0,30.737705,6.76,30.737705,6.76
26582,3870,2.0,30.737705,6.76,27.663934,6.09
26581,3870,1.0,15.368852,3.38,13.836066,3.04
26581,25752,3.0,26.557377,5.84,23.901639,5.26
26580,3870,1.0,15.368852,3.38,13.836066,3.04
26580,unknown_pos_sale,1.0,25.180328,5.54,25.180328,5.54
26579,3870,1.0,15.368852,3.38,13.836066,3.04
26579,unknown_pos_sale,1.0,25.180328,5.54,25.180328,5.54
26578,3870,2.0,30.737705,6.76,27.663934,6.09
26577,3870,1.0,15.368852,3.38,15.368852,3.38
26577,3386,2.0,11.459016,2.52,11.459016,2.52
26576,3870,3.0,44.262295,9.74,39.836066,8.76
26575,25752,2.0,18.442623,4.06,18.442623,4.06
26575,unknown_pos_sale,1.0,25.180328,5.54,25.180328,5.54
26574,3865,3.0,44.262295,9.74,44.262295,9.74
26573,unknown_pos_sale,1.0,49.155738,10.81,44.237705,9.73
26572,3870,3.0,44.262295,9.74,39.836066,8.76
26571,3870,2.0,30.737705,6.76,27.663934,6.09
26570,3865,2.0,30.737705,6.76,27.663934,6.09
26569,3870,3.0,44.262295,9.74,39.836066,8.76
26567,25752,3.0,26.557377,5.84,26.557377,5.84
26552,3361,12.0,77.704918,17.1,77.704918,17.1
26552,3313,6.0,55.377049,12.18,55.377049,12.18
26552,3314,6.0,51.885246,11.41,51.885246,11.41
26552,3319,12.0,84.590164,18.61,84.590164,18.61
26552,3386,12.0,63.245902,13.91,63.245902,13.91
26548,3870,2.0,30.737705,6.76,27.663934,6.09
26547,3870,3.0,44.262295,9.74,39.836066,8.76
26547,25001,1.0,18.442623,4.06,18.442623,4.06
26546,3870,3.0,44.262295,9.74,39.836066,8.76
26544,3870,1.0,15.368852,3.38,13.836066,3.04
26544,25752,1.0,9.221311,2.03,9.221311,2.03
26543,25752,2.0,18.442623,4.06,16.598361,3.65
26543,3870,1.0,15.368852,3.38,13.836066,3.04
26542,25001,1.0,18.442623,4.06,16.598361,3.65
26542,25752,2.0,18.442623,4.06,16.598361,3.65
26542,3870,1.0,15.368852,3.38,13.836066,3.04
26541,25752,1.0,9.221311,2.03,9.221311,2.03
26541,3870,1.0,15.368852,3.38,15.368852,3.38
26541,25001,1.0,18.442623,4.06,18.442623,4.06
26540,3870,3.0,44.262295,9.74,39.836066,8.76
26539,3865,1.0,15.368852,3.38,15.368852,3.38
26539,25752,1.0,9.221311,2.03,9.221311,2.03
26538,3870,3.0,44.262295,9.74,44.262295,9.74
26537,3870,3.0,44.262295,9.74,44.262295,9.74
26534,3870,1.0,15.368852,3.38,13.836066,3.04
26515,3865,2.0,30.737705,6.76,30.737705,6.76
26509,3870,1.0,15.368852,3.38,13.827869,3.04
26509,3870,1.0,15.368852,3.38,13.836066,3.04
26509,25752,1.0,9.221311,2.03,9.221311,2.03
26508,3870,3.0,44.262295,9.74,39.836066,8.76
26507,3870,3.0,44.262295,9.74,44.262295,9.74
26506,3870,3.0,44.262295,9.74,39.836066,8.76
26505,3870,1.0,15.368852,3.38,13.836066,3.04
26504,3870,1.0,15.368852,3.38,13.836066,3.04
26504,3314,1.0,9.196721,2.02,9.196721,2.02
26504,3361,1.0,7.360656,1.62,7.360656,1.62
26503,3870,1.0,15.368852,3.38,15.368852,3.38
26503,3865,1.0,15.368852,3.38,15.368852,3.38
26503,25752,1.0,9.221311,2.03,9.221311,2.03
26494,25752,1.0,9.221311,2.03,9.221311,2.03
26494,unknown_pos_sale,1.0,25.180328,5.54,25.180328,5.54
26494,3865,1.0,15.368852,3.38,15.368852,3.38
26494,25001,1.0,18.442623,4.06,18.442623,4.06
26494,3870,1.0,15.368852,3.38,15.368852,3.38
26493,3865,2.0,30.737705,6.76,30.737705,6.76
26492,25752,3.0,26.557377,5.84,26.557377,5.84
26491,3870,3.0,44.262295,9.74,44.262295,9.74
26491,3865,3.0,44.262295,9.74,44.262295,9.74
26491,25752,3.0,26.557377,5.84,26.557377,5.84
26490,3865,2.0,30.737705,6.76,30.737705,6.76
26489,25001,3.0,52.57377,11.57,52.57377,11.57
26479,3865,2.0,30.737705,6.76,30.737705,6.76
26478,unknown_pos_sale,1.0,27.278689,6.0,27.278689,6.0
26477,25752,1.0,9.221311,2.03,9.221311,2.03
26477,3865,1.0,15.368852,3.38,15.368852,3.38
26475,3865,3.0,44.262295,9.74,44.262295,9.74
26473,3865,3.0,44.262295,9.74,39.836066,8.76
26462,23378,1.0,14.745902,3.24,14.745902,3.24
26462,25026,1.0,17.52459,3.86,17.52459,3.86
26462,24437,1.0,8.852459,1.95,8.852459,1.95
26419,unknown_pos_sale,4.0,22.918033,5.04,20.622951,4.54
26419,unknown_pos_sale,3.0,29.459016,6.48,26.516393,5.83
26399,3865,3.0,44.262295,9.74,44.262295,9.74
26399,25001,3.0,52.57377,11.57,52.57377,11.57
26399,25752,1.0,9.221311,2.03,9.221311,2.03
26380,3870,3.0,44.262295,9.74,39.836066,8.76
26380,unknown_pos_sale,1.0,25.180328,5.54,25.180328,5.54
26369,3865,2.0,30.737705,6.76,27.663934,6.09
26314,unknown_pos_sale,3.0,83.385246,18.34,83.385246,18.34
26313,25752,3.0,26.557377,5.84,26.557377,5.84
26310,25752,3.0,26.557377,5.84,26.557377,5.84
26309,unknown_pos_sale,1.0,13.721311,3.02,13.721311,3.02
26309,unknown_pos_sale,1.0,20.286885,4.46,20.286885,4.46
26308,3865,3.0,44.262295,9.74,44.262295,9.74
26307,3865,1.0,15.368852,3.38,15.368852,3.38
26307,25752,1.0,9.221311,2.03,9.221311,2.03
26306,unknown_pos_sale,1.0,27.278689,6.0,27.278689,6.0
26305,unknown_pos_sale,1.0,29.5,6.49,26.54918,5.84
26304,3865,3.0,44.262295,9.74,44.262295,9.74
26302,23378,1.0,29.491803,6.49,29.491803,6.49
26301,25752,3.0,26.557377,5.84,23.901639,5.26
26300,unknown_pos_sale,6.0,41.508197,9.13,37.352459,8.22
26300,25752,1.0,9.221311,2.03,8.303279,1.83
26299,3865,6.0,88.52459,19.48,79.672131,17.53
26294,3865,1.0,15.368852,3.38,15.368852,3.38
26294,25752,1.0,9.221311,2.03,9.221311,2.03
26268,3865,1.0,15.368852,3.38,15.368852,3.38
26268,25752,1.0,9.221311,2.03,9.221311,2.03
26225,25752,3.0,26.557377,5.84,26.557377,5.84
26148,unknown_pos_sale,1.0,29.5,6.49,29.5,6.49
26148,3865,1.0,15.368852,3.38,15.368852,3.38
26147,25001,1.0,18.442623,4.06,18.442623,4.06
26147,25752,1.0,9.221311,2.03,9.221311,2.03
26147,3386,1.0,5.729508,1.26,5.729508,1.26
26147,3319,1.0,8.008197,1.76,8.008197,1.76
26146,unknown_pos_sale,1.0,45.147541,9.93,45.147541,9.93
26146,unknown_pos_sale,1.0,51.885246,11.41,51.885246,11.41
26146,unknown_pos_sale,1.0,41.508197,9.13,41.508197,9.13
26145,unknown_pos_sale,2.0,54.557377,12.0,49.098361,10.8
26144,25752,3.0,26.557377,5.84,26.557377,5.84
26144,unknown_pos_sale,1.0,25.180328,5.54,25.180328,5.54
26142,3865,3.0,44.262295,9.74,39.836066,8.76
26142,25752,1.0,9.221311,2.03,8.303279,1.83
26141,25752,3.0,26.557377,5.84,26.557377,5.84
26139,23378,1.0,14.745902,3.24,14.745902,3.24
26138,3865,3.0,44.262295,9.74,44.262295,9.74
26137,unknown_pos_sale,1.0,41.508197,9.13,41.508197,9.13
26137,3865,1.0,15.368852,3.38,15.368852,3.38
26137,unknown_pos_sale,1.0,13.721311,3.02,13.721311,3.02
26136,3865,3.0,44.262295,9.74,39.827869,8.76
26136,3320,1.0,4.909836,1.08,4.42623,0.97
26135,3865,3.0,44.262295,9.74,44.262295,9.74
26134,3386,2.0,11.459016,2.52,11.459016,2.52
26134,unknown_pos_sale,1.0,8.008197,1.76,8.008197,1.76
26134,unknown_pos_sale,1.0,27.278689,6.0,27.278689,6.0
26133,23378,2.0,29.491803,6.49,29.491803,6.49
26130,3865,3.0,44.262295,9.74,44.262295,9.74
26129,3865,3.0,44.262295,9.74,39.836066,8.76
26129,25752,1.0,9.221311,2.03,8.303279,1.83
26128,3865,6.0,88.52459,19.48,88.52459,19.48
26127,3865,3.0,44.262295,9.74,44.262295,9.74
26114,3386,18.0,94.868852,20.87,94.868852,20.87
26112,25001,3.0,52.57377,11.57,52.57377,11.57
26112,3865,1.0,15.368852,3.38,15.368852,3.38
26111,25752,3.0,26.557377,5.84,23.901639,5.26
26111,25752,3.0,26.557377,5.84,23.901639,5.26
26110,3865,3.0,44.262295,9.74,44.262295,9.74
26109,25001,1.0,18.442623,4.06,18.442623,4.06
26109,unknown_pos_sale,1.0,25.180328,5.54,25.180328,5.54
26108,3865,3.0,44.262295,9.74,44.262295,9.74
26106,3865,3.0,44.262295,9.74,44.262295,9.74
26105,unknown_pos_sale,1.0,29.5,6.49,29.5,6.49
26104,3865,3.0,44.262295,9.74,44.262295,9.74
26103,3865,3.0,44.262295,9.74,44.262295,9.74
26102,3865,2.0,30.737705,6.76,30.737705,6.76
26102,unknown_pos_sale,1.0,13.721311,3.02,13.721311,3.02
26101,3865,3.0,44.262295,9.74,44.262295,9.74
26088,25752,1.0,9.221311,2.03,8.303279,1.83
26088,3865,1.0,15.368852,3.38,15.368852,3.38
26088,25001,1.0,18.442623,4.06,18.442623,4.06
26053,unknown_pos_sale,1.0,29.491803,6.49,29.491803,6.49
26053,unknown_pos_sale,1.0,13.459016,2.96,13.459016,2.96
26040,3865,3.0,44.262295,9.74,44.262295,9.74
26040,25752,2.0,18.442623,4.06,16.598361,3.65
26039,25752,3.0,26.557377,5.84,26.557377,5.84
26039,25752,3.0,26.557377,5.84,26.557377,5.84
26038,3865,1.0,15.368852,3.38,15.368852,3.38
26038,25001,1.0,18.442623,4.06,18.442623,4.06
26038,3386,1.0,5.729508,1.26,5.729508,1.26
26038,3320,1.0,4.909836,1.08,4.909836,1.08
26037,unknown_pos_sale,1.0,40.901639,9.0,36.811475,8.1
26037,3865,1.0,15.368852,3.38,13.836066,3.04
25934,3865,3.0,44.262295,9.74,44.262295,9.74
25897,25752,3.0,26.557377,5.84,23.901639,5.26
25897,3865,1.0,15.368852,3.38,13.836066,3.04
25897,25001,1.0,18.442623,4.06,16.598361,3.65
25896,unknown_pos_sale,1.0,29.491803,6.49,29.491803,6.49
25896,25001,1.0,18.442623,4.06,18.442623,4.06
25895,25752,6.0,53.114754,11.69,47.803279,10.52
25894,25752,3.0,26.557377,5.84,23.901639,5.26
25894,25752,3.0,26.557377,5.84,23.901639,5.26
25893,25752,3.0,26.557377,5.84,23.901639,5.26
25893,25752,3.0,26.557377,5.84,23.901639,5.26
25892,3386,6.0,34.377049,7.56,30.934426,6.81
25892,3320,2.0,9.819672,2.16,8.844262,1.95
25891,25752,2.0,18.442623,4.06,18.442623,4.06
25891,3361,2.0,14.721311,3.24,14.721311,3.24
25891,3314,1.0,9.196721,2.02,9.196721,2.02
25890,3865,3.0,44.262295,9.74,44.262295,9.74
25889,25752,3.0,26.557377,5.84,26.557377,5.84
25889,25001,1.0,18.442623,4.06,18.442623,4.06
25889,3865,1.0,15.368852,3.38,15.368852,3.38
25888,unknown_pos_sale,1.0,29.491803,6.49,29.491803,6.49
25888,3865,1.0,15.368852,3.38,15.368852,3.38
25887,25752,6.0,53.114754,11.69,47.803279,10.52
25886,3865,1.0,15.368852,3.38,15.368852,3.38
25885,3865,1.0,15.368852,3.38,15.368852,3.38
25884,25752,5.0,44.262295,9.74,0.0,0.0
25882,25752,3.0,26.557377,5.84,23.901639,5.26
25882,25001,1.0,18.442623,4.06,18.442623,4.06
25882,3865,1.0,15.368852,3.38,15.368852,3.38
25881,25752,3.0,26.557377,5.84,23.901639,5.26
25881,3865,2.0,30.737705,6.76,30.737705,6.76
25880,3865,3.0,44.262295,9.74,44.262295,9.74
25879,unknown_pos_sale,1.0,29.491803,6.49,29.491803,6.49
25878,3865,1.0,15.368852,3.38,15.368852,3.38
25878,25752,2.0,18.442623,4.06,18.442623,4.06
25877,unknown_pos_sale,1.0,29.491803,6.49,29.491803,6.49
25876,3361,12.0,77.704918,17.1,64.42623,14.17
25876,3386,18.0,103.131148,22.69,83.114754,18.29
25874,25752,6.0,53.114754,11.69,47.803279,10.52
25873,unknown_pos_sale,1.0,29.491803,6.49,29.491803,6.49
25873,3865,1.0,15.368852,3.38,15.368852,3.38
25872,3865,1.0,15.368852,3.38,15.368852,3.38
25872,25001,1.0,18.442623,4.06,18.442623,4.06
25863,25001,3.0,52.57377,11.57,52.57377,11.57
25863,25001,3.0,52.57377,11.57,52.57377,11.57
25862,3865,3.0,44.262295,9.74,44.262295,9.74
25861,25752,4.0,35.409836,7.79,31.868852,7.01
25861,3865,1.0,15.368852,3.38,15.368852,3.38
25860,3865,3.0,44.262295,9.74,44.262295,9.74
25859,3865,3.0,44.262295,9.74,44.262295,9.74
25858,unknown_pos_sale,2.0,58.983607,12.98,58.983607,12.98
25857,25752,2.0,18.442623,4.06,18.442623,4.06
25857,25752,1.0,9.221311,2.03,9.221311,2.03
25857,3865,1.0,15.368852,3.38,15.368852,3.38
25856,unknown_pos_sale,1.0,29.491803,6.49,29.491803,6.49
25856,3865,1.0,15.368852,3.38,15.368852,3.38
25855,25752,2.0,18.442623,4.06,16.598361,3.65
25854,3865,2.0,30.737705,6.76,30.737705,6.76
25854,25752,1.0,9.221311,2.03,9.221311,2.03
25852,25752,4.0,35.409836,7.79,31.868852,7.01
25850,23378,1.0,44.237705,9.73,44.237705,9.73
25849,25752,1.0,9.221311,2.03,9.221311,2.03
25848,25752,2.0,18.442623,4.06,16.598361,3.65
25848,3865,2.0,30.737705,6.76,30.737705,6.76
25846,23378,1.0,44.237705,9.73,44.237705,9.73
25845,25752,1.0,9.221311,2.03,8.303279,1.83
25845,3865,3.0,44.262295,9.74,39.836066,8.76
25844,3865,1.0,15.368852,3.38,15.368852,3.38
25843,3865,3.0,44.262295,9.74,44.262295,9.74
25841,3865,3.0,44.262295,9.74,44.262295,9.74
25840,3865,3.0,44.262295,9.74,44.262295,9.74
25839,3865,1.0,15.368852,3.38,15.368852,3.38
25839,25752,1.0,9.221311,2.03,9.221311,2.03
25839,3386,2.0,11.459016,2.52,11.459016,2.52
25839,3319,2.0,16.016393,3.52,16.016393,3.52
25827,23378,1.0,44.237705,9.73,44.237705,9.73
25826,3865,1.0,15.368852,3.38,15.368852,3.38
25826,25752,1.0,9.221311,2.03,9.221311,2.03
25826,25001,1.0,18.442623,4.06,18.442623,4.06
25825,25001,3.0,52.57377,11.57,52.57377,11.57
25825,3865,2.0,30.737705,6.76,30.737705,6.76
25824,3865,3.0,44.262295,9.74,44.262295,9.74
25823,unknown_pos_sale,1.0,40.901639,9.0,36.811475,8.1
25823,3865,1.0,15.368852,3.38,13.836066,3.04
25822,3865,1.0,15.368852,3.38,13.836066,3.04
25822,25752,2.0,18.442623,4.06,16.598361,3.65
25821,3865,3.0,44.262295,9.74,44.262295,9.74
25819,3865,1.0,15.368852,3.38,13.836066,3.04
25719,3319,6.0,45.147541,9.93,42.885246,9.43
25719,3386,6.0,34.377049,7.56,32.663934,7.19
25719,3313,3.0,28.868852,6.35,27.42623,6.03
25719,3314,3.0,27.04918,5.95,25.696721,5.65
25718,3865,3.0,44.262295,9.74,44.262295,9.74
25717,unknown_pos_sale,1.0,49.155738,10.81,49.155738,10.81
25716,unknown_pos_sale,1.0,49.155738,10.81,49.155738,10.81
25703,unknown_pos_sale,1.0,27.278689,6.0,24.557377,5.4
25703,unknown_pos_sale,1.0,55.377049,12.18,49.836066,10.96
25703,unknown_pos_sale,1.0,45.147541,9.93,40.631148,8.94
25691,3865,3.0,44.262295,9.74,44.262295,9.74
25690,3865,3.0,44.262295,9.74,44.262295,9.74
25689,unknown_pos_sale,3.0,80.188525,17.64,80.188525,17.64
25688,3865,3.0,44.262295,9.74,44.262295,9.74
25687,25001,1.0,20.286885,4.46,20.286885,4.46
25686,3865,4.0,59.016393,12.98,53.114754,11.69
25685,3865,3.0,44.262295,9.74,44.262295,9.74
25684,3386,18.0,103.131148,22.69,103.131148,22.69
25683,3865,3.0,44.262295,9.74,44.262295,9.74
25682,25001,3.0,54.786885,12.05,54.786885,12.05
25681,3865,1.0,15.368852,3.38,15.368852,3.38
25680,3865,3.0,44.262295,9.74,44.262295,9.74
25679,25001,1.0,20.286885,4.46,20.286885,4.46
25679,3865,1.0,15.368852,3.38,15.368852,3.38
25679,3361,3.0,21.639344,4.76,21.639344,4.76
25678,3313,12.0,103.672131,22.81,103.672131,22.81
25677,3865,3.0,44.262295,9.74,44.262295,9.74
25675,unknown_pos_sale,1.0,40.901639,9.0,40.901639,9.0
25664,3865,1.0,15.368852,3.38,13.836066,3.04
25663,unknown_pos_sale,8.0,43.081967,9.48,43.081967,9.48
25663,unknown_pos_sale,1.0,41.508197,9.13,41.508197,9.13
25662,3865,1.0,15.368852,3.38,13.836066,3.04
25650,unknown_pos_sale,1.0,20.016393,4.4,20.016393,4.4
25649,3865,3.0,44.262295,9.74,44.262295,9.74
25648,3865,3.0,44.262295,9.74,44.262295,9.74
25645,3865,3.0,44.262295,9.74,44.262295,9.74
25624,25001,3.0,54.786885,12.05,54.786885,12.05
25623,3865,3.0,44.262295,9.74,44.262295,9.74
25622,3386,8.0,45.836066,10.08,45.836066,10.08
25621,unknown_pos_sale,1.0,40.901639,9.0,40.901639,9.0
25620,3865,1.0,15.368852,3.38,15.368852,3.38
25620,24422,1.0,9.221311,2.03,9.221311,2.03
25619,3320,1.0,0.0,0.0,0.0,0.0
25619,unknown_pos_sale,6.0,230.704918,50.76,230.704918,50.76
25619,3865,1.0,15.368852,3.38,15.368852,3.38
25618,3865,3.0,44.262295,9.74,44.262295,9.74
25617,24422,2.0,18.442623,4.06,18.442623,4.06
25617,3865,2.0,30.737705,6.76,30.737705,6.76
25615,3865,3.0,44.262295,9.74,44.262295,9.74
25611,25001,3.0,54.786885,12.05,54.786885,12.05
25554,3865,3.0,44.262295,9.74,39.836066,8.76
25554,24422,6.0,53.114754,11.69,47.803279,10.52
25554,3320,1.0,0.0,0.0,0.0,0.0
25552,3865,3.0,44.262295,9.74,44.262295,9.74
25552,25001,1.0,20.286885,4.46,20.286885,4.46
25552,24422,3.0,26.557377,5.84,26.557377,5.84
25552,3320,1.0,0.0,0.0,0.0,0.0
25551,25001,3.0,54.786885,12.05,54.786885,12.05
25550,23378,1.0,14.745902,3.24,14.745902,3.24
25549,3865,3.0,44.262295,9.74,44.262295,9.74
25548,3865,2.0,30.737705,6.76,30.737705,6.76
25547,3865,3.0,44.262295,9.74,44.262295,9.74
25546,23378,2.0,29.491803,6.49,29.491803,6.49
25545,unknown_pos_sale,2.0,31.147541,6.85,31.147541,6.85
25544,25001,3.0,54.786885,12.05,54.786885,12.05
25544,24422,3.0,26.557377,5.84,26.557377,5.84
25544,3320,1.0,0.0,0.0,0.0,0.0
25543,unknown_pos_sale,2.0,110.754098,24.37,110.754098,24.37
25543,3320,1.0,0.0,0.0,0.0,0.0
25543,unknown_pos_sale,2.0,103.770492,22.83,103.770492,22.83
25542,25001,3.0,54.786885,12.05,54.786885,12.05
25541,unknown_pos_sale,1.0,27.278689,6.0,27.278689,6.0
25541,3865,1.0,15.368852,3.38,15.368852,3.38
25540,3865,4.0,59.016393,12.98,53.114754,11.69
25539,3865,3.0,44.262295,9.74,44.262295,9.74
25538,3865,3.0,44.262295,9.74,44.262295,9.74
25537,3865,3.0,44.262295,9.74,44.262295,9.74
25525,3865,3.0,44.262295,9.74,44.262295,9.74
25524,3865,3.0,44.262295,9.74,44.262295,9.74
25509,unknown_pos_sale,2.0,54.557377,12.0,54.557377,12.0
25508,24422,5.0,44.262295,9.74,44.262295,9.74
25507,3865,1.0,15.368852,3.38,13.827869,3.04
25507,24422,1.0,9.221311,2.03,8.303279,1.83
25506,3319,3.0,23.532787,5.18,23.532787,5.18
25506,3386,3.0,17.188525,3.78,17.188525,3.78
25506,3320,1.0,4.909836,1.08,4.909836,1.08
25505,3314,2.0,18.393443,4.05,18.393443,4.05
25505,3319,2.0,16.016393,3.52,16.016393,3.52
25505,3386,4.0,22.918033,5.04,22.918033,5.04
25504,unknown_pos_sale,1.0,49.155738,10.81,49.155738,10.81
25491,3313,1.0,9.819672,2.16,9.819672,2.16
25489,3313,4.0,38.491803,8.47,38.491803,8.47
25489,3320,1.0,4.909836,1.08,4.909836,1.08
25488,3865,1.0,15.368852,3.38,15.368852,3.38
25486,25001,1.0,20.286885,4.46,20.286885,4.46
25485,unknown_pos_sale,1.0,55.377049,12.18,49.836066,10.96
25485,unknown_pos_sale,1.0,45.147541,9.93,40.639344,8.94
25485,3320,1.0,0.0,0.0,0.0,0.0
25485,unknown_pos_sale,1.0,15.57377,3.43,14.016393,3.08
25485,unknown_pos_sale,1.0,51.885246,11.41,46.696721,10.27
25484,unknown_pos_sale,2.0,26.213115,5.77,23.590164,5.19
25483,3314,11.0,88.991803,19.58,80.090164,17.62
25483,3320,1.0,0.0,0.0,0.0,0.0
25482,3865,3.0,44.262295,9.74,39.836066,8.76
25481,3865,3.0,44.262295,9.74,44.262295,9.74
25480,25001,3.0,54.786885,12.05,49.311475,10.85
25479,unknown_pos_sale,2.0,54.557377,12.0,54.557377,12.0
25478,unknown_pos_sale,1.0,27.278689,6.0,24.54918,5.4
25478,unknown_pos_sale,1.0,20.016393,4.4,18.016393,3.96
25476,3865,3.0,44.262295,9.74,44.262295,9.74
25475,24422,3.0,26.557377,5.84,23.901639,5.26
25475,25001,3.0,54.786885,12.05,49.311475,10.85
25474,25001,3.0,54.786885,12.05,54.786885,12.05
25473,3319,12.0,84.590164,18.61,76.131148,16.75
25473,3313,12.0,103.672131,22.81,93.295082,20.52
25473,3361,12.0,77.704918,17.1,69.934426,15.39
25473,3320,1.0,0.0,0.0,0.0,0.0
25473,3386,12.0,68.754098,15.13,61.885246,13.61
25433,3865,2.0,30.737705,6.76,27.663934,6.09
25433,24422,2.0,18.442623,4.06,16.598361,3.65
25432,25001,1.0,20.286885,4.46,18.262295,4.02
25432,3865,4.0,59.016393,12.98,53.106557,11.68
25432,3386,2.0,11.459016,2.52,10.319672,2.27
25432,3320,1.0,0.0,0.0,0.0,0.0
25431,unknown_pos_sale,1.0,49.155738,10.81,44.237705,9.73
25430,unknown_pos_sale,1.0,55.377049,12.18,55.377049,12.18
25429,24422,2.0,18.442623,4.06,18.442623,4.06
25428,3865,1.0,15.368852,3.38,15.368852,3.38
25427,unknown_pos_sale,1.0,55.377049,12.18,49.836066,10.96
25426,3865,3.0,44.262295,9.74,39.827869,8.76
25426,3386,1.0,5.729508,1.26,5.163934,1.14
25425,unknown_pos_sale,1.0,41.508197,9.13,37.352459,8.22
25425,3386,1.0,5.729508,1.26,5.163934,1.14
25424,unknown_pos_sale,1.0,40.901639,9.0,36.803279,8.1
25424,3361,1.0,7.360656,1.62,6.631148,1.46
25423,unknown_pos_sale,1.0,55.377049,12.18,49.836066,10.96
25423,unknown_pos_sale,1.0,51.885246,11.41,46.696721,10.27
25423,3320,1.0,0.0,0.0,0.0,0.0
25387,3865,3.0,44.262295,9.74,39.836066,8.76
25386,3865,3.0,44.262295,9.74,39.836066,8.76
25385,24422,3.0,26.557377,5.84,26.557377,5.84
25385,3865,1.0,15.368852,3.38,15.368852,3.38
25384,unknown_pos_sale,1.0,29.491803,6.49,29.491803,6.49
25383,3865,3.0,44.262295,9.74,44.262295,9.74
25382,unknown_pos_sale,1.0,40.901639,9.0,40.901639,9.0
25382,3386,2.0,11.459016,2.52,11.459016,2.52
25380,24422,3.0,26.557377,5.84,26.557377,5.84
25380,3865,1.0,15.368852,3.38,15.368852,3.38
25378,25001,1.0,20.286885,4.46,18.262295,4.02
25378,unknown_pos_sale,1.0,27.278689,6.0,24.557377,5.4
25378,3361,2.0,14.721311,3.24,13.254098,2.92
25378,3314,2.0,18.393443,4.05,16.540984,3.64
25377,25001,1.0,20.286885,4.46,20.286885,4.46
25377,24422,1.0,9.221311,2.03,9.221311,2.03
25377,3386,2.0,11.459016,2.52,11.459016,2.52
25376,3361,3.0,21.639344,4.76,19.459016,4.28
25376,3313,1.0,9.819672,2.16,8.844262,1.95
25376,3319,1.0,8.008197,1.76,7.213115,1.59
25376,3386,2.0,11.459016,2.52,10.319672,2.27
25358,3865,1.0,15.368852,3.38,15.368852,3.38
25318,25001,3.0,54.786885,12.05,49.311475,10.85
25317,3865,3.0,44.262295,9.74,44.262295,9.74
25308,3865,3.0,44.262295,9.74,44.262295,9.74
25307,3865,6.0,88.52459,19.48,79.672131,17.53
25307,3320,1.0,0.0,0.0,0.0,0.0
25307,25001,1.0,20.286885,4.46,18.262295,4.02
25306,23378,1.0,44.237705,9.73,44.237705,9.73
25305,3865,10.0,147.540984,32.46,132.786885,29.21
25305,3320,1.0,0.0,0.0,0.0,0.0
25304,25001,3.0,54.786885,12.05,49.311475,10.85
25303,unknown_pos_sale,1.0,49.155738,10.81,44.237705,9.73
25302,unknown_pos_sale,1.0,40.901639,9.0,36.811475,8.1
25302,24422,3.0,26.557377,5.84,23.901639,5.26
25301,3865,1.0,15.368852,3.38,15.368852,3.38
25300,3865,3.0,44.262295,9.74,44.262295,9.74
25299,25001,3.0,54.786885,12.05,54.786885,12.05
25298,24422,3.0,26.557377,5.84,26.557377,5.84
25298,3865,1.0,15.368852,3.38,15.368852,3.38
25297,3865,1.0,15.368852,3.38,15.368852,3.38
25297,25001,1.0,20.286885,4.46,20.286885,4.46
25297,24422,1.0,9.221311,2.03,9.221311,2.03
25295,3865,3.0,44.262295,9.74,44.262295,9.74
25294,unknown_pos_sale,6.0,55.377049,12.18,49.836066,10.96
25290,25001,1.0,20.286885,4.46,20.286885,4.46
25289,24422,1.0,9.221311,2.03,9.221311,2.03
25288,25001,3.0,54.786885,12.05,54.786885,12.05
25286,unknown_pos_sale,1.0,41.508197,9.13,41.508197,9.13
25284,24422,2.0,18.442623,4.06,18.442623,4.06
25284,unknown_pos_sale,1.0,22.131148,4.87,22.131148,4.87
25284,unknown_pos_sale,1.0,49.155738,10.81,49.155738,10.81
25284,3320,1.0,0.0,0.0,0.0,0.0
25283,25001,2.0,40.57377,8.93,36.516393,8.03
25283,24422,2.0,18.442623,4.06,18.442623,4.06
25282,unknown_pos_sale,1.0,40.901639,9.0,40.901639,9.0
25282,3320,1.0,0.0,0.0,0.0,0.0
25282,3320,1.0,0.0,0.0,0.0,0.0
25282,3865,2.0,30.737705,6.76,30.737705,6.76
25282,3386,2.0,11.459016,2.52,11.459016,2.52
25281,3865,3.0,44.262295,9.74,44.262295,9.74
25281,25001,1.0,20.286885,4.46,18.262295,4.02
25281,24422,2.0,18.442623,4.06,18.442623,4.06
25281,3320,1.0,0.0,0.0,0.0,0.0
25280,3865,3.0,44.262295,9.74,44.262295,9.74
25279,3865,1.0,15.368852,3.38,15.368852,3.38
25279,25001,2.0,40.57377,8.93,40.57377,8.93
25279,24422,1.0,9.221311,2.03,9.221311,2.03
25278,3865,3.0,44.262295,9.74,44.262295,9.74
25274,unknown_pos_sale,2.0,18.393443,4.05,18.393443,4.05
25270,unknown_pos_sale,2.0,40.032787,8.81,40.032787,8.81
25270,25001,1.0,20.286885,4.46,20.286885,4.46
25270,24422,1.0,9.221311,2.03,9.221311,2.03
25269,25001,4.0,73.04918,16.07,73.04918,16.07
25268,3865,3.0,44.262295,9.74,44.262295,9.74
25268,3865,3.0,44.262295,9.74,44.262295,9.74
25268,3320,1.0,0.0,0.0,0.0,0.0
25268,3865,3.0,44.262295,9.74,44.262295,9.74
25267,3361,1.0,7.360656,1.62,6.631148,1.46
25267,3361,3.0,21.639344,4.76,19.459016,4.28
25267,3320,1.0,4.909836,1.08,4.42623,0.97
25267,unknown_pos_sale,1.0,19.008197,4.18,19.008197,4.18
25266,3865,3.0,44.262295,9.74,44.262295,9.74
25265,25001,2.0,40.57377,8.93,36.516393,8.03
25265,3314,1.0,9.196721,2.02,8.278689,1.82
25264,3865,3.0,44.262295,9.74,44.262295,9.74
25263,25001,3.0,54.786885,12.05,54.786885,12.05
25262,3865,3.0,44.262295,9.74,39.836066,8.76
25262,25001,1.0,20.286885,4.46,18.262295,4.02
25258,25001,3.0,54.786885,12.05,54.786885,12.05
25257,3865,3.0,44.262295,9.74,39.836066,8.76
25257,24422,3.0,26.557377,5.84,23.901639,5.26
25256,25001,3.0,54.786885,12.05,54.786885,12.05
25250,unknown_pos_sale,1.0,40.901639,9.0,40.901639,9.0
25250,3865,1.0,15.368852,3.38,15.368852,3.38
25247,unknown_pos_sale,1.0,27.795082,6.11,25.016393,5.5
25243,unknown_pos_sale,4.0,29.442623,6.48,26.5,5.83
25243,unknown_pos_sale,3.0,17.188525,3.78,15.47541,3.4
25243,unknown_pos_sale,6.0,27.688525,6.09,24.909836,5.48
25243,unknown_pos_sale,1.0,13.491803,2.97,12.147541,2.67
25163,unknown_pos_sale,1.0,41.508197,9.13,41.508197,9.13
25163,unknown_pos_sale,1.0,45.147541,9.93,45.147541,9.93
25163,3320,1.0,0.0,0.0,0.0,0.0
25162,3865,3.0,44.262295,9.74,44.262295,9.74
25161,3865,3.0,44.262295,9.74,39.836066,8.76
25161,3865,3.0,44.262295,9.74,39.836066,8.76
25161,3320,1.0,0.0,0.0,0.0,0.0
25161,3320,1.0,0.0,0.0,0.0,0.0
25161,unknown_pos_sale,1.0,25.180328,5.54,25.180328,5.54
25160,3865,3.0,44.262295,9.74,44.262295,9.74
25159,3865,3.0,44.262295,9.74,44.262295,9.74
25158,3865,3.0,44.262295,9.74,44.262295,9.74
25157,25001,3.0,54.786885,12.05,54.786885,12.05
25156,3865,1.0,15.368852,3.38,15.368852,3.38
25134,25001,1.0,20.286885,4.46,18.262295,4.02
25133,unknown_pos_sale,2.0,83.016393,18.26,83.016393,18.26
25133,3320,1.0,0.0,0.0,0.0,0.0
25133,25001,3.0,54.786885,12.05,49.311475,10.85
25132,24422,5.0,44.262295,9.74,44.262295,9.74
25131,3865,1.0,15.368852,3.38,13.836066,3.04
25131,24422,3.0,26.557377,5.84,23.901639,5.26
25130,24422,4.0,35.409836,7.79,31.868852,7.01
25124,3865,1.0,15.368852,3.38,15.368852,3.38
25124,25001,1.0,20.286885,4.46,20.286885,4.46
25124,24422,1.0,9.221311,2.03,9.221311,2.03
25123,25001,6.0,109.57377,24.11,98.614754,21.7
25123,3320,1.0,0.0,0.0,0.0,0.0
25122,3865,3.0,44.262295,9.74,39.836066,8.76
25122,3865,1.0,15.368852,3.38,13.836066,3.04
25121,25001,1.0,20.286885,4.46,20.286885,4.46
25120,3865,2.0,30.737705,6.76,30.737705,6.76
25120,unknown_pos_sale,1.0,25.180328,5.54,25.180328,5.54
25119,25001,1.0,20.286885,4.46,20.286885,4.46
25119,unknown_pos_sale,1.0,34.631148,7.62,34.631148,7.62
25118,3865,2.0,30.737705,6.76,27.663934,6.09
25118,24422,2.0,18.442623,4.06,16.598361,3.65
25117,3865,1.0,15.368852,3.38,15.368852,3.38
25116,3865,3.0,44.262295,9.74,44.262295,9.74
25115,3314,6.0,51.885246,11.41,51.885246,11.41
25113,3865,1.0,15.368852,3.38,15.368852,3.38
25113,24422,1.0,9.221311,2.03,9.221311,2.03
25113,25001,1.0,20.286885,4.46,20.286885,4.46
25108,25026,1.0,58.401639,12.85,58.401639,12.85
25019,24422,3.0,26.557377,5.84,26.557377,5.84
25019,3865,1.0,15.368852,3.38,15.368852,3.38
25012,3865,3.0,44.262295,9.74,44.262295,9.74
25012,24422,2.0,18.442623,4.06,18.442623,4.06
25000,unknown_pos_sale,1.0,34.631148,7.62,34.631148,7.62
24999,unknown_pos_sale,1.0,27.278689,6.0,27.278689,6.0
24999,3865,1.0,15.368852,3.38,15.368852,3.38
24998,3865,3.0,44.262295,9.74,39.836066,8.76
24995,3865,1.0,15.368852,3.38,15.368852,3.38
24994,23378,1.0,14.745902,3.24,14.745902,3.24
24993,unknown_pos_sale,1.0,49.155738,10.81,49.155738,10.81
24934,3865,1.0,15.368852,3.38,15.368852,3.38
24934,3865,1.0,15.368852,3.38,15.368852,3.38
24934,3865,1.0,15.368852,3.38,15.368852,3.38
24934,3865,1.0,15.368852,3.38,15.368852,3.38
24934,3865,1.0,15.368852,3.38,15.368852,3.38
24934,3865,1.0,15.368852,3.38,15.368852,3.38
24934,3320,1.0,0.0,0.0,0.0,0.0
24933,3314,2.0,18.393443,4.05,18.393443,4.05
24933,unknown_pos_sale,1.0,27.278689,6.0,27.278689,6.0
24933,3361,2.0,14.721311,3.24,14.721311,3.24
24933,3313,1.0,9.819672,2.16,9.819672,2.16
24933,unknown_pos_sale,1.0,13.106557,2.88,13.106557,2.88
24933,3320,1.0,0.0,0.0,0.0,0.0
24932,24422,1.0,9.221311,2.03,8.303279,1.83
24932,3865,3.0,44.262295,9.74,39.836066,8.76
24931,3865,2.0,30.737705,6.76,30.737705,6.76
24929,3865,4.0,59.016393,12.98,59.016393,12.98
24924,unknown_pos_sale,6.0,55.377049,12.18,49.836066,10.96
24920,3865,1.0,15.368852,3.38,13.836066,3.04
24919,unknown_pos_sale,1.0,41.508197,9.13,37.360656,8.22
24919,unknown_pos_sale,1.0,51.885246,11.41,46.688525,10.27
24919,3320,1.0,0.0,0.0,0.0,0.0
24919,unknown_pos_sale,1.0,45.147541,9.93,40.639344,8.94
24918,3361,3.0,21.639344,4.76,19.47541,4.28
24918,3313,3.0,28.868852,6.35,25.967213,5.71
24918,3314,2.0,18.393443,4.05,16.557377,3.64
24918,3319,2.0,16.016393,3.52,14.418033,3.17
24918,3320,1.0,0.0,0.0,0.0,0.0
24918,3386,2.0,11.459016,2.52,10.319672,2.27
24917,unknown_pos_sale,6.0,55.377049,12.18,55.377049,12.18
24913,3865,2.0,30.737705,6.76,30.737705,6.76
24913,24422,2.0,18.442623,4.06,18.442623,4.06
24912,3865,3.0,44.262295,9.74,44.262295,9.74
24911,3865,3.0,44.262295,9.74,44.262295,9.74
24905,3865,4.0,59.016393,12.98,53.114754,11.69
24904,3865,1.0,15.368852,3.38,13.836066,3.04
24904,unknown_pos_sale,1.0,20.016393,4.4,20.016393,4.4
24904,unknown_pos_sale,1.0,27.278689,6.0,27.278689,6.0
24903,3865,2.0,30.737705,6.76,27.647541,6.08
24903,3361,1.0,7.360656,1.62,6.631148,1.46
24903,3319,1.0,8.008197,1.76,7.213115,1.59
24903,3314,1.0,9.196721,2.02,8.278689,1.82
24902,3865,1.0,15.368852,3.38,13.836066,3.04
24901,3865,1.0,15.368852,3.38,13.836066,3.04
24900,3865,3.0,44.262295,9.74,44.262295,9.74
24900,24422,1.0,9.221311,2.03,9.221311,2.03
24899,23378,1.0,14.745902,3.24,14.745902,3.24
24896,3865,3.0,44.262295,9.74,44.262295,9.74
24895,3865,3.0,44.262295,9.74,44.262295,9.74
24894,unknown_pos_sale,23.0,101.614754,22.36,101.614754,22.36
24894,3320,1.0,0.0,0.0,0.0,0.0
24893,3865,3.0,44.262295,9.74,44.262295,9.74
24890,3865,1.0,15.368852,3.38,13.836066,3.04
24882,unknown_pos_sale,1.0,40.901639,9.0,40.901639,9.0
24881,3865,3.0,44.262295,9.74,44.262295,9.74
24880,unknown_pos_sale,2.0,54.557377,12.0,54.557377,12.0
24879,unknown_pos_sale,1.0,29.491803,6.49,29.491803,6.49
24878,23378,2.0,29.491803,6.49,29.491803,6.49
24877,3361,6.0,41.508197,9.13,41.508197,9.13
24876,3865,1.0,15.368852,3.38,13.836066,3.04
24875,unknown_pos_sale,1.0,41.508197,9.13,41.508197,9.13
24874,3865,1.0,15.368852,3.38,15.368852,3.38
24874,24422,1.0,9.221311,2.03,9.221311,2.03
24873,3865,1.0,15.368852,3.38,15.368852,3.38
24873,unknown_pos_sale,1.0,27.278689,6.0,27.278689,6.0
24872,3865,3.0,44.262295,9.74,44.262295,9.74
24870,3865,3.0,44.262295,9.74,44.262295,9.74
24869,unknown_pos_sale,1.0,41.508197,9.13,41.508197,9.13
24868,3865,3.0,44.262295,9.74,44.262295,9.74
24867,24422,6.0,53.114754,11.69,53.114754,11.69
24866,3865,2.0,30.737705,6.76,30.737705,6.76
24866,24422,2.0,18.442623,4.06,18.442623,4.06
24865,3361,6.0,41.508197,9.13,37.360656,8.22
24865,3313,6.0,55.377049,12.18,49.836066,10.96
24865,3320,1.0,0.0,0.0,0.0,0.0
24864,3865,2.0,30.737705,6.76,30.737705,6.76
24863,24422,2.0,18.442623,4.06,16.598361,3.65
24862,3865,3.0,44.262295,9.74,44.262295,9.74
24861,3865,1.0,15.368852,3.38,15.368852,3.38
24860,unknown_pos_sale,4.0,51.377049,11.3,48.811475,10.74
24859,3314,11.0,88.991803,19.58,88.991803,19.58
24859,3320,1.0,0.0,0.0,0.0,0.0
24859,3865,2.0,30.737705,6.76,30.737705,6.76
24859,unknown_pos_sale,1.0,25.180328,5.54,25.180328,5.54
24858,3865,3.0,44.262295,9.74,44.262295,9.74
24857,3865,3.0,44.262295,9.74,44.262295,9.74
24856,unknown_pos_sale,2.0,60.57377,13.33,60.57377,13.33
24855,unknown_pos_sale,1.0,40.901639,9.0,40.901639,9.0
24854,3865,3.0,44.262295,9.74,44.262295,9.74
24846,24422,6.0,53.114754,11.69,47.803279,10.52
24845,3865,5.0,73.770492,16.23,73.770492,16.23
24845,3313,1.0,9.819672,2.16,9.819672,2.16
24845,3320,1.0,0.0,0.0,0.0,0.0
24844,3313,12.0,103.672131,22.81,103.672131,22.81
24844,3320,1.0,0.0,0.0,0.0,0.0
24843,unknown_pos_sale,1.0,28.229508,6.21,28.229508,6.21
24843,unknown_pos_sale,1.0,49.155738,10.81,49.155738,10.81
24842,3319,6.0,45.147541,9.93,45.147541,9.93
24841,3313,6.0,55.377049,12.18,55.377049,12.18
24840,3361,8.0,55.344262,12.18,55.344262,12.18
24840,3319,4.0,31.377049,6.9,31.377049,6.9
24840,3320,1.0,0.0,0.0,0.0,0.0
24839,24422,2.0,18.442623,4.06,18.442623,4.06
24839,unknown_pos_sale,1.0,40.901639,9.0,40.901639,9.0
24839,3313,1.0,9.819672,2.16,9.819672,2.16
24839,3314,1.0,9.196721,2.02,9.196721,2.02
24839,3386,1.0,5.729508,1.26,5.729508,1.26
24839,3320,1.0,0.0,0.0,0.0,0.0
24838,unknown_pos_sale,1.0,30.286885,6.66,27.262295,6.0
24838,24422,4.0,35.409836,7.79,31.868852,7.01
24837,24422,1.0,9.221311,2.03,8.303279,1.83
24837,3865,3.0,44.262295,9.74,39.836066,8.76
24836,3865,3.0,44.262295,9.74,44.262295,9.74
24833,3865,2.0,30.737705,6.76,30.737705,6.76
24833,3320,6.0,29.459016,6.48,29.459016,6.48
24832,3865,3.0,44.262295,9.74,44.262295,9.74
24831,unknown_pos_sale,1.0,49.155738,10.81,49.155738,10.81
24830,unknown_pos_sale,1.0,27.278689,6.0,24.557377,5.4
24830,unknown_pos_sale,1.0,30.286885,6.66,27.254098,6.0
24829,3865,3.0,44.262295,9.74,39.836066,8.76
24828,unknown_pos_sale,1.0,29.491803,6.49,29.491803,6.49
24828,3319,1.0,8.008197,1.76,7.213115,1.59
24828,3314,1.0,9.196721,2.02,8.270492,1.82
24827,3865,3.0,44.262295,9.74,44.262295,9.74
24826,unknown_pos_sale,2.0,32.770492,7.21,32.770492,7.21
24826,3865,3.0,44.262295,9.74,39.836066,8.76
24825,unknown_pos_sale,1.0,51.885246,11.41,51.885246,11.41
24824,3320,6.0,29.459016,6.48,26.516393,5.83
24824,unknown_pos_sale,1.0,34.631148,7.62,34.631148,7.62
24824,3320,1.0,0.0,0.0,0.0,0.0
24823,3865,1.0,15.368852,3.38,15.368852,3.38
24822,unknown_pos_sale,1.0,49.155738,10.81,49.155738,10.81
24822,unknown_pos_sale,2.0,9.819672,2.16,8.827869,1.94
24822,unknown_pos_sale,1.0,5.729508,1.26,5.155738,1.13
24822,3320,1.0,0.0,0.0,0.0,0.0
24822,3386,1.0,5.729508,1.26,5.163934,1.14
24822,3320,1.0,4.909836,1.08,4.42623,0.97
24822,unknown_pos_sale,1.0,7.360656,1.62,6.622951,1.46
24821,24422,3.0,26.557377,5.84,23.901639,5.26
24821,3865,3.0,44.262295,9.74,39.836066,8.76
24821,3320,1.0,0.0,0.0,0.0,0.0
24820,unknown_pos_sale,1.0,30.286885,6.66,30.286885,6.66
24820,unknown_pos_sale,1.0,16.385246,3.6,16.385246,3.6
24819,24422,3.0,26.557377,5.84,26.557377,5.84
24815,3361,6.0,41.508197,9.13,41.508197,9.13
24815,3320,1.0,0.0,0.0,0.0,0.0
24815,3386,6.0,34.377049,7.56,34.377049,7.56
24814,unknown_pos_sale,1.0,49.155738,10.81,49.155738,10.81
24814,24422,1.0,9.221311,2.03,9.221311,2.03
24813,3865,3.0,44.262295,9.74,44.262295,9.74
24812,3865,2.0,30.737705,6.76,30.737705,6.76
24812,24422,2.0,18.442623,4.06,18.442623,4.06
24811,3865,2.0,30.737705,6.76,30.737705,6.76
24811,24422,1.0,9.221311,2.03,9.221311,2.03
24811,24422,1.0,9.221311,2.03,9.221311,2.03
24792,3865,1.0,15.368852,3.38,15.368852,3.38
24791,3865,1.0,15.368852,3.38,15.368852,3.38
24790,unknown_pos_sale,1.0,30.286885,6.66,30.286885,6.66
24789,unknown_pos_sale,1.0,40.901639,9.0,40.901639,9.0
24689,3865,4.0,59.016393,12.98,59.016393,12.98
24689,3320,1.0,0.0,0.0,0.0,0.0
24680,3865,3.0,44.262295,9.74,44.262295,9.74
24679,24422,1.0,9.221311,2.03,9.221311,2.03
24679,3865,1.0,15.368852,3.38,15.368852,3.38
24678,3865,3.0,44.262295,9.74,44.262295,9.74
24676,3865,1.0,15.368852,3.38,15.368852,3.38
24675,24422,3.0,26.557377,5.84,26.557377,5.84
24675,3865,1.0,15.368852,3.38,15.368852,3.38
24674,3865,3.0,44.262295,9.74,39.836066,8.76
24672,23378,1.0,44.237705,9.73,44.237705,9.73
24671,3865,3.0,44.262295,9.74,39.836066,8.76
24670,3314,1.0,9.196721,2.02,8.278689,1.82
24670,3319,1.0,8.008197,1.76,7.213115,1.59
24670,3313,3.0,28.868852,6.35,25.97541,5.71
24669,3865,3.0,44.262295,9.74,44.262295,9.74
24668,3865,2.0,30.737705,6.76,30.737705,6.76
24668,24422,2.0,18.442623,4.06,18.442623,4.06
24667,3361,6.0,41.508197,9.13,41.508197,9.13
24666,3865,3.0,44.262295,9.74,44.262295,9.74
24665,3865,3.0,44.262295,9.74,44.262295,9.74
24664,unknown_pos_sale,1.0,41.508197,9.13,37.352459,8.22
24664,unknown_pos_sale,1.0,13.106557,2.88,11.803279,2.6
24663,3865,2.0,30.737705,6.76,30.737705,6.76
24663,3319,6.0,45.147541,9.93,45.147541,9.93
24663,3320,1.0,0.0,0.0,0.0,0.0
24662,3865,3.0,44.262295,9.74,44.262295,9.74
24646,24422,1.0,9.221311,2.03,9.221311,2.03
24646,3865,1.0,15.368852,3.38,15.368852,3.38
24645,3865,2.0,30.737705,6.76,30.737705,6.76
24645,24422,2.0,18.442623,4.06,18.442623,4.06
24644,24422,3.0,26.557377,5.84,26.557377,5.84
24644,unknown_pos_sale,2.0,9.016393,1.98,9.016393,1.98
24644,3865,3.0,44.262295,9.74,44.262295,9.74
24644,3320,1.0,0.0,0.0,0.0,0.0
24643,24422,2.0,18.442623,4.06,18.442623,4.06
24643,3865,1.0,15.368852,3.38,15.368852,3.38
24643,3361,1.0,7.360656,1.62,7.360656,1.62
24642,24422,2.0,18.442623,4.06,18.442623,4.06
24642,unknown_pos_sale,1.0,40.901639,9.0,40.901639,9.0
24642,3320,1.0,0.0,0.0,0.0,0.0
24641,unknown_pos_sale,1.0,29.491803,6.49,29.491803,6.49
24640,24422,3.0,26.557377,5.84,26.557377,5.84
24640,unknown_pos_sale,2.0,9.016393,1.98,9.016393,1.98
24640,3314,1.0,9.196721,2.02,9.196721,2.02
24639,3865,3.0,44.262295,9.74,39.836066,8.76
24638,3314,12.0,97.081967,21.36,97.081967,21.36
24638,3320,1.0,0.0,0.0,0.0,0.0
24637,unknown_pos_sale,1.0,12.286885,2.7,11.065574,2.43
24637,3865,1.0,15.368852,3.38,13.827869,3.04
24636,3865,2.0,30.737705,6.76,27.663934,6.09
24636,24422,2.0,18.442623,4.06,16.598361,3.65
24601,3865,3.0,44.262295,9.74,39.836066,8.76
24601,24422,3.0,26.557377,5.84,23.901639,5.26
24601,3320,1.0,0.0,0.0,0.0,0.0
24600,3314,6.0,51.885246,11.41,51.885246,11.41
24586,unknown_pos_sale,1.0,49.155738,10.81,44.237705,9.73
24586,24422,1.0,9.221311,2.03,8.303279,1.83
24585,3865,3.0,44.262295,9.74,44.262295,9.74
24581,3314,6.0,51.885246,11.41,46.696721,10.27
24558,3865,3.0,44.262295,9.74,39.836066,8.76
24528,3865,4.0,59.016393,12.98,53.114754,11.69
24436,24422,3.0,26.557377,5.84,23.901639,5.26
24436,3865,1.0,15.368852,3.38,13.836066,3.04
24402,unknown_pos_sale,1.0,47.336066,10.41,47.336066,10.41
24401,3865,3.0,44.262295,9.74,44.262295,9.74
24399,3865,4.0,59.016393,12.98,53.114754,11.69
24397,23378,1.0,44.237705,9.73,39.811475,8.76
24395,3865,3.0,44.262295,9.74,39.836066,8.76
24394,unknown_pos_sale,1.0,40.901639,9.0,36.811475,8.1
24394,3865,1.0,15.368852,3.38,13.836066,3.04
24392,unknown_pos_sale,1.0,51.885246,11.41,51.885246,11.41
24392,3320,1.0,0.0,0.0,0.0,0.0
24392,unknown_pos_sale,1.0,40.901639,9.0,40.901639,9.0
24392,3865,1.0,15.368852,3.38,15.368852,3.38
24391,3865,3.0,44.262295,9.74,44.262295,9.74
24390,3313,6.0,55.377049,12.18,49.836066,10.96
24390,3386,1.0,5.729508,1.26,5.163934,1.14
24389,3313,3.0,28.868852,6.35,27.401639,6.03
24389,3314,3.0,27.04918,5.95,25.696721,5.65
24389,3320,2.0,9.819672,2.16,9.336066,2.05
24389,3320,1.0,0.0,0.0,0.0,0.0
24389,3319,2.0,16.016393,3.52,15.221311,3.35
24389,3386,2.0,11.459016,2.52,10.893443,2.4
24388,3865,3.0,44.262295,9.74,44.262295,9.74
24387,3865,1.0,15.368852,3.38,13.836066,3.04
24386,unknown_pos_sale,1.0,40.901639,9.0,36.803279,8.1
24386,3313,2.0,19.639344,4.32,17.680328,3.89
24385,3865,1.0,15.368852,3.38,13.836066,3.04
24384,3320,1.0,4.909836,1.08,4.909836,1.08
24384,3319,1.0,8.008197,1.76,8.008197,1.76
24384,3361,1.0,7.360656,1.62,7.360656,1.62
24384,3386,2.0,11.459016,2.52,11.459016,2.52
24384,3313,1.0,9.819672,2.16,9.819672,2.16
24382,3865,3.0,44.262295,9.74,44.262295,9.74
24379,unknown_pos_sale,1.0,40.901639,9.0,40.901639,9.0
24378,unknown_pos_sale,2.0,60.57377,13.33,57.54918,12.66
24377,unknown_pos_sale,1.0,40.901639,9.0,40.901639,9.0
24376,23378,1.0,14.745902,3.24,13.270492,2.92
24374,3865,3.0,44.262295,9.74,39.827869,8.76
24374,3314,1.0,9.196721,2.02,8.278689,1.82
24374,3313,1.0,9.819672,2.16,8.844262,1.95
24372,3865,3.0,44.262295,9.74,44.262295,9.74
24370,3865,1.0,15.368852,3.38,15.368852,3.38
24369,unknown_pos_sale,1.0,30.286885,6.66,30.286885,6.66
24368,3865,1.0,15.37,3.38,15.37,3.38
24362,23378,1.0,14.745902,3.24,13.270492,2.92
24361,3865,2.0,30.737705,6.76,27.663934,6.09
24360,unknown_pos_sale,1.0,13.491803,2.97,13.491803,2.97
24360,unknown_pos_sale,1.0,13.491803,2.97,13.491803,2.97
24360,unknown_pos_sale,1.0,13.491803,2.97,13.491803,2.97
24360,unknown_pos_sale,1.0,13.491803,2.97,13.491803,2.97
24348,23378,1.0,44.237705,9.73,44.237705,9.73
24335,3865,1.0,15.368852,3.38,15.368852,3.38
24282,3865,3.0,44.262295,9.74,44.262295,9.74
24254,3865,2.0,30.737705,6.76,27.663934,6.09
24253,3865,1.0,15.368852,3.38,13.836066,3.04
24241,3386,24.0,137.508197,30.25,137.508197,30.25
24241,3320,1.0,0.0,0.0,0.0,0.0
24241,unknown_pos_sale,2.0,0.0,0.0,0.0,0.0
24236,unknown_pos_sale,1.0,0.0,0.0,0.0,0.0
24234,unknown_pos_sale,1.0,47.336066,10.41,47.336066,10.41
24230,3865,1.0,15.368852,3.38,13.836066,3.04
24182,unknown_pos_sale,1.0,0.0,0.0,0.0,0.0
24181,3865,3.0,44.262295,9.74,44.262295,9.74
24180,3865,3.0,44.262295,9.74,44.262295,9.74
24179,3865,3.0,44.262295,9.74,39.836066,8.76
24179,3865,1.0,15.368852,3.38,13.836066,3.04
24178,3865,3.0,44.262295,9.74,39.827869,8.76
24178,3386,1.0,5.729508,1.26,5.163934,1.14
24177,3865,6.0,88.52459,19.48,79.672131,17.53
24177,3320,1.0,0.0,0.0,0.0,0.0
24177,3320,1.0,0.0,0.0,0.0,0.0
24176,3865,3.0,44.262295,9.74,39.836066,8.76
24176,unknown_pos_sale,2.0,9.016393,1.98,9.016393,1.98
24175,3865,1.0,15.368852,3.38,15.368852,3.38
24174,unknown_pos_sale,1.0,0.0,0.0,0.0,0.0
24173,3865,4.0,59.016393,12.98,53.114754,11.69
24169,3865,5.0,73.770492,16.23,66.393443,14.61
24169,3320,1.0,0.0,0.0,0.0,0.0
24167,unknown_pos_sale,1.0,0.0,0.0,0.0,0.0
24165,23378,1.0,44.237705,9.73,44.237705,9.73
24164,3865,3.0,44.262295,9.74,44.262295,9.74
24163,unknown_pos_sale,1.0,0.0,0.0,0.0,0.0
24162,3865,3.0,44.262295,9.74,39.836066,8.76
24161,unknown_pos_sale,1.0,40.901639,9.0,40.901639,9.0
24160,unknown_pos_sale,1.0,0.0,0.0,0.0,0.0
24152,3865,1.0,15.368852,3.38,13.836066,3.04
24151,3865,1.0,15.368852,3.38,15.368852,3.38
24150,3865,3.0,44.262295,9.74,44.262295,9.74
24143,3865,3.0,44.262295,9.74,39.827869,8.76
24143,3386,1.0,5.729508,1.26,5.163934,1.14
24134,23378,1.0,14.745902,3.24,14.745902,3.24
24081,unknown_pos_sale,1.0,0.0,0.0,0.0,0.0
24080,3361,12.0,77.704918,17.1,77.704918,17.1
24080,3320,1.0,0.0,0.0,0.0,0.0
24079,unknown_pos_sale,1.0,0.0,0.0,0.0,0.0
24074,3865,3.0,44.262295,9.74,40.163934,8.84
24071,3865,3.0,44.262295,9.74,44.262295,9.74
24070,unknown_pos_sale,1.0,0.0,0.0,0.0,0.0
24069,3865,6.0,88.52459,19.48,79.672131,17.53
24069,3320,1.0,0.0,0.0,0.0,0.0
24068,3865,2.0,30.737705,6.76,27.663934,6.09
24041,unknown_pos_sale,1.0,47.336066,10.41,42.606557,9.37
24040,3865,3.0,44.262295,9.74,39.836066,8.76
24039,3865,3.0,44.262295,9.74,39.836066,8.76
24038,3865,4.0,59.016393,12.98,53.114754,11.69
24037,3865,4.0,59.016393,12.98,53.114754,11.69
24036,3865,3.0,44.262295,9.74,44.262295,9.74
24033,23378,2.0,29.491803,6.49,29.491803,6.49
24033,3314,1.0,9.196721,2.02,9.196721,2.02
24033,3313,1.0,9.819672,2.16,9.819672,2.16
24033,3319,1.0,8.008197,1.76,8.008197,1.76
24008,unknown_pos_sale,1.0,0.0,0.0,0.0,0.0
24007,3313,3.0,28.868852,6.35,28.868852,6.35
24007,3865,1.0,15.368852,3.38,15.368852,3.38
23990,3361,1.0,7.360656,1.62,7.360656,1.62
23990,3386,2.0,11.459016,2.52,11.459016,2.52
23990,unknown_pos_sale,1.0,20.016393,4.4,20.016393,4.4
23990,3320,1.0,4.909836,1.08,4.909836,1.08
23989,unknown_pos_sale,1.0,47.336066,10.41,47.336066,10.41
23988,3320,6.0,29.459016,6.48,29.459016,6.48
23988,3865,1.0,15.368852,3.38,15.368852,3.38
23988,3386,6.0,34.377049,7.56,34.377049,7.56
23987,unknown_pos_sale,1.0,0.0,0.0,0.0,0.0
23980,unknown_pos_sale,1.0,47.336066,10.41,42.606557,9.37
23977,23378,2.0,29.491803,6.49,29.491803,6.49
23975,23378,4.0,58.983607,12.98,58.983607,12.98
23931,3865,3.0,44.262295,9.74,44.262295,9.74
23828,3865,1.0,15.368852,3.38,15.368852,3.38
23827,unknown_pos_sale,2.0,19.639344,4.32,17.663934,3.89
23827,unknown_pos_sale,2.0,14.721311,3.24,13.254098,2.92
23827,3865,1.0,15.368852,3.38,13.836066,3.04
23826,unknown_pos_sale,1.0,47.336066,10.41,47.336066,10.41
23825,3313,3.0,28.868852,6.35,28.868852,6.35
23825,3361,3.0,21.639344,4.76,21.639344,4.76
23825,3386,3.0,17.188525,3.78,17.188525,3.78
23825,3319,3.0,23.532787,5.18,23.532787,5.18
23806,3865,4.0,59.016393,12.98,53.114754,11.69
23805,3865,5.0,73.770492,16.23,73.770492,16.23
23804,3865,3.0,44.262295,9.74,44.262295,9.74
23803,unknown_pos_sale,1.0,40.901639,9.0,36.803279,8.1
23803,3386,2.0,11.459016,2.52,10.319672,2.27
23802,unknown_pos_sale,1.0,0.0,0.0,0.0,0.0
23800,3865,3.0,44.262295,9.74,44.262295,9.74
23798,3865,3.0,44.262295,9.74,44.262295,9.74
23797,3865,3.0,44.262295,9.74,44.262295,9.74
23796,3865,3.0,44.262295,9.74,39.827869,8.76
23796,3361,1.0,7.360656,1.62,6.631148,1.46
23795,3865,3.0,44.262295,9.74,44.262295,9.74
23794,3314,5.0,45.081967,9.92,45.081967,9.92
23668,3865,3.0,44.262295,9.74,44.262295,9.74
23667,3865,1.0,15.368852,3.38,15.368852,3.38
23666,3865,3.0,44.262295,9.74,44.262295,9.74
23665,unknown_pos_sale,1.0,20.016393,4.4,18.016393,3.96
23664,unknown_pos_sale,1.0,5.713115,1.26,5.139344,1.13
23651,3865,3.0,44.262295,9.74,39.836066,8.76
23650,3865,3.0,44.262295,9.74,44.262295,9.74
23649,3865,1.0,15.368852,3.38,13.836066,3.04
23647,3865,1.0,15.368852,3.38,15.368852,3.38
23647,3386,1.0,5.729508,1.26,5.729508,1.26
23647,unknown_pos_sale,1.0,40.901639,9.0,40.901639,9.0
23636,unknown_pos_sale,1.0,47.336066,10.41,47.336066,10.41
23635,3865,4.0,59.016393,12.98,53.114754,11.69
23634,unknown_pos_sale,1.0,41.204918,9.07,41.204918,9.07
23633,3319,6.0,45.147541,9.93,42.893443,9.44
23632,unknown_pos_sale,1.0,47.336066,10.41,47.336066,10.41
23623,3865,1.0,15.368852,3.38,15.368852,3.38
23622,3865,3.0,44.262295,9.74,44.262295,9.74
23621,3865,1.0,15.368852,3.38,15.368852,3.38
23620,3865,3.0,44.262295,9.74,44.262295,9.74
23619,3313,3.0,28.868852,6.35,28.868852,6.35
23619,3314,3.0,27.04918,5.95,27.04918,5.95
23618,3865,1.0,15.368852,3.38,13.827869,3.04
23618,unknown_pos_sale,1.0,12.286885,2.7,11.065574,2.43
23617,3865,3.0,44.262295,9.74,39.836066,8.76
23616,3865,3.0,44.262295,9.74,44.262295,9.74
23615,unknown_pos_sale,1.0,30.286885,6.66,30.286885,6.66
23614,3319,1.0,8.008197,1.76,8.008197,1.76
23614,3386,1.0,5.729508,1.26,5.729508,1.26
23614,3865,2.0,30.737705,6.76,30.737705,6.76
23613,unknown_pos_sale,1.0,40.901639,9.0,40.901639,9.0
23612,3865,3.0,44.262295,9.74,44.262295,9.74
23611,3865,4.0,59.016393,12.98,53.114754,11.69
23610,3865,1.0,15.368852,3.38,15.368852,3.38
23609,3865,4.0,59.016393,12.98,53.114754,11.69
23608,3361,12.0,77.704918,17.1,77.704918,17.1
23563,unknown_pos_sale,1.0,40.901639,9.0,40.901639,9.0
23552,3865,4.0,58.393443,12.85,52.557377,11.56
23549,3313,1.0,9.819672,2.16,8.844262,1.95
23549,3319,1.0,8.008197,1.76,7.213115,1.59
23549,3865,2.0,29.819672,6.56,26.827869,5.9
23548,3865,3.0,43.795082,9.63,39.418033,8.67
23534,unknown_pos_sale,1.0,30.286885,6.66,30.286885,6.66
23534,3386,1.0,6.434426,1.42,6.434426,1.42
23534,3320,1.0,5.614754,1.24,5.614754,1.24
23533,unknown_pos_sale,1.0,49.155738,10.81,49.155738,10.81
23532,unknown_pos_sale,1.0,49.155738,10.81,49.155738,10.81
23531,3865,4.0,58.393443,12.85,52.557377,11.56
23530,3865,3.0,43.795082,9.63,43.795082,9.63
23529,3865,1.0,15.368852,3.38,15.368852,3.38
23526,3865,3.0,43.795082,9.63,43.795082,9.63
23525,3865,2.0,29.819672,6.56,26.836066,5.9
23524,3319,6.0,45.147541,9.93,45.147541,9.93
23523,3865,1.0,15.368852,3.38,15.368852,3.38
23522,3865,4.0,58.393443,12.85,52.557377,11.56
23521,3865,3.0,43.795082,9.63,43.795082,9.63
23519,3865,3.0,43.795082,9.63,43.795082,9.63
23518,unknown_pos_sale,1.0,29.827869,6.56,26.844262,5.91
23518,3386,1.0,6.434426,1.42,5.795082,1.27
23518,3313,1.0,9.819672,2.16,8.836066,1.94
23517,3865,1.0,15.368852,3.38,15.368852,3.38
23516,3865,1.0,15.368852,3.38,15.368852,3.38
23516,3386,2.0,12.868852,2.83,12.868852,2.83
23515,3865,3.0,43.795082,9.63,43.795082,9.63
23514,3865,2.0,29.819672,6.56,29.819672,6.56
23514,3865,1.0,15.368852,3.38,15.368852,3.38
23513,3865,4.0,58.393443,12.85,52.557377,11.56
23512,unknown_pos_sale,2.0,59.655738,13.12,59.655738,13.12
23510,unknown_pos_sale,1.0,49.155738,10.81,49.155738,10.81
23377,3865,3.0,43.795082,9.63,39.418033,8.67
23359,unknown_pos_sale,1.0,41.204918,9.07,41.204918,9.07
23345,3361,6.0,41.508197,9.13,37.352459,8.22
23345,3865,2.0,31.459016,6.92,28.319672,6.23
23343,3865,1.0,16.385246,3.6,16.385246,3.6
23342,3314,12.0,103.672131,22.81,103.672131,22.81
23340,3865,1.0,16.385246,3.6,14.754098,3.25
23340,3320,3.0,16.5,3.63,14.844262,3.27
23340,3386,2.0,12.868852,2.83,11.581967,2.55
23339,3313,3.0,28.868852,6.35,25.983607,5.72
23339,unknown_pos_sale,2.0,81.803279,18.0,73.622951,16.2
23338,3865,2.0,31.459016,6.92,31.459016,6.92
23337,3865,3.0,45.713115,10.06,45.713115,10.06
23336,3386,7.0,42.344262,9.32,42.344262,9.32
23335,3865,5.0,71.270492,15.68,71.270492,15.68
23334,3865,3.0,45.713115,10.06,45.713115,10.06
23333,unknown_pos_sale,1.0,41.204918,9.07,41.204918,9.07
23332,3361,6.0,41.508197,9.13,41.508197,9.13
23332,3314,3.0,28.868852,6.35,28.868852,6.35
23331,unknown_pos_sale,1.0,40.901639,9.0,40.901639,9.0
23331,3865,2.0,31.459016,6.92,31.459016,6.92
23331,3361,3.0,21.639344,4.76,21.639344,4.76
23330,unknown_pos_sale,1.0,49.155738,10.81,49.155738,10.81
23330,3386,6.0,36.295082,7.98,36.295082,7.98
23329,3865,2.0,31.459016,6.92,31.459016,6.92
23328,unknown_pos_sale,1.0,29.827869,6.56,26.852459,5.91
23328,unknown_pos_sale,1.0,54.97541,12.09,49.483607,10.89
23328,3313,2.0,19.639344,4.32,17.680328,3.89
23328,3592,3.0,25.254098,5.56,22.713115,5.0
23213,3313,3.0,28.868852,6.35,25.97541,5.71
23213,3865,1.0,16.385246,3.6,14.754098,3.25
23213,3314,3.0,28.868852,6.35,25.983607,5.72
23212,3865,2.0,31.459016,6.92,31.459016,6.92
23211,3865,3.0,45.713115,10.06,41.139344,9.05
23210,3865,3.0,45.713115,10.06,45.713115,10.06
23209,3865,3.0,45.713115,10.06,41.139344,9.05
23208,unknown_pos_sale,2.0,59.655738,13.12,59.655738,13.12
23207,3865,2.0,31.459016,6.92,31.459016,6.92
23207,3313,1.0,9.819672,2.16,9.819672,2.16
23206,unknown_pos_sale,2.0,59.655738,13.12,59.655738,13.12
23205,unknown_pos_sale,1.0,29.827869,6.56,29.827869,6.56
23205,3313,1.0,9.819672,2.16,9.819672,2.16
23205,3314,1.0,9.819672,2.16,9.819672,2.16
23201,3319,3.0,23.532787,5.18,23.532787,5.18
23201,unknown_pos_sale,1.0,29.827869,6.56,29.827869,6.56
23201,3320,3.0,16.5,3.63,16.5,3.63
23195,3865,1.0,16.385246,3.6,16.385246,3.6
23195,unknown_pos_sale,1.0,40.901639,9.0,40.901639,9.0
23139,3865,3.0,45.713115,10.06,45.713115,10.06
23137,3865,6.0,85.52459,18.82,76.97541,16.93
23133,3865,3.0,45.713115,10.06,41.139344,9.05
23132,unknown_pos_sale,1.0,29.827869,6.56,29.827869,6.56
23131,3865,1.0,16.385246,3.6,14.745902,3.24
23124,unknown_pos_sale,1.0,29.827869,6.56,29.827869,6.56
23124,3386,2.0,12.868852,2.83,12.868852,2.83
23111,unknown_pos_sale,2.0,59.655738,13.12,59.655738,13.12
23104,unknown_pos_sale,1.0,29.827869,6.56,26.852459,5.91
23104,3313,2.0,19.639344,4.32,17.672131,3.89
23103,3865,1.0,16.385246,3.6,16.385246,3.6
23090,3865,1.0,16.385246,3.6,16.385246,3.6
23090,3865,1.0,16.385246,3.6,16.385246,3.6
23089,unknown_pos_sale,1.0,40.901639,9.0,40.901639,9.0
23089,3320,1.0,5.614754,1.24,5.614754,1.24
23089,3386,1.0,6.434426,1.42,6.434426,1.42
23089,3319,1.0,8.008197,1.76,8.008197,1.76
23089,3865,1.0,16.385246,3.6,16.385246,3.6
23069,3865,2.0,31.459016,6.92,31.459016,6.92
23068,3386,3.0,18.909836,4.16,18.909836,4.16
23068,3361,1.0,7.360656,1.62,7.360656,1.62
23068,3865,3.0,45.713115,10.06,45.713115,10.06
23068,3313,1.0,9.819672,2.16,9.819672,2.16
23066,3865,3.0,45.713115,10.06,41.139344,9.05
23065,3319,4.0,31.377049,6.9,28.229508,6.21
23065,3320,1.0,5.614754,1.24,5.057377,1.11
23065,3386,1.0,6.434426,1.42,5.795082,1.27
23064,3865,3.0,45.713115,10.06,45.713115,10.06
23063,3865,3.0,45.713115,10.06,45.713115,10.06
23062,3313,1.0,9.819672,2.16,8.836066,1.94
23062,3314,1.0,9.819672,2.16,8.836066,1.94
23060,3361,6.0,41.508197,9.13,41.508197,9.13
23059,3865,5.0,71.270492,15.68,71.270492,15.68
23058,unknown_pos_sale,1.0,54.97541,12.09,49.47541,10.88
23058,unknown_pos_sale,1.0,40.901639,9.0,36.811475,8.1
23057,3865,3.0,45.713115,10.06,45.713115,10.06
23056,unknown_pos_sale,1.0,7.360656,1.62,6.631148,1.46
23056,3313,2.0,19.639344,4.32,17.680328,3.89
23056,3314,2.0,19.639344,4.32,17.663934,3.89
23056,3320,1.0,5.614754,1.24,5.057377,1.11
23049,unknown_pos_sale,1.0,46.204918,10.17,41.581967,9.15
23048,unknown_pos_sale,1.0,46.204918,10.17,41.581967,9.15
23047,3865,10.0,145.819672,32.08,145.819672,32.08
23046,unknown_pos_sale,1.0,46.204918,10.17,46.204918,10.17
23045,3865,2.0,32.114754,7.07,32.114754,7.07
23044,unknown_pos_sale,1.0,46.204918,10.17,46.204918,10.17
23042,unknown_pos_sale,1.0,40.901639,9.0,40.901639,9.0
23008,3865,1.0,16.385246,3.6,16.385246,3.6
23007,3865,3.0,46.204918,10.17,46.204918,10.17
23006,unknown_pos_sale,1.0,46.204918,10.17,46.204918,10.17
23004,3865,1.0,17.418033,3.83,17.418033,3.83
23004,unknown_pos_sale,1.0,13.491803,2.97,13.491803,2.97
23004,unknown_pos_sale,1.0,19.639344,4.32,19.639344,4.32
23003,3865,1.0,17.418033,3.83,17.418033,3.83
23002,unknown_pos_sale,1.0,41.204918,9.07,41.204918,9.07
23001,3865,2.0,34.147541,7.51,34.147541,7.51
23001,3313,1.0,9.819672,2.16,9.819672,2.16
23000,3865,1.0,17.418033,3.83,17.418033,3.83
22999,3313,3.0,28.868852,6.35,28.868852,6.35
22999,3320,3.0,16.5,3.63,16.5,3.63
22999,3361,1.0,7.360656,1.62,7.360656,1.62
22999,3319,2.0,17.180328,3.78,17.180328,3.78
22998,3361,1.0,7.360656,1.62,7.360656,1.62
22998,3319,1.0,8.590164,1.89,8.590164,1.89
22998,3314,1.0,9.819672,2.16,9.819672,2.16
22998,3313,1.0,9.819672,2.16,9.819672,2.16
22998,3592,1.0,8.590164,1.89,8.590164,1.89
22998,3320,1.0,5.614754,1.24,5.614754,1.24
22997,3865,5.0,77.5,17.05,77.5,17.05
22996,unknown_pos_sale,1.0,40.901639,9.0,40.901639,9.0
22890,unknown_pos_sale,4.0,39.278689,8.64,35.344262,7.78
22890,unknown_pos_sale,2.0,19.639344,4.32,17.680328,3.89
22884,3865,4.0,63.409836,13.95,57.065574,12.55
22883,3865,1.0,17.418033,3.83,17.418033,3.83
22883,unknown_pos_sale,1.0,40.901639,9.0,40.901639,9.0
22882,unknown_pos_sale,1.0,54.97541,12.09,54.97541,12.09
22881,unknown_pos_sale,2.0,52.327869,11.51,52.327869,11.51
22880,unknown_pos_sale,1.0,54.97541,12.09,54.97541,12.09
22876,3865,2.0,34.147541,7.51,30.729508,6.76
22876,unknown_pos_sale,1.0,13.491803,2.97,12.147541,2.67
22843,unknown_pos_sale,1.0,41.204918,9.07,41.204918,9.07
22837,3865,2.0,34.147541,7.51,30.729508,6.76
22837,3319,2.0,17.180328,3.78,15.467213,3.4
22835,3865,5.0,77.5,17.05,77.5,17.05
22834,unknown_pos_sale,11.0,101.52459,22.34,101.52459,22.34
22831,unknown_pos_sale,1.0,40.901639,9.0,40.901639,9.0
22829,unknown_pos_sale,1.0,40.901639,9.0,40.901639,9.0
22828,3592,12.0,96.885246,21.31,96.885246,21.31
22827,unknown_pos_sale,1.0,54.97541,12.09,49.47541,10.88
22827,unknown_pos_sale,1.0,40.901639,9.0,36.811475,8.1
22802,unknown_pos_sale,11.0,196.557377,43.24,196.557377,43.24
22799,unknown_pos_sale,1.0,40.901639,9.0,36.811475,8.1
22799,3361,3.0,21.639344,4.76,19.47541,4.28
22792,unknown_pos_sale,3.0,22.081967,4.86,22.081967,4.86
22792,unknown_pos_sale,3.0,19.303279,4.25,19.303279,4.25
22787,unknown_pos_sale,6.0,58.918033,12.96,53.02459,11.67
22787,unknown_pos_sale,1.0,19.639344,4.32,17.680328,3.89
22765,3313,2.0,19.639344,4.32,19.639344,4.32
22765,3314,2.0,19.639344,4.32,19.639344,4.32
22765,3319,1.0,8.590164,1.89,8.590164,1.89
22765,3361,1.0,7.360656,1.62,7.360656,1.62
22764,unknown_pos_sale,1.0,40.901639,9.0,40.901639,9.0
22763,3361,24.0,150.098361,33.02,150.098361,33.02
22762,3361,2.0,14.721311,3.24,13.254098,2.92
22762,3313,2.0,19.639344,4.32,17.672131,3.89
22762,3314,2.0,19.639344,4.32,17.663934,3.89
22762,3319,1.0,8.590164,1.89,7.737705,1.7
22762,3592,1.0,8.590164,1.89,7.737705,1.7
22761,3361,5.0,35.327869,7.77,35.327869,7.77
22761,3313,3.0,28.868852,6.35,28.868852,6.35
22761,3314,3.0,28.868852,6.35,28.868852,6.35
22761,3386,5.0,30.901639,6.8,30.901639,6.8
22760,3865,3.0,49.131148,10.81,49.131148,10.81
22755,unknown_pos_sale,1.0,40.901639,9.0,40.901639,9.0
22748,3313,3.0,28.868852,6.35,28.868852,6.35
22748,3314,3.0,28.868852,6.35,28.868852,6.35
22747,3865,3.0,49.131148,10.81,49.131148,10.81
22746,unknown_pos_sale,2.0,81.803279,18.0,73.622951,16.2
22744,unknown_pos_sale,1.0,40.901639,9.0,36.803279,8.1
22744,3314,1.0,9.819672,2.16,8.844262,1.95
22691,3386,6.0,37.081967,8.16,33.368852,7.34
22691,unknown_pos_sale,1.0,14.909836,3.28,13.42623,2.95
22690,3865,1.0,17.418033,3.83,15.680328,3.45
22685,3865,3.0,49.647541,10.92,44.680328,9.83
22684,3865,4.0,64.786885,14.25,64.786885,14.25
22683,unknown_pos_sale,2.0,81.803279,18.0,73.622951,16.2
22682,3361,3.0,21.639344,4.76,21.639344,4.76
22682,3313,3.0,28.868852,6.35,28.868852,6.35
22682,3314,3.0,28.868852,6.35,28.868852,6.35
22682,3865,2.0,34.147541,7.51,34.147541,7.51
22681,3865,3.0,49.647541,10.92,49.647541,10.92
22680,3361,10.0,70.7,15.55,70.7,15.55
22668,3865,4.0,64.786885,14.25,64.786885,14.25
22660,3320,5.0,30.901639,6.8,30.901639,6.8
22660,3313,5.0,47.131148,10.37,47.131148,10.37
22659,unknown_pos_sale,3.0,19.303279,4.25,19.303279,4.25
22655,3313,3.0,28.868852,6.35,28.868852,6.35
22643,3361,3.0,21.639344,4.76,19.467213,4.28
22643,3865,1.0,17.418033,3.83,15.680328,3.45
22643,3386,1.0,6.434426,1.42,5.795082,1.27
22638,3319,4.0,33.672131,7.41,30.303279,6.67
22638,3386,3.0,18.909836,4.16,17.02459,3.75
22631,3865,2.0,34.147541,7.51,34.147541,7.51
22620,3313,3.0,28.868852,6.35,28.868852,6.35
22620,3314,3.0,28.868852,6.35,28.868852,6.35
22619,unknown_pos_sale,1.0,40.901639,9.0,40.901639,9.0
22619,unknown_pos_sale,1.0,14.909836,3.28,14.909836,3.28
22619,3361,3.0,21.639344,4.76,21.639344,4.76
22618,3865,3.0,49.647541,10.92,49.647541,10.92
22617,unknown_pos_sale,2.0,19.639344,4.32,17.672131,3.89
22609,3314,3.0,28.868852,6.35,28.868852,6.35
22609,3592,1.0,8.590164,1.89,8.590164,1.89
22609,3313,1.0,9.819672,2.16,9.819672,2.16
22604,3865,3.0,49.647541,10.92,49.647541,10.92
22603,3865,3.0,49.647541,10.92,49.647541,10.92
22600,3865,3.0,49.647541,10.92,44.680328,9.83
22599,3865,3.0,49.647541,10.92,49.647541,10.92
22598,3319,1.0,8.590164,1.89,8.590164,1.89
22598,3314,1.0,9.819672,2.16,9.819672,2.16
22598,3320,6.0,37.081967,8.16,37.081967,8.16
22598,3386,6.0,37.081967,8.16,37.081967,8.16
22598,unknown_pos_sale,1.0,13.491803,2.97,13.491803,2.97
22597,3319,3.0,25.254098,5.56,25.254098,5.56
22597,3313,3.0,28.868852,6.35,28.868852,6.35
22596,3361,11.0,76.098361,16.74,76.098361,16.74
22595,unknown_pos_sale,1.0,9.819672,2.16,9.819672,2.16
22595,unknown_pos_sale,1.0,9.819672,2.16,9.819672,2.16
22520,unknown_pos_sale,1.0,54.97541,12.09,54.97541,12.09
22515,unknown_pos_sale,1.0,40.901639,9.0,40.901639,9.0
22514,3865,4.0,57.639344,12.68,51.877049,11.41
22510,3314,3.0,28.868852,6.35,25.97541,5.71
22510,3320,1.0,6.434426,1.42,5.795082,1.27
22510,unknown_pos_sale,1.0,8.016393,1.76,7.221311,1.59
22509,unknown_pos_sale,6.0,38.606557,8.49,38.606557,8.49
22502,unknown_pos_sale,1.0,47.516393,10.45,42.762295,9.41
22501,unknown_pos_sale,1.0,47.516393,10.45,47.516393,10.45
22498,unknown_pos_sale,6.0,77.704918,17.1,77.704918,17.1
22497,3865,3.0,44.163934,9.72,44.163934,9.72
22492,unknown_pos_sale,3.0,76.918033,16.92,76.918033,16.92
22483,unknown_pos_sale,1.0,6.434426,1.42,5.795082,1.27
22483,unknown_pos_sale,1.0,8.016393,1.76,7.213115,1.59
22483,unknown_pos_sale,1.0,8.016393,1.76,7.213115,1.59
22483,unknown_pos_sale,1.0,7.360656,1.62,6.622951,1.46
22483,unknown_pos_sale,1.0,8.016393,1.76,7.213115,1.59
22483,unknown_pos_sale,1.0,7.360656,1.62,6.622951,1.46
22483,unknown_pos_sale,1.0,7.360656,1.62,6.631148,1.46
22483,unknown_pos_sale,1.0,8.016393,1.76,7.213115,1.59
22459,3314,12.0,110.754098,24.37,110.754098,24.37
22427,unknown_pos_sale,1.0,40.901639,9.0,40.901639,9.0
22292,3865,5.0,69.713115,15.34,69.713115,15.34
22274,3361,6.0,42.393443,9.33,38.147541,8.39
22274,3313,3.0,28.868852,6.35,25.983607,5.72
22274,3314,3.0,28.868852,6.35,25.983607,5.72
22273,unknown_pos_sale,1.0,40.901639,9.0,36.811475,8.1
22257,3865,3.0,44.163934,9.72,39.737705,8.74
22257,unknown_pos_sale,1.0,9.819672,2.16,8.844262,1.95
22213,3865,10.0,139.42623,30.67,125.483607,27.61
22111,3313,6.0,56.557377,12.44,56.557377,12.44
22089,3865,2.0,30.360656,6.68,30.360656,6.68
22088,unknown_pos_sale,6.0,58.918033,12.96,53.02459,11.67
22082,unknown_pos_sale,2.0,12.868852,2.83,12.868852,2.83
22082,unknown_pos_sale,1.0,8.016393,1.76,8.016393,1.76
22082,unknown_pos_sale,1.0,8.016393,1.76,8.016393,1.76
22082,unknown_pos_sale,1.0,7.360656,1.62,7.360656,1.62
22082,unknown_pos_sale,1.0,6.434426,1.42,6.434426,1.42
22064,3313,6.0,56.557377,12.44,56.557377,12.44
22064,3314,2.0,19.639344,4.32,19.639344,4.32
22056,unknown_pos_sale,6.0,58.918033,12.96,53.02459,11.67
22022,unknown_pos_sale,6.0,80.852459,17.79,63.688525,14.01
22022,3386,6.0,37.081967,8.16,19.918033,4.38
22000,unknown_pos_sale,1.0,54.97541,12.09,49.47541,10.88
21971,3361,42.0,247.180328,54.38,222.459016,48.94
21970,unknown_pos_sale,12.0,110.754098,24.37,110.754098,24.37
21956,unknown_pos_sale,2.0,16.032787,3.53,14.434426,3.18
21956,unknown_pos_sale,3.0,19.303279,4.25,17.377049,3.82
21956,unknown_pos_sale,3.0,22.081967,4.86,19.868852,4.37
21956,unknown_pos_sale,1.0,40.901639,9.0,40.901639,9.0
21941,unknown_pos_sale,12.0,90.393443,19.89,81.352459,17.9
21938,3865,2.0,30.360656,6.68,30.360656,6.68
21930,unknown_pos_sale,1.0,40.901639,9.0,40.901639,9.0
21920,unknown_pos_sale,12.0,110.754098,24.37,99.680328,21.93
21911,3865,3.0,44.163934,9.72,44.163934,9.72
21903,3865,4.0,57.639344,12.68,51.877049,11.41
21902,3865,4.0,57.639344,12.68,57.639344,12.68
21868,3865,1.0,15.491803,3.41,13.942623,3.07
21868,3361,2.0,14.721311,3.24,13.254098,2.92
21868,3592,2.0,16.032787,3.53,14.42623,3.17
21842,3313,3.0,28.868852,6.35,25.967213,5.71
21842,3314,3.0,28.868852,6.35,25.983607,5.72
21842,3361,2.0,14.721311,3.24,13.254098,2.92
21842,unknown_pos_sale,1.0,13.491803,2.97,12.147541,2.67
21841,3386,6.0,37.081967,8.16,33.377049,7.34
21841,3865,3.0,44.163934,9.72,44.163934,9.72
21841,3592,6.0,46.180328,10.16,41.557377,9.14
21841,3319,3.0,23.557377,5.18,23.557377,5.18
21841,3313,3.0,28.868852,6.35,28.868852,6.35
21837,3865,1.0,15.491803,3.41,13.942623,3.07
21837,3865,1.0,15.491803,3.41,13.942623,3.07
21834,unknown_pos_sale,1.0,41.204918,9.07,41.204918,9.07
21769,unknown_pos_sale,1.0,40.901639,9.0,40.901639,9.0
21769,unknown_pos_sale,1.0,26.163934,5.76,26.163934,5.76
21768,unknown_pos_sale,1.0,40.901639,9.0,36.811475,8.1
21768,3865,3.0,44.163934,9.72,39.745902,8.74
21748,3314,1.0,9.819672,2.16,8.836066,1.94
21747,3865,1.0,15.491803,3.41,15.491803,3.41
21746,3361,12.0,83.016393,18.26,83.016393,18.26
21745,3313,3.0,28.868852,6.35,28.868852,6.35
21745,3314,3.0,28.868852,6.35,28.868852,6.35
21744,unknown_pos_sale,2.0,81.803279,18.0,81.803279,18.0
21743,unknown_pos_sale,1.0,40.901639,9.0,40.901639,9.0
21742,3361,3.0,21.639344,4.76,21.639344,4.76
21742,3319,3.0,23.557377,5.18,23.557377,5.18
21742,3386,6.0,37.081967,8.16,37.081967,8.16
21741,3865,1.0,15.491803,3.41,13.942623,3.07
21740,unknown_pos_sale,1.0,40.901639,9.0,40.901639,9.0
21740,3865,1.0,15.491803,3.41,15.491803,3.41
21739,3592,1.0,8.016393,1.76,7.213115,1.59
21739,3386,1.0,6.434426,1.42,5.795082,1.27
21739,3361,1.0,7.360656,1.62,6.631148,1.46
21739,3313,1.0,9.819672,2.16,8.836066,1.94
21739,3314,2.0,19.639344,4.32,17.663934,3.89
21739,3319,1.0,8.016393,1.76,7.221311,1.59
21736,unknown_pos_sale,1.0,40.901639,9.0,36.811475,8.1
21721,3865,1.0,15.491803,3.41,14.721311,3.24
21720,3314,3.0,28.868852,6.35,28.868852,6.35
21720,3386,3.0,18.909836,4.16,18.909836,4.16
21610,3865,3.0,44.163934,9.72,44.163934,9.72
21609,3313,2.0,19.639344,4.32,17.663934,3.89
21609,3314,2.0,19.639344,4.32,17.680328,3.89
21609,3361,1.0,7.360656,1.62,6.631148,1.46
21604,3313,3.0,28.868852,6.35,28.868852,6.35
21604,3361,2.0,14.721311,3.24,14.721311,3.24
21576,3313,2.0,19.639344,4.32,19.639344,4.32
21576,3314,2.0,19.639344,4.32,19.639344,4.32
21576,3319,2.0,16.032787,3.53,16.032787,3.53
21334,unknown_pos_sale,1.0,54.97541,12.09,49.47541,10.88
21317,unknown_pos_sale,1.0,40.901639,9.0,40.901639,9.0
21161,unknown_pos_sale,1.0,40.901639,9.0,36.803279,8.1
21161,3319,2.0,16.032787,3.53,14.434426,3.18
21092,3865,1.0,15.491803,3.41,15.491803,3.41
21092,unknown_pos_sale,1.0,40.901639,9.0,40.901639,9.0
21089,unknown_pos_sale,3.0,39.663934,8.73,27.778689,6.11
21085,unknown_pos_sale,1.0,33.467213,7.36,30.122951,6.63
21085,unknown_pos_sale,2.0,82.409836,18.13,74.155738,16.31
21085,unknown_pos_sale,3.0,39.663934,8.73,35.704918,7.86
21084,unknown_pos_sale,1.0,40.901639,9.0,40.901639,9.0
21083,3313,6.0,56.557377,12.44,50.901639,11.2
21082,3361,2.0,14.721311,3.24,14.721311,3.24
21082,unknown_pos_sale,1.0,22.131148,4.87,22.131148,4.87
21051,unknown_pos_sale,1.0,40.901639,9.0,40.901639,9.0
21030,3313,6.0,56.557377,12.44,56.557377,12.44
21026,unknown_pos_sale,1.0,40.901639,9.0,40.901639,9.0
21026,3865,1.0,15.491803,3.41,15.491803,3.41
20986,3865,3.0,44.163934,9.72,44.163934,9.72
20931,unknown_pos_sale,1.0,40.901639,9.0,40.901639,9.0
20930,unknown_pos_sale,1.0,40.901639,9.0,40.901639,9.0
20929,3361,6.0,42.393443,9.33,42.393443,9.33
20922,3361,2.0,14.721311,3.24,14.721311,3.24
20922,3319,2.0,16.032787,3.53,16.032787,3.53
20922,3592,2.0,16.032787,3.53,16.032787,3.53
20921,3865,3.0,44.163934,9.72,44.163934,9.72
20920,unknown_pos_sale,12.0,295.081967,64.92,295.081967,64.92
20919,unknown_pos_sale,1.0,40.901639,9.0,40.901639,9.0
20886,unknown_pos_sale,1.0,40.901639,9.0,40.901639,9.0
20881,3361,2.0,14.721311,3.24,7.688525,1.69
20881,3314,2.0,19.639344,4.32,12.606557,2.77
20881,3386,2.0,12.868852,2.83,5.852459,1.29
20879,3313,6.0,56.557377,12.44,50.901639,11.2
20839,3313,6.0,56.557377,12.44,56.557377,12.44
20838,3313,6.0,56.557377,12.44,56.557377,12.44
20837,unknown_pos_sale,1.0,41.204918,9.07,41.204918,9.07
20836,unknown_pos_sale,1.0,54.97541,12.09,54.97541,12.09
20732,unknown_pos_sale,6.0,77.704918,17.1,77.704918,17.1
20530,unknown_pos_sale,1.0,44.655738,9.82,40.196721,8.84
20530,3865,1.0,15.491803,3.41,13.942623,3.07
20530,3361,3.0,21.639344,4.76,19.47541,4.28
20530,3319,3.0,23.557377,5.18,21.196721,4.66
20497,unknown_pos_sale,1.0,54.97541,12.09,54.97541,12.09
20495,3865,1.0,15.491803,3.41,15.491803,3.41
20495,unknown_pos_sale,1.0,40.901639,9.0,40.901639,9.0
20494,unknown_pos_sale,1.0,40.901639,9.0,40.901639,9.0
20469,unknown_pos_sale,12.0,295.081967,64.92,295.081967,64.92
20467,unknown_pos_sale,1.0,26.163934,5.76,26.163934,5.76
20467,unknown_pos_sale,1.0,14.032787,3.09,14.032787,3.09
20467,3592,1.0,8.016393,1.76,8.016393,1.76
20467,3319,1.0,8.016393,1.76,8.016393,1.76
20442,unknown_pos_sale,6.0,150.688525,33.15,150.688525,33.15
20441,unknown_pos_sale,1.0,40.901639,9.0,40.901639,9.0
20440,3592,18.0,129.836066,28.56,129.836066,28.56
20372,unknown_pos_sale,1.0,51.04918,11.23,51.04918,11.23
20371,3361,3.0,21.639344,4.76,19.47541,4.28
20371,3313,3.0,28.868852,6.35,25.97541,5.71
20371,3592,3.0,23.557377,5.18,21.204918,4.67
20371,3386,3.0,18.909836,4.16,17.02459,3.75
20370,unknown_pos_sale,2.0,26.983607,5.94,26.983607,5.94
20370,3313,1.0,9.819672,2.16,9.819672,2.16
20370,3386,1.0,6.434426,1.42,6.434426,1.42
20369,unknown_pos_sale,1.0,51.04918,11.23,51.04918,11.23
20369,3313,2.0,19.639344,4.32,19.639344,4.32
20368,unknown_pos_sale,1.0,41.221311,9.07,41.221311,9.07
20368,unknown_pos_sale,1.0,44.655738,9.82,44.655738,9.82
20368,unknown_pos_sale,1.0,38.262295,8.42,38.262295,8.42
20368,unknown_pos_sale,1.0,51.04918,11.23,51.04918,11.23
20368,unknown_pos_sale,1.0,51.04918,11.23,51.04918,11.23
20367,unknown_pos_sale,1.0,40.901639,9.0,40.901639,9.0
20366,3361,12.0,83.016393,18.26,83.016393,18.26
20365,3865,3.0,44.163934,9.72,44.163934,9.72
20364,unknown_pos_sale,2.0,81.803279,18.0,73.622951,16.2
20363,3361,6.0,42.393443,9.33,42.393443,9.33
20316,3865,2.0,32.704918,7.2,32.704918,7.2
20315,3865,5.0,73.155738,16.09,73.155738,16.09
20314,3313,5.0,44.918033,9.88,44.918033,9.88
20314,3314,5.0,44.918033,9.88,44.918033,9.88
20314,3319,5.0,39.262295,8.64,39.262295,8.64
20314,3386,5.0,29.42623,6.47,29.42623,6.47
20313,3314,6.0,52.770492,11.61,52.770492,11.61
20312,unknown_pos_sale,2.0,81.803279,18.0,73.622951,16.2
20312,3319,6.0,46.180328,10.16,41.565574,9.14
20311,unknown_pos_sale,1.0,44.655738,9.82,40.188525,8.84
20311,unknown_pos_sale,1.0,44.655738,9.82,40.196721,8.84
20311,unknown_pos_sale,1.0,51.04918,11.23,45.942623,10.11
20310,3865,4.0,49.57377,10.91,49.57377,10.91
20309,3865,3.0,43.229508,9.51,43.229508,9.51
20308,3361,18.0,111.245902,24.47,100.114754,22.03
20308,3313,4.0,35.934426,7.91,32.344262,7.12
20307,unknown_pos_sale,1.0,0.0,0.0,0.0,0.0
20305,unknown_pos_sale,1.0,40.901639,9.0,40.901639,9.0
20304,3319,3.0,23.557377,5.18,21.204918,4.67
20304,3313,3.0,26.95082,5.93,24.254098,5.34
20304,3865,1.0,15.491803,3.41,15.491803,3.41
20303,3313,2.0,18.327869,4.03,18.327869,4.03
20303,3314,1.0,9.163934,2.02,9.163934,2.02
20303,3361,1.0,6.868852,1.51,6.868852,1.51
20303,3319,1.0,8.016393,1.76,8.016393,1.76
20302,3313,3.0,26.95082,5.93,24.254098,5.34
20302,3319,3.0,23.557377,5.18,21.204918,4.67
20300,3865,3.0,43.229508,9.51,43.229508,9.51
20299,3314,6.0,52.770492,11.61,47.483607,10.45
20299,3319,6.0,46.180328,10.16,41.565574,9.14
20299,3361,6.0,39.540984,8.7,35.590164,7.83
20298,3319,2.0,16.032787,3.53,14.434426,3.18
20298,3314,2.0,18.327869,4.03,16.483607,3.63
20298,3386,2.0,12.016393,2.64,10.819672,2.38
20298,3321,2.0,18.393443,4.05,18.393443,4.05
20298,3361,2.0,13.737705,3.02,12.368852,2.72
20298,3313,2.0,18.327869,4.03,16.491803,3.63
20296,3361,6.0,39.540984,8.7,35.590164,7.83
20296,3314,3.0,26.95082,5.93,24.262295,5.34
20296,3313,6.0,52.770492,11.61,47.483607,10.45
20295,3865,1.0,15.491803,3.41,15.491803,3.41
20295,20000,2.0,50.163934,11.04,50.163934,11.04
20294,3865,4.0,49.57377,10.91,44.614754,9.82
20286,3865,1.0,15.491803,3.41,15.491803,3.41
20285,20000,1.0,25.081967,5.52,25.081967,5.52
20285,3314,1.0,9.163934,2.02,9.163934,2.02
20285,3319,1.0,8.016393,1.76,8.016393,1.76
20284,3321,10.0,88.278689,19.42,88.278689,19.42
20284,20000,1.0,25.081967,5.52,25.081967,5.52
20284,unknown_pos_sale,1.0,19.672131,4.33,17.704918,3.9
20283,unknown_pos_sale,1.0,40.901639,9.0,40.901639,9.0
20282,unknown_pos_sale,1.0,33.467213,7.36,30.122951,6.63
20282,unknown_pos_sale,1.0,51.04918,11.23,45.942623,10.11
20281,3313,1.0,9.163934,2.02,8.245902,1.81
20281,3314,1.0,9.163934,2.02,8.254098,1.82
20281,3319,1.0,8.016393,1.76,7.221311,1.59
20281,3386,2.0,12.016393,2.64,10.803279,2.38
20281,3865,1.0,15.491803,3.41,15.491803,3.41
20280,3314,3.0,26.95082,5.93,24.245902,5.33
20280,unknown_pos_sale,1.0,12.286885,2.7,11.065574,2.43
20280,3865,1.0,15.491803,3.41,15.491803,3.41
20279,20000,6.0,144.491803,31.79,144.491803,31.79
20279,unknown_pos_sale,1.0,38.262295,8.42,34.434426,7.58
20279,3865,1.0,15.491803,3.41,15.491803,3.41
20278,3865,4.0,49.57377,10.91,44.614754,9.82
20277,3865,1.0,15.491803,3.41,15.491803,3.41
20276,3865,4.0,49.57377,10.91,49.57377,10.91
20275,3361,12.0,77.508197,17.05,69.754098,15.35
20274,3865,5.0,65.860656,14.49,65.860656,14.49
20273,3865,3.0,43.229508,9.51,43.229508,9.51
20272,3865,4.0,49.57377,10.91,47.098361,10.36
20271,3865,1.0,15.491803,3.41,15.491803,3.41
20270,3361,1.0,6.868852,1.51,6.188525,1.36
20270,3313,1.0,9.163934,2.02,8.245902,1.81
20270,3314,1.0,9.163934,2.02,8.245902,1.81
20270,3319,1.0,8.016393,1.76,7.213115,1.59
20270,3592,1.0,8.016393,1.76,7.213115,1.59
20270,3320,1.0,6.008197,1.32,5.409836,1.19
20269,3313,2.0,18.327869,4.03,18.327869,4.03
20269,3314,1.0,9.163934,2.02,9.163934,2.02
20269,3386,1.0,6.008197,1.32,6.008197,1.32
20268,3321,12.0,103.770492,22.83,103.770492,22.83
20266,unknown_pos_sale,1.0,40.901639,9.0,36.803279,8.1
20266,unknown_pos_sale,1.0,12.286885,2.7,11.065574,2.43
20265,3865,1.0,15.491803,3.41,15.491803,3.41
20265,3361,2.0,13.737705,3.02,12.352459,2.72
20265,unknown_pos_sale,1.0,13.491803,2.97,12.147541,2.67
20265,3314,1.0,9.163934,2.02,8.254098,1.82
20264,3865,2.0,29.442623,6.48,29.442623,6.48
20264,3592,6.0,46.180328,10.16,46.180328,10.16
20263,3314,6.0,52.770492,11.61,47.491803,10.45
20262,unknown_pos_sale,1.0,40.901639,9.0,40.901639,9.0
20261,unknown_pos_sale,1.0,40.901639,9.0,40.901639,9.0
20260,3314,12.0,103.377049,22.74,93.040984,20.47
20259,unknown_pos_sale,1.0,51.04918,11.23,45.942623,10.11
20259,unknown_pos_sale,1.0,38.262295,8.42,34.442623,7.58
20259,unknown_pos_sale,1.0,51.04918,11.23,45.942623,10.11
20258,unknown_pos_sale,1.0,0.0,0.0,0.0,0.0
20257,3319,2.0,16.032787,3.53,16.032787,3.53
20257,unknown_pos_sale,1.0,33.467213,7.36,33.467213,7.36
20256,3865,4.0,49.57377,10.91,49.57377,10.91
20255,unknown_pos_sale,1.0,40.901639,9.0,40.901639,9.0
20254,20000,1.0,25.081967,5.52,25.081967,5.52
20252,unknown_pos_sale,1.0,33.467213,7.36,30.122951,6.63
20252,3865,1.0,15.491803,3.41,15.491803,3.41
20251,3865,4.0,49.57377,10.91,49.57377,10.91
20250,3865,1.0,15.491803,3.41,15.491803,3.41
20250,3386,5.0,29.42623,6.47,26.483607,5.83
20249,3313,2.0,18.327869,4.03,18.327869,4.03
20249,3314,2.0,18.327869,4.03,18.327869,4.03
20249,3320,2.0,12.016393,2.64,12.016393,2.64
20248,unknown_pos_sale,1.0,51.04918,11.23,45.942623,10.11
20248,unknown_pos_sale,1.0,51.04918,11.23,45.942623,10.11
20247,3361,3.0,20.188525,4.44,20.188525,4.44
20247,3314,3.0,26.95082,5.93,26.95082,5.93
20247,3592,3.0,23.557377,5.18,23.557377,5.18
20247,3313,2.0,18.327869,4.03,18.327869,4.03
20247,3319,1.0,8.016393,1.76,8.016393,1.76
20246,3319,3.0,23.557377,5.18,22.377049,4.92
20246,3386,3.0,17.655738,3.88,16.778689,3.69
20246,3321,1.0,9.196721,2.02,9.196721,2.02
20245,unknown_pos_sale,2.0,89.311475,19.65,80.377049,17.68
20244,3319,4.0,31.409836,6.91,28.270492,6.22
20244,3361,3.0,20.188525,4.44,18.172131,4.0
20243,unknown_pos_sale,2.0,81.803279,18.0,73.614754,16.2
20243,3319,2.0,16.032787,3.53,14.434426,3.18
20242,3313,6.0,52.770492,11.61,47.491803,10.45
20242,3386,6.0,34.622951,7.62,31.163934,6.86
20241,unknown_pos_sale,1.0,44.655738,9.82,40.188525,8.84
20241,unknown_pos_sale,1.0,44.655738,9.82,40.188525,8.84
20240,3319,3.0,23.557377,5.18,23.557377,5.18
20240,3361,3.0,20.188525,4.44,20.188525,4.44
20240,3592,3.0,23.557377,5.18,23.557377,5.18
20240,3865,1.0,15.491803,3.41,15.491803,3.41
20238,3361,42.0,230.655738,50.74,199.57377,43.91
20238,unknown_pos_sale,1.0,51.04918,11.23,45.762295,10.07
20236,3386,6.0,34.622951,7.62,31.155738,6.85
20236,unknown_pos_sale,1.0,51.04918,11.23,45.95082,10.11
20235,unknown_pos_sale,1.0,38.262295,8.42,34.434426,7.58
20235,unknown_pos_sale,1.0,33.467213,7.36,30.122951,6.63
20234,3865,3.0,43.229508,9.51,43.229508,9.51
20233,3865,4.0,49.57377,10.91,47.098361,10.36
20232,unknown_pos_sale,1.0,40.901639,9.0,36.803279,8.1
20232,3319,1.0,8.016393,1.76,7.221311,1.59
20232,3314,2.0,18.327869,4.03,16.5,3.63
20231,3865,1.0,15.491803,3.41,15.491803,3.41
20231,20000,1.0,25.081967,5.52,25.081967,5.52
20231,3319,1.0,8.016393,1.76,7.213115,1.59
20230,3865,4.0,49.57377,10.91,49.57377,10.91
20229,3865,2.0,29.442623,6.48,29.442623,6.48
20228,3865,3.0,43.229508,9.51,43.229508,9.51
20227,unknown_pos_sale,1.0,40.901639,9.0,28.631148,6.3
20227,20000,3.0,73.745902,16.22,73.745902,16.22
20226,3865,3.0,43.229508,9.51,43.229508,9.51
20225,3361,6.0,39.540984,8.7,39.540984,8.7
20225,3865,3.0,43.229508,9.51,43.229508,9.51
20224,3865,1.0,15.491803,3.41,15.491803,3.41
20224,3314,1.0,9.163934,2.02,8.245902,1.81
20224,3361,1.0,6.868852,1.51,6.180328,1.36
20223,3865,4.0,49.57377,10.91,49.57377,10.91
20183,3865,4.0,49.57377,10.91,49.57377,10.91
20182,unknown_pos_sale,1.0,51.04918,11.23,45.942623,10.11
20177,3361,24.0,144.983607,31.9,144.983607,31.9
20176,3313,12.0,103.377049,22.74,93.040984,20.47
20174,unknown_pos_sale,1.0,40.901639,9.0,40.901639,9.0
20173,3319,4.0,31.409836,6.91,28.270492,6.22
20173,3314,6.0,52.770492,11.61,47.491803,10.45
20172,3865,4.0,49.57377,10.91,49.57377,10.91
20172,3361,2.0,13.737705,3.02,13.737705,3.02
20168,3314,24.0,186.885246,41.11,153.188525,33.7
20167,3865,3.0,41.827869,9.2,41.827869,9.2
20164,3865,5.0,61.967213,13.63,55.770492,12.27
20163,3865,1.0,15.491803,3.41,13.942623,3.07
20162,3865,5.0,61.967213,13.63,55.770492,12.27
20161,3865,4.0,49.57377,10.91,49.57377,10.91
20160,3319,3.0,23.557377,5.18,23.557377,5.18
20160,3361,3.0,20.188525,4.44,20.188525,4.44
20160,20000,1.0,25.081967,5.52,25.081967,5.52
20158,3314,30.0,219.836066,48.36,219.836066,48.36
20157,unknown_pos_sale,1.0,40.901639,9.0,36.803279,8.1
20157,3319,1.0,8.016393,1.76,7.221311,1.59
20156,3865,4.0,49.57377,10.91,49.57377,10.91
20155,3386,1.0,6.008197,1.32,5.409836,1.19
20155,3592,1.0,8.016393,1.76,7.213115,1.59
20155,3319,1.0,8.016393,1.76,7.213115,1.59
20155,3314,1.0,9.163934,2.02,8.245902,1.81
20155,3313,1.0,9.163934,2.02,8.245902,1.81
20155,3320,1.0,6.008197,1.32,5.409836,1.19
20154,3865,4.0,49.57377,10.91,49.57377,10.91
20153,unknown_pos_sale,1.0,51.04918,11.23,51.04918,11.23
20153,3314,2.0,18.327869,4.03,18.327869,4.03
20153,3361,2.0,13.737705,3.02,13.737705,3.02
20153,3319,2.0,16.032787,3.53,16.032787,3.53
20152,3865,5.0,58.114754,12.79,58.114754,12.79
20151,3865,1.0,15.491803,3.41,15.491803,3.41
20150,3319,3.0,23.557377,5.18,21.188525,4.66
20150,3314,2.0,18.327869,4.03,16.5,3.63
20150,3386,2.0,12.016393,2.64,10.819672,2.38
20150,3320,1.0,6.008197,1.32,5.409836,1.19
20149,3361,3.0,20.188525,4.44,18.172131,4.0
20149,3313,4.0,35.934426,7.91,32.336066,7.11
20147,3361,10.0,65.245902,14.35,65.245902,14.35
20146,unknown_pos_sale,1.0,0.0,0.0,0.0,0.0
20145,3865,4.0,49.57377,10.91,49.57377,10.91
20144,3314,12.0,102.295082,22.5,102.295082,22.5
20143,3865,2.0,27.885246,6.13,27.885246,6.13
20139,3865,4.0,49.57377,10.91,49.57377,10.91
20138,3314,6.0,52.229508,11.49,52.229508,11.49
20137,3865,4.0,49.57377,10.91,49.57377,10.91
20136,3865,1.0,15.491803,3.41,15.491803,3.41
20135,3865,4.0,49.57377,10.91,49.57377,10.91
20135,3319,12.0,89.508197,19.69,89.508197,19.69
20133,unknown_pos_sale,1.0,51.04918,11.23,51.04918,11.23
20133,3319,3.0,23.557377,5.18,23.557377,5.18
20133,3592,3.0,23.557377,5.18,23.557377,5.18
20132,unknown_pos_sale,1.0,40.901639,9.0,36.811475,8.1
20131,3361,1.0,6.868852,1.51,6.868852,1.51
20131,3313,1.0,9.163934,2.02,9.163934,2.02
20131,3319,1.0,8.016393,1.76,8.016393,1.76
20131,3592,1.0,8.016393,1.76,8.016393,1.76
20131,3386,2.0,12.016393,2.64,12.016393,2.64
20131,3320,2.0,12.016393,2.64,12.016393,2.64
20130,3313,2.0,18.327869,4.03,18.327869,4.03
20130,3319,1.0,8.016393,1.76,8.016393,1.76
20130,3321,1.0,9.196721,2.02,9.196721,2.02
20130,3386,1.0,6.008197,1.32,6.008197,1.32
20130,3314,1.0,9.163934,2.02,9.163934,2.02
20129,3865,1.0,15.491803,3.41,15.491803,3.41
20127,unknown_pos_sale,1.0,40.901639,9.0,40.901639,9.0
20125,unknown_pos_sale,4.0,163.606557,35.99,163.606557,35.99
20116,unknown_pos_sale,1.0,40.901639,9.0,36.811475,8.1
20116,3319,3.0,23.557377,5.18,21.204918,4.67
20116,3321,3.0,27.04918,5.95,27.04918,5.95
20038,3361,36.0,198.885246,43.75,179.0,39.38
20037,20000,2.0,53.278689,11.72,53.278689,11.72
20036,3386,6.0,36.688525,8.07,36.688525,8.07
20036,3361,1.0,7.360656,1.62,7.360656,1.62
20035,3361,12.0,82.131148,18.07,82.131148,18.07
20033,3386,2.0,12.868852,2.83,12.868852,2.83
20033,3314,2.0,19.639344,4.32,19.639344,4.32
20033,3313,2.0,19.639344,4.32,19.639344,4.32
20033,3865,1.0,15.491803,3.41,15.491803,3.41
20032,unknown_pos_sale,1.0,44.07377,9.7,44.07377,9.7
20031,3386,8.0,48.918033,10.76,44.02459,9.69
20030,3361,6.0,41.95082,9.23,41.95082,9.23
20029,unknown_pos_sale,1.0,44.07377,9.7,44.07377,9.7
20028,3313,2.0,19.639344,4.32,19.639344,4.32
20028,3314,2.0,19.639344,4.32,19.639344,4.32
20028,3361,1.0,7.360656,1.62,7.360656,1.62
20027,3386,4.0,25.213115,5.55,25.213115,5.55
20027,3320,2.0,12.868852,2.83,12.868852,2.83
20027,3313,1.0,9.819672,2.16,9.819672,2.16
20027,3314,1.0,9.819672,2.16,9.819672,2.16
20027,3321,1.0,9.204918,2.03,9.204918,2.03
20026,unknown_pos_sale,2.0,88.147541,19.39,88.147541,19.39
20025,3361,1.0,7.360656,1.62,6.631148,1.46
20025,3314,1.0,9.819672,2.16,8.836066,1.94
20025,3592,1.0,8.590164,1.89,7.729508,1.7
20025,20000,3.0,78.319672,17.23,78.319672,17.23
20024,unknown_pos_sale,1.0,13.491803,2.97,12.139344,2.67
20024,3321,4.0,36.098361,7.94,36.098361,7.94
20024,3313,3.0,28.868852,6.35,28.868852,6.35
20023,3313,6.0,55.967213,12.31,50.360656,11.08
20023,3361,6.0,41.95082,9.23,37.762295,8.31
20023,3592,3.0,25.254098,5.56,22.729508,5.0
20023,3321,3.0,27.07377,5.96,27.07377,5.96
20023,3865,2.0,29.442623,6.48,26.5,5.83
20022,3361,1.0,7.360656,1.62,6.631148,1.46
20022,3313,1.0,9.819672,2.16,8.836066,1.94
20022,3314,1.0,9.819672,2.16,8.836066,1.94
20022,3592,1.0,8.590164,1.89,7.729508,1.7
20022,unknown_pos_sale,1.0,44.07377,9.7,39.663934,8.73
20022,3319,1.0,8.590164,1.89,7.729508,1.7
20021,3319,48.0,309.245902,68.03,309.245902,68.03
20020,unknown_pos_sale,1.0,54.97541,12.09,54.97541,12.09
20020,unknown_pos_sale,1.0,36.040984,7.93,36.040984,7.93
20020,unknown_pos_sale,1.0,48.090164,10.58,48.090164,10.58
20020,20000,3.0,78.319672,17.23,78.319672,17.23
20019,3319,6.0,48.983607,10.78,48.983607,10.78
20018,unknown_pos_sale,1.0,44.07377,9.7,44.07377,9.7
20017,unknown_pos_sale,1.0,44.07377,9.7,39.663934,8.73
20017,3386,1.0,6.434426,1.42,5.795082,1.27
20016,3313,12.0,109.57377,24.11,109.57377,24.11
20015,3865,2.0,29.442623,6.48,29.442623,6.48
20015,3361,6.0,41.95082,9.23,41.95082,9.23
20014,3313,3.0,28.868852,6.35,28.868852,6.35
20014,3314,2.0,19.639344,4.32,19.639344,4.32
20013,3361,12.0,82.131148,18.07,82.131148,18.07
20012,unknown_pos_sale,1.0,44.07377,9.7,44.07377,9.7
20011,3319,7.0,57.147541,12.57,57.147541,12.57
20011,3321,3.0,27.07377,5.96,27.07377,5.96
19935,unknown_pos_sale,1.0,44.07377,9.7,44.07377,9.7
19934,unknown_pos_sale,1.0,44.07377,9.7,44.07377,9.7
19934,3319,1.0,8.590164,1.89,8.590164,1.89
19916,unknown_pos_sale,1.0,44.07377,9.7,39.663934,8.73
19916,3321,1.0,9.204918,2.03,9.204918,2.03
19916,unknown_pos_sale,1.0,22.131148,4.87,22.131148,4.87
19914,3319,3.0,25.254098,5.56,25.254098,5.56
19914,3320,3.0,18.909836,4.16,18.909836,4.16
19913,3865,3.0,41.827869,9.2,37.639344,8.28
19913,3386,1.0,6.434426,1.42,5.795082,1.27
19912,3313,12.0,109.57377,24.11,109.57377,24.11
19911,3319,6.0,48.983607,10.78,48.983607,10.78
19900,unknown_pos_sale,1.0,44.07377,9.7,44.07377,9.7
19899,3314,6.0,55.967213,12.31,55.967213,12.31
19898,3314,1.0,9.819672,2.16,9.819672,2.16
19898,3319,2.0,17.180328,3.78,17.180328,3.78
19898,3592,1.0,8.590164,1.89,8.590164,1.89
19898,3386,2.0,12.868852,2.83,12.868852,2.83
19897,3361,12.0,82.131148,18.07,82.131148,18.07
19897,3319,18.0,139.131148,30.61,139.131148,30.61
19896,unknown_pos_sale,1.0,44.07377,9.7,44.07377,9.7
19895,unknown_pos_sale,1.0,54.97541,12.09,54.97541,12.09
19894,unknown_pos_sale,1.0,44.07377,9.7,44.07377,9.7
19893,unknown_pos_sale,1.0,36.040984,7.93,36.040984,7.93
19893,3321,1.0,9.204918,2.03,9.204918,2.03
19892,3321,1.0,9.204918,2.03,9.204918,2.03
19892,unknown_pos_sale,1.0,44.07377,9.7,39.663934,8.73
19891,3314,6.0,55.967213,12.31,55.967213,12.31
19890,3592,4.0,33.672131,7.41,33.672131,7.41
19890,3386,2.0,12.868852,2.83,12.868852,2.83
19889,3361,3.0,21.639344,4.76,21.639344,4.76
19889,3313,2.0,19.639344,4.32,19.639344,4.32
19889,3592,1.0,8.590164,1.89,8.590164,1.89
19888,3319,6.0,48.983607,10.78,48.983607,10.78
19886,unknown_pos_sale,1.0,44.07377,9.7,44.07377,9.7
19885,unknown_pos_sale,1.0,44.07377,9.7,44.07377,9.7
19884,3361,4.0,28.852459,6.35,25.95082,5.71
19884,3313,1.0,9.819672,2.16,8.844262,1.95
19884,3314,1.0,9.819672,2.16,8.844262,1.95
19883,3313,36.0,265.278689,58.36,238.754098,52.53
19882,3313,3.0,28.868852,6.35,28.868852,6.35
19881,unknown_pos_sale,1.0,44.07377,9.7,44.07377,9.7
19880,3361,6.0,41.95082,9.23,41.95082,9.23
19879,unknown_pos_sale,1.0,44.07377,9.7,39.663934,8.73
19878,3361,6.0,41.95082,9.23,41.95082,9.23
19877,3313,1.0,9.819672,2.16,9.819672,2.16
19877,3319,3.0,25.254098,5.56,25.254098,5.56
19877,3592,3.0,25.254098,5.56,25.254098,5.56
19877,unknown_pos_sale,1.0,41.204918,9.07,41.204918,9.07
19876,unknown_pos_sale,2.0,88.147541,19.39,79.336066,17.45
19875,unknown_pos_sale,1.0,44.07377,9.7,39.663934,8.73
19875,3321,1.0,9.204918,2.03,9.204918,2.03
19874,3361,1.0,7.360656,1.62,7.360656,1.62
19874,3386,1.0,6.434426,1.42,6.434426,1.42
19874,3320,1.0,6.434426,1.42,6.434426,1.42
19874,unknown_pos_sale,1.0,44.07377,9.7,44.07377,9.7
19873,unknown_pos_sale,1.0,44.07377,9.7,44.07377,9.7
19872,3313,6.0,55.967213,12.31,55.967213,12.31
19871,unknown_pos_sale,1.0,54.97541,12.09,54.97541,12.09
19870,3313,6.0,55.967213,12.31,55.967213,12.31
19869,unknown_pos_sale,1.0,44.07377,9.7,44.07377,9.7
19868,3319,6.0,48.983607,10.78,48.983607,10.78
19857,3361,6.0,41.95082,9.23,37.754098,8.31
19857,3386,6.0,36.688525,8.07,33.02459,7.27
19855,3313,2.0,19.639344,4.32,19.639344,4.32
19855,3361,2.0,14.721311,3.24,14.721311,3.24
19855,3314,2.0,19.639344,4.32,19.639344,4.32
19855,3319,2.0,17.180328,3.78,17.180328,3.78
19855,3386,2.0,12.868852,2.83,12.868852,2.83
19854,unknown_pos_sale,1.0,54.97541,12.09,54.97541,12.09
19854,unknown_pos_sale,1.0,41.204918,9.07,41.204918,9.07
19853,unknown_pos_sale,1.0,44.07377,9.7,39.663934,8.73
19853,3319,1.0,8.590164,1.89,7.737705,1.7
19852,3386,6.0,36.688525,8.07,36.688525,8.07
19852,3319,1.0,8.590164,1.89,8.590164,1.89
19851,3865,1.0,15.491803,3.41,15.491803,3.41
19851,unknown_pos_sale,1.0,54.97541,12.09,54.97541,12.09
19851,unknown_pos_sale,1.0,54.97541,12.09,54.97541,12.09
19850,unknown_pos_sale,1.0,41.204918,9.07,41.204918,9.07
19850,unknown_pos_sale,1.0,54.97541,12.09,54.97541,12.09
19849,3361,2.0,14.721311,3.24,14.721311,3.24
19849,3314,2.0,19.639344,4.32,19.639344,4.32
19849,3386,2.0,12.868852,2.83,12.868852,2.83
19848,unknown_pos_sale,1.0,36.040984,7.93,36.040984,7.93
19848,unknown_pos_sale,1.0,12.286885,2.7,12.286885,2.7
19847,3319,6.0,48.983607,10.78,48.983607,10.78
19846,unknown_pos_sale,1.0,48.090164,10.58,48.090164,10.58
19842,unknown_pos_sale,1.0,48.090164,10.58,48.090164,10.58
19841,3313,2.0,19.639344,4.32,17.663934,3.89
19841,3314,2.0,19.639344,4.32,17.672131,3.89
19841,3361,1.0,7.360656,1.62,6.631148,1.46
19841,3865,1.0,15.491803,3.41,13.942623,3.07
19841,3592,2.0,17.180328,3.78,15.467213,3.4
19841,3319,2.0,17.180328,3.78,15.467213,3.4
19839,3314,6.0,55.967213,12.31,55.967213,12.31
19839,3386,6.0,36.688525,8.07,36.688525,8.07
19838,3386,6.0,36.688525,8.07,36.688525,8.07
19838,3321,3.0,27.07377,5.96,27.07377,5.96
19835,3361,6.0,41.95082,9.23,41.95082,9.23
19816,3314,3.0,28.868852,6.35,28.868852,6.35
19816,3361,3.0,21.639344,4.76,21.639344,4.76
19801,3313,37.0,272.647541,59.98,272.647541,59.98
19800,unknown_pos_sale,1.0,54.97541,12.09,54.97541,12.09
19799,3361,3.0,21.639344,4.76,21.639344,4.76
19798,3361,6.0,41.95082,9.23,41.95082,9.23
19798,3319,6.0,48.983607,10.78,48.983607,10.78
19797,3865,1.0,15.491803,3.41,15.491803,3.41
19797,3386,1.0,6.434426,1.42,6.434426,1.42
19797,unknown_pos_sale,1.0,44.07377,9.7,44.07377,9.7
19796,3320,1.0,6.434426,1.42,5.795082,1.27
19796,3386,1.0,6.434426,1.42,5.795082,1.27
19796,3592,1.0,8.590164,1.89,7.729508,1.7
19796,3314,1.0,9.819672,2.16,8.836066,1.94
19796,3313,1.0,9.819672,2.16,8.836066,1.94
19796,3361,1.0,7.360656,1.62,6.622951,1.46
19795,3313,6.0,55.967213,12.31,55.967213,12.31
19794,3361,6.0,41.95082,9.23,41.95082,9.23
19794,3319,6.0,48.983607,10.78,48.983607,10.78
19793,3319,6.0,48.983607,10.78,48.983607,10.78
19754,unknown_pos_sale,1.0,54.97541,12.09,49.47541,10.88
19754,unknown_pos_sale,1.0,41.204918,9.07,37.090164,8.16
19745,unknown_pos_sale,1.0,36.040984,7.93,32.434426,7.14
19745,unknown_pos_sale,1.0,36.040984,7.93,32.434426,7.14
19745,3319,1.0,8.590164,1.89,7.729508,1.7
19745,3592,1.0,8.590164,1.89,7.737705,1.7
19745,3314,1.0,9.819672,2.16,8.836066,1.94
19744,3319,3.0,25.254098,5.56,25.254098,5.56
19744,3386,3.0,18.909836,4.16,17.016393,3.74
19702,3313,6.0,55.967213,12.31,55.967213,12.31
19701,3313,4.0,38.491803,8.47,34.631148,7.62
19701,3592,2.0,17.180328,3.78,15.467213,3.4
19701,3319,1.0,8.590164,1.89,7.737705,1.7
19700,3313,6.0,55.967213,12.31,50.368852,11.08
19699,unknown_pos_sale,1.0,44.07377,9.7,44.07377,9.7
19698,unknown_pos_sale,1.0,44.07377,9.7,44.07377,9.7
19698,3321,1.0,9.204918,2.03,9.204918,2.03
19664,3319,8.0,65.311475,14.37,58.770492,12.93
19664,3386,1.0,6.434426,1.42,5.795082,1.27
19664,3320,3.0,18.909836,4.16,17.02459,3.75
19662,3361,18.0,112.57377,24.77,106.942623,23.53
19661,3319,42.0,270.590164,59.53,243.52459,53.58
19661,unknown_pos_sale,1.0,41.204918,9.07,37.090164,8.16
19660,3361,36.0,198.885246,43.75,198.885246,43.75
19659,unknown_pos_sale,1.0,44.07377,9.7,44.07377,9.7
19658,3313,6.0,55.967213,12.31,55.967213,12.31
19657,3313,6.0,55.967213,12.31,55.967213,12.31
19655,unknown_pos_sale,1.0,41.204918,9.07,41.204918,9.07
19655,unknown_pos_sale,1.0,13.491803,2.97,13.491803,2.97
19636,3361,12.0,79.47541,17.48,79.47541,17.48
19636,3314,6.0,55.967213,12.31,55.967213,12.31
19636,3319,12.0,92.754098,20.41,92.754098,20.41
19636,3592,6.0,48.983607,10.78,48.983607,10.78
19636,3386,12.0,69.540984,15.3,69.540984,15.3
19635,3386,12.0,69.540984,15.3,69.540984,15.3
19617,3320,6.0,36.688525,8.07,34.655738,7.62
19617,3313,6.0,55.967213,12.31,53.901639,11.86
19616,unknown_pos_sale,1.0,54.97541,12.09,54.97541,12.09
19614,3361,20.0,125.081967,27.52,125.081967,27.52
19613,3361,6.0,41.95082,9.23,41.95082,9.23
19613,3386,6.0,36.688525,8.07,36.688525,8.07
19612,unknown_pos_sale,1.0,48.090164,10.58,48.090164,10.58
19611,3313,24.0,188.459016,41.46,188.459016,41.46
19610,3313,18.0,150.196721,33.04,150.196721,33.04
19605,unknown_pos_sale,1.0,54.97541,12.09,54.97541,12.09
19604,unknown_pos_sale,1.0,54.97541,12.09,54.97541,12.09
19603,3592,6.0,48.983607,10.78,48.983607,10.78
19602,3361,1.0,7.360656,1.62,7.360656,1.62
19602,3314,1.0,9.819672,2.16,9.819672,2.16
19602,3313,1.0,9.819672,2.16,9.819672,2.16
19602,3319,1.0,8.590164,1.89,8.590164,1.89
19602,3592,1.0,8.590164,1.89,8.590164,1.89
19602,3320,1.0,6.434426,1.42,6.434426,1.42
19573,3319,3.0,25.254098,5.56,25.254098,5.56
19573,3313,3.0,28.868852,6.35,28.868852,6.35
19573,3592,3.0,25.254098,5.56,25.254098,5.56
19573,3314,3.0,28.868852,6.35,28.868852,6.35
19572,3319,6.0,48.983607,10.78,48.983607,10.78
19571,3321,12.0,99.442623,21.88,99.442623,21.88
19569,unknown_pos_sale,1.0,54.97541,12.09,49.47541,10.88
19569,unknown_pos_sale,1.0,41.204918,9.07,37.090164,8.16
19569,unknown_pos_sale,1.0,54.97541,12.09,49.47541,10.88
19568,3361,24.0,141.245902,31.07,141.245902,31.07
19567,unknown_pos_sale,1.0,54.97541,12.09,54.97541,12.09
19566,unknown_pos_sale,1.0,48.090164,10.58,48.090164,10.58
19566,unknown_pos_sale,1.0,44.07377,9.7,44.07377,9.7
19559,unknown_pos_sale,3.0,77.040984,16.95,77.040984,16.95
19558,3386,6.0,40.180328,8.84,40.180328,8.84
19558,3314,6.0,48.491803,10.67,48.491803,10.67
19558,3361,6.0,40.180328,8.84,40.180328,8.84
19558,3321,3.0,30.663934,6.75,30.663934,6.75
19557,3361,2.0,14.098361,3.1,14.098361,3.1
19557,3314,2.0,17.016393,3.74,17.016393,3.74
19557,3319,4.0,31.409836,6.91,31.409836,6.91
19556,3314,1.0,8.508197,1.87,7.655738,1.68
19556,3361,1.0,7.04918,1.55,6.344262,1.4
19556,3319,1.0,8.016393,1.76,7.221311,1.59
19556,3313,2.0,17.016393,3.74,15.303279,3.37
19556,3592,1.0,8.016393,1.76,7.221311,1.59
19555,3386,7.0,46.877049,10.31,46.877049,10.31
19554,3314,1.0,8.508197,1.87,7.663934,1.69
19554,3386,3.0,20.729508,4.56,18.639344,4.1
19554,3320,1.0,6.008197,1.32,5.409836,1.19
19554,3361,3.0,20.729508,4.56,18.663934,4.11
19553,unknown_pos_sale,1.0,40.180328,8.84,36.163934,7.96
19553,unknown_pos_sale,2.0,96.983607,21.34,87.286885,19.2
19552,unknown_pos_sale,3.0,120.540984,26.52,120.540984,26.52
19551,unknown_pos_sale,1.0,48.491803,10.67,48.491803,10.67
19550,3592,6.0,45.688525,10.05,45.688525,10.05
19549,3321,3.0,30.663934,6.75,30.663934,6.75
19549,unknown_pos_sale,2.0,89.295082,19.64,89.295082,19.64
19548,3386,1.0,7.04918,1.55,7.04918,1.55
19547,3314,6.0,48.491803,10.67,48.491803,10.67
19547,unknown_pos_sale,1.0,48.491803,10.67,48.491803,10.67
19546,3313,6.0,48.491803,10.67,48.491803,10.67
19546,3361,6.0,40.180328,8.84,40.180328,8.84
19545,3361,6.0,40.180328,8.84,40.180328,8.84
19545,unknown_pos_sale,1.0,18.344262,4.04,18.344262,4.04
19544,3361,1.0,7.04918,1.55,7.04918,1.55
19544,3313,1.0,8.508197,1.87,8.508197,1.87
19544,3386,1.0,7.04918,1.55,7.04918,1.55
19544,3320,1.0,6.008197,1.32,6.008197,1.32
19544,3321,2.0,20.852459,4.59,20.852459,4.59
19544,unknown_pos_sale,1.0,0.819672,0.18,0.819672,0.18
19542,unknown_pos_sale,1.0,45.688525,10.05,45.688525,10.05
19541,3319,24.0,153.836066,33.84,146.147541,32.15
19540,unknown_pos_sale,1.0,45.688525,10.05,45.688525,10.05
19540,unknown_pos_sale,1.0,45.688525,10.05,45.688525,10.05
19540,unknown_pos_sale,1.0,48.491803,10.67,48.491803,10.67
19539,unknown_pos_sale,1.0,40.180328,8.84,40.180328,8.84
19539,unknown_pos_sale,1.0,45.688525,10.05,45.688525,10.05
19538,3314,3.0,25.008197,5.5,25.008197,5.5
19538,3313,3.0,25.008197,5.5,25.008197,5.5
19537,unknown_pos_sale,1.0,48.491803,10.67,43.639344,9.6
19537,unknown_pos_sale,1.0,48.491803,10.67,43.647541,9.6
19536,unknown_pos_sale,1.0,44.647541,9.82,44.647541,9.82
19535,3320,6.0,34.229508,7.53,30.811475,6.78
19535,3386,6.0,40.180328,8.84,36.155738,7.95
19534,3361,2.0,14.098361,3.1,14.098361,3.1
19534,3314,2.0,17.016393,3.74,17.016393,3.74
19534,3313,2.0,17.016393,3.74,17.016393,3.74
19534,3319,2.0,16.032787,3.53,16.032787,3.53
19534,3386,2.0,14.098361,3.1,14.098361,3.1
19533,unknown_pos_sale,5.0,89.877049,19.77,89.877049,19.77
19532,3321,3.0,30.663934,6.75,30.663934,6.75
19532,3314,3.0,25.008197,5.5,25.008197,5.5
19532,3361,3.0,20.729508,4.56,20.729508,4.56
19531,3361,1.0,7.04918,1.55,7.04918,1.55
19531,3314,1.0,8.508197,1.87,8.508197,1.87
19531,3313,1.0,8.508197,1.87,8.508197,1.87
19531,3319,1.0,8.016393,1.76,8.016393,1.76
19531,3386,1.0,7.04918,1.55,7.04918,1.55
19531,3320,1.0,6.008197,1.32,6.008197,1.32
19530,3313,36.0,229.868852,50.57,229.868852,50.57
19529,3319,6.0,45.688525,10.05,45.688525,10.05
19528,3319,36.0,216.590164,47.65,216.590164,47.65
19521,unknown_pos_sale,1.0,40.180328,8.84,40.180328,8.84
19521,unknown_pos_sale,1.0,40.180328,8.84,40.180328,8.84
19521,unknown_pos_sale,1.0,45.688525,10.05,45.688525,10.05
19521,unknown_pos_sale,1.0,48.491803,10.67,48.491803,10.67
19519,3321,6.0,59.409836,13.07,59.409836,13.07
19518,3314,4.0,33.344262,7.34,33.344262,7.34
19518,3319,2.0,16.032787,3.53,16.032787,3.53
19518,3386,1.0,7.04918,1.55,7.04918,1.55
19518,3361,3.0,20.729508,4.56,20.729508,4.56
19518,3592,1.0,8.016393,1.76,8.016393,1.76
19518,3313,1.0,8.508197,1.87,8.508197,1.87
19517,unknown_pos_sale,6.0,71.852459,15.81,71.852459,15.81
19516,3319,3.0,23.557377,5.18,23.557377,5.18
19515,unknown_pos_sale,1.0,48.491803,10.67,46.065574,10.13
19514,3361,36.0,190.327869,41.87,190.327869,41.87
19513,unknown_pos_sale,2.0,96.983607,21.34,92.131148,20.27
19512,3313,6.0,48.491803,10.67,48.491803,10.67
19512,3314,6.0,48.491803,10.67,48.491803,10.67
19512,3386,6.0,40.180328,8.84,40.180328,8.84
19511,3314,3.0,25.008197,5.5,25.008197,5.5
19511,3313,3.0,25.008197,5.5,25.008197,5.5
19510,unknown_pos_sale,1.0,40.180328,8.84,40.180328,8.84
19510,unknown_pos_sale,1.0,48.491803,10.67,48.491803,10.67
19510,unknown_pos_sale,1.0,48.491803,10.67,48.491803,10.67
19510,unknown_pos_sale,1.0,45.688525,10.05,45.688525,10.05
19510,unknown_pos_sale,1.0,45.688525,10.05,45.688525,10.05
19509,3321,3.0,30.663934,6.75,30.663934,6.75
19509,3361,1.0,7.04918,1.55,6.344262,1.4
19509,3319,1.0,8.016393,1.76,7.213115,1.59
19509,3313,1.0,8.508197,1.87,7.655738,1.68
19508,3361,25.0,140.983607,31.02,140.983607,31.02
19508,3313,2.0,17.016393,3.74,17.016393,3.74
19507,3313,12.0,91.868852,20.21,87.270492,19.2
19507,3314,2.0,17.016393,3.74,16.172131,3.56
19506,unknown_pos_sale,1.0,44.647541,9.82,40.180328,8.84
19506,3321,1.0,10.42623,2.29,10.42623,2.29
19505,unknown_pos_sale,1.0,40.180328,8.84,40.180328,8.84
19505,unknown_pos_sale,1.0,45.688525,10.05,45.688525,10.05
19504,3319,12.0,86.557377,19.04,86.557377,19.04
19503,3319,2.0,16.032787,3.53,16.032787,3.53
19503,unknown_pos_sale,1.0,12.286885,2.7,12.286885,2.7
19503,3320,1.0,6.008197,1.32,6.008197,1.32
19503,3313,1.0,8.508197,1.87,8.508197,1.87
19503,3592,1.0,8.016393,1.76,8.016393,1.76
19503,3361,1.0,7.04918,1.55,7.04918,1.55
19503,3314,1.0,8.508197,1.87,8.508197,1.87
19502,3314,2.0,17.016393,3.74,17.016393,3.74
19502,3592,2.0,16.032787,3.53,16.032787,3.53
19502,3313,2.0,17.016393,3.74,17.016393,3.74
19501,3314,6.0,48.491803,10.67,48.491803,10.67
19500,3314,12.0,91.868852,20.21,87.278689,19.2
19499,3314,6.0,48.491803,10.67,48.491803,10.67
19498,3319,2.0,16.032787,3.53,16.032787,3.53
19498,3592,2.0,16.032787,3.53,16.032787,3.53
19498,3320,2.0,12.016393,2.64,12.016393,2.64
19497,unknown_pos_sale,1.0,45.688525,10.05,45.688525,10.05
19497,unknown_pos_sale,2.0,96.983607,21.34,96.983607,21.34
19497,unknown_pos_sale,1.0,45.688525,10.05,45.688525,10.05
19497,unknown_pos_sale,2.0,96.983607,21.34,96.983607,21.34
19496,unknown_pos_sale,1.0,18.344262,4.04,16.508197,3.63
19496,3319,2.0,16.032787,3.53,14.418033,3.17
19496,3313,1.0,8.508197,1.87,7.663934,1.69
19496,3592,1.0,8.016393,1.76,7.221311,1.59
19491,unknown_pos_sale,1.0,45.688525,10.05,45.688525,10.05
19428,unknown_pos_sale,1.0,47.122951,10.37,47.122951,10.37
19427,3319,12.0,81.737705,17.98,73.557377,16.18
19427,3314,3.0,24.245902,5.33,21.827869,4.8
19425,3319,6.0,43.278689,9.52,43.278689,9.52
19425,3321,6.0,56.311475,12.39,56.311475,12.39
19424,unknown_pos_sale,1.0,47.122951,10.37,47.122951,10.37
19424,unknown_pos_sale,1.0,47.122951,10.37,47.122951,10.37
19423,3319,6.0,43.278689,9.52,43.278689,9.52
19422,3361,1.0,7.04918,1.55,7.04918,1.55
19422,3314,1.0,8.508197,1.87,8.508197,1.87
19422,3313,2.0,17.016393,3.74,17.016393,3.74
19422,3319,2.0,16.032787,3.53,16.032787,3.53
19422,3592,1.0,8.016393,1.76,8.016393,1.76
19421,3313,6.0,45.934426,10.11,45.934426,10.11
19421,3361,6.0,38.065574,8.37,38.065574,8.37
19420,unknown_pos_sale,1.0,39.483607,8.69,39.483607,8.69
19420,unknown_pos_sale,1.0,47.122951,10.37,47.122951,10.37
19382,3319,12.0,81.737705,17.98,81.737705,17.98
19381,3319,12.0,81.737705,17.98,81.737705,17.98
19380,unknown_pos_sale,1.0,44.647541,9.82,40.180328,8.84
19380,3361,1.0,7.04918,1.55,6.344262,1.4
19380,3319,1.0,8.016393,1.76,7.221311,1.59
19379,unknown_pos_sale,1.0,47.122951,10.37,42.418033,9.33
19379,3319,6.0,43.278689,9.52,38.942623,8.57
19357,3319,6.0,43.278689,9.52,43.278689,9.52
19356,3314,12.0,86.754098,19.09,86.754098,19.09
19356,3313,12.0,86.754098,19.09,86.754098,19.09
19355,3361,24.0,135.344262,29.78,135.344262,29.78
19349,unknown_pos_sale,1.0,39.483607,8.69,39.483607,8.69
19335,unknown_pos_sale,1.0,47.122951,10.37,42.409836,9.33
19335,unknown_pos_sale,1.0,47.122951,10.37,42.409836,9.33
19334,3319,1.0,8.016393,1.76,7.221311,1.59
19334,3592,6.0,43.278689,9.52,38.942623,8.57
19333,unknown_pos_sale,1.0,44.647541,9.82,44.647541,9.82
19332,3361,6.0,38.065574,8.37,38.065574,8.37
19331,3361,3.0,20.090164,4.42,18.081967,3.98
19331,3314,3.0,24.245902,5.33,21.827869,4.8
19331,3313,3.0,24.245902,5.33,21.827869,4.8
19331,3592,3.0,22.844262,5.03,20.565574,4.52
19331,3319,3.0,22.844262,5.03,20.565574,4.52
19331,3320,4.0,22.819672,5.02,20.516393,4.51
19330,unknown_pos_sale,1.0,47.122951,10.37,47.122951,10.37
19329,3313,6.0,45.934426,10.11,41.344262,9.1
19328,unknown_pos_sale,1.0,47.122951,10.37,47.122951,10.37
19328,3314,1.0,8.508197,1.87,8.508197,1.87
19328,3313,1.0,8.508197,1.87,8.508197,1.87
19328,3319,1.0,8.016393,1.76,8.016393,1.76
19327,3314,4.0,32.327869,7.11,32.327869,7.11
19327,3313,4.0,32.327869,7.11,32.327869,7.11
19327,3361,2.0,14.098361,3.1,14.098361,3.1
19326,3592,6.0,43.278689,9.52,43.278689,9.52
19325,3313,2.0,17.016393,3.74,15.319672,3.37
19325,unknown_pos_sale,1.0,44.647541,9.82,40.180328,8.84
19324,3313,3.0,24.245902,5.33,24.245902,5.33
19324,3314,3.0,24.245902,5.33,24.245902,5.33
19323,unknown_pos_sale,1.0,48.090164,10.58,48.090164,10.58
19322,3321,2.0,20.852459,4.59,20.852459,4.59
19322,3319,1.0,8.016393,1.76,7.213115,1.59
19322,3313,1.0,8.508197,1.87,7.655738,1.68
19322,3320,1.0,6.008197,1.32,5.409836,1.19
19322,3314,1.0,8.508197,1.87,7.655738,1.68
19308,3314,1.0,8.508197,1.87,7.655738,1.68
19308,3313,1.0,8.508197,1.87,7.663934,1.69
19308,3319,1.0,8.016393,1.76,7.221311,1.59
19308,3386,2.0,14.098361,3.1,12.672131,2.79
19308,3592,1.0,8.016393,1.76,7.221311,1.59
19278,unknown_pos_sale,1.0,44.647541,9.82,44.647541,9.82
19277,unknown_pos_sale,2.0,94.245902,20.73,94.245902,20.73
19275,3314,3.0,24.245902,5.33,24.245902,5.33
19275,3313,3.0,24.245902,5.33,24.245902,5.33
19274,unknown_pos_sale,1.0,47.122951,10.37,47.122951,10.37
19274,3321,1.0,10.42623,2.29,10.42623,2.29
19273,3313,24.0,163.278689,35.92,163.278689,35.92
19271,3313,12.0,86.754098,19.09,86.754098,19.09
19270,3314,4.0,32.327869,7.11,32.327869,7.11
19270,3313,2.0,17.016393,3.74,17.016393,3.74
19269,3314,24.0,163.278689,35.92,163.278689,35.92
19269,3321,6.0,56.311475,12.39,56.311475,12.39
19269,unknown_pos_sale,1.0,18.344262,4.04,18.344262,4.04
19269,unknown_pos_sale,1.0,12.606557,2.77,12.606557,2.77
19269,unknown_pos_sale,1.0,47.122951,10.37,47.122951,10.37
19268,unknown_pos_sale,1.0,44.647541,9.82,44.647541,9.82
19263,3313,6.0,45.934426,10.11,45.934426,10.11
19261,unknown_pos_sale,1.0,44.647541,9.82,40.180328,8.84
19260,3313,6.0,45.934426,10.11,45.934426,10.11
19246,3361,10.0,63.442623,13.96,63.442623,13.96
19245,3592,6.0,43.278689,9.52,43.278689,9.52
19244,3314,1.0,8.508197,1.87,8.508197,1.87
19244,3313,1.0,8.508197,1.87,8.508197,1.87
19244,unknown_pos_sale,1.0,11.704918,2.58,11.704918,2.58
19244,unknown_pos_sale,1.0,17.032787,3.75,17.032787,3.75
19243,unknown_pos_sale,1.0,47.122951,10.37,47.122951,10.37
19243,3386,3.0,20.090164,4.42,20.090164,4.42
19243,3313,1.0,8.508197,1.87,8.508197,1.87
19242,3314,3.0,24.245902,5.33,24.245902,5.33
19242,3313,2.0,17.016393,3.74,17.016393,3.74
19241,3314,6.0,45.934426,10.11,45.934426,10.11
19240,3313,12.0,86.754098,19.09,86.754098,19.09
19238,3313,3.0,24.245902,5.33,24.245902,5.33
19238,3320,3.0,17.114754,3.77,17.114754,3.77
19237,3313,3.0,24.245902,5.33,24.245902,5.33
19237,3314,3.0,24.245902,5.33,24.245902,5.33
19236,3313,6.0,45.934426,10.11,45.934426,10.11
19235,unknown_pos_sale,1.0,33.467213,7.36,33.467213,7.36
19235,3314,2.0,17.016393,3.74,17.016393,3.74
19234,3314,12.0,86.754098,19.09,78.081967,17.18
19233,3313,12.0,86.754098,19.09,86.754098,19.09
19232,3361,24.0,135.344262,29.78,135.344262,29.78
19231,3386,3.0,20.090164,4.42,20.090164,4.42
19231,3592,1.0,8.016393,1.76,8.016393,1.76
19231,3313,3.0,24.245902,5.33,24.245902,5.33
19231,3314,3.0,24.245902,5.33,24.245902,5.33
19230,unknown_pos_sale,1.0,44.647541,9.82,44.647541,9.82
19229,3313,3.0,24.245902,5.33,24.245902,5.33
19229,3314,3.0,24.245902,5.33,24.245902,5.33
19228,3313,12.0,86.754098,19.09,86.754098,19.09
19228,3314,12.0,86.754098,19.09,86.754098,19.09
19228,3386,6.0,38.065574,8.37,38.065574,8.37
19227,unknown_pos_sale,1.0,44.647541,9.82,44.647541,9.82
19226,3313,6.0,45.934426,10.11,45.934426,10.11
19225,3313,3.0,24.245902,5.33,21.811475,4.8
19225,3314,3.0,24.245902,5.33,21.827869,4.8
19224,3313,6.0,45.934426,10.11,45.934426,10.11
19223,3314,6.0,45.934426,10.11,45.934426,10.11
19223,3313,6.0,45.934426,10.11,45.934426,10.11
19218,unknown_pos_sale,4.0,188.491803,41.47,169.639344,37.32
19207,3314,6.0,45.934426,10.11,41.344262,9.1
19206,unknown_pos_sale,2.0,94.245902,20.73,94.245902,20.73
19205,unknown_pos_sale,3.0,48.540984,10.68,43.688525,9.61
19204,unknown_pos_sale,2.0,94.245902,20.73,94.245902,20.73
19204,unknown_pos_sale,4.0,188.491803,41.47,188.491803,41.47
19204,unknown_pos_sale,1.0,44.655738,9.82,44.655738,9.82
19203,unknown_pos_sale,2.0,89.295082,19.64,89.295082,19.64
19185,unknown_pos_sale,1.0,37.762295,8.31,37.762295,8.31
19185,3386,6.0,34.770492,7.65,34.770492,7.65
19184,unknown_pos_sale,1.0,8.188525,1.8,8.188525,1.8
19184,unknown_pos_sale,1.0,36.040984,7.93,36.040984,7.93
19184,3320,1.0,6.008197,1.32,6.008197,1.32
19183,3361,12.0,68.852459,15.15,68.852459,15.15
19169,3313,3.0,27.983607,6.16,27.983607,6.16
19169,3314,3.0,27.983607,6.16,27.983607,6.16
19168,3361,24.0,129.442623,28.48,129.442623,28.48
19167,3313,12.0,100.131148,22.03,100.131148,22.03
19166,unknown_pos_sale,1.0,54.97541,12.09,54.97541,12.09
19166,unknown_pos_sale,1.0,37.762295,8.31,37.762295,8.31
19166,3592,2.0,17.180328,3.78,17.180328,3.78
19166,unknown_pos_sale,1.0,54.97541,12.09,54.97541,12.09
19165,unknown_pos_sale,1.0,44.647541,9.82,44.647541,9.82
19164,3313,6.0,53.016393,11.66,47.713115,10.5
19163,3314,12.0,100.131148,22.03,100.131148,22.03
19163,3313,15.0,125.163934,27.54,125.163934,27.54
19162,3313,3.0,27.983607,6.16,25.180328,5.54
19162,3592,3.0,24.491803,5.39,22.04918,4.85
19161,3361,2.0,13.491803,2.97,13.491803,2.97
19161,3314,2.0,19.639344,4.32,19.639344,4.32
19161,3592,1.0,8.590164,1.89,8.590164,1.89
19160,3314,6.0,53.016393,11.66,53.016393,11.66
19160,3313,6.0,53.016393,11.66,53.016393,11.66
19158,3361,6.0,36.442623,8.02,36.442623,8.02
19111,3361,3.0,19.229508,4.23,17.303279,3.81
19111,unknown_pos_sale,1.0,8.188525,1.8,7.377049,1.62
19110,unknown_pos_sale,1.0,44.647541,9.82,44.647541,9.82
19109,unknown_pos_sale,1.0,44.647541,9.82,44.647541,9.82
19109,unknown_pos_sale,1.0,54.97541,12.09,54.97541,12.09
19108,3361,1.0,6.745902,1.48,6.745902,1.48
19108,3386,2.0,12.868852,2.83,12.868852,2.83
19108,3320,1.0,6.008197,1.32,6.008197,1.32
19107,unknown_pos_sale,1.0,48.172131,10.6,45.762295,10.07
19107,unknown_pos_sale,1.0,37.762295,8.31,35.877049,7.89
19103,3361,6.0,34.42623,7.57,34.42623,7.57
19103,unknown_pos_sale,1.0,8.188525,1.8,8.188525,1.8
19102,3321,18.0,180.0,0.0,180.0,0.0
19101,3361,12.0,64.721311,14.24,64.721311,14.24
19100,3314,3.0,26.508197,5.83,23.852459,5.25
19100,3313,3.0,26.508197,5.83,23.860656,5.25
19099,unknown_pos_sale,3.0,49.745902,10.94,44.770492,9.85
19097,unknown_pos_sale,1.0,54.97541,12.09,54.97541,12.09
19096,3361,12.0,64.721311,14.24,61.483607,13.53
19095,unknown_pos_sale,1.0,37.762295,8.31,37.762295,8.31
19095,unknown_pos_sale,1.0,48.172131,10.6,48.172131,10.6
19094,3314,3.0,26.508197,5.83,26.508197,5.83
19094,3313,3.0,26.508197,5.83,26.508197,5.83
19093,unknown_pos_sale,2.0,109.95082,24.19,98.959016,21.77
19092,3313,12.0,94.229508,20.73,94.229508,20.73
19091,unknown_pos_sale,1.0,44.07377,9.7,44.07377,9.7
19090,3314,18.0,141.344262,31.1,141.344262,31.1
19089,3313,3.0,26.508197,5.83,26.508197,5.83
19071,unknown_pos_sale,1.0,37.762295,8.31,37.762295,8.31
19070,unknown_pos_sale,1.0,44.07377,9.7,44.07377,9.7
19068,unknown_pos_sale,1.0,44.07377,9.7,44.07377,9.7
19067,3314,3.0,26.508197,5.83,26.508197,5.83
19067,3386,3.0,16.54918,3.64,16.54918,3.64
19067,3361,2.0,13.491803,2.97,13.491803,2.97
19066,unknown_pos_sale,1.0,54.97541,12.09,54.97541,12.09
19065,3361,2.0,13.491803,2.97,13.491803,2.97
19065,3313,4.0,35.344262,7.78,35.344262,7.78
19064,unknown_pos_sale,1.0,44.07377,9.7,44.07377,9.7
19062,3321,6.0,60.0,0.0,60.0,0.0
19061,unknown_pos_sale,1.0,37.762295,8.31,37.762295,8.31
19061,3592,1.0,8.590164,1.89,8.590164,1.89
19060,3361,24.0,129.442623,28.48,129.442623,28.48
19059,3592,1.0,8.590164,1.89,8.590164,1.89
19059,3361,6.0,34.42623,7.57,34.42623,7.57
19058,3361,12.0,64.721311,14.24,64.721311,14.24
19058,unknown_pos_sale,1.0,44.07377,9.7,44.07377,9.7
19057,unknown_pos_sale,1.0,14.98,0.0,14.98,0.0
19057,unknown_pos_sale,1.0,18.42623,4.05,18.42623,4.05
19055,3314,3.0,26.508197,5.83,26.508197,5.83
19055,3361,3.0,18.221311,4.01,18.221311,4.01
19054,3361,24.0,129.442623,28.48,129.442623,28.48
19053,3386,15.0,73.52459,16.18,73.52459,16.18
19053,3321,2.0,20.0,0.0,20.0,0.0
19052,3313,6.0,50.065574,11.01,47.565574,10.46
19051,3361,18.0,97.081967,21.36,97.081967,21.36
18967,unknown_pos_sale,2.0,83.508197,18.37,83.508197,18.37
18966,unknown_pos_sale,1.0,0.0,0.0,0.0,0.0
18964,unknown_pos_sale,1.0,0.0,0.0,0.0,0.0
18963,unknown_pos_sale,1.0,0.0,0.0,0.0,0.0
18962,3386,12.0,66.196721,14.56,66.196721,14.56
18961,unknown_pos_sale,1.0,0.0,0.0,0.0,0.0
18960,unknown_pos_sale,1.0,0.0,0.0,0.0,0.0
18959,unknown_pos_sale,1.0,0.0,0.0,0.0,0.0
18802,3592,5.0,55.286885,12.16,55.286885,12.16
18801,3321,1.0,10.0,0.0,10.0,0.0
18801,unknown_pos_sale,1.0,41.754098,9.19,41.754098,9.19
18794,unknown_pos_sale,1.0,0.0,0.0,0.0,0.0
18783,unknown_pos_sale,1.0,37.491803,8.25,37.491803,8.25
18782,unknown_pos_sale,1.0,0.0,0.0,0.0,0.0
18781,unknown_pos_sale,1.0,56.311475,12.39,56.311475,12.39
18780,unknown_pos_sale,1.0,0.0,0.0,0.0,0.0
18776,unknown_pos_sale,1.0,0.0,0.0,0.0,0.0
18775,unknown_pos_sale,1.0,0.0,0.0,0.0,0.0
18774,3361,12.0,73.672131,16.21,73.672131,16.21
18749,unknown_pos_sale,1.0,0.0,0.0,0.0,0.0
18742,unknown_pos_sale,1.0,0.0,0.0,0.0,0.0
18702,unknown_pos_sale,3.0,112.47541,24.74,112.47541,24.74
18683,unknown_pos_sale,1.0,56.311475,12.39,56.311475,12.39
18682,unknown_pos_sale,1.0,41.754098,9.19,39.672131,8.73
18682,unknown_pos_sale,1.0,62.655738,13.78,59.516393,13.09
18651,unknown_pos_sale,1.0,62.655738,13.78,62.655738,13.78
18574,unknown_pos_sale,2.0,74.983607,16.5,74.983607,16.5
18573,3321,6.0,60.0,0.0,60.0,0.0
18558,unknown_pos_sale,1.0,56.311475,12.39,56.311475,12.39
18542,3361,24.0,147.344262,32.42,147.344262,32.42
18427,unknown_pos_sale,1.0,41.754098,9.19,41.754098,9.19
18426,unknown_pos_sale,1.0,56.311475,12.39,56.311475,12.39
18425,3361,6.0,41.754098,9.19,41.754098,9.19
18416,unknown_pos_sale,1.0,62.655738,13.78,62.655738,13.78
18416,3321,2.0,20.0,0.0,20.0,0.0
18415,3361,6.0,41.754098,9.19,41.754098,9.19
18295,3386,5.0,33.07377,7.28,33.07377,7.28
18295,3313,1.0,12.286885,2.7,12.286885,2.7
18294,unknown_pos_sale,1.0,56.311475,12.39,56.311475,12.39
18294,unknown_pos_sale,1.0,37.491803,8.25,37.491803,8.25
18293,3313,3.0,33.172131,7.3,33.172131,7.3
18293,3314,3.0,33.172131,7.3,33.172131,7.3
18293,3592,3.0,33.172131,7.3,33.172131,7.3
18293,3361,3.0,22.106557,4.86,22.106557,4.86
18292,unknown_pos_sale,4.0,167.016393,36.74,167.016393,36.74
18245,3361,6.0,41.754098,9.19,41.754098,9.19
18203,unknown_pos_sale,1.0,56.311475,12.39,56.311475,12.39
18199,3361,12.0,73.672131,16.21,66.303279,14.59
18198,unknown_pos_sale,1.0,62.655738,13.78,62.655738,13.78
18198,unknown_pos_sale,1.0,62.655738,13.78,62.655738,13.78
18198,3386,2.0,14.704918,3.24,14.704918,3.24
18104,unknown_pos_sale,1.0,62.655738,13.78,62.655738,13.78
18103,unknown_pos_sale,1.0,56.311475,12.39,56.311475,12.39
18076,unknown_pos_sale,1.0,37.491803,8.25,37.491803,8.25
18076,3321,1.0,10.0,0.0,10.0,0.0
18045,3361,12.0,73.672131,16.21,66.303279,14.59
18044,unknown_pos_sale,1.0,37.491803,8.25,37.491803,8.25
18043,3592,24.0,221.114754,48.65,221.114754,48.65
18043,unknown_pos_sale,2.0,74.983607,16.5,74.983607,16.5
18042,3361,12.0,73.672131,16.21,73.672131,16.21
18041,unknown_pos_sale,1.0,56.311475,12.39,56.311475,12.39
18040,3361,12.0,73.672131,16.21,73.672131,16.21
18039,3321,4.0,40.0,0.0,40.0,0.0
18039,3313,1.0,12.286885,2.7,12.286885,2.7
18038,unknown_pos_sale,1.0,56.311475,12.39,56.311475,12.39
18038,unknown_pos_sale,1.0,37.491803,8.25,37.491803,8.25
17983,unknown_pos_sale,1.0,62.655738,13.78,62.655738,13.78
17970,unknown_pos_sale,1.0,56.311475,12.39,56.311475,12.39
17969,3386,12.0,66.196721,14.56,66.196721,14.56
17968,unknown_pos_sale,1.0,56.311475,12.39,56.311475,12.39
17967,unknown_pos_sale,1.0,56.311475,12.39,56.311475,12.39
17938,unknown_pos_sale,1.0,56.311475,12.39,56.311475,12.39
17937,3313,3.0,33.172131,7.3,33.172131,7.3
17937,3314,3.0,33.172131,7.3,33.172131,7.3
17908,unknown_pos_sale,1.0,56.311475,12.39,56.311475,12.39
17907,unknown_pos_sale,1.0,56.311475,12.39,56.311475,12.39
17859,3313,1.0,12.286885,2.7,12.286885,2.7
17838,unknown_pos_sale,1.0,56.311475,12.39,56.311475,12.39
17838,3321,3.0,30.0,0.0,30.0,0.0
17837,unknown_pos_sale,1.0,37.491803,8.25,37.491803,8.25
17837,unknown_pos_sale,1.0,41.754098,9.19,41.754098,9.19
17836,3313,6.0,62.655738,13.78,62.655738,13.78
17835,3314,3.0,33.172131,7.3,33.172131,7.3
17835,3361,6.0,41.754098,9.19,41.754098,9.19
17835,3313,3.0,33.172131,7.3,33.172131,7.3
17733,unknown_pos_sale,1.0,56.311475,12.39,56.311475,12.39
17732,unknown_pos_sale,1.0,56.311475,12.39,56.311475,12.39
17732,3321,1.0,10.0,0.0,10.0,0.0
17731,unknown_pos_sale,1.0,62.655738,13.78,62.655738,13.78
17730,3313,6.0,62.655738,13.78,62.655738,13.78
17728,unknown_pos_sale,1.0,41.754098,9.19,41.754098,9.19
17727,unknown_pos_sale,1.0,62.655738,13.78,62.655738,13.78
17710,unknown_pos_sale,1.0,41.754098,9.19,41.754098,9.19
17709,3386,6.0,37.47541,8.24,37.47541,8.24
17681,unknown_pos_sale,2.0,125.311475,27.57,125.311475,27.57
17680,3313,3.0,33.172131,7.3,29.836066,6.56
17680,3314,2.0,24.57377,5.41,22.122951,4.87
17680,3361,1.0,8.188525,1.8,7.377049,1.62
17680,3592,2.0,24.57377,5.41,22.122951,4.87
17679,unknown_pos_sale,1.0,56.311475,12.39,56.311475,12.39
17678,unknown_pos_sale,1.0,56.311475,12.39,56.311475,12.39
17667,3386,12.0,66.196721,14.56,59.57377,13.11
17666,3313,6.0,62.655738,13.78,56.393443,12.41
17665,3386,12.0,66.196721,14.56,59.57377,13.11
17664,3386,12.0,66.196721,14.56,66.196721,14.56
17591,3361,6.0,41.754098,9.19,41.754098,9.19
17574,unknown_pos_sale,2.0,125.311475,27.57,125.311475,27.57
17574,unknown_pos_sale,1.0,62.655738,13.78,62.655738,13.78
17573,unknown_pos_sale,1.0,37.491803,8.25,37.491803,8.25
17573,unknown_pos_sale,1.0,62.655738,13.78,62.655738,13.78
17573,unknown_pos_sale,1.0,41.754098,9.19,41.754098,9.19
17573,unknown_pos_sale,1.0,62.655738,13.78,62.655738,13.78
17572,unknown_pos_sale,1.0,41.754098,9.19,39.672131,8.73
17572,unknown_pos_sale,1.0,62.655738,13.78,59.52459,13.1
17572,unknown_pos_sale,1.0,62.655738,13.78,59.516393,13.09
17571,3361,3.0,22.106557,4.86,22.106557,4.86
17571,3314,3.0,33.172131,7.3,33.172131,7.3
17564,unknown_pos_sale,1.0,56.311475,12.39,56.311475,12.39
17450,unknown_pos_sale,5.0,208.770492,45.93,208.770492,45.93
17409,unknown_pos_sale,1.0,37.491803,8.25,37.491803,8.25
17409,3361,1.0,8.188525,1.8,8.188525,1.8
17408,unknown_pos_sale,1.0,37.491803,8.25,37.491803,8.25
17408,3320,2.0,14.704918,3.24,14.704918,3.24
17407,3313,1.0,12.286885,2.7,11.057377,2.43
17407,3314,1.0,12.286885,2.7,11.065574,2.43
17407,3361,2.0,16.377049,3.6,14.729508,3.24
17304,unknown_pos_sale,2.0,112.622951,24.78,112.622951,24.78
17280,3386,8.0,49.996721,11.0,49.996721,11.0
17249,unknown_pos_sale,1.0,62.655738,13.78,62.655738,13.78
17249,3321,2.0,20.0,0.0,20.0,0.0
17248,unknown_pos_sale,1.0,37.491803,8.25,37.491803,8.25
17248,unknown_pos_sale,1.0,41.754098,9.19,41.754098,9.19
17241,3313,1.0,12.286885,2.7,11.057377,2.43
17241,3592,1.0,12.286885,2.7,11.057377,2.43
17241,3361,1.0,8.188525,1.8,7.368852,1.62
17241,3320,1.0,7.352459,1.62,6.614754,1.46
17241,3386,1.0,7.352459,1.62,6.622951,1.46
17241,3314,1.0,12.286885,2.7,11.057377,2.43
17231,unknown_pos_sale,1.0,56.311475,12.39,56.311475,12.39
17215,3313,4.0,46.690164,10.27,46.690164,10.27
17214,unknown_pos_sale,1.0,56.311475,12.39,56.311475,12.39
17198,3313,1.0,14.99,0.0,14.99,0.0
17198,3592,1.0,14.99,0.0,14.99,0.0
16093,3361,6.0,59.94,0.0,29.97,0.0
16093,3320,6.0,53.82,0.0,26.91,0.0
16017,unknown_pos_sale,6.0,39.3,0.0,39.3,0.0
16017,unknown_pos_sale,6.0,54.0,0.0,54.0,0.0
16016,unknown_pos_sale,3.0,22.5,0.0,22.5,0.0
16016,unknown_pos_sale,6.0,59.7,0.0,59.7,0.0
16016,unknown_pos_sale,3.0,17.85,0.0,17.85,0.0
16015,unknown_pos_sale,12.0,78.0,0.0,78.0,0.0
16008,unknown_pos_sale,2.0,11.9,0.0,11.9,0.0
16008,unknown_pos_sale,1.0,8.25,0.0,8.25,0.0
16008,unknown_pos_sale,1.0,9.95,0.0,9.95,0.0
16007,3592,1.0,15.0,0.0,15.0,0.0
16007,3314,1.0,16.5,0.0,16.5,0.0
16007,3313,1.0,19.9,0.0,19.9,0.0
16007,3386,1.0,15.0,0.0,15.0,0.0
16005,unknown_pos_sale,1.0,7.5,0.0,7.5,0.0
16005,unknown_pos_sale,2.0,11.9,0.0,11.9,0.0
16005,unknown_pos_sale,1.0,8.25,0.0,8.25,0.0
16004,unknown_pos_sale,2.0,15.0,0.0,15.0,0.0
16004,unknown_pos_sale,1.0,5.95,0.0,5.95,0.0
16004,unknown_pos_sale,1.0,7.5,0.0,7.5,0.0
16004,unknown_pos_sale,1.0,9.95,0.0,9.95,0.0
16004,unknown_pos_sale,1.0,8.25,0.0,8.25,0.0
16004,unknown_pos_sale,1.0,5.95,0.0,5.95,0.0
16003,unknown_pos_sale,24.0,180.0,0.0,180.0,0.0
16002,unknown_pos_sale,1.0,8.25,0.0,8.25,0.0
16002,unknown_pos_sale,1.0,6.55,0.0,6.55,0.0
16002,unknown_pos_sale,1.0,8.25,0.0,8.25,0.0
16002,unknown_pos_sale,1.0,10.9,0.0,10.9,0.0
16002,unknown_pos_sale,1.0,9.0,0.0,9.0,0.0
16002,unknown_pos_sale,1.0,6.5,0.0,6.5,0.0
16001,unknown_pos_sale,2.0,18.0,0.0,18.0,0.0
16001,unknown_pos_sale,2.0,13.0,0.0,13.0,0.0
16001,unknown_pos_sale,2.0,13.1,0.0,13.1,0.0
16001,unknown_pos_sale,2.0,16.5,0.0,16.5,0.0
16000,3361,6.0,71.4,0.0,39.27,0.0
15998,unknown_pos_sale,3.0,32.7,0.0,32.7,0.0
15998,unknown_pos_sale,3.0,19.5,0.0,19.5,0.0
15997,unknown_pos_sale,2.0,48.0,0.0,48.0,0.0
15997,unknown_pos_sale,2.0,54.0,0.0,54.0,0.0
15997,unknown_pos_sale,2.0,38.0,0.0,38.0,0.0
15997,unknown_pos_sale,6.0,54.0,0.0,54.0,0.0
15997,unknown_pos_sale,6.0,65.4,0.0,65.4,0.0
15997,3321,2.0,20.0,0.0,20.0,0.0
15996,unknown_pos_sale,6.0,39.0,0.0,39.0,0.0
15996,unknown_pos_sale,6.0,54.0,0.0,54.0,0.0
15995,unknown_pos_sale,1.0,10.9,0.0,10.9,0.0
15995,unknown_pos_sale,1.0,9.0,0.0,9.0,0.0
15994,unknown_pos_sale,2.0,15.0,0.0,15.0,0.0
15994,unknown_pos_sale,1.0,5.95,0.0,5.95,0.0
15994,unknown_pos_sale,2.0,15.0,0.0,15.0,0.0
15994,unknown_pos_sale,1.0,8.25,0.0,8.25,0.0
15981,unknown_pos_sale,12.0,95.52,0.0,95.52,0.0
15980,3314,6.0,99.0,0.0,49.5,0.0
15979,unknown_pos_sale,6.0,36.0,0.0,36.0,0.0
15979,unknown_pos_sale,3.0,19.8,0.0,19.8,0.0
15978,unknown_pos_sale,12.0,57.12,0.0,57.12,0.0
15977,unknown_pos_sale,2.0,15.0,0.0,12.75,0.0
15977,unknown_pos_sale,1.0,7.5,0.0,6.38,0.0
15977,unknown_pos_sale,2.0,16.5,0.0,14.02,0.0
15977,3321,1.0,10.0,0.0,8.5,0.0
15976,unknown_pos_sale,1.0,6.0,0.0,6.0,0.0
15976,unknown_pos_sale,1.0,4.76,0.0,4.76,0.0
15976,unknown_pos_sale,1.0,6.0,0.0,6.0,0.0
15976,unknown_pos_sale,2.0,15.92,0.0,15.92,0.0
15976,unknown_pos_sale,2.0,13.2,0.0,13.2,0.0
15976,unknown_pos_sale,1.0,4.76,0.0,4.76,0.0
15975,unknown_pos_sale,4.0,23.8,0.0,23.8,0.0
15975,unknown_pos_sale,3.0,17.85,0.0,17.85,0.0
15975,unknown_pos_sale,2.0,15.0,0.0,15.0,0.0
15974,unknown_pos_sale,12.0,57.12,0.0,57.12,0.0
15973,unknown_pos_sale,6.0,35.7,0.0,30.34,0.0
15973,unknown_pos_sale,6.0,35.7,0.0,30.35,0.0
15972,unknown_pos_sale,1.0,6.0,0.0,6.0,0.0
15972,unknown_pos_sale,2.0,15.92,0.0,15.92,0.0
15972,unknown_pos_sale,2.0,13.2,0.0,13.2,0.0
15972,unknown_pos_sale,2.0,9.52,0.0,9.52,0.0
15971,unknown_pos_sale,12.0,57.12,0.0,57.12,0.0
15970,unknown_pos_sale,9.0,54.0,0.0,54.0,0.0
15970,unknown_pos_sale,6.0,47.76,0.0,47.76,0.0
15970,unknown_pos_sale,6.0,39.6,0.0,39.6,0.0
15970,unknown_pos_sale,3.0,14.28,0.0,14.28,0.0
15970,unknown_pos_sale,6.0,36.0,0.0,36.0,0.0
15970,unknown_pos_sale,6.0,28.56,0.0,28.56,0.0
15969,unknown_pos_sale,4.0,19.04,0.0,19.04,0.0
15969,unknown_pos_sale,2.0,15.92,0.0,15.92,0.0
15969,unknown_pos_sale,4.0,19.04,0.0,19.04,0.0
15968,unknown_pos_sale,2.0,13.2,0.0,13.2,0.0
15968,unknown_pos_sale,2.0,15.92,0.0,15.92,0.0
15968,unknown_pos_sale,2.0,12.0,0.0,12.0,0.0
15968,unknown_pos_sale,2.0,9.52,0.0,9.52,0.0
15967,unknown_pos_sale,5.0,23.8,0.0,22.9,0.0
15967,unknown_pos_sale,5.0,33.0,0.0,32.1,0.0
15967,unknown_pos_sale,2.0,15.92,0.0,15.58,0.0
15967,unknown_pos_sale,3.0,18.0,0.0,17.48,0.0
15967,unknown_pos_sale,2.0,12.0,0.0,11.66,0.0
15966,unknown_pos_sale,3.0,18.0,0.0,18.0,0.0
15966,unknown_pos_sale,3.0,23.88,0.0,23.88,0.0
15966,unknown_pos_sale,2.0,9.52,0.0,9.52,0.0
15965,unknown_pos_sale,9.0,54.0,0.0,54.0,0.0
15965,unknown_pos_sale,9.0,42.84,0.0,42.84,0.0
15965,unknown_pos_sale,3.0,19.8,0.0,19.8,0.0
15964,unknown_pos_sale,2.0,12.0,0.0,12.0,0.0
15964,unknown_pos_sale,12.0,57.12,0.0,57.12,0.0
15964,unknown_pos_sale,1.0,7.96,0.0,7.96,0.0
15963,unknown_pos_sale,6.0,39.6,0.0,39.6,0.0
15963,unknown_pos_sale,3.0,14.28,0.0,14.28,0.0
15963,unknown_pos_sale,3.0,14.28,0.0,14.28,0.0
15963,unknown_pos_sale,3.0,18.0,0.0,18.0,0.0
15962,unknown_pos_sale,2.0,15.92,0.0,15.92,0.0
15962,unknown_pos_sale,2.0,13.2,0.0,13.2,0.0
15962,unknown_pos_sale,2.0,9.52,0.0,9.52,0.0
15961,unknown_pos_sale,1.0,6.6,0.0,6.6,0.0
15961,unknown_pos_sale,5.0,23.8,0.0,23.8,0.0
15960,unknown_pos_sale,4.0,24.0,0.0,24.0,0.0
15960,unknown_pos_sale,4.0,24.0,0.0,24.0,0.0
15960,unknown_pos_sale,8.0,38.08,0.0,38.08,0.0
15959,unknown_pos_sale,6.0,47.76,0.0,47.76,0.0
15959,unknown_pos_sale,6.0,36.0,0.0,36.0,0.0
15958,unknown_pos_sale,2.0,12.0,0.0,12.0,0.0
15958,unknown_pos_sale,2.0,9.52,0.0,9.52,0.0
15958,unknown_pos_sale,4.0,26.4,0.0,26.4,0.0
15958,unknown_pos_sale,2.0,9.52,0.0,9.52,0.0
15957,unknown_pos_sale,2.0,12.0,0.0,12.0,0.0
15957,unknown_pos_sale,2.0,12.0,0.0,12.0,0.0
15957,unknown_pos_sale,6.0,28.56,0.0,28.56,0.0
15956,3313,6.0,119.4,0.0,47.76,0.0
15956,3314,6.0,99.0,0.0,39.6,0.0
15956,3386,6.0,90.0,0.0,36.0,0.0
15955,unknown_pos_sale,6.0,36.0,0.0,36.0,0.0
15955,unknown_pos_sale,3.0,14.28,0.0,14.28,0.0
15955,unknown_pos_sale,6.0,36.0,0.0,36.0,0.0
15955,unknown_pos_sale,3.0,14.28,0.0,14.28,0.0
15954,unknown_pos_sale,18.0,143.28,0.0,143.28,0.0
15954,unknown_pos_sale,18.0,118.8,0.0,118.8,0.0
15953,unknown_pos_sale,2.0,9.52,0.0,9.52,0.0
15953,unknown_pos_sale,2.0,15.92,0.0,15.92,0.0
15953,unknown_pos_sale,2.0,13.2,0.0,13.2,0.0
15953,unknown_pos_sale,2.0,12.0,0.0,12.0,0.0
15952,unknown_pos_sale,10.0,60.0,0.0,60.0,0.0
15951,unknown_pos_sale,1.0,6.0,0.0,6.0,0.0
15951,unknown_pos_sale,6.0,47.76,0.0,47.76,0.0
15951,unknown_pos_sale,4.0,26.4,0.0,26.4,0.0
15951,unknown_pos_sale,1.0,4.76,0.0,4.76,0.0
15950,unknown_pos_sale,3.0,23.88,0.0,23.88,0.0
15950,unknown_pos_sale,3.0,14.28,0.0,14.28,0.0
15950,unknown_pos_sale,2.0,13.2,0.0,13.2,0.0
15950,unknown_pos_sale,2.0,12.0,0.0,12.0,0.0
15950,unknown_pos_sale,2.0,9.52,0.0,9.52,0.0
15949,unknown_pos_sale,3.0,19.8,0.0,19.8,0.0
15949,unknown_pos_sale,2.0,15.92,0.0,15.92,0.0
15949,unknown_pos_sale,3.0,18.0,0.0,18.0,0.0
15948,unknown_pos_sale,5.0,33.0,0.0,33.0,0.0
15948,unknown_pos_sale,3.0,23.88,0.0,23.88,0.0
15947,unknown_pos_sale,3.0,18.0,0.0,18.0,0.0
15947,unknown_pos_sale,3.0,14.28,0.0,14.28,0.0
15947,unknown_pos_sale,2.0,9.52,0.0,9.52,0.0
15947,unknown_pos_sale,1.0,6.6,0.0,6.6,0.0
15947,unknown_pos_sale,1.0,7.96,0.0,7.96,0.0
15947,unknown_pos_sale,2.0,12.0,0.0,12.0,0.0
15946,unknown_pos_sale,4.0,19.04,0.0,19.04,0.0
15946,unknown_pos_sale,3.0,18.0,0.0,18.0,0.0
15946,unknown_pos_sale,3.0,14.28,0.0,14.28,0.0
15945,unknown_pos_sale,1.0,6.0,0.0,6.0,0.0
15945,unknown_pos_sale,3.0,14.28,0.0,14.28,0.0
15945,unknown_pos_sale,1.0,7.96,0.0,7.96,0.0
15945,unknown_pos_sale,1.0,6.0,0.0,6.0,0.0
15945,unknown_pos_sale,1.0,6.6,0.0,6.6,0.0
15945,unknown_pos_sale,3.0,14.28,0.0,14.28,0.0
15944,unknown_pos_sale,6.0,39.6,0.0,39.6,0.0
15944,unknown_pos_sale,6.0,28.56,0.0,28.56,0.0
15943,unknown_pos_sale,12.0,57.12,0.0,57.12,0.0
15942,unknown_pos_sale,5.0,23.8,0.0,23.8,0.0
15942,unknown_pos_sale,2.0,13.2,0.0,13.2,0.0
15942,unknown_pos_sale,2.0,15.92,0.0,15.92,0.0
15940,unknown_pos_sale,8.0,63.68,0.0,25.48,0.0
15940,unknown_pos_sale,3.0,19.8,0.0,7.92,0.0
15940,unknown_pos_sale,18.0,85.68,0.0,34.26,0.0
15940,unknown_pos_sale,4.0,24.0,0.0,9.6,0.0
15940,unknown_pos_sale,1.0,0.819672,0.18,0.327869,0.07
15939,3313,3.0,59.7,0.0,29.85,0.0
15939,3314,3.0,49.5,0.0,24.75,0.0
15939,3592,2.0,30.0,0.0,15.0,0.0
15939,3361,2.0,23.8,0.0,11.9,0.0
15938,unknown_pos_sale,6.0,36.0,0.0,36.0,0.0
15938,unknown_pos_sale,6.0,28.56,0.0,28.56,0.0
15938,unknown_pos_sale,6.0,39.6,0.0,39.6,0.0
15938,unknown_pos_sale,12.0,95.52,0.0,95.52,0.0
15937,unknown_pos_sale,1.0,4.76,0.0,4.76,0.0
15937,unknown_pos_sale,1.0,6.0,0.0,6.0,0.0
15937,unknown_pos_sale,3.0,23.88,0.0,23.88,0.0
15937,unknown_pos_sale,3.0,19.8,0.0,19.8,0.0
15936,unknown_pos_sale,3.0,19.8,0.0,19.8,0.0
15936,unknown_pos_sale,2.0,12.0,0.0,12.0,0.0
15936,unknown_pos_sale,3.0,18.0,0.0,18.0,0.0
15936,unknown_pos_sale,3.0,23.88,0.0,23.88,0.0
15934,unknown_pos_sale,1.0,39.8,0.0,19.9,0.0
15934,unknown_pos_sale,2.0,55.0,0.0,27.5,0.0
15934,3313,1.0,19.9,0.0,9.95,0.0
15934,3314,2.0,33.0,0.0,16.5,0.0
15934,3361,2.0,23.8,0.0,11.9,0.0
15933,unknown_pos_sale,1.0,51.557377,11.34,43.827869,9.64
15933,unknown_pos_sale,4.0,81.147541,17.85,68.97541,15.17
15932,unknown_pos_sale,4.0,24.0,0.0,24.0,0.0
15932,unknown_pos_sale,4.0,26.4,0.0,26.4,0.0
15931,unknown_pos_sale,2.0,11.9,0.0,11.9,0.0
15931,unknown_pos_sale,4.0,33.0,0.0,33.0,0.0
15931,unknown_pos_sale,2.0,15.0,0.0,15.0,0.0
15931,unknown_pos_sale,2.0,15.0,0.0,15.0,0.0
15930,unknown_pos_sale,4.0,30.0,0.0,30.0,0.0
15930,unknown_pos_sale,4.0,39.8,0.0,39.8,0.0
15930,unknown_pos_sale,4.0,33.0,0.0,33.0,0.0
15930,unknown_pos_sale,1.0,19.508197,4.29,19.508197,4.29
15929,unknown_pos_sale,3.0,23.88,0.0,23.88,0.0
15929,unknown_pos_sale,4.0,26.4,0.0,26.4,0.0
15928,unknown_pos_sale,2.0,12.0,0.0,12.0,0.0
15928,unknown_pos_sale,2.0,9.52,0.0,9.52,0.0
15928,unknown_pos_sale,36.0,171.36,0.0,171.36,0.0
15927,unknown_pos_sale,24.0,114.24,0.0,114.24,0.0
15926,unknown_pos_sale,4.0,23.8,0.0,23.8,0.0
15926,unknown_pos_sale,4.0,30.0,0.0,30.0,0.0
15925,unknown_pos_sale,2.0,11.9,0.0,11.9,0.0
15925,unknown_pos_sale,6.0,45.0,0.0,45.0,0.0
15924,unknown_pos_sale,3.0,18.0,0.0,18.0,0.0
15924,unknown_pos_sale,6.0,28.56,0.0,28.56,0.0
15924,unknown_pos_sale,1.0,6.6,0.0,6.6,0.0
15923,unknown_pos_sale,2.0,15.0,0.0,15.0,0.0
15923,unknown_pos_sale,2.0,11.9,0.0,11.9,0.0
15923,unknown_pos_sale,2.0,15.0,0.0,15.0,0.0
15923,unknown_pos_sale,2.0,11.9,0.0,11.9,0.0
15921,unknown_pos_sale,12.0,119.4,0.0,119.4,0.0
15921,unknown_pos_sale,12.0,99.0,0.0,99.0,0.0
15920,unknown_pos_sale,2.0,12.0,0.0,12.0,0.0
15920,unknown_pos_sale,2.0,9.52,0.0,9.52,0.0
15920,unknown_pos_sale,2.0,12.0,0.0,12.0,0.0
15920,unknown_pos_sale,6.0,28.56,0.0,28.56,0.0
15920,unknown_pos_sale,6.0,39.6,0.0,39.6,0.0
15920,unknown_pos_sale,2.0,15.92,0.0,15.92,0.0
15919,unknown_pos_sale,12.0,79.2,0.0,79.2,0.0
15918,unknown_pos_sale,6.0,59.7,0.0,59.7,0.0
15918,unknown_pos_sale,6.0,49.5,0.0,49.5,0.0
15917,unknown_pos_sale,1.0,51.557377,11.34,51.557377,11.34
15917,unknown_pos_sale,1.0,20.286885,4.46,20.286885,4.46
15917,unknown_pos_sale,1.0,27.04918,5.95,27.04918,5.95
15916,unknown_pos_sale,4.0,24.0,0.0,24.0,0.0
15916,unknown_pos_sale,4.0,19.04,0.0,19.04,0.0
15916,3321,2.0,20.0,0.0,20.0,0.0
15915,unknown_pos_sale,12.0,95.52,0.0,95.52,0.0
15914,unknown_pos_sale,2.0,9.52,0.0,9.52,0.0
15914,unknown_pos_sale,2.0,9.52,0.0,9.52,0.0
15914,unknown_pos_sale,2.0,12.0,0.0,12.0,0.0
15913,unknown_pos_sale,2.0,12.0,0.0,12.0,0.0
15913,unknown_pos_sale,2.0,12.0,0.0,12.0,0.0
15913,unknown_pos_sale,2.0,15.92,0.0,15.92,0.0
15913,unknown_pos_sale,2.0,13.2,0.0,13.2,0.0
15913,unknown_pos_sale,2.0,9.52,0.0,9.52,0.0
15913,unknown_pos_sale,1.0,4.76,0.0,4.76,0.0
15912,unknown_pos_sale,4.0,24.0,0.0,24.0,0.0
15912,unknown_pos_sale,2.0,15.92,0.0,15.92,0.0
15912,unknown_pos_sale,2.0,13.2,0.0,13.2,0.0
15912,unknown_pos_sale,2.0,9.52,0.0,9.52,0.0
15911,unknown_pos_sale,5.0,49.75,0.0,49.75,0.0
15911,unknown_pos_sale,5.0,41.25,0.0,41.25,0.0
15911,unknown_pos_sale,5.0,29.75,0.0,29.75,0.0
15910,unknown_pos_sale,10.0,75.0,0.0,75.0,0.0
15910,unknown_pos_sale,3.0,17.85,0.0,17.85,0.0
15910,unknown_pos_sale,6.0,45.0,0.0,45.0,0.0
15910,unknown_pos_sale,6.0,49.5,0.0,49.5,0.0
15909,unknown_pos_sale,6.0,36.0,0.0,36.0,0.0
15909,unknown_pos_sale,5.0,39.8,0.0,39.8,0.0
15909,unknown_pos_sale,4.0,26.4,0.0,26.4,0.0
15909,unknown_pos_sale,4.0,19.04,0.0,19.04,0.0
15886,3361,10.0,119.0,0.0,59.5,0.0
15885,unknown_pos_sale,1.0,24.590164,5.41,24.590164,5.41
15885,3320,1.0,11.9,0.0,11.9,0.0
15883,unknown_pos_sale,2.0,40.57377,8.93,34.491803,7.59
15883,3361,6.0,71.4,0.0,60.69,0.0
15879,unknown_pos_sale,1.0,20.286885,4.46,20.286885,4.46
15878,unknown_pos_sale,1.0,51.557377,11.34,51.557377,11.34
15865,3314,6.0,99.0,0.0,49.5,0.0
15865,3361,6.0,71.4,0.0,35.7,0.0
15865,3386,3.0,45.0,0.0,22.5,0.0
15865,3320,3.0,35.7,0.0,17.85,0.0
15864,unknown_pos_sale,2.0,103.114754,22.69,103.114754,22.69
15863,unknown_pos_sale,2.0,79.6,0.0,39.8,0.0
15863,unknown_pos_sale,2.0,55.0,0.0,27.5,0.0
15862,unknown_pos_sale,1.0,75.983607,16.72,75.983607,16.72
15861,3313,1.0,19.9,0.0,19.9,0.0
15860,unknown_pos_sale,2.0,40.57377,8.93,40.57377,8.93
15859,unknown_pos_sale,1.0,20.286885,4.46,20.286885,4.46
15856,3314,1.0,16.5,0.0,16.5,0.0
15854,unknown_pos_sale,3.0,59.7,0.0,59.7,0.0
15854,3314,3.0,49.5,0.0,49.5,0.0
15853,unknown_pos_sale,10.0,199.0,0.0,199.0,0.0
15852,unknown_pos_sale,4.0,55.0,0.0,55.0,0.0
15852,unknown_pos_sale,2.0,39.8,0.0,39.8,0.0
15851,unknown_pos_sale,2.0,12.0,0.0,12.0,0.0
15851,unknown_pos_sale,2.0,15.92,0.0,15.92,0.0
15851,unknown_pos_sale,2.0,13.2,0.0,13.2,0.0
15851,unknown_pos_sale,2.0,9.52,0.0,9.52,0.0
15850,unknown_pos_sale,1.0,13.75,0.0,13.75,0.0
15850,unknown_pos_sale,1.0,19.9,0.0,19.9,0.0
15849,unknown_pos_sale,3.0,59.7,0.0,57.9,0.0
15849,3321,2.0,20.0,0.0,18.8,0.0
15848,unknown_pos_sale,1.0,19.9,0.0,19.9,0.0
15848,unknown_pos_sale,1.0,13.75,0.0,13.75,0.0
15835,unknown_pos_sale,4.0,24.0,0.0,24.0,0.0
15835,unknown_pos_sale,1.0,7.96,0.0,7.96,0.0
15835,unknown_pos_sale,1.0,4.76,0.0,4.76,0.0
15835,unknown_pos_sale,4.0,26.4,0.0,26.4,0.0
15834,unknown_pos_sale,12.0,79.2,0.0,79.2,0.0
15834,unknown_pos_sale,12.0,72.0,0.0,72.0,0.0
15833,unknown_pos_sale,2.0,12.0,0.0,12.0,0.0
15833,unknown_pos_sale,2.0,9.52,0.0,9.52,0.0
15833,unknown_pos_sale,8.0,52.8,0.0,52.8,0.0
15833,unknown_pos_sale,2.0,9.52,0.0,9.52,0.0
15833,unknown_pos_sale,2.0,12.0,0.0,12.0,0.0
15832,unknown_pos_sale,6.0,36.0,0.0,36.0,0.0
15832,unknown_pos_sale,3.0,14.28,0.0,14.28,0.0
15832,unknown_pos_sale,6.0,36.0,0.0,36.0,0.0
15832,unknown_pos_sale,12.0,57.12,0.0,57.12,0.0
15831,unknown_pos_sale,4.0,31.84,0.0,31.84,0.0
15831,unknown_pos_sale,3.0,19.8,0.0,19.8,0.0
15830,unknown_pos_sale,4.0,26.4,0.0,26.4,0.0
15830,unknown_pos_sale,12.0,57.12,0.0,57.12,0.0
15830,unknown_pos_sale,3.0,18.0,0.0,18.0,0.0
15830,unknown_pos_sale,6.0,28.56,0.0,28.56,0.0
15829,unknown_pos_sale,1.0,4.76,0.0,4.76,0.0
15829,unknown_pos_sale,2.0,12.0,0.0,12.0,0.0
15829,unknown_pos_sale,3.0,23.88,0.0,23.88,0.0
15829,unknown_pos_sale,1.0,6.6,0.0,6.6,0.0
15829,unknown_pos_sale,1.0,4.76,0.0,4.76,0.0
15828,unknown_pos_sale,1.0,51.557377,11.34,51.557377,11.34
15827,unknown_pos_sale,12.0,72.0,0.0,72.0,0.0
15827,unknown_pos_sale,12.0,79.2,0.0,79.2,0.0
15827,unknown_pos_sale,6.0,36.0,0.0,36.0,0.0
15827,unknown_pos_sale,6.0,47.76,0.0,47.76,0.0
15826,unknown_pos_sale,2.0,12.0,0.0,12.0,0.0
15826,unknown_pos_sale,1.0,4.76,0.0,4.76,0.0
15826,unknown_pos_sale,1.0,6.0,0.0,6.0,0.0
15826,unknown_pos_sale,3.0,23.88,0.0,23.88,0.0
15826,unknown_pos_sale,1.0,4.76,0.0,4.76,0.0
15826,unknown_pos_sale,2.0,13.2,0.0,13.2,0.0
15825,unknown_pos_sale,4.0,31.84,0.0,31.84,0.0
15825,unknown_pos_sale,2.0,13.2,0.0,13.2,0.0
15825,unknown_pos_sale,1.0,6.0,0.0,6.0,0.0
15824,3361,36.0,428.4,0.0,214.2,0.0
15823,unknown_pos_sale,2.0,9.52,0.0,9.52,0.0
15823,unknown_pos_sale,2.0,12.0,0.0,12.0,0.0
15823,unknown_pos_sale,2.0,12.0,0.0,12.0,0.0
15823,unknown_pos_sale,2.0,9.52,0.0,9.52,0.0
15823,unknown_pos_sale,2.0,13.2,0.0,13.2,0.0
15822,unknown_pos_sale,2.0,12.0,0.0,12.0,0.0
15822,unknown_pos_sale,2.0,9.52,0.0,9.52,0.0
15822,unknown_pos_sale,2.0,12.0,0.0,12.0,0.0
15822,unknown_pos_sale,2.0,15.92,0.0,15.92,0.0
15822,unknown_pos_sale,2.0,13.2,0.0,13.2,0.0
15822,unknown_pos_sale,2.0,9.52,0.0,9.52,0.0
15821,3320,2.0,23.8,0.0,0.0,0.0
15821,3386,2.0,30.0,0.0,0.0,0.0
15821,3313,1.0,19.9,0.0,0.0,0.0
15821,3314,1.0,16.5,0.0,0.0,0.0
15819,3386,12.0,180.0,0.0,90.0,0.0
15818,3592,4.0,60.0,0.0,60.0,0.0
15817,unknown_pos_sale,2.0,12.0,0.0,12.0,0.0
15817,unknown_pos_sale,2.0,9.52,0.0,9.52,0.0
15817,unknown_pos_sale,2.0,12.0,0.0,12.0,0.0
15817,unknown_pos_sale,2.0,15.92,0.0,15.92,0.0
15817,unknown_pos_sale,2.0,13.2,0.0,13.2,0.0
15817,unknown_pos_sale,2.0,9.52,0.0,9.52,0.0
15817,3321,1.0,10.0,0.0,10.0,0.0
15816,unknown_pos_sale,1.0,6.0,0.0,6.0,0.0
15816,unknown_pos_sale,1.0,4.76,0.0,4.76,0.0
15816,unknown_pos_sale,4.0,24.0,0.0,24.0,0.0
15816,unknown_pos_sale,2.0,13.2,0.0,13.2,0.0
15816,unknown_pos_sale,2.0,15.92,0.0,15.92,0.0
15816,unknown_pos_sale,2.0,9.52,0.0,9.52,0.0
15815,3386,2.0,30.0,0.0,15.0,0.0
15815,3314,1.0,16.5,0.0,8.25,0.0
15815,3313,2.0,39.8,0.0,19.9,0.0
15815,3592,1.0,15.0,0.0,7.5,0.0
15814,3313,4.0,79.6,0.0,39.8,0.0
15814,3361,20.0,238.0,0.0,119.0,0.0
15814,3386,2.0,30.0,0.0,15.0,0.0
15812,3313,12.0,238.8,0.0,119.4,0.0
15811,3592,1.0,15.0,0.0,7.5,0.0
15811,3361,1.0,11.9,0.0,5.95,0.0
15811,3314,2.0,33.0,0.0,16.5,0.0
15809,unknown_pos_sale,1.0,51.557377,11.34,51.557377,11.34
15805,3314,3.0,27.0,0.0,27.0,0.0
15805,3361,6.0,39.0,0.0,39.0,0.0
15804,3361,12.0,78.0,0.0,78.0,0.0
15803,3313,2.0,21.6,0.0,21.6,0.0
15803,3386,3.0,24.75,0.0,24.75,0.0
15803,3314,1.0,9.0,0.0,9.0,0.0
15800,unknown_pos_sale,1.0,20.286885,4.46,20.286885,4.46
15799,unknown_pos_sale,1.0,20.286885,4.46,20.286885,4.46
15799,3361,7.0,45.5,0.0,45.5,0.0
15798,3313,12.0,129.6,0.0,129.6,0.0
15796,unknown_pos_sale,1.0,20.286885,4.46,20.286885,4.46
15796,3361,3.0,19.5,0.0,19.5,0.0
15795,3361,6.0,39.0,0.0,39.0,0.0
15788,3361,13.0,84.5,0.0,84.5,0.0
15786,unknown_pos_sale,1.0,51.557377,11.34,51.557377,11.34
15786,3361,6.0,39.0,0.0,39.0,0.0
15784,3314,6.0,54.0,0.0,49.86,0.0
15784,3592,6.0,49.5,0.0,45.42,0.0
15784,3361,6.0,39.0,0.0,34.92,0.0
15782,3320,1.0,6.5,0.0,6.5,0.0
15782,3386,1.0,8.25,0.0,8.25,0.0
15782,3361,1.0,6.5,0.0,6.5,0.0
15782,3314,1.0,9.0,0.0,9.0,0.0
15781,3313,3.0,32.4,0.0,32.4,0.0
15781,unknown_pos_sale,1.0,27.0,0.0,27.0,0.0
15780,3313,2.0,21.6,0.0,10.8,0.0
15780,3314,2.0,18.0,0.0,9.0,0.0
15780,3361,2.0,13.0,0.0,6.5,0.0
15780,3320,2.0,13.0,0.0,6.5,0.0
15780,3386,2.0,16.5,0.0,8.25,0.0
15779,3313,2.0,21.6,0.0,10.8,0.0
15779,3314,2.0,18.0,0.0,9.0,0.0
15779,3592,2.0,16.5,0.0,8.25,0.0
15779,3361,2.0,13.0,0.0,6.5,0.0
15779,3320,2.0,13.0,0.0,6.5,0.0
15778,3313,2.0,21.6,0.0,21.6,0.0
15778,3314,2.0,18.0,0.0,18.0,0.0
15778,3361,2.0,13.0,0.0,13.0,0.0
15777,3361,2.0,13.0,0.0,13.0,0.0
15777,unknown_pos_sale,1.0,20.286885,4.46,20.286885,4.46
15777,3314,1.0,9.0,0.0,9.0,0.0
15776,3865,1.0,21.0,0.0,21.0,0.0
15775,3361,30.0,195.0,0.0,195.0,0.0
15775,3386,2.0,16.5,0.0,16.5,0.0
15774,3361,2.0,13.0,0.0,13.0,0.0
15774,3314,2.0,18.0,0.0,18.0,0.0
15774,3313,2.0,21.6,0.0,21.6,0.0
15773,unknown_pos_sale,1.0,20.286885,4.46,20.286885,4.46
15772,unknown_pos_sale,3.0,60.860656,13.39,60.860656,13.39
15771,unknown_pos_sale,1.0,20.286885,4.46,20.286885,4.46
15771,3314,2.0,18.0,0.0,18.0,0.0
15771,3313,1.0,10.8,0.0,10.8,0.0
15770,3386,6.0,49.5,0.0,24.75,0.0
15770,3320,2.0,13.0,0.0,6.5,0.0
15770,3361,8.0,52.0,0.0,26.0,0.0
15770,3592,8.0,66.0,0.0,33.0,0.0
15769,3314,12.0,108.0,0.0,108.0,0.0
15769,3592,12.0,99.0,0.0,99.0,0.0
15769,3361,12.0,78.0,0.0,78.0,0.0
15769,3386,12.0,99.0,0.0,99.0,0.0
15767,3313,2.0,21.6,0.0,21.6,0.0
15767,3314,2.0,18.0,0.0,18.0,0.0
15767,3361,2.0,13.0,0.0,13.0,0.0
15767,3386,2.0,16.5,0.0,16.5,0.0
15767,unknown_pos_sale,1.0,20.286885,4.46,20.286885,4.46
15766,3320,6.0,39.0,0.0,39.0,0.0
15765,unknown_pos_sale,1.0,51.557377,11.34,51.557377,11.34
15764,3361,6.0,39.0,0.0,39.0,0.0
15764,3320,6.0,39.0,0.0,39.0,0.0
15763,3314,1.0,9.0,0.0,9.0,0.0
15763,3313,1.0,10.8,0.0,10.8,0.0
15763,3361,1.0,6.5,0.0,6.5,0.0
15762,3361,6.0,39.0,0.0,39.0,0.0
15761,3361,12.0,78.0,0.0,78.0,0.0
15760,3361,6.0,39.0,0.0,39.0,0.0
15760,3314,6.0,54.0,0.0,54.0,0.0
15760,3313,4.0,43.2,0.0,43.2,0.0
15759,3361,6.0,39.0,0.0,39.0,0.0
15759,3592,6.0,49.5,0.0,49.5,0.0
15758,3313,1.0,10.8,0.0,5.39,0.0
15758,3592,1.0,8.25,0.0,4.13,0.0
15758,3361,1.0,6.5,0.0,3.25,0.0
15758,3314,1.0,9.0,0.0,4.5,0.0
15758,3386,1.0,8.25,0.0,4.13,0.0
15758,3320,1.0,6.5,0.0,3.25,0.0
15757,3313,2.0,21.6,0.0,21.6,0.0
15757,3361,3.0,19.5,0.0,19.5,0.0
15757,3314,1.0,9.0,0.0,9.0,0.0
15756,unknown_pos_sale,1.0,51.557377,11.34,51.557377,11.34
15756,3321,1.0,10.0,0.0,10.0,0.0
15749,unknown_pos_sale,1.0,97.868852,21.53,97.868852,21.53
15748,unknown_pos_sale,2.0,103.114754,22.69,103.114754,22.69
15748,unknown_pos_sale,1.0,20.286885,4.46,20.286885,4.46
15747,3361,12.0,142.8,0.0,71.4,0.0
15747,3386,6.0,90.0,0.0,45.0,0.0
15746,unknown_pos_sale,1.0,69.836066,15.36,69.836066,15.36
15709,unknown_pos_sale,3.0,209.508197,46.09,209.508197,46.09
15709,unknown_pos_sale,1.0,97.868852,21.53,97.868852,21.53
15708,unknown_pos_sale,2.0,40.57377,8.93,40.57377,8.93
15708,unknown_pos_sale,1.0,27.0,0.0,27.0,0.0
15693,3592,3.0,45.0,0.0,22.5,0.0
15693,3313,6.0,119.4,0.0,59.7,0.0
15693,3361,6.0,71.4,0.0,35.7,0.0
15692,3865,1.0,21.0,0.0,10.5,0.0
15692,3361,6.0,71.4,0.0,35.7,0.0
15691,unknown_pos_sale,1.0,51.557377,11.34,51.557377,11.34
15690,unknown_pos_sale,1.0,69.9,0.0,69.9,0.0
15689,unknown_pos_sale,1.0,69.836066,15.36,69.836066,15.36
15689,unknown_pos_sale,1.0,60.06,0.0,60.06,0.0
15688,3313,2.0,39.8,0.0,19.9,0.0
15688,3314,2.0,33.0,0.0,16.5,0.0
15688,3361,1.0,11.9,0.0,5.95,0.0
15688,3320,1.0,11.9,0.0,5.95,0.0
15688,unknown_pos_sale,2.0,1.639344,0.36,1.639344,0.36
15687,3592,3.0,45.0,0.0,22.5,0.0
15687,3313,3.0,59.7,0.0,29.85,0.0
15686,unknown_pos_sale,1.0,55.9,0.0,55.9,0.0
15684,unknown_pos_sale,1.0,40.57377,8.93,40.57377,8.93
15683,3314,4.0,66.0,0.0,66.0,0.0
15683,3361,4.0,47.6,0.0,47.6,0.0
15683,unknown_pos_sale,1.0,69.836066,15.36,69.836066,15.36
15683,unknown_pos_sale,1.0,40.57377,8.93,40.57377,8.93
15682,unknown_pos_sale,2.0,103.114754,22.69,51.557377,11.34
15681,unknown_pos_sale,4.0,206.229508,45.37,103.114754,22.69
15681,unknown_pos_sale,1.0,20.286885,4.46,10.147541,2.23
15680,unknown_pos_sale,1.0,20.286885,4.46,20.286885,4.46
15673,unknown_pos_sale,1.0,69.9,0.0,69.9,0.0
15630,unknown_pos_sale,1.0,20.286885,4.46,20.286885,4.46
15628,unknown_pos_sale,1.0,69.9,0.0,69.9,0.0
15627,unknown_pos_sale,1.0,20.286885,4.46,20.286885,4.46
15625,unknown_pos_sale,1.0,51.557377,11.34,51.557377,11.34
15619,unknown_pos_sale,1.0,51.557377,11.34,51.557377,11.34
15618,3314,3.0,49.5,0.0,24.75,0.0
15618,3592,2.0,30.0,0.0,15.0,0.0
15618,3361,1.0,11.9,0.0,5.95,0.0
15617,3313,3.0,59.7,0.0,29.85,0.0
15617,3314,3.0,49.5,0.0,24.75,0.0
15617,3361,3.0,35.7,0.0,17.85,0.0
15616,unknown_pos_sale,1.0,51.557377,11.34,51.557377,11.34
15616,unknown_pos_sale,1.0,20.286885,4.46,20.286885,4.46
15615,unknown_pos_sale,4.0,81.147541,17.85,81.147541,17.85
15615,unknown_pos_sale,2.0,81.803279,18.0,81.803279,18.0
15614,unknown_pos_sale,1.0,40.901639,9.0,40.901639,9.0
15613,3361,1.0,11.9,0.0,0.0,0.0
15612,3361,1.0,11.9,0.0,0.0,0.0
15611,3361,1.0,11.9,0.0,0.0,0.0
15609,3361,1.0,11.9,0.0,0.0,0.0
15608,3361,1.0,11.9,0.0,0.0,0.0
15607,3361,1.0,11.9,0.0,0.0,0.0
15606,3314,12.0,198.0,0.0,98.01,0.0
15605,unknown_pos_sale,1.0,20.286885,4.46,20.286885,4.46
15605,unknown_pos_sale,1.0,40.901639,9.0,40.901639,9.0
15604,3361,1.0,11.9,0.0,0.0,0.0
15603,3361,1.0,11.9,0.0,0.0,0.0
15602,3361,1.0,11.9,0.0,0.0,0.0
15601,3361,1.0,11.9,0.0,0.0,0.0
15600,3386,1.0,15.0,0.0,0.0,0.0
15599,unknown_pos_sale,2.0,40.57377,8.93,40.57377,8.93
15598,unknown_pos_sale,1.0,20.286885,4.46,20.286885,4.46
15597,unknown_pos_sale,1.0,20.286885,4.46,20.286885,4.46
15596,3865,3.0,63.0,0.0,63.0,0.0
15595,unknown_pos_sale,2.0,40.57377,8.93,40.57377,8.93
15595,unknown_pos_sale,1.0,40.901639,9.0,40.901639,9.0
15592,unknown_pos_sale,1.0,20.286885,4.46,20.286885,4.46
15591,3361,1.0,11.9,0.0,0.0,0.0
15590,3361,1.0,11.9,0.0,0.0,0.0
15589,3361,1.0,11.9,0.0,0.0,0.0
15588,3313,3.0,59.7,0.0,35.4,0.0
15588,3314,9.0,148.5,0.0,75.6,0.0
15586,unknown_pos_sale,2.0,40.57377,8.93,40.57377,8.93
15585,3361,1.0,11.9,0.0,0.0,0.0
15584,3361,1.0,11.9,0.0,0.0,0.0
15583,3361,1.0,11.9,0.0,0.0,0.0
15582,3361,1.0,11.9,0.0,0.0,0.0
15581,3361,1.0,11.9,0.0,0.0,0.0
15580,3386,1.0,15.0,0.0,0.0,0.0
15579,3361,1.0,11.9,0.0,0.0,0.0
15578,3361,1.0,11.9,0.0,0.0,0.0
15577,3361,1.0,11.9,0.0,0.0,0.0
15576,3361,1.0,11.9,0.0,0.0,0.0
15575,3361,1.0,11.9,0.0,0.0,0.0
15574,3361,1.0,11.9,0.0,0.0,0.0
15573,3361,1.0,11.9,0.0,0.0,0.0
15572,3361,1.0,11.9,0.0,0.0,0.0
15571,3361,1.0,11.9,0.0,0.0,0.0
15570,3361,1.0,11.9,0.0,0.0,0.0
15569,unknown_pos_sale,1.0,20.286885,4.46,20.286885,4.46
15568,3361,1.0,11.9,0.0,0.0,0.0
15567,3386,1.0,15.0,0.0,0.0,0.0
15566,3361,1.0,11.9,0.0,0.0,0.0
15565,3361,1.0,11.9,0.0,0.0,0.0
15564,3361,1.0,11.9,0.0,0.0,0.0
15563,3361,1.0,11.9,0.0,0.0,0.0
15562,3361,1.0,11.9,0.0,0.0,0.0
15561,3361,1.0,11.9,0.0,0.0,0.0
15560,unknown_pos_sale,1.0,40.901639,9.0,40.901639,9.0
15557,unknown_pos_sale,1.0,40.901639,9.0,40.901639,9.0
15556,3361,1.0,11.9,0.0,0.0,0.0
15555,3361,1.0,11.9,0.0,0.0,0.0
15554,3361,1.0,11.9,0.0,0.0,0.0
15553,3361,2.0,23.8,0.0,0.0,0.0
15552,3361,1.0,11.9,0.0,0.0,0.0
15551,3361,1.0,11.9,0.0,0.0,0.0
15550,3361,1.0,11.9,0.0,0.0,0.0
15549,3361,1.0,11.9,0.0,0.0,0.0
15548,3361,1.0,11.9,0.0,0.0,0.0
15547,3361,1.0,11.9,0.0,0.0,0.0
15546,3361,1.0,11.9,0.0,0.0,0.0
15545,3361,1.0,11.9,0.0,0.0,0.0
15544,3361,1.0,11.9,0.0,0.0,0.0
15543,3361,1.0,11.9,0.0,0.0,0.0
15542,unknown_pos_sale,1.0,40.901639,9.0,40.901639,9.0
15541,unknown_pos_sale,2.0,81.803279,18.0,81.803279,18.0
15540,unknown_pos_sale,2.0,40.57377,8.93,40.57377,8.93
15539,unknown_pos_sale,1.0,40.901639,9.0,40.901639,9.0
15539,unknown_pos_sale,1.0,51.557377,11.34,51.557377,11.34
15538,unknown_pos_sale,1.0,40.901639,9.0,40.901639,9.0
15537,unknown_pos_sale,2.0,40.57377,8.93,40.57377,8.93
15536,3386,1.0,15.0,0.0,0.0,0.0
15535,3361,1.0,11.9,0.0,0.0,0.0
15534,3361,1.0,11.9,0.0,0.0,0.0
15533,3361,1.0,11.9,0.0,0.0,0.0
15532,3361,1.0,11.9,0.0,0.0,0.0
15530,unknown_pos_sale,1.0,51.557377,11.34,51.557377,11.34
15529,unknown_pos_sale,1.0,40.901639,9.0,40.901639,9.0
15528,unknown_pos_sale,2.0,81.803279,18.0,81.803279,18.0
15527,unknown_pos_sale,1.0,20.286885,4.46,20.286885,4.46
15526,unknown_pos_sale,2.0,40.57377,8.93,40.57377,8.93
15526,unknown_pos_sale,1.0,40.901639,9.0,40.901639,9.0
15526,unknown_pos_sale,1.0,69.9,0.0,69.9,0.0
15525,unknown_pos_sale,1.0,51.557377,11.34,43.401639,9.55
15525,3313,1.0,19.9,0.0,9.95,0.0
15523,unknown_pos_sale,1.0,40.901639,9.0,40.901639,9.0
15522,unknown_pos_sale,2.0,40.57377,8.93,40.57377,8.93
