date,channel,campaign,spend,impressions,clicks,conversions,revenue
2026-06-03,Google Ads,Shopping - Catalog,207.67,4652,104,0,0.0
2026-03-09,Influencer,Micro-influencers Home&Deco,81.88,18453,809,7,419.83
2026-02-12,Google Ads,Search - Generic,294.22,18860,319,11,762.5
2026-01-10,meta ads ,Prospecting - Broad,249.22,8599,112,1,52.92
2026-04-21,Email,Flow - Abandoned Cart,0.0,11973,288,15,999.44
2026-02-21,Earned Media,Organic Social Mentions,0.0,8033,164,2,174.53
2025-09-16,Meta Ads,Prospecting - Broad,198.13,18061,556,8,580.88
2025-12-28,Email,Flow - Post Purchase,0.0,7614,285,24,1428.29
2026-06-17,Influencer,Micro-influencers Home&Deco,89.47,18317,740,4,202.61
2026-05-31,Google Ads,Shopping - Catalog,247.52,6272,73,3,194.02
2026-04-20,Meta Ads,Lookalike - Top Customers,185.44,4012,114,3,241.74
2026-08-15,Email,Newsletter Weekly,0.0,11983,331,10,408.31
2026-03-17,Earned Media,Organic Social Mentions,0.0,2199,94,0,0.0
2026-02-26,Earned Media,Press Mentions,0.0,9863,97,1,55.19
2026-08-10,Earned Media,Press Mentions,0.0,9103,210,2,65.64
2025-10-18,Google Ads,Shopping - Catalog,318.05,17336,449,11,601.21
2026-05-14,Earned Media,Press Mentions,0.0,8317,172,0,0.0
2025-10-31,Email,Newsletter Weekly,0.0,10982,291,12,497.45
2025-10-04,Meta Ads,Lookalike - Top Customers,172.8,18839,427,4,384.93
2025-09-12,Meta Ads,Lookalike - Top Customers,230.37,14797,415,6,429.78
2026-05-31,Meta Ads,Lookalike - Top Customers,270.62,16391,510,8,556.43
2025-10-07,Google Ads,Shopping - Catalog,134.52,15543,604,19,1329.86
2026-05-08,Google Ads,Shopping - Catalog,172.69,12061,140,5,407.04
2026-04-10,Meta Ads,Prospecting - Broad,183.18,19384,826,19,817.26
2026-01-12,Earned Media,Organic Social Mentions,0.0,5063,141,0,0.0
2026-03-23,Google Ads,Shopping - Catalog,169.07,12274,179,4,300.36
2026-07-11,Influencer,Micro-influencers Home&Deco,106.82,9865,165,2,116.88
2026-07-24,Google Ads,Search - Generic,213.97,11379,366,12,751.88
2026-01-29,Google Ads,Search - Brand,159.96,6326,278,10,467.79
2025-10-03,Email,Newsletter Weekly,0.0,6535,157,7,492.81
2026-08-06,Influencer,Macro Campaign Q4,83.94,5429,51,0,0.0
2026-08-12,Email,Flow - Abandoned Cart,0.0,6637,198,12,703.21
2026-03-15,Earned Media,Organic Social Mentions,0.0,2272,61,0,0.0
2025-10-02,Google Ads,Search - Generic,222.23,8190,129,1,72.18
2026-08-03,Email,Newsletter Weekly,0.0,4336,56,0,0.0
2026-08-05,Google Ads,Shopping - Catalog,130.27,2433,21,1,76.55
2025-09-25,Email,Newsletter Weekly,0.0,9126,145,6,266.81
2026-02-14,Email,Flow - Abandoned Cart,0.0,7005,92,9,433.86
2026-04-24,Meta Ads,Prospecting - Broad,183.76,8523,231,1,62.38
2026-01-15,Influencer,Macro Campaign Q4,124.48,17964,329,2,106.54
2025-11-23,Email,Flow - Abandoned Cart,0.0,11851,370,29,1452.04
2026-06-29,Earned Media,Organic Social Mentions,0.0,4945,147,4,282.87
2026-01-05,Influencer,Micro-influencers Home&Deco,102.11,18228,184,1,61.23
2026-04-24,Google Ads,Search - Brand,264.15,4849,206,10,581.06
2025-11-27,Email,Newsletter Weekly,0.0,8413,178,6,336.55
2026-08-06,Meta Ads,Prospecting - Broad,96.87,6609,275,8,310.98
2025-11-21,Email,Flow - Post Purchase,0.0,6513,282,15,1028.88
2026-07-11,Email,Flow - Post Purchase,0.0,5266,213,14,785.99
2026-02-17,Google Ads,Search - Generic,307.43,9379,282,11,660.33
2025-09-19,Earned Media,Press Mentions,0.0,10010,275,2,121.53
2026-08-27,Earned Media,Organic Social Mentions,0.0,1111,41,0,0.0
2026-04-12,Influencer,Macro Campaign Q4,114.97,18270,571,8,403.84
2026-08-24,Email,Newsletter Weekly,0.0,8671,383,14,778.83
2025-09-17,Meta Ads,Lookalike - Top Customers,245.61,17656,670,13,599.2
2026-02-28,Influencer,Macro Campaign Q4,89.91,5282,56,3,197.34
2026-02-06,Meta Ads,Prospecting - Broad,227.26,14248,277,4,303.38
2025-12-08,Influencer,Macro Campaign Q4,196.73,6913,191,1,41.37
2026-06-22,Email,Flow - Abandoned Cart,0.0,11189,190,13,1204.51
2025-11-30,Meta Ads,Prospecting - Broad,374.52,27547,439,5,277.13
2026-03-05,Meta Ads,Retargeting - Cart Abandoners,186.15,16583,154,12,342.76
2026-05-26,Google Ads,Shopping - Catalog,174.6,15200,202,4,156.72
2026-07-18,Email,Newsletter Weekly,0.0,10143,111,2,116.02
2026-01-08,Google Ads,Shopping - Catalog,236.98,7674,84,2,62.0
2025-09-15,Google Ads,Shopping - Catalog,227.37,17840,626,21,1151.48
2026-06-11,Google Ads,Shopping - Catalog,286.84,10559,448,12,623.11
2026-08-09,Earned Media,Organic Social Mentions,0.0,8962,302,5,98.1
2026-01-20,Earned Media,Organic Social Mentions,0.0,11795,382,2,156.84
2026-06-17,Meta Ads,Retargeting - Cart Abandoners,190.85,19627,754,36,654.65
2025-12-20,Email,Flow - Post Purchase,0.0,9994,436,36,2112.86
2026-08-09,Influencer,Micro-influencers Home&Deco,78.5,12835,212,2,85.59
2026-02-12,Influencer,Micro-influencers Home&Deco,72.28,15981,534,5,325.25
2026-05-25,Google Ads,Search - Generic,188.32,8677,339,11,777.17
2026-04-15,Meta Ads,Lookalike - Top Customers,170.68,10277,402,9,487.49
2026-08-21,Influencer,Micro-influencers Home&Deco,100.96,12998,188,4,313.77
2026-07-08,Google Ads,Search - Generic,195.44,3452,95,2,122.06
2025-11-27,Google Ads,Search - Brand,305.06,18180,530,23,
2026-06-07,Google Ads,Search - Generic,352.46,3745,62,1,80.12
2026-03-05,Earned Media,Organic Social Mentions,0.0,2174,58,0,
2026-02-14,Meta Ads,Prospecting - Broad,261.47,13258,296,5,206.28
2026-07-18,Influencer,Macro Campaign Q4,98.13,14636,306,3,231.54
2026-07-25,Google Ads,Shopping - Catalog,238.11,11504,351,10,637.52
2026-08-02,Google Ads,Search - Brand,190.5,13630,547,28,1436.86
2026-04-12,Google Ads,Search - Generic,298.48,10570,108,4,248.73
2025-11-02,Email,Flow - Post Purchase,0.0,7313,317,26,1018.77
2025-12-31,Email,Flow - Abandoned Cart,0.0,5973,147,6,255.68
2025-11-06,Influencer,Macro Campaign Q4,162.7,25249,960,17,1180.41
2026-03-06,Meta Ads,Lookalike - Top Customers,283.15,11841,270,5,243.75
2026-06-25,Earned Media,Organic Social Mentions,0.0,1628,46,0,0.0
2026-04-15,Earned Media,Organic Social Mentions,0.0,10590,162,2,137.0
2026-05-06,Google Ads,Shopping - Catalog,171.46,14452,594,10,616.49
2026-08-15,Google Ads,Shopping - Catalog,122.66,8436,366,10,611.28
2025-10-22,Google Ads,Search - Generic,220.97,5449,169,3,129.35
2026-06-25,Email,Flow - Abandoned Cart,0.0,10124,387,26,908.88
2026-08-17,Meta Ads,Prospecting - Broad,92.46,9711,164,1,78.26
2025-09-13,Google Ads,Shopping - Catalog,308.77,10705,293,8,475.92
2026-03-13,Email,Flow - Abandoned Cart,0.0,4510,91,5,303.59
2025-12-14,Meta Ads,Prospecting - Broad,348.62,24239,1034,25,1310.04
2026-05-19,Earned Media,Organic Social Mentions,0.0,10920,100,0,0.0
2026-06-19,Influencer,Micro-influencers Home&Deco,85.67,14362,279,1,50.8
2025-09-29,Email,Flow - Post Purchase,0.0,6093,104,12,554.83
2026-08-30,Google Ads,Search - Brand,185.5,5791,250,8,445.12
2025-11-26,Meta Ads,Retargeting - Cart Abandoners,176.71,30921,298,9,645.24
2026-02-01,Meta Ads,Lookalike - Top Customers,213.05,15781,208,3,190.08
2026-05-01,Google Ads,Search - Generic,301.86,8582,225,10,458.87
2026-06-19,Google Ads,Search - Brand,343.52,6279,260,8,339.7
2026-07-11,Earned Media,Organic Social Mentions,0.0,8799,89,1,44.45
2026-01-21,meta ads ,Retargeting - Cart Abandoners,224.79,17602,786,33,1492.88
2026-05-23,Email,Flow - Abandoned Cart,0.0,9370,235,23,1177.38
2026-02-23,Email,Newsletter Weekly,0.0,6193,75,1,47.73
2025-09-24,Email,Newsletter Weekly,0.0,8286,95,3,135.33
2025-12-20,Influencer,Macro Campaign Q4,198.35,13278,256,5,330.35
2025-09-22,meta ads ,Lookalike - Top Customers,189.65,15553,629,10,639.07
2026-08-31,Email,Newsletter Weekly,0.0,4962,152,6,
2025-10-05,Email,Flow - Abandoned Cart,0.0,9166,289,21,1091.53
2026-06-20,Earned Media,Organic Social Mentions,0.0,1662,28,0,0.0
2025-10-29,Email,Newsletter Weekly,0.0,7419,150,5,263.94
2025-12-20,Google Ads,Shopping - Catalog,444.14,25958,688,18,1071.55
2026-06-24,Influencer,Micro-influencers Home&Deco,88.76,5305,117,0,0.0
2026-05-05,Email,Newsletter Weekly,0.0,9289,316,8,527.54
2026-01-22,Meta Ads,Prospecting - Broad,129.43,12492,523,8,439.26
2026-03-10,Meta Ads,Prospecting - Broad,132.7,12602,428,5,218.9
2026-08-14,Earned Media,Organic Social Mentions,0.0,4129,44,0,0.0
2026-05-17,Meta Ads,Lookalike - Top Customers,280.43,7521,123,5,189.19
2026-02-07,Email,Flow - Post Purchase,0.0,6770,204,23,1516.45
2025-12-25,Google Ads,Search - Brand,467.02,7641,264,15,461.06
2025-11-17,Earned Media,Press Mentions,0.0,7725,272,0,0.0
2026-07-14,Earned Media,Press Mentions,0.0,2312,64,0,0.0
2026-06-26,Earned Media,Press Mentions,0.0,5112,225,1,81.23
2025-11-04,Email,Flow - Post Purchase,0.0,6089,205,17,1142.35
2025-10-22,Influencer,Micro-influencers Home&Deco,114.35,9143,364,4,202.53
2025-11-13,Earned Media,Organic Social Mentions,0.0,3385,112,2,127.01
2026-03-15,Meta Ads,Retargeting - Cart Abandoners,241.6,6841,220,6,355.61
2025-09-01,Google Ads,Search - Generic,239.69,5371,101,2,157.04
2026-06-01,Google Ads,Search - Generic,245.86,17783,652,20,1439.01
2026-08-19,Google Ads,Shopping - Catalog,137.31,7128,149,5,257.6
2026-08-20,Email,Newsletter Weekly,0.0,11507,510,25,1699.48
2026-03-06,Google Ads,Search - Generic,330.31,9309,100,6,515.98
2026-05-14,Email,Newsletter Weekly,0.0,6955,164,6,459.09
2026-04-15,Email,Flow - Abandoned Cart,0.0,10473,401,35,1620.26
2026-07-08,Earned Media,Organic Social Mentions,0.0,10249,116,2,141.15
2026-02-19,Earned Media,Press Mentions,0.0,11055,133,0,0.0
2026-06-03,Meta Ads,Prospecting - Broad,167.32,5895,51,0,0.0
2025-11-22,Earned Media,Organic Social Mentions,0.0,22570,966,4,252.73
2026-01-07,Earned Media,Press Mentions,0.0,6449,126,0,0.0
2025-11-21,Meta Ads,Retargeting - Cart Abandoners,248.16,9919,146,3,222.29
2025-11-02,Meta Ads,Retargeting - Cart Abandoners,418.22,6981,179,8,630.78
2026-03-06,Google Ads,Shopping - Catalog,286.66,12290,191,7,302.67
2026-05-24,Meta Ads,Lookalike - Top Customers,200.55,17187,556,5,232.82
2026-03-14,Google Ads,Shopping - Catalog,268.43,17134,256,9,633.6
2026-03-24,Email,Flow - Abandoned Cart,0.0,5125,70,6,449.43
2026-02-06,Meta Ads,Retargeting - Cart Abandoners,133.83,18794,305,26,1094.63
2026-05-20,Google Ads,Search - Brand,163.5,14282,637,23,1446.47
2025-10-08,Earned Media,Press Mentions,0.0,10982,358,5,216.12
2026-05-28,Meta Ads,Lookalike - Top Customers,161.82,5360,217,5,312.01
2026-06-05,Influencer,Macro Campaign Q4,127.69,15533,642,6,333.29
2026-03-31,Influencer,Micro-influencers Home&Deco,98.27,16980,479,4,110.5
2026-06-05,Email,Flow - Post Purchase,0.0,5032,83,7,303.76
2025-12-08,Meta Ads,Lookalike - Top Customers,292.68,31326,1369,21,1063.84
2026-02-17,Earned Media,Organic Social Mentions,0.0,11314,180,1,43.89
2025-09-26,Google Ads,Search - Brand,314.03,19312,503,19,580.6
2026-06-19,Meta Ads,Lookalike - Top Customers,228.81,12808,302,6,479.85
2026-07-19,Earned Media,Press Mentions,0.0,3405,120,0,0.0
2025-12-10,Influencer,Macro Campaign Q4,191.41,14200,440,2,128.37
2026-01-12,Meta Ads,Prospecting - Broad,155.44,12126,505,12,684.82
2026-06-23,Google Ads,Search - Brand,151.64,10075,375,18,1468.64
2026-07-05,Google Ads,Search - Generic,146.22,3404,115,4,291.1
2026-08-30,Earned Media,Press Mentions,0.0,5983,247,2,109.93
2026-08-29,Meta Ads,Retargeting - Cart Abandoners,155.55,8513,249,8,384.23
2025-10-25,Influencer,Macro Campaign Q4,123.28,3551,114,1,33.58
2026-02-18,Email,Flow - Abandoned Cart,0.0,5800,148,8,314.23
2026-04-14,Google Ads,Shopping - Catalog,211.76,17856,519,19,975.84
2025-10-02,Earned Media,Organic Social Mentions,0.0,10851,303,0,0.0
2026-02-26,Email,Flow - Abandoned Cart,0.0,6729,218,17,764.18
2026-05-04,Meta Ads,Prospecting - Broad,117.9,9154,390,10,757.17
2026-03-31,Earned Media,Organic Social Mentions,0.0,2919,81,0,0.0
2026-05-27,Google Ads,Search - Brand,197.59,15466,355,19,891.4
2025-09-15,Earned Media,Organic Social Mentions,0.0,1914,37,0,0.0
2026-07-07,Google Ads,Shopping - Catalog,124.22,10314,293,9,646.02
2026-03-03,Meta Ads,Prospecting - Broad,131.85,6469,217,7,233.52
2026-02-04,Email,Newsletter Weekly,0.0,11731,343,16,849.05
2026-06-21,Email,Flow - Abandoned Cart,0.0,8923,94,12,745.06
2026-06-16,Influencer,Macro Campaign Q4,79.55,12853,451,2,131.35
2026-03-24,Google Ads,Search - Brand,152.06,14167,260,7,514.4
2025-10-14,Meta Ads,Lookalike - Top Customers,187.59,9741,125,4,202.54
2026-07-11,Influencer,Macro Campaign Q4,51.69,10800,344,3,176.67
2025-11-24,Google Ads,Search - Generic,339.44,18890,156,4,206.6
2026-06-04,Email,Newsletter Weekly,0.0,9155,390,9,721.85
2026-05-02,Meta Ads,Lookalike - Top Customers,265.95,18207,582,12,953.9
2026-04-03,Earned Media,Organic Social Mentions,0.0,9056,113,1,46.15
2025-11-21,Influencer,Micro-influencers Home&Deco,176.17,9328,320,2,115.05
2025-10-19,Meta Ads,Retargeting - Cart Abandoners,209.98,5385,176,8,533.9
2026-01-29,Earned Media,Press Mentions,0.0,10479,268,5,220.91
2025-10-29,Email,Flow - Abandoned Cart,0.0,9512,365,30,1923.67
2026-04-30,Google Ads,Search - Brand,277.53,4293,89,6,236.13
2025-12-18,Meta Ads,Lookalike - Top Customers,221.84,22990,645,15,1005.27
2025-12-03,Email,Flow - Abandoned Cart,0.0,10171,425,24,1523.93
2026-02-15,Google Ads,Search - Brand,323.55,10039,174,12,918.45
2026-05-29,Google Ads,Shopping - Catalog,320.07,11333,193,5,273.23
2026-08-11,Earned Media,Organic Social Mentions,0.0,2279,44,0,0.0
2026-02-04,Email,Flow - Post Purchase,0.0,10842,322,32,801.19
2026-04-28,Google Ads,Shopping - Catalog,218.31,17833,503,14,850.15
2025-09-07,Google Ads,Shopping - Catalog,168.7,16211,464,12,924.5
2025-11-29,Influencer,Macro Campaign Q4,197.46,25388,773,6,
2025-09-11,Meta Ads,Retargeting - Cart Abandoners,117.13,19829,395,20,1052.32
2026-04-15,Influencer,Micro-influencers Home&Deco,82.46,19713,336,3,209.7
2026-04-01,Google Ads,Shopping - Catalog,185.24,5240,116,2,131.54
2025-11-01,Email,Newsletter Weekly,0.0,11066,258,8,275.02
2026-01-11,Influencer,Macro Campaign Q4,109.34,19075,465,6,411.38
2026-01-25,Email,Flow - Abandoned Cart,0.0,11109,187,13,765.29
2026-06-15,Earned Media,Press Mentions,0.0,12795,554,4,244.11
2026-06-15,Earned Media,Organic Social Mentions,0.0,14923,546,4,238.53
2026-08-20,Meta Ads,Retargeting - Cart Abandoners,144.82,9059,355,17,873.94
2025-11-10,Google Ads,Shopping - Catalog,218.34,23569,464,8,340.0
2026-01-14,Meta Ads,Lookalike - Top Customers,135.94,7842,209,4,299.57
2025-09-07,Meta Ads,Prospecting - Broad,248.79,16456,612,7,337.48
2026-07-28,Earned Media,Press Mentions,0.0,10954,439,3,129.73
2025-09-08,Google Ads,Search - Generic,305.76,5557,166,4,205.73
2025-10-16,Google Ads,Search - Brand,299.46,17254,652,38,2105.56
2026-05-02,Email,Flow - Post Purchase,0.0,10332,420,43,2721.69
2026-05-16,Influencer,Macro Campaign Q4,63.19,9025,320,1,65.27
2025-11-19,Google Ads,Shopping - Catalog,410.47,7689,282,10,522.58
2026-06-01,Email,Newsletter Weekly,0.0,10261,143,10,423.84
2026-05-16,Influencer,Micro-influencers Home&Deco,129.68,15042,581,5,345.89
2026-06-28,Google Ads,Search - Generic,302.34,4859,111,5,375.38
2026-02-03,Google Ads,Search - Generic,140.42,9933,338,7,310.84
2026-02-16,Google Ads,Shopping - Catalog,179.44,4702,98,2,102.67
2026-07-15,Google Ads,Search - Brand,141.22,5350,110,7,256.9
2025-09-26,Meta Ads,Prospecting - Broad,245.69,16078,135,2,107.13
2025-12-06,Google Ads,Search - Generic,502.99,20083,711,22,1621.22
2025-12-27,Google Ads,Shopping - Catalog,550.83,5403,103,5,210.41
2026-03-01,Email,Flow - Abandoned Cart,0.0,4807,146,13,924.11
2026-01-10,Earned Media,Press Mentions,0.0,9642,221,0,0.0
2026-06-06,Email,Flow - Abandoned Cart,0.0,5649,252,23,860.02
2025-10-27,Influencer,Micro-influencers Home&Deco,103.54,5046,215,1,72.99
2026-08-27,Meta Ads,Prospecting - Broad,175.0,12100,410,5,373.42
2026-06-21,Influencer,Micro-influencers Home&Deco,67.46,4924,148,1,29.96
2026-05-01,Influencer,Micro-influencers Home&Deco,104.9,18386,684,12,907.16
2025-12-18,Earned Media,Press Mentions,0.0,17368,746,4,277.34
2026-01-16,Influencer,Micro-influencers Home&Deco,64.9,13083,195,2,103.92
2026-07-30,Email,Flow - Abandoned Cart,0.0,6273,64,4,127.72
2026-01-13,Google Ads,Search - Brand,219.13,17391,464,26,1339.12
2026-03-26,Email,Flow - Post Purchase,0.0,9198,102,6,527.37
2026-04-25,Earned Media,Press Mentions,0.0,6039,51,0,
2025-09-15,Email,Newsletter Weekly,0.0,9538,375,11,402.91
2026-07-17,Google Ads,Shopping - Catalog,235.52,5228,132,6,233.76
2026-06-29,Meta Ads,Prospecting - Broad,120.52,10984,393,6,454.2
2025-12-20,Earned Media,Press Mentions,0.0,16789,391,3,110.64
2025-10-03,Influencer,Macro Campaign Q4,104.02,13779,146,1,51.85
2026-08-22,Influencer,Micro-influencers Home&Deco,85.74,4436,160,1,41.61
2026-02-06,Email,Newsletter Weekly,0.0,9346,330,11,648.52
2025-10-28,Google Ads,Search - Brand,137.04,12915,108,7,
2026-01-12,Meta Ads,Retargeting - Cart Abandoners,126.36,4581,136,6,388.35
2026-02-16,Email,Newsletter Weekly,0.0,10518,223,8,491.69
2026-08-21,Earned Media,Organic Social Mentions,0.0,3060,122,0,0.0
2025-10-04,Google Ads,Search - Generic,293.94,19877,255,5,365.33
2026-02-23,Meta Ads,Retargeting - Cart Abandoners,230.05,15901,301,12,692.4
2026-08-03,Email,Flow - Abandoned Cart,0.0,6960,262,19,1197.01
2026-05-24,Google Ads,Search - Generic,327.95,10134,326,9,468.07
2025-12-16,Email,Newsletter Weekly,0.0,11806,219,7,395.32
2025-11-26,Email,Newsletter Weekly,0.0,9014,156,7,126.0
2026-01-17,Email,Flow - Abandoned Cart,0.0,7188,62,7,402.98
2025-10-03,Earned Media,Press Mentions,0.0,2960,53,2,54.18
2026-05-05,Influencer,Micro-influencers Home&Deco,74.99,19470,385,2,123.26
2025-10-23,Earned Media,Press Mentions,0.0,1488,42,0,0.0
2025-11-19,Email,Flow - Post Purchase,0.0,8363,108,10,467.31
2025-09-30,Influencer,Macro Campaign Q4,86.49,19744,721,4,260.64
2026-01-27,Email,Newsletter Weekly,0.0,11404,440,11,611.44
2026-07-13,Google Ads,Shopping - Catalog,228.12,14968,548,14,374.21
2026-08-19,Meta Ads,Prospecting - Broad,125.71,6506,186,2,153.4
2026-05-10,Meta Ads,Prospecting - Broad,134.48,4527,175,1,27.29
2025-10-24,Earned Media,Press Mentions,0.0,14553,356,2,110.77
2026-06-23,Meta Ads,Retargeting - Cart Abandoners,168.93,7289,323,11,696.39
2026-01-23,Google Ads,Search - Generic,217.61,11008,421,8,449.22
2025-10-10,Email,Newsletter Weekly,0.0,8979,331,12,595.57
2026-02-06,Email,Flow - Abandoned Cart,0.0,8554,287,24,1434.44
2026-08-21,Influencer,Macro Campaign Q4,73.95,11477,437,5,343.83
2025-10-17,Earned Media,Press Mentions,0.0,8572,289,2,155.56
2025-10-05,Google Ads,Search - Generic,313.39,16981,674,25,813.24
2026-03-31,Google Ads,Search - Brand,199.08,16219,425,27,1099.21
2026-01-11,Earned Media,Press Mentions,0.0,8015,267,3,172.27
2026-04-22,Google Ads,Shopping - Catalog,191.47,19968,769,27,1496.45
2026-05-04,Email,Newsletter Weekly,0.0,10363,321,10,475.41
2026-07-11,Meta Ads,Lookalike - Top Customers,99.24,12929,337,8,484.4
2026-03-29,Earned Media,Press Mentions,0.0,13277,208,1,42.54
2026-07-18,Meta Ads,Prospecting - Broad,191.18,7666,137,4,320.47
2025-10-14,Google Ads,Search - Brand,159.68,8266,154,11,801.23
2026-01-31,Google Ads,Search - Brand,234.68,19202,768,43,2607.47
2026-07-12,Google Ads,Search - Brand,214.16,2414,35,1,65.93
2025-10-16,Earned Media,Press Mentions,0.0,10299,418,4,193.12
2025-10-02,Influencer,Micro-influencers Home&Deco,57.03,15578,653,6,311.44
2026-07-03,Meta Ads,Retargeting - Cart Abandoners,161.58,14491,411,21,1030.34
2025-10-14,Influencer,Macro Campaign Q4,108.07,4723,86,0,0.0
2026-06-09,Email,Flow - Abandoned Cart,0.0,7656,63,5,392.0
2026-04-30,Email,Flow - Post Purchase,0.0,5261,164,18,1271.0
2026-03-08,Email,Flow - Abandoned Cart,0.0,6880,162,9,427.35
2026-08-07,Meta Ads,Retargeting - Cart Abandoners,96.97,9719,291,17,919.57
2026-06-12,Influencer,Micro-influencers Home&Deco,82.33,18172,502,6,307.25
2026-06-25,Meta Ads,Retargeting - Cart Abandoners,117.86,13123,455,27,1432.88
2026-08-29,Email,Flow - Abandoned Cart,0.0,4348,180,14,659.05
2026-06-14,Meta Ads,Prospecting - Broad,251.33,14320,378,6,108.0
2026-01-22,Influencer,Micro-influencers Home&Deco,90.89,14436,322,2,103.15
2026-08-05,Meta Ads,Retargeting - Cart Abandoners,139.67,8774,88,4,213.14
2026-01-17,Email,Flow - Post Purchase,0.0,4351,140,14,806.47
2026-02-14,Email,Flow - Post Purchase,0.0,9486,82,5,298.34
2025-11-09,Email,Flow - Post Purchase,0.0,7308,69,4,237.47
2025-12-22,Google Ads,Search - Brand,272.96,16465,529,30,2667.86
2026-03-12,Email,Newsletter Weekly,0.0,5581,143,8,669.09
2026-02-25,Google Ads,Shopping - Catalog,149.56,16206,352,5,380.0
2026-06-27,Email,Flow - Abandoned Cart,0.0,9874,275,19,1689.39
2026-01-11,Meta Ads,Lookalike - Top Customers,233.41,9830,409,8,393.65
2026-02-18,Meta Ads,Retargeting - Cart Abandoners,124.1,12609,216,8,474.35
2026-06-18,Meta Ads,Prospecting - Broad,154.05,8813,363,8,472.69
2026-01-23,Earned Media,Press Mentions,0.0,14788,598,6,446.37
2026-01-11,Google Ads,Search - Generic,209.61,7605,301,4,221.47
2026-06-10,Meta Ads,Lookalike - Top Customers,230.76,7795,317,5,180.0
2025-12-02,Meta Ads,Prospecting - Broad,287.58,13763,334,9,613.86
2026-02-24,Email,Newsletter Weekly,0.0,10445,146,4,166.59
2025-12-09,Influencer,Macro Campaign Q4,97.17,16417,209,5,366.01
2025-12-10,Google Ads,Shopping - Catalog,327.6,19667,474,16,960.47
2026-04-25,Influencer,Micro-influencers Home&Deco,142.44,8859,185,2,132.8
2026-02-12,Meta Ads,Prospecting - Broad,232.23,9676,78,1,76.11
2025-12-27,Google Ads,Search - Brand,463.56,6528,147,12,392.97
2026-03-08,Google Ads,Search - Brand,266.27,13834,489,20,1050.69
2025-09-04,Earned Media,Organic Social Mentions,0.0,10099,343,3,335.81
2026-05-01,Earned Media,Organic Social Mentions,0.0,9873,235,3,217.86
2025-11-18,Meta Ads,Retargeting - Cart Abandoners,399.36,11371,377,18,663.01
2026-07-10,Google Ads,Shopping - Catalog,196.4,10858,312,8,528.3
2025-09-29,Email,Newsletter Weekly,0.0,9836,357,9,396.2
2025-10-30,Google Ads,Search - Brand,134.41,4387,77,1,43.01
2026-03-16,Email,Newsletter Weekly,0.0,5947,59,4,202.98
2026-06-18,Google Ads,Search - Generic,275.04,12853,214,9,626.68
2025-11-08,Meta Ads,Prospecting - Broad,314.05,29842,619,6,316.87
2025-10-07,Email,Newsletter Weekly,0.0,10027,365,14,926.56
2026-04-21,Google Ads,Search - Generic,199.21,16767,496,13,1001.41
2026-02-13,Meta Ads,Prospecting - Broad,174.77,18734,410,9,412.09
2026-07-11,Google Ads,Search - Brand,161.35,7320,248,17,832.27
2026-03-19,Meta Ads,Prospecting - Broad,120.47,13071,471,6,471.62
2026-08-18,Earned Media,Press Mentions,0.0,5567,78,0,0.0
2026-02-03,Email,Flow - Abandoned Cart,0.0,4046,77,8,396.76
2025-09-09,Earned Media,Press Mentions,0.0,6164,154,1,25.77
2025-11-23,Email,Newsletter Weekly,0.0,10527,231,4,215.25
2025-10-21,Earned Media,Organic Social Mentions,0.0,14623,527,7,239.18
2026-07-13,Meta Ads,Lookalike - Top Customers,109.15,2866,82,2,112.13
2025-12-05,Meta Ads,Prospecting - Broad,280.42,28451,1031,16,941.7
2025-10-21,Google Ads,Search - Brand,202.73,5612,163,6,605.2
2026-04-23,Google Ads,Search - Generic,281.85,19021,854,21,796.69
2026-06-16,Meta Ads,Prospecting - Broad,160.0,12278,395,8,410.0
2026-07-28,Meta Ads,Prospecting - Broad,92.08,5626,72,1,68.83
2025-09-18,Influencer,Macro Campaign Q4,116.23,11044,483,4,312.85
2025-10-05,Meta Ads,Lookalike - Top Customers,244.95,14088,553,11,921.39
2025-10-10,Google Ads,Search - Generic,345.66,19026,704,31,1780.13
2026-01-14,Email,Flow - Post Purchase,0.0,9495,179,15,270.0
2026-08-11,Google Ads,Search - Brand,230.26,5253,88,5,228.22
2025-11-08,Email,Newsletter Weekly,0.0,10928,91,4,247.53
2026-02-24,Email,Flow - Post Purchase,0.0,11185,330,25,1655.72
2025-10-23,Meta Ads,Lookalike - Top Customers,161.93,16561,357,3,223.55
2025-10-05,Earned Media,Press Mentions,0.0,1433,32,0,0.0
2025-11-07,Meta Ads,Lookalike - Top Customers,418.29,27364,937,12,1081.52
2025-11-06,Meta Ads,Lookalike - Top Customers,344.5,11116,255,3,199.05
2026-03-05,Meta Ads,Prospecting - Broad,205.93,18253,237,3,241.16
2026-04-02,Google Ads,Search - Generic,267.85,11783,360,12,943.09
2025-12-17,Email,Flow - Post Purchase,0.0,6946,151,11,583.98
2026-07-29,Meta Ads,Prospecting - Broad,141.29,11352,103,1,39.83
2025-10-28,Meta Ads,Retargeting - Cart Abandoners,248.36,5302,87,6,336.29
2026-03-19,Email,Flow - Post Purchase,0.0,4986,188,7,338.6
2026-07-24,Earned Media,Press Mentions,0.0,6554,235,0,0.0
2026-02-05,Earned Media,Organic Social Mentions,0.0,3773,33,0,0.0
2026-02-28,Google Ads,Shopping - Catalog,263.39,13291,453,14,742.64
2026-03-26,Meta Ads,Lookalike - Top Customers,237.35,8175,216,3,154.7
2026-07-07,Influencer,Macro Campaign Q4,82.27,10849,204,2,60.18
2026-01-24,Influencer,Macro Campaign Q4,130.65,9508,283,4,210.72
2026-05-30,Meta Ads,Retargeting - Cart Abandoners,237.59,11763,296,11,576.22
2026-04-22,Google Ads,Search - Generic,140.17,5695,129,2,112.27
2025-10-09,Email,Newsletter Weekly,0.0,6942,70,1,33.59
2025-10-20,Email,Flow - Abandoned Cart,0.0,10915,324,27,2234.6
2025-10-14,Email,Flow - Post Purchase,0.0,6659,67,5,170.48
2025-09-15,Google Ads,Search - Generic,235.88,9136,104,5,197.65
2026-07-20,Influencer,Macro Campaign Q4,85.87,12760,443,8,363.3
2026-01-06,Earned Media,Press Mentions,0.0,10087,211,3,190.44
2025-12-22,Meta Ads,Retargeting - Cart Abandoners,179.9,28714,243,15,1113.52
2026-03-31,Meta Ads,Prospecting - Broad,147.13,16054,635,14,770.46
2026-07-12,Influencer,Macro Campaign Q4,67.16,4484,163,1,89.14
2026-06-11,Influencer,Micro-influencers Home&Deco,114.93,10732,393,3,141.7
2025-12-05,Influencer,Micro-influencers Home&Deco,122.99,11310,265,2,93.17
2026-02-03,Earned Media,Press Mentions,0.0,5772,133,0,0.0
2026-05-15,Google Ads,Search - Brand,267.22,12662,421,15,943.06
2026-03-26,Email,Newsletter Weekly,0.0,5961,217,2,135.83
2026-06-23,Influencer,Macro Campaign Q4,120.15,12798,436,5,163.49
2026-06-12,Meta Ads,Prospecting - Broad,177.18,11049,496,8,568.83
2026-03-26,Email,Flow - Abandoned Cart,0.0,4035,107,10,688.59
2026-04-19,Google Ads,Search - Generic,217.59,6957,123,2,106.94
2025-09-20,Email,Flow - Post Purchase,0.0,11272,165,11,698.95
2026-03-02,Google Ads,Search - Generic,145.26,3534,119,3,258.93
2025-09-25,Google Ads,Search - Brand,192.91,19585,621,38,1726.02
2025-11-08,Email,Flow - Post Purchase,0.0,10860,126,12,457.25
2026-05-17,Influencer,Micro-influencers Home&Deco,121.33,17633,147,4,212.72
2025-11-26,Email,Flow - Abandoned Cart,0.0,5059,142,12,717.61
2026-06-16,Google Ads,Shopping - Catalog,152.32,15659,282,9,559.01
2026-01-28,Meta Ads,Lookalike - Top Customers,233.64,15105,444,4,143.44
2026-08-22,Influencer,Macro Campaign Q4,95.97,7377,240,6,433.53
2025-12-08,Earned Media,Organic Social Mentions,0.0,9220,365,2,101.26
2026-01-12,Influencer,Macro Campaign Q4,57.22,8039,147,0,0.0
2026-01-16,Meta Ads,Retargeting - Cart Abandoners,206.22,10270,445,15,1232.4
2026-08-01,Google Ads,Shopping - Catalog,201.46,3349,71,2,130.4
2025-10-06,Google Ads,Search - Generic,302.09,12481,260,8,367.12
2026-07-20,Influencer,Micro-influencers Home&Deco,62.96,13575,350,6,174.63
2026-07-21,Email,Flow - Post Purchase,0.0,4183,55,4,202.37
2025-09-28,Influencer,Micro-influencers Home&Deco,103.36,4309,43,0,0.0
2026-03-22,Influencer,Micro-influencers Home&Deco,110.58,8917,288,0,0.0
2026-08-03,Meta Ads,Retargeting - Cart Abandoners,149.88,8332,354,12,728.58
2025-11-11,Earned Media,Press Mentions,0.0,17980,655,8,255.63
2026-07-26,Meta Ads,Lookalike - Top Customers,199.3,11587,126,1,48.03
2026-04-28,Earned Media,Press Mentions,0.0,10120,274,5,289.04
2025-10-24,Influencer,Macro Campaign Q4,67.22,4570,64,1,55.33
2026-01-16,Earned Media,Organic Social Mentions,0.0,12574,150,1,76.89
2026-04-22,Email,Flow - Abandoned Cart,0.0,7015,187,15,813.93
2026-07-10,Email,Flow - Abandoned Cart,0.0,7048,251,16,755.49
2025-11-14,Earned Media,Organic Social Mentions,0.0,10049,378,2,110.39
2026-06-08,Meta Ads,Retargeting - Cart Abandoners,118.89,7868,88,6,322.38
2026-06-13,Earned Media,Press Mentions,0.0,3907,109,0,0.0
2025-09-30,Meta Ads,Retargeting - Cart Abandoners,202.2,6367,184,7,413.84
2026-08-07,Email,Flow - Post Purchase,0.0,8067,239,16,1123.26
2026-03-16,Google Ads,Shopping - Catalog,293.99,17946,446,12,447.7
2025-10-20,Meta Ads,Retargeting - Cart Abandoners,237.3,18098,362,20,1028.64
2026-04-28,Email,Flow - Post Purchase,0.0,10001,313,23,1437.76
2026-07-20,Google Ads,Shopping - Catalog,199.67,13076,388,8,435.8
2026-06-06,Google Ads,Search - Generic,160.6,10291,372,16,918.81
2026-07-19,Earned Media,Organic Social Mentions,0.0,9814,210,1,75.77
2026-01-01,Google Ads,Shopping - Catalog,161.95,8373,198,4,240.03
2026-03-16,Earned Media,Press Mentions,0.0,9430,233,1,55.76
2026-06-10,Meta Ads,Retargeting - Cart Abandoners,156.43,16139,556,24,1318.19
2025-11-22,Earned Media,Press Mentions,0.0,11235,271,1,68.73
2026-03-01,Meta Ads,Lookalike - Top Customers,194.63,13269,132,4,230.83
2026-07-20,Earned Media,Organic Social Mentions,0.0,8635,296,1,51.35
2026-01-27,Meta Ads,Retargeting - Cart Abandoners,109.69,12994,345,19,1062.8
2026-02-06,Influencer,Micro-influencers Home&Deco,116.79,13448,530,6,415.08
2026-01-08,Email,Flow - Abandoned Cart,0.0,9099,259,12,539.06
2026-08-28,Email,Flow - Post Purchase,0.0,11414,167,18,1013.9
2026-03-12,Google Ads,Shopping - Catalog,212.89,6171,194,5,298.89
2025-12-12,Email,Flow - Post Purchase,0.0,7855,83,5,317.33
2025-11-12,Google Ads,Search - Generic,301.89,20025,795,24,1589.79
2026-06-01,Earned Media,Organic Social Mentions,0.0,8590,164,1,31.47
2026-04-17,Email,Newsletter Weekly,0.0,9141,84,8,496.99
2026-04-15,Influencer,Macro Campaign Q4,75.68,4863,127,1,70.94
2026-01-09,Email,Newsletter Weekly,0.0,7177,209,12,920.51
2026-06-29,Google Ads,Shopping - Catalog,141.32,16297,501,12,848.61
2026-01-09,Influencer,Micro-influencers Home&Deco,94.62,11574,291,2,130.76
2025-09-28,Google Ads,Shopping - Catalog,331.17,13081,294,7,256.49
2026-07-30,Influencer,Micro-influencers Home&Deco,50.81,7411,206,4,297.25
2026-07-28,Meta Ads,Retargeting - Cart Abandoners,184.09,10993,464,23,903.09
2026-04-11,Email,Flow - Abandoned Cart,0.0,10747,460,39,2654.75
2025-10-03,Google Ads,Search - Brand,158.82,12907,578,35,1711.83
2026-01-05,Email,Newsletter Weekly,0.0,8449,196,11,750.94
2025-10-23,Google Ads,Shopping - Catalog,264.05,5584,139,3,225.62
2026-05-01,Google Ads,Shopping - Catalog,212.05,10502,206,5,236.22
2025-12-24,Email,Flow - Abandoned Cart,0.0,11150,307,27,1323.96
2026-08-29,Influencer,Micro-influencers Home&Deco,101.09,12590,136,1,72.04
2026-02-04,Meta Ads,Retargeting - Cart Abandoners,200.79,15877,196,11,851.01
2025-12-28,Google Ads,Search - Brand,284.02,6392,123,4,277.31
2026-06-13,Meta Ads,Retargeting - Cart Abandoners,223.74,13696,351,10,618.85
2026-04-03,Email,Newsletter Weekly,0.0,8152,309,10,499.96
2026-07-29,Email,Newsletter Weekly,0.0,9546,318,11,783.43
2025-10-29,Google Ads,Search - Brand,250.14,7600,83,10,766.28
2026-03-20,Meta Ads,Lookalike - Top Customers,194.79,5227,176,3,125.03
2026-08-25,Influencer,Macro Campaign Q4,73.43,2770,100,1,59.24
2026-05-24,Earned Media,Press Mentions,0.0,6378,179,1,77.14
2026-02-04,Earned Media,Press Mentions,0.0,8091,90,2,127.36
2026-02-18,Influencer,Macro Campaign Q4,121.74,6296,88,0,0.0
2026-01-23,Google Ads,Search - Brand,211.18,3568,136,6,400.89
2026-04-28,Email,Newsletter Weekly,0.0,5421,201,10,
2026-03-02,Email,Flow - Abandoned Cart,0.0,9193,101,5,222.75
2026-04-05,Google Ads,Shopping - Catalog,329.42,4764,105,4,233.05
2025-12-31,Earned Media,Press Mentions,0.0,4772,151,0,0.0
2025-12-29,Influencer,Macro Campaign Q4,144.98,17767,320,1,32.82
2026-05-28,Email,Flow - Post Purchase,0.0,9903,418,34,1357.08
2026-05-15,Meta Ads,Prospecting - Broad,218.24,17197,260,6,108.0
2025-09-13,Meta Ads,Prospecting - Broad,206.73,10121,423,7,587.2
2025-09-11,Meta Ads,Lookalike - Top Customers,144.67,14585,526,10,233.97
2025-09-04,Influencer,Micro-influencers Home&Deco,121.4,14832,431,2,117.63
2025-11-24,Google Ads,Search - Brand,251.72,5034,43,2,101.65
2025-12-28,Meta Ads,Lookalike - Top Customers,249.4,15881,677,11,452.01
2025-11-11,Email,Newsletter Weekly,0.0,7860,125,8,359.77
2025-09-07,Influencer,Micro-influencers Home&Deco,141.85,3206,140,0,0.0
2026-05-07,Google Ads,Search - Generic,161.89,16606,430,13,674.79
2025-10-16,Influencer,Micro-influencers Home&Deco,89.36,18760,223,4,329.96
2026-02-15,Meta Ads,Retargeting - Cart Abandoners,282.05,6064,210,11,785.59
2025-10-22,Earned Media,Press Mentions,0.0,8948,263,1,40.73
2026-02-07,Google Ads,Shopping - Catalog,338.85,16180,473,15,913.01
2026-02-14,Google Ads,Shopping - Catalog,321.92,18017,251,6,177.35
2026-04-15,Earned Media,Press Mentions,0.0,1450,44,0,0.0
2026-07-21,Influencer,Macro Campaign Q4,64.16,3925,174,1,62.19
2025-10-29,Earned Media,Organic Social Mentions,0.0,4862,177,0,0.0
2025-09-06,Influencer,Macro Campaign Q4,136.25,9616,80,2,142.58
2025-10-27,Google Ads,Search - Generic,157.77,17159,480,17,517.84
2025-11-25,Meta Ads,Retargeting - Cart Abandoners,266.42,30003,1028,33,1343.5
2026-04-21,Meta Ads,Lookalike - Top Customers,209.19,15677,272,7,263.88
2026-04-03,Meta Ads,Prospecting - Broad,284.08,16757,717,9,534.78
2025-12-04,Google Ads,Shopping - Catalog,407.48,20035,446,12,528.81
2026-07-02,Earned Media,Press Mentions,0.0,11105,499,5,219.86
2026-04-12,Email,Flow - Abandoned Cart,0.0,7504,159,13,498.8
2026-08-25,Google Ads,Search - Generic,133.99,7151,61,1,60.64
2026-06-10,Email,Flow - Post Purchase,0.0,11126,465,37,1447.51
2026-04-18,Influencer,Micro-influencers Home&Deco,69.1,19750,587,5,235.37
2025-10-28,Google Ads,Shopping - Catalog,180.44,15060,271,11,768.4
2026-05-22,Google Ads,Search - Generic,240.79,19721,573,13,946.46
2026-04-04,Google Ads,Search - Generic,170.59,16442,177,2,170.68
2025-12-29,Google Ads,Search - Brand,230.81,20819,567,32,644.9
2026-03-17,Email,Flow - Abandoned Cart,0.0,6279,258,26,1413.81
2026-08-11,Meta Ads,Prospecting - Broad,87.82,13577,576,11,581.37
2025-10-15,Email,Newsletter Weekly,0.0,11557,407,19,1205.93
2026-04-04,Influencer,Macro Campaign Q4,138.36,12096,325,3,184.18
2026-03-13,Meta Ads,Lookalike - Top Customers,185.86,8410,260,3,120.93
2026-01-18,Meta Ads,Prospecting - Broad,132.08,9552,132,3,184.7
2026-01-08,Influencer,Micro-influencers Home&Deco,68.67,8786,225,2,80.59
2026-08-20,Email,Flow - Post Purchase,0.0,11213,423,33,1408.68
2025-10-21,Earned Media,Press Mentions,0.0,4759,55,0,0.0
2025-12-15,Earned Media,Press Mentions,0.0,12145,414,5,270.06
2025-09-13,Email,Newsletter Weekly,0.0,8477,116,2,76.59
2025-11-27,Google Ads,Shopping - Catalog,297.12,9392,235,5,286.37
2026-02-19,Meta Ads,Prospecting - Broad,242.78,5800,55,1,40.22
2025-10-18,Google Ads,Search - Generic,153.82,15298,425,15,1046.03
2026-02-22,Email,Flow - Post Purchase,0.0,5514,155,6,385.88
2026-04-06,Influencer,Macro Campaign Q4,64.08,14402,241,2,110.57
2025-12-05,Email,Flow - Abandoned Cart,0.0,6141,142,16,997.4
2025-12-28,Google Ads,Search - Generic,299.23,25492,218,6,358.87
2026-01-11,Google Ads,Shopping - Catalog,192.25,6941,260,8,424.5
2026-03-09,Google Ads,Search - Generic,217.18,14931,244,1,50.54
2026-03-24,Influencer,Micro-influencers Home&Deco,55.11,4823,55,1,62.24
2026-05-17,Email,Newsletter Weekly,0.0,9414,225,5,224.57
2026-08-22,Meta Ads,Prospecting - Broad,94.03,2685,36,0,0.0
2025-10-18,Earned Media,Press Mentions,0.0,11118,359,3,165.22
2025-11-27,Earned Media,Organic Social Mentions,0.0,7642,259,2,110.43
2026-03-10,Google Ads,Search - Generic,139.96,3031,63,1,59.66
2025-09-01,Meta Ads,Lookalike - Top Customers,110.96,19488,756,11,566.63
2026-04-22,Earned Media,Press Mentions,0.0,14504,372,0,0.0
2025-11-07,Google Ads,Shopping - Catalog,462.82,21973,395,9,504.31
2026-08-07,Email,Newsletter Weekly,0.0,5639,248,10,298.39
2026-02-25,Meta Ads,Prospecting - Broad,248.72,4892,77,1,37.53
2026-05-15,Meta Ads,Retargeting - Cart Abandoners,285.38,19836,635,21,1064.21
2026-07-02,Meta Ads,Lookalike - Top Customers,84.6,8055,109,3,154.34
2026-04-05,Google Ads,Search - Brand,310.46,8651,258,15,918.65
2026-08-26,Google Ads,Shopping - Catalog,201.22,6934,97,2,135.59
2026-04-05,Meta Ads,Lookalike - Top Customers,132.35,10499,259,3,126.27
2026-03-04,Meta Ads,Prospecting - Broad,203.31,12357,154,1,59.73
2026-03-29,Email,Flow - Post Purchase,0.0,11459,359,37,2103.06
2025-09-03,Earned Media,Press Mentions,0.0,13559,553,5,197.57
2025-10-26,Email,Flow - Post Purchase,0.0,8902,380,33,1587.57
2026-07-12,Influencer,Micro-influencers Home&Deco,77.2,7984,217,3,135.59
2026-01-04,Meta Ads,Lookalike - Top Customers,138.6,6790,101,1,69.18
2026-06-07,Email,Flow - Abandoned Cart,0.0,9080,152,16,1132.37
2025-10-12,Email,Flow - Post Purchase,0.0,10487,408,34,2309.79
2025-10-12,Meta Ads,Prospecting - Broad,183.34,16388,283,5,331.14
2026-03-04,Google Ads,Shopping - Catalog,294.48,15717,513,15,567.68
2026-07-21,Google Ads,Search - Brand,130.06,11459,276,15,839.77
2026-02-07,Influencer,Macro Campaign Q4,64.87,4548,44,0,0.0
2026-08-08,Email,Newsletter Weekly,0.0,11314,196,6,380.42
2025-09-12,Google Ads,Search - Generic,343.53,5606,166,5,127.27
2026-04-18,Meta Ads,Retargeting - Cart Abandoners,134.94,6268,66,5,314.58
2026-05-22,Meta Ads,Lookalike - Top Customers,195.77,15136,128,1,45.08
2025-10-30,Email,Newsletter Weekly,0.0,4719,142,4,392.63
2025-09-28,Earned Media,Press Mentions,0.0,7076,79,0,0.0
2026-02-14,Earned Media,Press Mentions,0.0,13687,365,2,89.01
2025-12-17,Email,Flow - Abandoned Cart,0.0,7237,118,7,183.93
2026-05-03,Meta Ads,Lookalike - Top Customers,265.85,18406,726,16,1091.71
2026-03-18,Google Ads,Search - Generic,187.32,4439,111,4,193.4
2026-04-28,Meta Ads,Retargeting - Cart Abandoners,153.55,4649,111,4,211.16
2026-04-10,Google Ads,Shopping - Catalog,198.01,9491,305,5,337.14
2026-01-21,Email,Flow - Post Purchase,0.0,6977,241,20,1618.99
2026-08-14,Influencer,Micro-influencers Home&Deco,71.98,4742,206,1,56.0
2026-03-08,Influencer,Micro-influencers Home&Deco,97.51,13899,601,10,642.41
2025-09-06,Google Ads,Shopping - Catalog,316.65,7791,96,3,211.78
2026-08-02,Influencer,Micro-influencers Home&Deco,92.58,12175,471,4,166.97
2025-09-05,Email,Flow - Post Purchase,0.0,6239,270,24,2105.04
2025-11-21,Google Ads,Shopping - Catalog,283.72,8332,275,11,654.55
2026-06-05,Google Ads,Search - Generic,162.12,18506,752,30,2062.32
2026-02-01,Email,Flow - Post Purchase,0.0,11154,285,30,2116.23
2026-01-09,Earned Media,Press Mentions,0.0,6179,218,2,158.89
2026-08-05,Email,Flow - Post Purchase,0.0,8376,352,36,1278.76
2025-12-17,Earned Media,Press Mentions,0.0,11606,240,0,0.0
2026-04-23,Influencer,Micro-influencers Home&Deco,109.45,6846,301,9,611.1
2026-08-12,Email,Flow - Post Purchase,0.0,11580,445,40,2318.5
2026-01-09,Google Ads,Search - Brand,295.55,9186,356,17,767.71
2026-02-14,Google Ads,Search - Brand,262.52,3906,88,3,235.09
2025-11-15,Email,Newsletter Weekly,0.0,11279,389,14,878.24
2026-02-28,Email,Flow - Abandoned Cart,0.0,4706,182,19,769.14
2025-10-19,Earned Media,Press Mentions,0.0,2237,75,0,0.0
2026-07-28,Google Ads,Shopping - Catalog,137.37,6141,230,6,612.51
2026-05-12,Email,Newsletter Weekly,0.0,5163,154,8,431.06
2026-07-16,Influencer,Macro Campaign Q4,93.46,11245,328,1,72.54
2025-11-05,Influencer,Macro Campaign Q4,113.94,25418,918,9,522.09
2025-10-20,Google Ads,Search - Brand,189.49,15719,594,36,2038.94
2026-03-23,Email,Flow - Abandoned Cart,0.0,11777,187,12,969.77
2026-08-05,Email,Flow - Abandoned Cart,0.0,10134,300,18,741.74
2026-03-26,Influencer,Micro-influencers Home&Deco,64.5,6148,95,0,0.0
2026-03-27,Influencer,Micro-influencers Home&Deco,130.41,17346,570,5,173.15
2025-09-01,Influencer,Micro-influencers Home&Deco,93.36,6142,269,4,122.26
2026-04-07,Influencer,Micro-influencers Home&Deco,58.12,13148,382,1,62.33
2026-02-03,Earned Media,Organic Social Mentions,0.0,12721,133,2,121.93
2025-11-14,Meta Ads,Lookalike - Top Customers,252.19,29520,1066,21,949.2
2026-03-24,Email,Newsletter Weekly,0.0,8298,210,7,544.86
2026-06-28,Influencer,Macro Campaign Q4,143.46,8299,123,1,71.45
2025-10-21,Meta Ads,Retargeting - Cart Abandoners,204.16,17235,246,4,333.92
2026-06-20,Google Ads,Search - Generic,244.16,17394,775,15,666.79
2026-03-29,Earned Media,Organic Social Mentions,0.0,12569,310,2,69.0
2026-07-09,Influencer,Micro-influencers Home&Deco,50.2,13787,269,1,50.67
2026-01-04,Email,Flow - Abandoned Cart,0.0,9313,221,23,1362.69
2026-02-12,Email,Newsletter Weekly,0.0,7403,266,10,422.85
2025-10-05,Google Ads,Search - Brand,207.54,8207,305,15,713.45
2025-10-31,Email,Flow - Post Purchase,0.0,5569,70,10,572.45
2026-08-30,Google Ads,Search - Generic,191.67,3637,38,1,63.49
2025-10-02,Meta Ads,Lookalike - Top Customers,154.81,14667,155,1,46.94
2025-09-22,Earned Media,Press Mentions,0.0,1105,35,1,59.46
2025-09-27,Email,Flow - Abandoned Cart,0.0,10772,452,35,1744.29
2026-07-02,Influencer,Micro-influencers Home&Deco,86.08,5021,42,0,0.0
2025-11-26,Google Ads,Search - Generic,426.67,17999,243,8,479.09
2026-04-26,Email,Newsletter Weekly,0.0,4326,142,4,234.63
2026-02-27,Email,Flow - Post Purchase,0.0,6933,306,24,1070.74
2026-06-07,Email,Flow - Post Purchase,0.0,10420,403,32,2248.27
2026-04-29,Meta Ads,Lookalike - Top Customers,181.4,18349,763,14,607.91
2026-02-26,Google Ads,Search - Generic,271.05,16322,198,9,579.27
2026-04-26,meta ads ,Lookalike - Top Customers,188.83,14126,245,4,230.85
2026-04-23,Google Ads,Search - Brand,209.37,14042,138,8,462.33
2026-04-23,Influencer,Macro Campaign Q4,59.44,18919,353,5,303.29
2026-07-14,Email,Newsletter Weekly,0.0,6426,227,12,767.7
2026-06-04,Google Ads,Search - Generic,242.89,17334,714,19,846.68
2025-12-24,Meta Ads,Retargeting - Cart Abandoners,336.86,9653,105,8,344.8
2026-03-29,Google Ads,Search - Generic,320.85,6565,132,6,339.53
2026-02-26,Meta Ads,Retargeting - Cart Abandoners,205.87,8970,175,8,630.48
2026-06-09,Earned Media,Organic Social Mentions,0.0,9725,236,1,46.7
2025-10-09,Google Ads,Search - Generic,183.97,5322,170,6,438.31
2026-04-19,Google Ads,Search - Brand,289.49,18143,172,5,182.66
2026-04-09,Google Ads,Search - Generic,293.46,10883,128,3,223.34
2026-06-24,Earned Media,Organic Social Mentions,0.0,7771,302,1,74.92
2026-06-25,Meta Ads,Prospecting - Broad,221.04,6903,303,2,94.33
2026-02-09,Email,Newsletter Weekly,0.0,9790,406,17,1017.0
2026-04-03,Meta Ads,Retargeting - Cart Abandoners,172.27,17076,561,33,1565.79
2026-08-25,Meta Ads,Retargeting - Cart Abandoners,96.07,12239,550,28,1830.6
2026-01-28,Earned Media,Organic Social Mentions,0.0,10912,189,2,133.7
2025-10-05,Influencer,Macro Campaign Q4,73.74,11255,101,1,56.57
2025-09-03,Meta Ads,Lookalike - Top Customers,115.41,7736,321,4,230.06
2025-11-09,Earned Media,Organic Social Mentions,0.0,22612,948,9,583.43
2026-04-16,Email,Flow - Post Purchase,0.0,4567,166,8,377.16
2025-11-20,Meta Ads,Lookalike - Top Customers,178.48,23749,827,19,1455.88
2026-06-10,Earned Media,Press Mentions,0.0,1135,18,0,0.0
2025-10-27,Earned Media,Organic Social Mentions,0.0,6503,76,0,0.0
2025-11-01,Google Ads,Shopping - Catalog,295.32,22700,1019,28,1171.89
2026-08-27,Meta Ads,Retargeting - Cart Abandoners,142.82,13632,248,8,543.06
2026-06-23,Google Ads,Shopping - Catalog,231.6,8109,153,3,118.63
2026-06-15,Google Ads,Search - Brand,227.23,8380,307,21,1553.76
2025-10-08,Google Ads,Shopping - Catalog,219.42,7832,101,3,147.7
2026-05-06,Meta Ads,Lookalike - Top Customers,120.21,12746,371,10,452.21
2025-12-22,Google Ads,Search - Generic,211.4,30282,426,9,431.61
2026-04-25,Meta Ads,Lookalike - Top Customers,274.63,11545,372,6,234.54
2026-06-19,Email,Newsletter Weekly,0.0,8703,176,6,347.46
2026-07-08,Email,Flow - Abandoned Cart,0.0,7880,240,15,914.66
2026-04-24,Earned Media,Press Mentions,0.0,3967,109,0,0.0
2026-03-30,Meta Ads,Retargeting - Cart Abandoners,142.48,17745,356,13,560.54
2026-07-21,Google Ads,Shopping - Catalog,173.59,10092,268,2,106.96
2026-01-15,Google Ads,Search - Generic,139.84,19499,672,17,857.62
2025-09-12,Email,Flow - Abandoned Cart,0.0,7393,260,28,1588.63
2026-06-21,Google Ads,Shopping - Catalog,274.37,7125,195,4,206.95
2026-04-12,Meta Ads,Retargeting - Cart Abandoners,190.54,11207,237,8,347.62
2026-06-24,Email,Flow - Abandoned Cart,0.0,8349,186,14,1098.32
2025-12-31,Earned Media,Organic Social Mentions,0.0,21793,392,4,248.75
2026-01-21,Earned Media,Press Mentions,0.0,11064,387,1,61.28
2026-07-12,Earned Media,Organic Social Mentions,0.0,5711,250,1,29.98
2025-12-04,Email,Flow - Abandoned Cart,0.0,6165,133,11,569.27
2025-09-28,Email,Flow - Abandoned Cart,0.0,4518,133,11,955.47
2026-05-02,Earned Media,Press Mentions,0.0,3890,107,0,0.0
2026-07-23,Influencer,Micro-influencers Home&Deco,91.31,11345,425,8,330.3
2026-04-04,Email,Newsletter Weekly,0.0,5640,194,9,507.38
2026-08-03,Influencer,Micro-influencers Home&Deco,67.72,14581,473,9,741.98
2026-02-20,Earned Media,Organic Social Mentions,0.0,14549,572,2,122.11
2025-11-10,Earned Media,Press Mentions,0.0,18129,545,5,373.43
2025-12-27,Earned Media,Organic Social Mentions,0.0,22569,614,3,154.63
2026-05-11,Meta Ads,Retargeting - Cart Abandoners,139.82,11516,241,12,833.91
2026-04-26,Google Ads,Shopping - Catalog,343.87,4244,128,4,292.43
2026-04-01,Meta Ads,Retargeting - Cart Abandoners,113.29,6154,223,8,517.16
2026-04-29,Earned Media,Organic Social Mentions,0.0,5535,54,1,75.79
2026-04-27,Meta Ads,Lookalike - Top Customers,193.96,7944,273,7,320.03
2026-02-01,Influencer,Macro Campaign Q4,93.76,18887,453,5,371.55
2026-02-02,Influencer,Macro Campaign Q4,90.65,18092,609,6,284.97
2026-05-12,Earned Media,Press Mentions,0.0,9533,316,2,90.84
2026-07-05,Influencer,Micro-influencers Home&Deco,53.39,10505,254,1,69.22
2026-07-05,Meta Ads,Prospecting - Broad,131.2,4301,115,0,0.0
2026-04-22,Influencer,Micro-influencers Home&Deco,119.35,3968,61,0,0.0
2026-01-02,Meta Ads,Prospecting - Broad,221.22,14461,546,11,625.52
2026-05-04,Meta Ads,Lookalike - Top Customers,237.26,3645,157,3,166.63
2026-01-21,Earned Media,Organic Social Mentions,0.0,10517,407,0,0.0
2026-08-19,Influencer,Macro Campaign Q4,74.7,10366,386,3,160.05
2025-10-11,Earned Media,Press Mentions,0.0,14905,144,1,36.07
2026-01-07,Influencer,Macro Campaign Q4,70.37,5912,193,3,144.71
2025-10-03,Google Ads,Search - Generic,257.34,4081,158,5,308.56
2025-11-30,Google Ads,Shopping - Catalog,523.88,16553,724,20,771.0
2026-03-20,Email,Flow - Post Purchase,0.0,4532,122,9,566.05
2026-06-26,Google Ads,Shopping - Catalog,330.94,8868,193,8,296.13
2026-03-27,Email,Flow - Post Purchase,0.0,10084,275,29,1807.49
2025-09-27,Meta Ads,Lookalike - Top Customers,226.05,16168,514,9,440.92
2026-04-16,Earned Media,Press Mentions,0.0,6083,106,1,46.29
2026-05-31,Email,Flow - Post Purchase,0.0,8645,290,29,2203.2
2026-02-04,Meta Ads,Prospecting - Broad,250.03,4505,84,1,64.72
2026-02-03,Meta Ads,Prospecting - Broad,140.36,6317,89,2,159.05
2025-11-28,Meta Ads,Lookalike - Top Customers,399.11,19478,211,0,0.0
2026-04-16,Email,Flow - Abandoned Cart,0.0,11058,96,10,766.97
2026-05-02,Earned Media,Organic Social Mentions,0.0,9222,84,0,0.0
2026-04-19,Email,Flow - Post Purchase,0.0,11425,192,15,871.69
2026-03-07,Influencer,Macro Campaign Q4,143.43,15046,155,0,0.0
2025-10-01,Meta Ads,Lookalike - Top Customers,184.76,5685,191,5,348.37
2026-04-09,Email,Newsletter Weekly,0.0,11636,160,4,197.76
2026-04-04,Earned Media,Organic Social Mentions,0.0,5728,61,1,42.84
2026-05-15,Google Ads,Shopping - Catalog,271.46,19474,268,10,630.42
2026-07-26,Earned Media,Press Mentions,0.0,8822,195,1,70.65
2026-08-02,Meta Ads,Retargeting - Cart Abandoners,109.8,4711,206,9,571.12
2025-12-08,Influencer,Micro-influencers Home&Deco,191.18,22041,234,5,346.22
2025-09-08,Email,Flow - Abandoned Cart,0.0,8443,307,33,1706.07
2026-05-10,Influencer,Micro-influencers Home&Deco,85.28,6872,259,4,149.5
2026-05-17,Email,Flow - Post Purchase,0.0,4079,103,8,621.13
2026-06-06,Email,Newsletter Weekly,0.0,8058,103,6,457.67
2025-09-30,Meta Ads,Prospecting - Broad,145.46,15423,683,10,495.44
2025-12-31,Google Ads,Shopping - Catalog,247.9,13212,162,10,473.55
2025-11-15,Influencer,Macro Campaign Q4,173.24,6285,276,3,153.95
2026-08-30,Email,Flow - Abandoned Cart,0.0,5621,213,16,1217.47
2025-12-18,Google Ads,Shopping - Catalog,291.52,11306,419,7,445.52
2025-10-14,Email,Flow - Abandoned Cart,0.0,7236,76,8,403.99
2026-08-16,Email,Flow - Post Purchase,0.0,8998,270,17,1191.9
2026-08-17,Influencer,Macro Campaign Q4,48.55,14766,520,6,275.43
2025-12-02,Influencer,Macro Campaign Q4,183.29,31914,763,8,308.1
2025-12-22,Meta Ads,Lookalike - Top Customers,285.52,14100,594,5,382.93
2025-12-16,Earned Media,Organic Social Mentions,0.0,5672,63,1,66.57
2026-04-27,Earned Media,Press Mentions,0.0,6213,231,0,0.0
2026-06-15,Meta Ads,Retargeting - Cart Abandoners,143.66,16113,502,12,663.46
2026-03-25,Email,Newsletter Weekly,0.0,4643,64,1,71.41
2026-03-31,Google Ads,Search - Generic,288.42,10894,295,7,263.74
2026-04-20,Meta Ads,Prospecting - Broad,178.77,16123,694,8,339.44
2026-02-02,Earned Media,Organic Social Mentions,0.0,9547,205,0,0.0
2026-06-06,Meta Ads,Retargeting - Cart Abandoners,236.32,15116,672,28,1745.9
2026-06-27,meta ads ,Lookalike - Top Customers,188.99,19512,409,10,619.04
2025-10-22,Email,Flow - Abandoned Cart,0.0,6511,181,18,745.54
2026-02-21,Google Ads,Search - Brand,207.47,5411,44,2,109.27
2025-10-01,Earned Media,Organic Social Mentions,0.0,2408,40,0,0.0
2025-10-25,Earned Media,Press Mentions,0.0,12462,553,2,132.3
2026-01-08,Meta Ads,Prospecting - Broad,242.04,7177,210,3,193.16
2026-01-15,Meta Ads,Retargeting - Cart Abandoners,227.33,16989,254,12,892.29
2026-05-30,Google Ads,Shopping - Catalog,347.6,16788,182,6,318.63
2026-08-09,Google Ads,Shopping - Catalog,258.17,6923,306,9,281.22
2025-10-03,Meta Ads,Prospecting - Broad,164.26,3210,81,1,35.51
2026-03-19,Email,Flow - Post Purchase,0.0,4986,188,7,338.6
2025-11-30,Email,Flow - Post Purchase,0.0,10223,226,17,635.66
2026-05-06,Earned Media,Organic Social Mentions,0.0,1501,58,1,68.63
2026-01-20,Google Ads,Search - Generic,147.7,6589,175,1,61.41
2025-10-02,Earned Media,Press Mentions,0.0,11173,215,2,134.46
2026-04-27,Meta Ads,Retargeting - Cart Abandoners,206.39,7580,228,9,751.87
2026-03-12,Influencer,Micro-influencers Home&Deco,116.14,10083,358,6,182.53
2026-03-06,Meta Ads,Retargeting - Cart Abandoners,227.62,10957,175,6,298.74
2025-11-29,Influencer,Micro-influencers Home&Deco,211.06,22322,716,12,712.45
2025-12-08,Email,Flow - Abandoned Cart,0.0,8792,93,5,199.03
2026-08-19,Earned Media,Organic Social Mentions,0.0,6803,97,0,0.0
2026-06-25,Meta Ads,Lookalike - Top Customers,194.82,7924,190,3,171.04
2025-11-24,Earned Media,Organic Social Mentions,0.0,13761,175,1,61.45
2026-04-19,Email,Newsletter Weekly,0.0,10045,373,9,482.15
2026-02-19,Google Ads,Search - Brand,236.48,18074,593,42,2099.99
2026-08-14,Influencer,Macro Campaign Q4,70.04,5199,163,2,139.13
2026-01-23,Earned Media,Organic Social Mentions,0.0,5827,239,1,45.31
2025-09-17,Google Ads,Search - Generic,219.27,4377,70,2,36.0
2026-06-24,Meta Ads,Prospecting - Broad,166.46,16742,502,9,530.35
2025-12-01,Google Ads,Shopping - Catalog,371.5,29844,1308,46,2630.71
2025-11-01,Email,Flow - Abandoned Cart,0.0,7536,241,13,826.89
2026-06-10,Google Ads,Search - Generic,188.2,4269,58,0,0.0
2026-07-19,Meta Ads,Retargeting - Cart Abandoners,157.97,4824,205,6,253.63
2026-05-21,Influencer,Micro-influencers Home&Deco,67.08,14673,657,7,532.74
2026-03-15,Google Ads,Search - Brand,343.22,15708,550,19,672.63
2026-08-21,Google Ads,Search - Brand,174.89,5535,50,1,59.54
2025-12-10,Earned Media,Organic Social Mentions,0.0,7003,109,0,0.0
2026-04-09,Email,Flow - Post Purchase,0.0,10062,319,33,1638.5
2026-07-11,Email,Newsletter Weekly,0.0,10943,299,15,972.59
2025-10-15,Meta Ads,Prospecting - Broad,165.26,7492,116,2,90.19
2026-01-16,Email,Flow - Abandoned Cart,0.0,4755,212,24,1733.35
2026-03-07,Meta Ads,Retargeting - Cart Abandoners,197.15,11830,371,19,1452.1
2026-06-21,Meta Ads,Lookalike - Top Customers,161.97,4190,116,6,504.14
2025-12-15,Influencer,Micro-influencers Home&Deco,92.13,12103,389,5,280.33
2026-08-08,Email,Flow - Abandoned Cart,0.0,8144,94,15,788.73
2026-05-25,Earned Media,Organic Social Mentions,0.0,7854,343,5,284.55
2026-07-15,Influencer,Macro Campaign Q4,77.78,2250,95,1,74.76
2025-11-25,Google Ads,Search - Brand,393.69,11476,396,23,1666.48
2026-06-09,Earned Media,Press Mentions,0.0,7030,297,2,98.83
2025-12-03,Influencer,Micro-influencers Home&Deco,199.38,9034,147,1,49.96
2026-01-06,Influencer,Macro Campaign Q4,98.32,3216,108,1,61.69
2026-04-12,Earned Media,Organic Social Mentions,0.0,11303,318,4,188.71
2026-06-27,Email,Newsletter Weekly,0.0,5108,132,3,136.49
2026-02-17,Meta Ads,Lookalike - Top Customers,241.51,18323,207,2,58.99
2026-08-28,Google Ads,Search - Generic,160.77,8670,248,5,261.71
2025-10-01,Influencer,Macro Campaign Q4,76.63,11009,422,5,283.62
2026-04-06,Email,Newsletter Weekly,0.0,7774,312,10,641.23
2026-07-13,Email,Newsletter Weekly,0.0,9662,237,3,170.35
2025-12-06,Email,Flow - Post Purchase,0.0,10856,253,15,554.9
2026-05-05,Meta Ads,Lookalike - Top Customers,143.17,18360,214,4,199.24
2026-03-28,Google Ads,Search - Generic,191.73,19168,535,17,928.42
2025-10-01,Email,Flow - Post Purchase,0.0,8478,233,21,981.22
2026-08-24,Meta Ads,Prospecting - Broad,101.43,14201,119,2,96.61
2025-12-07,Earned Media,Press Mentions,0.0,4076,65,0,0.0
2026-05-08,Meta Ads,Retargeting - Cart Abandoners,124.87,15237,361,13,870.85
2026-03-19,Earned Media,Organic Social Mentions,0.0,7562,172,0,0.0
2026-08-29,Meta Ads,Lookalike - Top Customers,175.49,8655,176,5,240.86
2025-12-17,Email,Newsletter Weekly,0.0,8832,355,24,1859.87
2026-04-21,Google Ads,Search - Brand,284.31,10102,361,19,1048.52
2026-02-13,Meta Ads,Lookalike - Top Customers,184.65,4703,154,0,0.0
2026-01-14,Earned Media,Organic Social Mentions,0.0,13940,394,3,101.96
2026-06-20,Influencer,Micro-influencers Home&Deco,106.28,4792,179,5,255.36
2025-10-20,Earned Media,Press Mentions,0.0,10485,228,3,174.06
2026-03-08,Email,Newsletter Weekly,0.0,4028,38,0,0.0
2026-07-04,Influencer,Micro-influencers Home&Deco,85.23,6389,159,1,63.69
2025-12-10,Email,Newsletter Weekly,0.0,10169,95,2,136.59
2025-10-05,Email,Newsletter Weekly,0.0,6996,99,3,133.5
2025-11-13,Meta Ads,Lookalike - Top Customers,284.2,16472,177,1,66.3
2026-06-04,Email,Flow - Post Purchase,0.0,10339,369,21,1104.31
2025-09-17,Earned Media,Press Mentions,0.0,8559,315,0,0.0
2026-08-10,Email,Flow - Abandoned Cart,0.0,5793,111,5,213.95
2026-01-02,Influencer,Micro-influencers Home&Deco,101.04,17850,646,8,565.72
2026-04-29,Google Ads,Shopping - Catalog,249.33,16903,369,14,1175.58
2026-05-11,Meta Ads,Lookalike - Top Customers,197.64,11091,408,5,329.35
2026-01-10,Google Ads,Shopping - Catalog,315.99,6785,234,11,1024.15
2025-12-01,Email,Newsletter Weekly,0.0,7758,192,7,333.96
2026-05-23,Meta Ads,Lookalike - Top Customers,204.73,15476,566,13,632.82
2025-10-27,Email,Flow - Abandoned Cart,0.0,6766,222,21,1341.37
2025-10-07,Meta Ads,Lookalike - Top Customers,181.5,13652,577,4,341.6
2026-07-11,Meta Ads,Prospecting - Broad,165.65,4589,139,0,0.0
2026-06-28,Email,Flow - Abandoned Cart,0.0,7774,191,14,812.64
2026-06-21,Google Ads,Search - Brand,301.18,8564,330,19,967.0
2025-12-23,Meta Ads,Retargeting - Cart Abandoners,333.62,26295,498,20,657.12
2026-07-24,Earned Media,Organic Social Mentions,0.0,1625,39,0,0.0
2026-01-04,Meta Ads,Prospecting - Broad,241.76,12073,160,0,0.0
2026-02-02,Earned Media,Press Mentions,0.0,9876,212,2,55.46
2025-12-12,Influencer,Micro-influencers Home&Deco,136.81,17335,569,4,223.38
2026-01-15,Google Ads,Search - Brand,150.39,7037,155,7,458.68
2026-01-30,Meta Ads,Lookalike - Top Customers,194.41,9129,342,6,259.29
2026-05-09,Earned Media,Organic Social Mentions,0.0,12446,376,3,239.46
2026-01-13,Google Ads,Shopping - Catalog,193.58,15041,325,9,418.89
2026-07-29,Influencer,Macro Campaign Q4,90.48,14607,244,4,188.24
2026-03-19,Email,Newsletter Weekly,0.0,10468,430,7,452.39
2025-09-19,Influencer,Micro-influencers Home&Deco,120.81,17806,612,10,489.43
2025-12-07,Meta Ads,Lookalike - Top Customers,199.1,17028,663,12,653.17
2026-06-24,Email,Flow - Post Purchase,0.0,5027,107,5,324.49
2026-05-26,Influencer,Macro Campaign Q4,71.47,11796,462,5,231.24
2025-09-01,Meta Ads,Prospecting - Broad,161.93,19162,672,13,711.38
2025-10-26,Google Ads,Search - Brand,168.94,10933,282,18,904.0
2025-11-08,Google Ads,Shopping - Catalog,353.39,16881,557,16,827.6
2026-05-08,Google Ads,Search - Brand,196.8,6619,153,15,995.91
2026-05-02,Meta Ads,Prospecting - Broad,134.51,18676,271,5,530.02
2025-10-17,Meta Ads,Lookalike - Top Customers,207.93,18999,768,9,656.17
2025-10-24,Earned Media,Organic Social Mentions,0.0,11516,413,3,105.52
2026-02-15,Earned Media,Organic Social Mentions,0.0,5920,83,0,0.0
2025-09-15,Meta Ads,Retargeting - Cart Abandoners,179.48,13146,267,13,776.21
2026-05-06,Meta Ads,Retargeting - Cart Abandoners,248.73,12992,348,14,949.42
2026-03-26,Influencer,Macro Campaign Q4,70.31,9717,312,3,204.9
2026-03-29,Influencer,Macro Campaign Q4,101.13,19256,463,7,279.64
2025-12-13,Google Ads,Shopping - Catalog,564.03,25755,406,11,562.9
2026-08-06,Earned Media,Press Mentions,0.0,1435,50,0,0.0
2026-07-27,Earned Media,Press Mentions,0.0,10386,221,3,173.95
2025-10-30,Meta Ads,Prospecting - Broad,198.05,15700,252,2,137.21
2026-07-22,Influencer,Macro Campaign Q4,41.63,2897,88,1,30.7
2026-04-26,Earned Media,Press Mentions,0.0,5512,177,1,62.68
2026-03-05,Earned Media,Press Mentions,0.0,7370,99,0,0.0
2025-12-20,Meta Ads,Prospecting - Broad,210.34,13684,425,4,229.56
2025-10-08,Email,Newsletter Weekly,0.0,9655,99,5,291.08
2026-07-04,Email,Flow - Post Purchase,0.0,4269,44,1,49.48
2026-06-19,Google Ads,Search - Generic,278.58,5230,212,8,351.58
2026-03-07,Earned Media,Organic Social Mentions,0.0,1085,27,0,0.0
2025-10-15,Earned Media,Organic Social Mentions,0.0,9586,302,1,50.96
2026-04-02,Email,Newsletter Weekly,0.0,7669,339,9,501.86
2026-01-10,Influencer,Micro-influencers Home&Deco,120.87,19160,326,5,167.94
2026-05-13,Influencer,Micro-influencers Home&Deco,98.43,12409,139,2,126.46
2025-12-13,Google Ads,Search - Generic,365.4,25192,291,8,459.03
2026-01-01,Meta Ads,Prospecting - Broad,251.37,7295,176,3,143.76
2026-07-30,Meta Ads,Lookalike - Top Customers,152.63,8591,280,2,141.39
2026-04-14,Earned Media,Organic Social Mentions,0.0,11974,399,3,208.3
2026-06-23,Meta Ads,Lookalike - Top Customers,242.76,11700,94,1,50.54
2026-05-15,Earned Media,Press Mentions,0.0,5800,116,0,0.0
2025-10-02,Influencer,Macro Campaign Q4,119.58,15817,597,2,137.02
2026-04-26,Google Ads,Search - Brand,163.28,12997,467,22,1022.4
2025-11-25,Meta Ads,Lookalike - Top Customers,307.77,7777,340,4,285.62
2026-05-28,Email,Newsletter Weekly,0.0,10088,150,6,376.84
2026-01-16,Meta Ads,Lookalike - Top Customers,216.41,18793,413,7,417.94
2026-03-23,Earned Media,Press Mentions,0.0,5065,97,1,65.64
2026-07-10,Earned Media,Organic Social Mentions,0.0,6657,86,0,0.0
2026-07-19,Google Ads,Search - Brand,122.01,12185,386,18,512.3
2026-07-07,Earned Media,Organic Social Mentions,0.0,7535,317,1,66.11
2026-04-20,Earned Media,Press Mentions,0.0,4108,104,0,0.0
2026-07-14,Google Ads,Search - Brand,150.45,8479,198,13,1055.12
2025-11-29,Email,Newsletter Weekly,0.0,10387,354,9,339.23
2026-05-27,Meta Ads,Prospecting - Broad,215.94,12134,304,3,217.23
2025-09-03,Influencer,Macro Campaign Q4,60.7,18252,754,10,406.83
2026-05-11,Google Ads,Search - Brand,286.64,16322,376,28,1776.95
2026-04-19,Earned Media,Organic Social Mentions,0.0,2989,52,0,0.0
2026-07-03,Earned Media,Organic Social Mentions,0.0,2331,55,1,60.9
2026-03-31,Email,Newsletter Weekly,0.0,8821,130,3,198.04
2026-02-01,Email,Newsletter Weekly,0.0,9939,160,5,187.93
2026-08-11,Email,Newsletter Weekly,0.0,6779,168,6,256.88
2025-10-21,Email,Flow - Post Purchase,0.0,11787,297,29,1607.94
2026-04-04,Meta Ads,Retargeting - Cart Abandoners,187.85,15552,569,25,1274.95
2026-08-20,Earned Media,Press Mentions,0.0,9086,165,1,67.21
2025-09-02,Email,Flow - Abandoned Cart,0.0,10044,165,8,373.45
2026-07-21,Meta Ads,Lookalike - Top Customers,148.83,3814,103,5,424.94
2026-06-20,Influencer,Macro Campaign Q4,67.07,9652,251,1,52.34
2026-08-04,Email,Flow - Abandoned Cart,0.0,6237,124,16,748.05
2026-07-17,Meta Ads,Prospecting - Broad,157.77,8992,337,11,593.75
2026-02-05,Influencer,Micro-influencers Home&Deco,97.86,7673,264,3,140.82
2025-12-18,Earned Media,Organic Social Mentions,0.0,12012,376,2,116.98
2026-07-07,Google Ads,Search - Generic,189.56,2534,25,1,58.2
2025-10-12,Email,Flow - Abandoned Cart,0.0,5656,60,2,116.31
2025-09-15,Email,Flow - Post Purchase,0.0,5444,157,17,1092.3
2025-12-16,Google Ads,Search - Brand,239.22,21233,264,8,625.5
2025-11-13,Meta Ads,Retargeting - Cart Abandoners,284.55,7122,313,13,505.23
2025-12-27,Meta Ads,Prospecting - Broad,275.56,21906,270,6,240.01
2026-04-17,Google Ads,Search - Generic,279.71,13468,382,8,376.99
2026-05-14,Influencer,Micro-influencers Home&Deco,107.73,11446,287,4,120.0
2026-01-04,Influencer,Micro-influencers Home&Deco,124.5,6741,150,3,
2025-11-30,Influencer,Micro-influencers Home&Deco,169.04,26799,573,7,271.36
2025-12-28,Google Ads,Shopping - Catalog,425.15,13323,252,9,222.03
2026-06-02,Meta Ads,Lookalike - Top Customers,226.17,16261,438,6,552.62
2026-03-06,Email,Flow - Abandoned Cart,0.0,11629,430,29,1425.65
2025-10-15,Email,Flow - Post Purchase,0.0,6024,148,18,1327.34
2026-06-09,Influencer,Macro Campaign Q4,91.0,12878,180,1,62.86
2026-01-17,Meta Ads,Retargeting - Cart Abandoners,186.99,8784,272,15,1272.62
2026-05-18,Meta Ads,Lookalike - Top Customers,166.5,3761,163,6,188.46
2026-08-20,Google Ads,Shopping - Catalog,129.5,13191,333,9,620.83
2025-10-07,Earned Media,Press Mentions,0.0,6640,125,0,0.0
2025-12-21,Google Ads,Search - Generic,418.53,19146,253,1,56.29
2025-12-12,Email,Newsletter Weekly,0.0,11264,425,9,605.1
2026-03-06,Google Ads,Search - Brand,187.97,12943,422,24,1779.37
2026-02-12,Influencer,Macro Campaign Q4,93.28,5503,136,3,223.14
2026-02-20,Email,Flow - Post Purchase,0.0,10337,241,14,636.92
2026-02-10,Email,Flow - Post Purchase,0.0,4199,92,11,491.91
2025-09-25,Meta Ads,Retargeting - Cart Abandoners,162.81,17925,719,34,1924.93
2026-07-06,Influencer,Micro-influencers Home&Deco,58.33,7532,181,2,139.67
2025-11-28,Meta Ads,Prospecting - Broad,460.8,12009,394,3,176.12
2025-11-05,Influencer,Micro-influencers Home&Deco,115.91,10801,141,3,260.09
2026-03-27,Email,Newsletter Weekly,0.0,11616,432,17,900.14
2025-11-27,Influencer,Macro Campaign Q4,187.13,14388,499,5,319.04
2026-07-23,Meta Ads,Retargeting - Cart Abandoners,178.65,5250,76,4,197.61
2026-08-14,Email,Newsletter Weekly,0.0,8841,346,7,496.91
2026-08-27,Influencer,Macro Campaign Q4,92.79,9799,339,5,309.98
2025-09-20,Earned Media,Organic Social Mentions,0.0,2832,124,0,0.0
2025-10-25,Google Ads,Search - Brand,319.98,5038,177,9,284.52
2026-08-03,Email,Flow - Post Purchase,0.0,9770,234,22,978.43
2026-05-18,Meta Ads,Retargeting - Cart Abandoners,129.9,16467,169,4,239.49
2025-10-04,Influencer,Macro Campaign Q4,117.46,14537,310,4,222.57
2026-03-28,Meta Ads,Lookalike - Top Customers,196.7,12427,467,9,590.98
2026-04-07,Google Ads,Search - Brand,274.12,5299,159,7,381.78
2025-12-22,Email,Flow - Post Purchase,0.0,6835,151,11,582.0
2026-03-13,Influencer,Macro Campaign Q4,135.2,6130,239,1,39.46
2025-12-29,Meta Ads,Lookalike - Top Customers,313.69,23732,490,5,389.72
2025-11-11,Meta Ads,Retargeting - Cart Abandoners,285.48,14364,598,25,1692.5
2026-08-15,Meta Ads,Lookalike - Top Customers,141.9,13394,413,7,465.83
2026-04-21,Influencer,Macro Campaign Q4,73.28,12722,555,10,
2025-10-22,Meta Ads,Retargeting - Cart Abandoners,126.67,7359,155,7,368.82
2026-05-16,Earned Media,Organic Social Mentions,0.0,4393,80,1,53.31
2026-07-02,Email,Newsletter Weekly,0.0,9013,300,7,389.96
2026-08-07,Earned Media,Organic Social Mentions,0.0,3249,54,3,190.01
2025-12-05,Meta Ads,Retargeting - Cart Abandoners,208.35,7570,264,8,467.44
2026-03-30,Influencer,Macro Campaign Q4,84.16,16248,343,9,566.21
2026-08-15,Email,Flow - Post Purchase,0.0,8069,81,4,235.48
2025-12-11,Influencer,Macro Campaign Q4,104.24,9775,210,2,101.07
2025-11-23,Google Ads,Search - Brand,454.11,15821,475,18,1243.55
2026-04-09,Earned Media,Organic Social Mentions,0.0,11532,252,1,82.29
2026-08-08,Meta Ads,Lookalike - Top Customers,139.33,4351,68,2,139.0
2025-10-03,Email,Flow - Abandoned Cart,0.0,8856,277,23,1408.06
2026-06-03,Earned Media,Press Mentions,0.0,10480,163,1,59.32
2025-11-11,Influencer,Micro-influencers Home&Deco,110.13,4825,45,2,137.08
2026-07-15,Earned Media,Organic Social Mentions,0.0,2546,106,1,60.99
2025-10-10,Influencer,Macro Campaign Q4,141.42,12004,203,2,111.64
2025-10-16,Meta Ads,Lookalike - Top Customers,213.51,13314,437,4,191.92
2026-07-13,Meta Ads,Retargeting - Cart Abandoners,112.58,7296,207,7,314.98
2025-11-16,Google Ads,Shopping - Catalog,368.92,28937,1188,35,3322.47
2025-12-30,Google Ads,Search - Generic,423.24,26863,247,7,508.17
2026-04-07,Email,Flow - Post Purchase,0.0,4067,65,7,476.03
2026-05-09,Google Ads,Shopping - Catalog,303.93,9575,394,8,619.45
2025-09-18,Email,Flow - Post Purchase,0.0,6193,275,21,903.4
2026-04-11,Meta Ads,Prospecting - Broad,243.4,17174,388,7,463.64
2026-01-26,Influencer,Macro Campaign Q4,77.8,17628,450,7,237.64
2026-01-09,Email,Flow - Post Purchase,0.0,10873,178,11,701.29
2026-06-04,meta ads ,Retargeting - Cart Abandoners,133.95,11676,311,9,676.0
2025-11-08,Email,Flow - Abandoned Cart,0.0,11895,427,35,2019.08
2025-12-04,Meta Ads,Prospecting - Broad,216.23,26695,1169,18,824.94
2026-04-03,Influencer,Micro-influencers Home&Deco,92.28,19808,593,6,400.76
2026-08-31,Meta Ads,Lookalike - Top Customers,114.15,8675,190,2,117.8
2026-06-16,Google Ads,Search - Brand,238.27,12005,532,30,1968.28
2026-06-08,Meta Ads,Lookalike - Top Customers,193.11,18335,613,18,1612.7
2026-01-19,Meta Ads,Prospecting - Broad,169.47,12384,204,5,386.06
2025-12-27,Influencer,Micro-influencers Home&Deco,149.21,14678,145,2,78.33
2025-10-20,Meta Ads,Prospecting - Broad,188.26,3662,119,1,64.88
2026-04-03,Google Ads,Search - Generic,219.65,3022,58,1,44.13
2026-08-02,Google Ads,Search - Generic,261.95,9999,368,10,387.58
2026-03-17,Email,Newsletter Weekly,0.0,9502,241,12,831.7
2025-10-30,Meta Ads,Retargeting - Cart Abandoners,126.86,13301,524,14,646.02
2026-05-20,Email,Flow - Post Purchase,0.0,9297,262,26,1390.59
2026-02-16,Influencer,Macro Campaign Q4,64.4,6960,288,1,48.18
2026-07-05,Influencer,Macro Campaign Q4,91.62,4828,161,0,0.0
2025-11-15,Google Ads,Search - Generic,469.92,15971,425,4,332.73
2026-07-06,Email,Newsletter Weekly,0.0,9693,294,13,848.23
2025-12-14,Meta Ads,Lookalike - Top Customers,310.89,5053,123,0,0.0
2026-01-16,Meta Ads,Prospecting - Broad,181.91,6046,193,3,174.07
2025-09-05,Influencer,Macro Campaign Q4,63.29,4973,48,0,0.0
2025-09-05,Earned Media,Press Mentions,0.0,2369,62,0,0.0
2026-01-27,Influencer,Micro-influencers Home&Deco,114.89,18490,709,5,280.78
2026-02-19,Google Ads,Shopping - Catalog,265.35,12578,156,4,297.91
2025-09-13,Meta Ads,Retargeting - Cart Abandoners,126.37,14280,208,14,1032.81
2025-10-04,Influencer,Micro-influencers Home&Deco,92.66,5057,118,2,130.33
2026-02-09,Meta Ads,Retargeting - Cart Abandoners,167.86,17144,333,20,1305.77
2026-04-21,Meta Ads,Prospecting - Broad,137.94,12261,545,12,1020.12
2026-07-23,Earned Media,Press Mentions,0.0,10994,475,2,89.81
2025-12-27,Meta Ads,Lookalike - Top Customers,404.96,21353,937,15,975.9
2026-05-23,Google Ads,Search - Brand,271.22,15598,308,11,547.34
2025-09-17,Google Ads,Shopping - Catalog,236.26,17019,355,11,503.99
2026-01-11,Email,Flow - Abandoned Cart,0.0,9827,78,11,797.77
2026-04-08,Email,Flow - Post Purchase,0.0,9388,222,18,1433.11
2026-06-11,Meta Ads,Lookalike - Top Customers,177.37,15770,290,3,146.76
2026-06-28,Google Ads,Search - Brand,203.49,10405,282,10,708.35
2026-04-01,Influencer,Micro-influencers Home&Deco,63.67,18854,774,7,218.95
2026-08-13,Earned Media,Organic Social Mentions,0.0,4404,41,0,0.0
2026-06-13,Email,Flow - Post Purchase,0.0,7414,166,13,474.17
2026-05-30,Influencer,Macro Campaign Q4,103.78,8590,279,9,615.61
2026-03-29,Meta Ads,Prospecting - Broad,274.23,12946,206,6,256.61
2026-01-27,Earned Media,Press Mentions,0.0,14669,270,4,221.87
2026-07-04,Meta Ads,Prospecting - Broad,128.15,10227,237,3,234.4
2026-01-13,Google Ads,Search - Generic,156.46,7291,255,5,199.39
2026-07-10,Email,Newsletter Weekly,0.0,6059,147,4,211.63
2026-02-09,Influencer,Macro Campaign Q4,70.35,9623,292,5,288.66
2025-09-11,Influencer,Macro Campaign Q4,78.11,5367,200,3,214.57
2026-03-25,Earned Media,Press Mentions,0.0,7067,254,0,0.0
2026-04-20,Google Ads,Shopping - Catalog,296.32,11695,396,15,1132.95
2026-04-10,Google Ads,Search - Generic,278.4,9666,431,12,736.23
2025-12-01,Earned Media,Organic Social Mentions,0.0,17132,765,3,139.86
2026-03-19,Google Ads,Shopping - Catalog,242.68,15956,645,22,1301.52
2025-12-30,Influencer,Micro-influencers Home&Deco,172.06,20596,460,3,121.83
2026-05-23,Earned Media,Organic Social Mentions,0.0,3086,64,0,0.0
2026-07-29,Influencer,Micro-influencers Home&Deco,81.55,5314,176,1,62.51
2026-08-10,Meta Ads,Lookalike - Top Customers,86.41,8307,84,2,90.59
2026-06-10,Meta Ads,Prospecting - Broad,189.32,7111,77,0,0.0
2026-07-06,Meta Ads,Lookalike - Top Customers,94.42,7002,297,8,640.61
2025-11-23,Earned Media,Press Mentions,0.0,13579,609,3,162.34
2025-12-20,Email,Newsletter Weekly,0.0,9142,307,14,1044.05
2025-09-09,Google Ads,Shopping - Catalog,164.01,8876,365,10,448.42
2025-12-20,Earned Media,Organic Social Mentions,0.0,7810,350,3,117.86
2026-07-23,Email,Flow - Post Purchase,0.0,4294,140,12,966.49
2026-03-29,Meta Ads,Retargeting - Cart Abandoners,288.7,4473,178,6,420.16
2025-12-15,Influencer,Macro Campaign Q4,166.33,18109,488,4,265.1
2025-10-24,Meta Ads,Prospecting - Broad,224.94,7777,112,1,62.61
2026-05-21,Earned Media,Press Mentions,0.0,13239,538,2,118.24
2025-11-25,Influencer,Micro-influencers Home&Deco,158.12,13202,285,5,262.11
2026-03-25,Influencer,Macro Campaign Q4,90.7,5982,226,5,302.7
2026-06-17,Meta Ads,Lookalike - Top Customers,183.16,19197,582,11,422.98
2025-10-21,Meta Ads,Lookalike - Top Customers,220.19,13364,452,11,487.04
2026-08-16,Google Ads,Shopping - Catalog,206.11,7024,250,9,688.32
2026-03-13,Meta Ads,Retargeting - Cart Abandoners,289.37,17834,338,12,438.45
2025-10-16,Google Ads,Shopping - Catalog,196.85,18220,595,20,1759.59
2026-06-09,Email,Newsletter Weekly,0.0,8309,335,8,354.46
2025-12-02,Earned Media,Organic Social Mentions,0.0,7604,289,0,0.0
2025-11-08,Earned Media,Press Mentions,0.0,10949,240,3,118.32
2026-04-16,Influencer,Macro Campaign Q4,108.65,16333,688,7,356.88
2026-05-03,Email,Newsletter Weekly,0.0,7568,147,4,121.8
2026-03-09,Google Ads,Shopping - Catalog,192.36,19470,656,17,860.41
2025-09-10,Influencer,Macro Campaign Q4,120.92,12464,363,3,132.94
2025-09-10,Meta Ads,Prospecting - Broad,123.43,10606,293,4,294.7
2025-12-07,Email,Flow - Abandoned Cart,0.0,6840,176,14,1034.75
2026-05-13,Meta Ads,Prospecting - Broad,186.51,14385,616,13,889.71
2026-03-15,Google Ads,Shopping - Catalog,201.06,5196,206,6,364.02
2025-10-10,Email,Flow - Abandoned Cart,0.0,10488,330,25,1040.49
2025-12-23,Meta Ads,Prospecting - Broad,286.62,8022,68,1,63.42
2026-02-08,Influencer,Macro Campaign Q4,118.31,12574,176,1,62.18
2026-07-18,Email,Flow - Post Purchase,0.0,6798,131,8,515.51
2026-06-26,Email,Newsletter Weekly,0.0,8283,330,11,548.76
2026-05-07,Email,Flow - Abandoned Cart,0.0,9767,331,35,2307.64
2025-09-03,Google Ads,Search - Generic,173.82,15379,332,10,662.16
2026-08-16,Google Ads,Search - Generic,150.33,10076,312,4,246.5
2026-06-15,Google Ads,Search - Generic,219.72,9741,416,12,607.36
2026-02-04,Earned Media,Organic Social Mentions,0.0,11549,316,1,60.44
2026-06-12,Influencer,Macro Campaign Q4,119.19,19176,233,4,170.52
2026-06-01,Earned Media,Press Mentions,0.0,11032,231,2,105.96
2025-11-30,Influencer,Macro Campaign Q4,188.22,12128,221,5,329.54
2025-10-05,Email,Flow - Post Purchase,0.0,7277,142,13,457.54
2026-02-06,Google Ads,Search - Brand,264.55,17500,343,17,802.64
2025-11-26,Google Ads,Search - Brand,351.71,6764,225,11,963.3
2026-06-09,Google Ads,Shopping - Catalog,226.1,10183,188,8,527.02
2026-07-21,Google Ads,Search - Generic,228.37,4739,149,4,151.46
2025-09-25,Earned Media,Organic Social Mentions,0.0,7296,110,0,0.0
2026-08-04,Email,Flow - Post Purchase,0.0,5225,133,12,1003.52
2025-11-03,Google Ads,Search - Generic,232.94,9420,119,1,69.49
2025-12-01,Influencer,Macro Campaign Q4,89.61,11509,287,4,366.08
2025-10-06,Meta Ads,Retargeting - Cart Abandoners,149.53,19339,433,17,1111.89
2025-11-09,Email,Flow - Abandoned Cart,0.0,9915,316,21,966.19
2026-03-16,Google Ads,Search - Brand,302.48,14426,197,7,212.12
2025-09-23,Google Ads,Search - Brand,256.79,4816,139,5,196.62
2026-08-25,Earned Media,Organic Social Mentions,0.0,2856,39,0,0.0
2026-03-28,Meta Ads,Retargeting - Cart Abandoners,129.01,3688,113,6,471.1
2025-11-20,Earned Media,Organic Social Mentions,0.0,22009,844,7,216.2
2026-06-30,Google Ads,Shopping - Catalog,287.27,14706,268,7,536.87
2025-12-09,Google Ads,Search - Generic,267.4,5827,185,4,208.39
2026-05-31,Earned Media,Press Mentions,0.0,1994,52,0,0.0
2026-06-09,Meta Ads,Lookalike - Top Customers,212.27,11499,334,7,262.33
2026-06-21,Earned Media,Press Mentions,0.0,4831,85,0,0.0
2026-04-18,Email,Flow - Post Purchase,0.0,7667,68,5,221.44
2026-05-10,Email,Newsletter Weekly,0.0,6053,147,6,439.58
2025-09-11,Email,Newsletter Weekly,0.0,6870,277,9,490.48
2026-03-08,Meta Ads,Lookalike - Top Customers,285.55,3291,141,2,105.72
2025-12-19,Google Ads,Search - Brand,430.97,24231,1015,60,3559.19
2026-06-05,Meta Ads,Lookalike - Top Customers,197.94,19715,373,5,300.93
2026-07-14,Influencer,Micro-influencers Home&Deco,65.91,4574,137,2,116.69
2025-11-01,Email,Flow - Post Purchase,0.0,7819,236,20,1196.7
2026-05-30,Google Ads,Search - Generic,347.53,10834,417,13,658.85
2026-03-16,Email,Flow - Post Purchase,0.0,9469,155,12,859.28
2025-11-05,Email,Flow - Abandoned Cart,0.0,8516,277,24,1064.94
2025-10-11,Earned Media,Organic Social Mentions,0.0,6494,233,3,178.22
2026-03-09,Email,Flow - Abandoned Cart,0.0,4436,89,7,342.17
2026-04-01,Email,Flow - Post Purchase,0.0,7269,72,6,375.96
2026-01-15,Email,Flow - Post Purchase,0.0,11406,474,35,2970.12
2026-06-05,Google Ads,Shopping - Catalog,296.83,14606,418,8,396.73
2025-11-16,Google Ads,Search - Brand,439.09,16451,148,9,382.4
2026-01-18,Email,Flow - Abandoned Cart,0.0,9956,97,6,429.09
2026-07-26,Google Ads,Shopping - Catalog,232.37,5853,168,4,228.33
2025-10-17,Google Ads,Shopping - Catalog,288.15,6047,203,4,252.11
2025-10-12,Email,Newsletter Weekly,0.0,8729,129,3,54.0
2026-05-14,meta ads ,Retargeting - Cart Abandoners,188.5,9160,290,10,490.67
2026-08-18,Google Ads,Search - Generic,184.23,8056,204,5,281.33
2026-07-19,Email,Newsletter Weekly,0.0,5841,189,4,195.19
2025-12-09,Meta Ads,Lookalike - Top Customers,380.34,30096,667,12,826.7
2026-01-18,Google Ads,Shopping - Catalog,256.94,12565,539,12,881.09
2025-09-03,Email,Flow - Post Purchase,0.0,5100,105,5,346.95
2026-03-23,Email,Newsletter Weekly,0.0,6607,190,4,329.37
2026-06-12,Email,Newsletter Weekly,0.0,6318,93,4,292.67
2025-10-28,Meta Ads,Lookalike - Top Customers,115.29,3669,107,1,68.36
2026-03-15,Meta Ads,Lookalike - Top Customers,256.07,8655,259,4,274.15
2026-03-03,Influencer,Macro Campaign Q4,64.86,17211,733,6,472.13
2025-11-09,Email,Newsletter Weekly,0.0,5340,104,3,180.7
2025-09-21,Meta Ads,Lookalike - Top Customers,151.86,5849,54,1,53.5
2025-11-22,Influencer,Macro Campaign Q4,131.63,26520,317,5,274.68
2026-06-08,Earned Media,Organic Social Mentions,0.0,13358,326,2,79.24
2026-04-04,Earned Media,Press Mentions,0.0,7410,94,0,0.0
2026-07-31,Influencer,Micro-influencers Home&Deco,95.49,9571,108,3,208.33
2026-02-10,Influencer,Macro Campaign Q4,118.43,14461,225,5,242.14
2026-04-15,Meta Ads,Prospecting - Broad,187.58,12580,443,6,421.89
2026-03-17,Influencer,Macro Campaign Q4,110.84,6049,176,6,450.72
2026-03-04,Influencer,Macro Campaign Q4,84.23,13425,485,6,398.32
2026-02-10,Email,Flow - Abandoned Cart,0.0,9742,401,44,2313.65
2025-09-10,Google Ads,Search - Generic,207.97,5168,95,2,131.09
2025-10-31,Influencer,Micro-influencers Home&Deco,110.58,12203,136,0,0.0
2025-09-14,Earned Media,Organic Social Mentions,0.0,5159,149,1,39.08
2026-06-02,Email,Flow - Post Purchase,0.0,11232,103,8,392.54
2026-05-07,Meta Ads,Lookalike - Top Customers,169.48,18335,588,10,546.72
2026-08-29,Earned Media,Press Mentions,0.0,3687,102,1,56.39
2026-04-27,Influencer,Macro Campaign Q4,81.22,16865,246,1,46.82
2026-02-14,Influencer,Macro Campaign Q4,119.23,19513,216,5,270.69
2026-03-13,Google Ads,Search - Brand,323.03,16810,430,26,1223.78
2025-09-09,Email,Flow - Abandoned Cart,0.0,4709,58,4,187.6
2026-01-21,Google Ads,Search - Brand,245.69,19539,196,10,944.96
2025-12-03,Meta Ads,Prospecting - Broad,388.0,25644,829,18,1061.15
2025-12-25,Google Ads,Search - Generic,424.24,11800,397,6,430.19
2025-10-27,Meta Ads,Retargeting - Cart Abandoners,245.97,6747,275,17,990.38
2026-08-18,Earned Media,Organic Social Mentions,0.0,7129,73,0,0.0
2026-08-06,Meta Ads,Retargeting - Cart Abandoners,143.14,11204,443,26,2544.31
2025-12-29,Email,Flow - Post Purchase,0.0,10628,395,31,2342.82
2026-01-28,Influencer,Macro Campaign Q4,80.28,18376,489,5,396.98
2026-05-27,Email,Flow - Abandoned Cart,0.0,7685,333,24,1322.62
2025-09-16,Google Ads,Search - Brand,202.74,11157,348,22,758.0
2026-05-17,Influencer,Macro Campaign Q4,90.37,19836,344,4,157.75
2025-10-13,Meta Ads,Retargeting - Cart Abandoners,154.84,15114,577,20,970.28
2025-09-08,Influencer,Macro Campaign Q4,91.46,16129,439,8,380.17
2026-05-12,Influencer,Macro Campaign Q4,121.28,7089,128,3,276.44
2025-12-17,Meta Ads,Prospecting - Broad,262.74,16109,408,6,265.8
2025-10-14,Google Ads,Shopping - Catalog,291.47,3206,105,1,33.13
2026-04-22,Earned Media,Organic Social Mentions,0.0,13423,592,4,287.74
2025-10-24,Google Ads,Shopping - Catalog,340.68,7513,230,7,491.18
2026-08-08,Meta Ads,Retargeting - Cart Abandoners,164.36,14585,646,26,1337.52
2025-12-14,Meta Ads,Retargeting - Cart Abandoners,435.88,31239,1243,43,2045.41
2026-01-13,Email,Newsletter Weekly,0.0,10440,226,9,411.57
2025-11-25,Email,Flow - Post Purchase,0.0,10320,317,18,1112.25
2025-10-28,Email,Flow - Abandoned Cart,0.0,5808,222,24,1354.82
2026-04-10,Email,Flow - Abandoned Cart,0.0,4099,58,7,454.63
2026-07-01,meta ads ,Prospecting - Broad,140.15,11318,450,13,800.02
2026-02-07,Meta Ads,Lookalike - Top Customers,240.58,3714,154,3,168.98
2026-08-25,Meta Ads,Prospecting - Broad,92.77,10973,145,3,220.41
2025-12-14,Earned Media,Organic Social Mentions,0.0,12891,363,1,52.63
2025-10-25,Meta Ads,Lookalike - Top Customers,238.64,7617,114,1,46.29
2025-10-22,Google Ads,Shopping - Catalog,217.86,4398,109,2,82.8
2026-06-24,Google Ads,Search - Brand,184.19,17176,242,7,555.94
2026-07-27,Email,Flow - Abandoned Cart,0.0,7186,144,14,1018.53
2025-11-25,Earned Media,Press Mentions,0.0,21933,246,3,194.58
2026-01-31,Email,Newsletter Weekly,0.0,11666,132,3,176.37
2026-07-24,Meta Ads,Retargeting - Cart Abandoners,215.23,12895,332,18,843.62
2026-04-19,Google Ads,Shopping - Catalog,340.83,5451,84,1,54.27
2026-01-09,Meta Ads,Prospecting - Broad,184.97,4426,43,0,0.0
2025-11-13,Meta Ads,Prospecting - Broad,384.89,5126,145,4,214.06
2026-07-26,Earned Media,Organic Social Mentions,0.0,2808,48,0,0.0
2025-10-06,Meta Ads,Prospecting - Broad,235.93,13250,511,16,979.29
2026-08-17,Earned Media,Organic Social Mentions,0.0,8363,144,2,169.66
2026-02-25,Google Ads,Search - Generic,276.93,19689,456,15,1386.96
2026-06-13,Earned Media,Organic Social Mentions,0.0,10805,137,0,0.0
2026-04-08,Email,Flow - Abandoned Cart,0.0,4633,57,3,177.27
2025-10-26,Earned Media,Organic Social Mentions,0.0,12582,120,0,0.0
2026-02-24,Meta Ads,Prospecting - Broad,196.42,17634,632,12,466.43
2025-11-11,Google Ads,Search - Generic,400.93,17049,608,15,750.5
2025-11-03,Google Ads,Search - Brand,363.62,22359,216,16,818.69
2026-08-30,Meta Ads,Retargeting - Cart Abandoners,158.59,2475,26,0,0.0
2026-01-02,Meta Ads,Lookalike - Top Customers,275.66,4547,145,2,109.74
2025-09-16,Meta Ads,Retargeting - Cart Abandoners,111.51,17791,156,9,611.89
2026-06-27,Meta Ads,Prospecting - Broad,129.02,18826,811,21,1676.8
2026-03-09,Google Ads,Search - Brand,299.3,13631,521,28,1320.28
2026-08-31,Google Ads,Shopping - Catalog,117.94,8172,353,9,563.28
2026-03-23,Earned Media,Organic Social Mentions,0.0,12437,150,2,66.54
2025-12-31,Influencer,Macro Campaign Q4,163.99,7928,267,3,159.53
2025-12-16,Google Ads,Search - Generic,359.69,15755,469,8,324.02
2026-07-13,Meta Ads,Prospecting - Broad,152.02,5180,61,0,0.0
2026-04-18,Email,Newsletter Weekly,0.0,8713,302,13,492.91
2025-10-26,Meta Ads,Retargeting - Cart Abandoners,219.86,9106,350,18,498.59
2026-02-11,Meta Ads,Prospecting - Broad,143.32,19418,161,5,351.09
2026-01-08,Email,Newsletter Weekly,0.0,9150,185,8,532.52
2026-04-18,Meta Ads,Lookalike - Top Customers,138.05,7646,145,3,231.8
2026-05-12,Google Ads,Search - Generic,206.25,3325,147,3,142.76
2026-05-16,Google Ads,Shopping - Catalog,226.64,15555,293,9,400.27
2026-03-02,Influencer,Macro Campaign Q4,89.29,3490,36,0,0.0
2025-10-19,Earned Media,Organic Social Mentions,0.0,1436,25,0,0.0
2025-10-04,Meta Ads,Retargeting - Cart Abandoners,130.28,4836,99,6,388.33
2025-10-26,Google Ads,Shopping - Catalog,213.19,18853,233,10,627.05
2025-11-01,Meta Ads,Lookalike - Top Customers,377.74,15569,560,10,752.2
2026-02-01,Meta Ads,Prospecting - Broad,156.28,6542,212,7,318.74
2026-07-03,Meta Ads,Lookalike - Top Customers,151.58,5803,127,2,63.98
2026-02-10,Earned Media,Organic Social Mentions,0.0,4943,150,2,93.79
2025-09-21,Email,Flow - Abandoned Cart,0.0,8124,211,19,1194.17
2026-08-28,Influencer,Micro-influencers Home&Deco,50.07,14339,221,2,49.22
2026-03-07,Google Ads,Search - Brand,264.75,3962,56,2,142.75
2026-05-31,Email,Flow - Abandoned Cart,0.0,10217,360,39,2384.63
2025-12-03,Meta Ads,Retargeting - Cart Abandoners,321.99,31155,1072,57,3366.18
2025-09-08,Email,Flow - Post Purchase,0.0,5033,217,18,1200.96
2026-04-03,Influencer,Macro Campaign Q4,131.28,15407,550,4,295.08
2025-09-22,Email,Newsletter Weekly,0.0,6986,114,1,27.85
2025-10-18,Email,Flow - Post Purchase,0.0,11744,122,11,782.87
2026-02-15,Meta Ads,Lookalike - Top Customers,217.73,17635,677,8,643.83
2025-10-10,Google Ads,Shopping - Catalog,262.0,19367,209,5,243.65
2026-04-23,Email,Flow - Post Purchase,0.0,9023,404,28,1915.71
2026-08-06,Earned Media,Organic Social Mentions,0.0,7459,301,2,130.05
2026-08-08,Earned Media,Press Mentions,0.0,4404,123,0,0.0
2025-12-25,Earned Media,Press Mentions,0.0,2517,85,0,0.0
2026-04-01,Influencer,Macro Campaign Q4,78.73,13429,154,1,62.28
2026-06-22,Earned Media,Organic Social Mentions,0.0,8423,155,0,0.0
2025-12-07,Meta Ads,Retargeting - Cart Abandoners,218.35,31805,734,32,1614.64
2025-11-15,Earned Media,Organic Social Mentions,0.0,19073,485,2,109.1
2025-10-06,Google Ads,Shopping - Catalog,156.5,10548,328,9,558.77
2026-01-12,Meta Ads,Lookalike - Top Customers,241.54,9844,403,6,324.4
2026-03-31,Email,Flow - Abandoned Cart,0.0,9593,303,25,1713.45
2025-12-12,Earned Media,Press Mentions,0.0,4569,167,0,0.0
2026-01-17,Earned Media,Organic Social Mentions,0.0,11382,253,1,71.92
2026-02-01,Earned Media,Organic Social Mentions,0.0,2948,23,0,0.0
2026-08-13,Meta Ads,Retargeting - Cart Abandoners,94.5,9900,216,12,830.14
2026-05-04,Earned Media,Organic Social Mentions,0.0,10265,396,3,197.49
2025-09-28,Email,Flow - Post Purchase,0.0,10439,187,19,1423.43
2025-11-08,Google Ads,Search - Brand,382.3,8040,216,10,603.53
2026-07-09,Earned Media,Press Mentions,0.0,9465,135,0,0.0
2025-11-04,Influencer,Micro-influencers Home&Deco,156.68,18078,233,2,139.19
2026-05-05,Earned Media,Organic Social Mentions,0.0,5548,150,1,71.08
2025-10-11,Email,Flow - Abandoned Cart,0.0,7991,67,1,41.16
2026-08-21,Email,Newsletter Weekly,0.0,9021,204,2,149.55
2026-07-13,Earned Media,Organic Social Mentions,0.0,3135,63,0,0.0
2026-06-13,Google Ads,Search - Brand,192.87,10280,346,18,923.8
2025-12-28,Earned Media,Press Mentions,0.0,14835,619,5,205.29
2025-09-11,Google Ads,Search - Generic,262.44,12766,499,10,496.77
2026-05-19,Email,Flow - Abandoned Cart,0.0,8312,311,30,1659.52
2026-01-23,Meta Ads,Retargeting - Cart Abandoners,204.57,17113,738,32,1749.04
2026-05-07,Earned Media,Organic Social Mentions,0.0,13812,569,7,354.58
2026-06-30,Influencer,Micro-influencers Home&Deco,108.84,11523,468,2,74.92
2026-01-18,Meta Ads,Prospecting - Broad,132.08,9552,132,3,184.7
2025-10-11,Google Ads,Search - Generic,190.28,16474,685,26,1517.71
2026-07-22,Email,Newsletter Weekly,0.0,4374,122,3,130.26
2025-11-10,Meta Ads,Prospecting - Broad,316.9,26784,282,4,290.02
2026-04-13,Google Ads,Shopping - Catalog,280.6,16019,352,10,
2025-10-09,Influencer,Micro-influencers Home&Deco,96.85,3168,79,3,72.78
2025-12-11,Email,Flow - Abandoned Cart,0.0,11438,296,24,1462.53
2025-09-10,Email,Flow - Abandoned Cart,0.0,6280,90,11,645.47
2025-11-11,Influencer,Macro Campaign Q4,183.06,19777,270,4,165.5
2026-03-29,Email,Flow - Abandoned Cart,0.0,4398,120,5,360.77
2026-02-10,Meta Ads,Prospecting - Broad,228.47,7228,173,4,138.75
2026-06-25,Google Ads,Search - Generic,168.28,7267,106,4,260.44
2026-05-23,Meta Ads,Prospecting - Broad,219.14,14706,295,6,269.47
2025-12-01,Meta Ads,Prospecting - Broad,280.32,6233,58,1,65.93
2026-01-23,Influencer,Micro-influencers Home&Deco,76.76,3484,145,0,0.0
2026-07-08,Google Ads,Search - Brand,100.9,13061,453,23,1004.79
2026-07-13,Email,Flow - Post Purchase,0.0,11972,514,45,2572.07
2026-05-24,Earned Media,Organic Social Mentions,0.0,8072,319,3,168.11
2026-05-24,Influencer,Macro Campaign Q4,97.87,9602,417,7,407.53
2025-10-23,Email,Flow - Post Purchase,0.0,5235,136,10,506.33
2026-08-01,Email,Flow - Post Purchase,0.0,7679,251,17,834.92
2025-11-03,Email,Flow - Post Purchase,0.0,6682,97,4,213.89
2025-12-07,Meta Ads,Prospecting - Broad,427.07,17777,796,16,711.78
2026-08-20,Earned Media,Organic Social Mentions,0.0,10585,399,3,177.99
2025-12-26,Email,Newsletter Weekly,0.0,5710,67,3,190.62
2025-10-19,Email,Flow - Post Purchase,0.0,9538,169,19,723.75
2026-05-19,Influencer,Macro Campaign Q4,67.18,10458,393,4,257.72
2026-08-23,Earned Media,Press Mentions,0.0,4297,102,0,0.0
2026-07-09,Email,Newsletter Weekly,0.0,4698,162,9,306.93
2026-05-21,Email,Newsletter Weekly,0.0,6506,152,3,137.7
2025-11-14,Meta Ads,Prospecting - Broad,351.25,8230,242,6,428.81
2026-08-23,Meta Ads,Lookalike - Top Customers,120.88,3097,55,1,86.89
2025-12-08,Google Ads,Search - Brand,271.33,23189,533,35,2294.02
2025-12-28,Influencer,Macro Campaign Q4,193.44,23223,206,2,150.36
2025-10-28,Google Ads,Search - Generic,235.55,9760,429,12,689.69
2026-06-16,Email,Flow - Post Purchase,0.0,9678,207,11,568.67
2026-04-22,Meta Ads,Retargeting - Cart Abandoners,148.51,13120,439,17,400.42
2026-06-15,Email,Flow - Post Purchase,0.0,10872,368,21,1273.41
2026-02-02,Meta Ads,Retargeting - Cart Abandoners,110.01,16120,650,28,1424.05
2025-11-25,Influencer,Macro Campaign Q4,195.51,15855,579,7,527.84
2025-11-01,Earned Media,Press Mentions,0.0,14524,301,3,139.72
2026-07-21,Earned Media,Organic Social Mentions,0.0,1738,70,0,0.0
2025-10-11,Influencer,Micro-influencers Home&Deco,132.32,15390,177,2,85.64
2026-05-13,Google Ads,Search - Brand,201.39,10959,455,30,1797.2
2025-09-16,Google Ads,Shopping - Catalog,182.55,8037,133,1,30.93
2025-10-05,Earned Media,Organic Social Mentions,0.0,11586,289,1,56.69
2026-08-30,Influencer,Macro Campaign Q4,101.85,6784,106,1,77.93
2025-12-21,Meta Ads,Retargeting - Cart Abandoners,341.1,27669,255,9,482.89
2026-03-07,Google Ads,Shopping - Catalog,258.65,6670,271,4,297.04
2026-07-22,Meta Ads,Retargeting - Cart Abandoners,87.63,5400,218,13,813.79
2025-10-04,Earned Media,Press Mentions,0.0,9905,413,3,190.02
2026-05-14,Google Ads,Search - Generic,135.3,9657,103,3,129.14
2026-01-20,Earned Media,Press Mentions,0.0,10499,161,1,56.3
2025-10-04,Google Ads,Search - Brand,276.69,4935,102,5,288.7
2026-07-26,Meta Ads,Prospecting - Broad,161.71,4942,44,1,67.39
2026-01-24,Email,Flow - Post Purchase,0.0,8898,306,23,2029.24
2026-03-21,Influencer,Macro Campaign Q4,115.64,8962,162,2,95.07
2026-05-18,Google Ads,Search - Generic,205.79,7950,301,8,271.13
2026-05-23,Influencer,Micro-influencers Home&Deco,87.07,4363,186,2,69.43
2026-08-02,Earned Media,Organic Social Mentions,0.0,2405,43,0,0.0
2026-05-27,Google Ads,Search - Generic,267.5,12319,344,6,445.21
2025-11-15,Influencer,Micro-influencers Home&Deco,108.47,19752,462,8,522.97
2026-02-21,Google Ads,Shopping - Catalog,343.43,4707,64,4,253.22
2026-05-11,Email,Flow - Abandoned Cart,0.0,5840,63,8,324.85
2026-03-09,Earned Media,Organic Social Mentions,0.0,8725,103,0,0.0
2026-07-25,Google Ads,Search - Brand,175.99,5197,229,11,637.44
2026-03-30,Meta Ads,Prospecting - Broad,249.47,4019,104,3,188.27
2025-11-03,Meta Ads,Lookalike - Top Customers,184.02,7465,71,0,0.0
2026-01-06,Email,Newsletter Weekly,0.0,5935,239,3,149.08
2026-02-26,Earned Media,Organic Social Mentions,0.0,12628,267,1,35.0
2025-11-20,Influencer,Macro Campaign Q4,95.27,23044,884,8,595.43
2026-07-09,Email,Flow - Post Purchase,0.0,9806,423,32,1525.42
2025-09-29,Earned Media,Organic Social Mentions,0.0,14487,416,5,282.33
2025-10-16,Email,Flow - Abandoned Cart,0.0,11490,119,12,615.52
2026-04-11,Meta Ads,Lookalike - Top Customers,187.35,16008,482,13,456.38
2026-01-02,Google Ads,Search - Brand,233.9,14552,152,8,532.87
2026-07-11,Google Ads,Search - Generic,167.77,2842,24,0,0.0
2026-02-23,Google Ads,Shopping - Catalog,294.47,7579,337,11,989.16
2025-11-20,Meta Ads,Prospecting - Broad,336.46,7860,276,4,153.76
2026-01-13,Email,Flow - Abandoned Cart,0.0,8929,213,14,945.35
2026-01-29,Google Ads,Shopping - Catalog,173.77,7907,337,12,803.78
2026-07-26,Google Ads,Search - Generic,217.52,13086,209,7,425.72
2025-09-29,Google Ads,Shopping - Catalog,155.49,4370,152,4,72.0
2026-07-05,Earned Media,Organic Social Mentions,0.0,2649,39,0,0.0
2025-09-22,Influencer,Macro Campaign Q4,112.53,15208,659,3,197.68
2025-11-07,Meta Ads,Prospecting - Broad,423.7,15228,216,6,499.75
2026-03-23,Meta Ads,Prospecting - Broad,135.32,8743,95,1,60.73
2025-09-28,Google Ads,Search - Brand,345.71,9254,185,6,408.68
2026-03-01,Google Ads,Shopping - Catalog,182.05,12862,417,14,740.82
2026-03-03,Earned Media,Organic Social Mentions,0.0,5595,77,0,0.0
2025-09-25,Meta Ads,Lookalike - Top Customers,221.76,8179,89,1,65.51
2026-07-26,Meta Ads,Retargeting - Cart Abandoners,147.15,3010,76,3,126.16
2026-01-25,Google Ads,Search - Brand,273.39,14591,653,32,1845.12
2026-01-30,Google Ads,Search - Brand,267.59,17501,661,30,1004.37
2026-05-25,Meta Ads,Lookalike - Top Customers,180.56,5647,71,0,0.0
2026-03-18,Meta Ads,Lookalike - Top Customers,248.71,16541,385,4,211.16
2026-04-26,Meta Ads,Retargeting - Cart Abandoners,263.88,9140,161,9,512.0
2026-08-06,Email,Flow - Post Purchase,0.0,11583,94,13,837.8
2026-06-21,Meta Ads,Retargeting - Cart Abandoners,163.92,17659,547,27,1213.49
2026-06-10,Earned Media,Organic Social Mentions,0.0,10594,246,1,70.43
2025-10-06,Google Ads,Search - Brand,278.72,10487,201,8,322.72
2026-03-18,Google Ads,Search - Brand,165.32,6595,188,12,743.19
2026-08-03,Influencer,Macro Campaign Q4,50.15,8411,350,3,168.84
2025-09-29,Earned Media,Press Mentions,0.0,5862,242,0,0.0
2026-02-17,Email,Flow - Abandoned Cart,0.0,7947,231,19,761.04
2025-11-07,Earned Media,Organic Social Mentions,0.0,8787,264,6,278.43
2025-10-24,Meta Ads,Lookalike - Top Customers,236.38,12618,534,9,617.5
2026-06-18,Email,Flow - Post Purchase,0.0,9351,226,19,1321.7
2026-01-08,Earned Media,Press Mentions,0.0,11148,269,2,80.13
2026-08-27,Email,Flow - Post Purchase,0.0,4048,139,8,422.51
2025-11-09,Meta Ads,Retargeting - Cart Abandoners,366.94,8168,86,6,388.74
2025-09-25,Google Ads,Shopping - Catalog,208.12,8300,221,6,352.54
2026-05-26,Email,Flow - Abandoned Cart,0.0,10969,162,10,523.84
2025-12-18,Influencer,Macro Campaign Q4,108.5,6465,193,6,287.81
2026-07-24,Meta Ads,Lookalike - Top Customers,136.33,12269,199,5,222.41
2026-04-04,Meta Ads,Lookalike - Top Customers,220.12,10932,257,7,458.14
2026-06-18,Earned Media,Organic Social Mentions,0.0,6780,228,1,68.33
2026-08-24,Earned Media,Press Mentions,0.0,2798,54,0,0.0
2026-07-10,Meta Ads,Retargeting - Cart Abandoners,167.97,13095,127,7,420.03
2026-06-11,Meta Ads,Prospecting - Broad,195.42,7954,335,6,421.59
2025-10-13,Meta Ads,Prospecting - Broad,140.3,14271,505,12,406.06
2026-06-14,Meta Ads,Retargeting - Cart Abandoners,189.26,11494,316,15,845.18
2026-06-12,Meta Ads,Retargeting - Cart Abandoners,158.06,3994,112,6,
2026-07-04,Meta Ads,Lookalike - Top Customers,119.5,11664,502,3,257.3
2026-08-15,Email,Flow - Abandoned Cart,0.0,7510,135,8,412.61
2026-08-12,Email,Newsletter Weekly,0.0,6389,123,6,376.52
2026-08-22,Google Ads,Shopping - Catalog,146.66,8417,365,13,955.65
2026-07-15,Influencer,Micro-influencers Home&Deco,66.94,3388,120,3,145.65
2026-05-27,Earned Media,Organic Social Mentions,0.0,7487,181,2,116.6
2025-09-10,Email,Flow - Post Purchase,0.0,11859,144,11,510.03
2026-05-24,Email,Flow - Post Purchase,0.0,6055,117,10,678.71
2026-04-13,Google Ads,Search - Generic,282.7,19330,646,16,968.2
2026-07-13,Influencer,Macro Campaign Q4,42.21,14068,477,5,353.73
2026-07-08,Email,Flow - Post Purchase,0.0,6394,101,8,549.24
2025-11-29,Meta Ads,Prospecting - Broad,234.66,8761,296,6,429.3
2026-07-17,Email,Newsletter Weekly,0.0,11363,270,10,636.44
2026-06-29,Influencer,Micro-influencers Home&Deco,86.46,12497,101,1,63.87
2026-03-05,Google Ads,Search - Generic,188.96,11182,336,8,537.7
2025-12-19,Google Ads,Shopping - Catalog,266.9,10022,391,13,924.85
2025-11-29,Meta Ads,Retargeting - Cart Abandoners,406.12,30299,1018,43,2238.32
2026-06-11,Google Ads,Search - Generic,287.87,15837,476,6,503.2
2026-05-11,Google Ads,Search - Generic,198.81,13856,193,11,795.3
2026-07-15,Google Ads,Shopping - Catalog,195.53,14075,503,13,819.26
2025-10-10,Meta Ads,Prospecting - Broad,209.97,8917,193,0,0.0
2026-03-21,Email,Flow - Post Purchase,0.0,7419,205,22,1236.18
2025-09-19,Influencer,Macro Campaign Q4,90.21,16852,184,4,305.77
2025-11-29,Earned Media,Press Mentions,0.0,17730,198,1,50.97
2026-02-27,Meta Ads,Retargeting - Cart Abandoners,242.55,11964,494,18,1051.09
2026-07-30,Meta Ads,Prospecting - Broad,186.37,14206,338,7,387.53
2026-04-29,Google Ads,Search - Brand,164.17,18229,647,27,1114.49
2026-04-08,Earned Media,Press Mentions,0.0,8601,271,2,78.78
2025-09-24,Meta Ads,Retargeting - Cart Abandoners,135.63,8497,139,5,292.39
2026-06-10,Influencer,Micro-influencers Home&Deco,79.75,3016,113,3,238.99
2026-07-23,Meta Ads,Lookalike - Top Customers,122.51,13114,479,9,313.73
2026-08-13,Earned Media,Press Mentions,0.0,3713,67,1,33.32
2026-06-04,Earned Media,Organic Social Mentions,0.0,14741,458,3,205.93
2026-05-03,Meta Ads,Retargeting - Cart Abandoners,145.92,13072,429,11,756.19
2026-05-06,Google Ads,Search - Generic,214.61,18860,653,12,700.62
2026-02-03,Email,Newsletter Weekly,0.0,9586,230,6,310.06
2026-04-19,Meta Ads,Retargeting - Cart Abandoners,238.07,8937,240,15,1007.21
2025-11-27,Influencer,Micro-influencers Home&Deco,175.78,14013,404,3,159.08
2026-04-24,Earned Media,Organic Social Mentions,0.0,12313,309,1,70.74
2026-05-05,Email,Flow - Abandoned Cart,0.0,7594,311,30,2157.65
2026-07-17,Influencer,Macro Campaign Q4,74.29,13065,267,5,167.63
2026-06-02,Email,Newsletter Weekly,0.0,7953,72,3,205.67
2026-01-07,Email,Newsletter Weekly,0.0,9858,362,17,1520.05
2026-03-17,Meta Ads,Retargeting - Cart Abandoners,216.26,10644,326,15,270.0
2026-05-03,Email,Flow - Post Purchase,0.0,9362,387,25,2266.56
2026-03-30,Google Ads,Search - Brand,237.54,12633,406,18,496.47
2025-10-01,Email,Newsletter Weekly,0.0,11737,275,17,1259.4
2025-11-11,Google Ads,Shopping - Catalog,389.94,9870,352,10,488.38
2026-03-03,Email,Flow - Abandoned Cart,0.0,9982,226,15,1042.83
2025-09-22,Email,Flow - Post Purchase,0.0,7833,70,5,267.26
2026-05-21,Meta Ads,Lookalike - Top Customers,206.17,18500,713,12,463.51
2025-10-27,Email,Flow - Post Purchase,0.0,7201,266,19,1540.76
2026-02-14,Influencer,Micro-influencers Home&Deco,124.74,4879,190,2,95.59
2025-09-27,Meta Ads,Retargeting - Cart Abandoners,227.64,9492,148,3,142.21
2026-05-22,Email,Newsletter Weekly,0.0,9281,187,9,575.6
2025-10-06,Email,Newsletter Weekly,0.0,8965,138,4,282.37
2025-11-09,Meta Ads,Prospecting - Broad,283.61,9268,342,3,129.54
2026-03-02,Earned Media,Organic Social Mentions,0.0,10496,380,7,306.76
2025-09-14,Influencer,Micro-influencers Home&Deco,134.46,13156,397,6,193.37
2026-07-23,Email,Flow - Abandoned Cart,0.0,7445,246,16,716.22
2026-01-09,Earned Media,Organic Social Mentions,0.0,11116,173,0,0.0
2026-04-28,Google Ads,Search - Brand,207.18,7063,152,8,332.26
2025-11-22,Meta Ads,Retargeting - Cart Abandoners,348.31,11663,488,17,664.1
2025-11-01,Influencer,Micro-influencers Home&Deco,152.55,13995,177,2,130.17
2025-11-03,Meta Ads,Prospecting - Broad,366.14,8752,233,1,53.26
2026-03-23,Google Ads,Search - Generic,286.93,19390,387,13,723.56
2026-02-03,Meta Ads,Lookalike - Top Customers,169.41,13305,381,8,460.36
2025-09-16,Earned Media,Press Mentions,0.0,13373,566,9,474.95
2025-11-20,Earned Media,Press Mentions,0.0,7047,199,0,0.0
2025-10-05,Influencer,Micro-influencers Home&Deco,80.14,19796,490,7,530.7
2025-12-13,Meta Ads,Lookalike - Top Customers,307.6,21914,742,15,988.27
2026-02-01,Earned Media,Press Mentions,0.0,8907,226,0,0.0
2025-11-12,Google Ads,Search - Brand,390.11,10144,160,4,334.93
2025-09-06,Google Ads,Search - Generic,166.21,8422,330,4,197.13
2026-01-15,meta ads ,Lookalike - Top Customers,149.85,8057,152,4,186.02
2026-01-07,Email,Flow - Abandoned Cart,0.0,7550,219,18,357.06
2026-04-09,Google Ads,Shopping - Catalog,209.2,3294,147,4,126.78
2025-12-07,Influencer,Macro Campaign Q4,226.75,13309,154,2,108.3
2025-12-11,Earned Media,Organic Social Mentions,0.0,18137,370,3,216.97
2025-10-14,Earned Media,Organic Social Mentions,0.0,10863,256,1,45.06
2025-09-10,Meta Ads,Retargeting - Cart Abandoners,146.77,9413,82,2,
2026-05-02,Email,Flow - Abandoned Cart,0.0,5341,51,7,587.8
2026-06-10,Email,Flow - Abandoned Cart,0.0,11852,452,39,2299.94
2026-08-30,Email,Flow - Post Purchase,0.0,11809,403,39,1499.84
2026-02-16,meta ads ,Retargeting - Cart Abandoners,113.4,18602,244,10,729.13
2025-11-06,Meta Ads,Prospecting - Broad,263.48,8355,274,6,232.68
2026-06-30,Google Ads,Search - Brand,225.74,6813,119,7,467.66
2026-02-03,Meta Ads,Retargeting - Cart Abandoners,140.97,11952,295,13,695.44
2025-09-23,Influencer,Macro Campaign Q4,55.7,13913,423,5,250.98
2025-09-22,Google Ads,Search - Brand,189.56,14349,543,31,1668.86
2025-12-14,Email,Newsletter Weekly,0.0,11231,223,8,415.41
2026-02-25,Influencer,Micro-influencers Home&Deco,84.09,7960,289,5,257.35
2026-05-23,Email,Newsletter Weekly,0.0,4788,137,2,100.52
2025-11-16,Earned Media,Organic Social Mentions,0.0,23897,445,3,73.54
2025-12-25,Meta Ads,Prospecting - Broad,223.42,16731,617,14,611.87
2026-01-15,Email,Newsletter Weekly,0.0,7041,283,11,836.49
2026-03-05,Google Ads,Shopping - Catalog,236.28,8062,81,0,0.0
2025-12-03,Google Ads,Search - Brand,214.03,10099,264,19,773.86
2026-08-26,Email,Flow - Abandoned Cart,0.0,9358,373,22,1672.1
2025-09-15,Earned Media,Press Mentions,0.0,2077,70,0,0.0
2026-04-07,Earned Media,Press Mentions,0.0,5793,103,3,265.45
2025-10-09,Meta Ads,Retargeting - Cart Abandoners,161.09,9286,92,5,275.34
2026-03-22,Google Ads,Search - Brand,326.27,10213,427,21,884.89
2026-04-30,Meta Ads,Prospecting - Broad,168.93,18356,475,9,563.28
2026-02-14,Meta Ads,Lookalike - Top Customers,204.11,18985,358,6,367.6
2025-11-29,Earned Media,Organic Social Mentions,0.0,10567,299,2,87.8
2025-12-06,Email,Flow - Abandoned Cart,0.0,4788,79,8,526.97
2026-07-10,Meta Ads,Prospecting - Broad,97.07,14706,225,2,94.12
2026-03-08,Earned Media,Press Mentions,0.0,6702,301,2,126.81
2025-12-10,Email,Flow - Post Purchase,0.0,5258,48,7,328.89
2026-03-24,Google Ads,Shopping - Catalog,142.66,14675,425,10,419.96
2026-03-08,Email,Flow - Post Purchase,0.0,9391,261,20,1464.21
2026-05-04,Influencer,Micro-influencers Home&Deco,80.29,11145,166,0,0.0
2025-09-11,Google Ads,Shopping - Catalog,160.8,5792,220,7,463.66
2025-11-15,Meta Ads,Lookalike - Top Customers,243.24,14450,329,2,63.08
2026-03-09,Email,Newsletter Weekly,0.0,4850,201,15,633.27
2026-03-28,Email,Flow - Abandoned Cart,0.0,9241,190,13,592.49
2026-05-13,Google Ads,Search - Generic,289.59,5352,211,10,622.08
2026-01-23,Meta Ads,Lookalike - Top Customers,224.11,8304,345,9,283.31
2026-05-19,Google Ads,Search - Generic,233.28,9702,187,5,167.36
2026-02-26,Influencer,Micro-influencers Home&Deco,115.55,7295,146,2,85.44
2026-05-16,Meta Ads,Lookalike - Top Customers,195.86,14550,359,5,270.86
2026-01-25,Google Ads,Search - Generic,244.97,3670,31,0,0.0
2026-04-21,Earned Media,Press Mentions,0.0,2069,76,0,0.0
2026-04-21,Google Ads,Shopping - Catalog,294.31,5579,161,6,233.24
2025-10-29,Meta Ads,Prospecting - Broad,208.39,6288,199,2,87.94
2026-02-11,Influencer,Macro Campaign Q4,94.74,8315,121,3,195.6
2025-11-04,Google Ads,Search - Generic,249.28,23172,524,11,848.69
2026-02-07,Email,Newsletter Weekly,0.0,9704,92,3,191.18
2026-06-08,Google Ads,Search - Brand,233.43,11232,441,24,1446.0
2025-11-14,Influencer,Micro-influencers Home&Deco,143.37,23861,866,15,916.53
2025-12-16,Meta Ads,Retargeting - Cart Abandoners,297.36,27909,719,28,2337.01
2025-10-12,Earned Media,Organic Social Mentions,0.0,1020,35,1,42.8
2025-10-10,Email,Flow - Post Purchase,0.0,11339,212,17,1187.96
2025-09-28,Influencer,Macro Campaign Q4,127.4,11793,286,2,142.75
2026-06-21,Email,Flow - Post Purchase,0.0,10926,298,31,2990.97
2026-03-21,Meta Ads,Retargeting - Cart Abandoners,276.86,3616,143,4,284.88
2026-04-07,Email,Newsletter Weekly,0.0,4461,66,2,112.22
2026-02-28,Email,Newsletter Weekly,0.0,6642,220,7,352.38
2026-02-08,Email,Newsletter Weekly,0.0,9246,293,8,456.79
2025-12-08,Earned Media,Press Mentions,0.0,23058,613,1,52.44
2026-07-30,Google Ads,Search - Brand,116.35,12417,154,7,433.47
2026-04-01,Meta Ads,Prospecting - Broad,187.64,14028,314,5,252.5
2026-01-10,Earned Media,Organic Social Mentions,0.0,6754,142,0,0.0
2025-09-21,Email,Flow - Post Purchase,0.0,4239,82,8,532.63
2026-04-23,Earned Media,Press Mentions,0.0,7968,189,1,57.08
2026-01-19,Earned Media,Press Mentions,0.0,11758,190,0,0.0
2026-03-14,Email,Flow - Post Purchase,0.0,5879,143,8,298.54
2025-11-28,Email,Flow - Abandoned Cart,0.0,10688,146,10,712.83
2026-03-13,Google Ads,Search - Generic,266.59,18288,802,24,2135.03
2025-10-30,Earned Media,Press Mentions,0.0,13857,444,1,79.49
2026-02-27,Email,Newsletter Weekly,0.0,11989,127,1,68.94
2025-09-18,Email,Newsletter Weekly,0.0,9443,304,9,611.25
2026-01-26,Email,Flow - Abandoned Cart,0.0,8980,176,14,865.04
2025-10-20,Email,Newsletter Weekly,0.0,10696,330,12,801.8
2026-07-12,Email,Newsletter Weekly,0.0,11168,232,11,601.53
2026-03-01,Meta Ads,Retargeting - Cart Abandoners,150.31,11777,439,17,1061.88
2026-08-21,Google Ads,Shopping - Catalog,169.18,4288,98,3,146.99
2026-08-16,Earned Media,Press Mentions,0.0,6982,291,1,49.94
2026-07-15,Email,Flow - Abandoned Cart,0.0,11222,290,21,1397.38
2026-04-26,Google Ads,Search - Generic,192.67,5629,145,4,223.07
2026-01-31,Meta Ads,Lookalike - Top Customers,203.53,4777,146,4,248.01
2026-06-07,Earned Media,Organic Social Mentions,0.0,14799,655,10,569.19
2026-05-21,Influencer,Macro Campaign Q4,106.1,11416,273,3,77.44
2026-03-04,Google Ads,Search - Brand,232.27,8203,131,5,320.36
2026-01-01,Earned Media,Organic Social Mentions,0.0,5534,72,1,72.68
2026-02-10,Meta Ads,Lookalike - Top Customers,167.54,10200,346,10,520.39
2025-12-26,Google Ads,Search - Brand,350.84,17016,495,24,1276.85
2025-11-17,Influencer,Micro-influencers Home&Deco,114.51,31095,1351,13,892.23
2026-01-26,Email,Flow - Post Purchase,0.0,11720,206,9,444.12
2026-01-29,Meta Ads,Retargeting - Cart Abandoners,201.08,12271,121,6,431.85
2026-06-16,Email,Newsletter Weekly,0.0,6531,104,1,56.07
2026-02-12,Meta Ads,Lookalike - Top Customers,192.93,16076,383,9,353.72
2026-08-13,Email,Newsletter Weekly,0.0,4946,101,2,121.02
2026-07-31,Google Ads,Search - Brand,225.43,3456,65,6,404.86
2025-11-09,Google Ads,Shopping - Catalog,334.91,12659,277,7,286.71
2026-05-29,Google Ads,Search - Brand,211.45,12363,385,19,1365.42
2026-04-16,Google Ads,Shopping - Catalog,169.15,10352,243,3,225.6
2026-02-20,Email,Newsletter Weekly,0.0,4033,35,1,68.88
2026-04-07,Influencer,Macro Campaign Q4,90.97,13361,201,1,51.12
2025-09-07,Meta Ads,Retargeting - Cart Abandoners,215.2,10506,429,16,926.02
2025-12-16,Earned Media,Press Mentions,0.0,20083,521,3,84.79
2026-08-01,Influencer,Micro-influencers Home&Deco,71.15,10614,410,7,451.17
2026-07-24,Email,Flow - Post Purchase,0.0,9250,207,15,1204.16
2025-11-26,Earned Media,Organic Social Mentions,0.0,11176,155,1,52.34
2025-11-05,meta ads ,Lookalike - Top Customers,304.62,9717,174,2,121.43
2026-01-30,Email,Flow - Post Purchase,0.0,4298,38,4,273.22
2026-03-18,Influencer,Macro Campaign Q4,59.67,7707,132,1,62.48
2026-02-27,Earned Media,Press Mentions,0.0,8871,153,3,86.97
2026-01-26,Google Ads,Shopping - Catalog,188.58,5713,89,4,244.6
2026-06-01,Email,Flow - Post Purchase,0.0,10343,118,9,596.12
2026-03-20,Email,Flow - Abandoned Cart,0.0,6474,205,21,1874.54
2025-12-22,Influencer,Micro-influencers Home&Deco,185.1,30479,622,8,655.64
2026-05-17,Earned Media,Press Mentions,0.0,11449,511,3,117.61
2026-07-17,Email,Flow - Abandoned Cart,0.0,7027,114,10,442.66
2026-06-08,Influencer,Micro-influencers Home&Deco,56.81,15623,316,5,363.16
2025-11-11,Earned Media,Organic Social Mentions,0.0,3133,129,0,0.0
2026-08-26,Meta Ads,Prospecting - Broad,118.17,5826,135,3,183.56
2026-04-07,Google Ads,Search - Generic,171.77,13870,345,9,491.42
2025-11-30,Earned Media,Press Mentions,0.0,2256,69,0,0.0
2026-04-26,Influencer,Macro Campaign Q4,136.28,7057,108,1,56.25
2026-04-02,Influencer,Macro Campaign Q4,107.27,12148,136,4,215.17
2025-11-09,Influencer,Macro Campaign Q4,224.92,8640,313,1,41.42
2025-09-19,Meta Ads,Prospecting - Broad,256.11,11185,138,1,48.53
2025-09-12,Email,Newsletter Weekly,0.0,9657,131,5,331.32
2026-05-21,Google Ads,Shopping - Catalog,156.25,3709,81,3,142.22
2025-09-14,Earned Media,Press Mentions,0.0,9444,161,1,45.07
2026-03-03,Email,Flow - Post Purchase,0.0,5383,179,14,820.14
2026-03-20,Meta Ads,Prospecting - Broad,238.07,19879,450,9,735.23
2025-09-22,Google Ads,Shopping - Catalog,189.13,9229,209,7,308.84
2025-11-17,Google Ads,Search - Generic,373.54,14104,535,12,682.86
2026-04-17,Google Ads,Search - Brand,263.48,4088,53,1,49.49
2026-04-15,Google Ads,Shopping - Catalog,136.59,12611,145,6,490.34
2025-09-03,Meta Ads,Prospecting - Broad,160.36,19520,851,13,404.78
2026-08-06,Influencer,Micro-influencers Home&Deco,79.86,6438,217,4,
2025-10-15,Influencer,Macro Campaign Q4,54.6,10370,118,2,112.32
2026-03-30,Google Ads,Shopping - Catalog,225.87,14211,135,5,108.41
2026-01-20,Email,Flow - Post Purchase,0.0,9001,400,31,1925.31
2025-12-22,Email,Flow - Abandoned Cart,0.0,6027,257,27,1423.9
2025-12-19,Earned Media,Press Mentions,0.0,21528,523,5,284.72
2026-04-14,meta ads ,Lookalike - Top Customers,223.88,18618,766,19,961.92
2026-06-22,Email,Flow - Post Purchase,0.0,10072,302,25,1671.57
2026-05-06,Google Ads,Search - Brand,224.61,5330,155,4,183.89
2026-03-08,Google Ads,Shopping - Catalog,269.62,17736,767,23,1314.01
2025-10-09,Influencer,Macro Campaign Q4,91.37,14518,283,5,298.45
2025-09-05,Google Ads,Shopping - Catalog,312.75,7604,184,2,121.22
2026-04-30,Influencer,Macro Campaign Q4,98.51,8807,79,1,84.4
2026-06-12,Email,Flow - Post Purchase,0.0,8710,131,7,268.73
2026-06-04,Google Ads,Shopping - Catalog,161.35,10578,217,6,329.11
2026-08-03,Google Ads,Search - Brand,118.25,5536,164,7,396.22
2026-04-16,Google Ads,Search - Generic,184.57,5027,116,0,0.0
2026-07-04,Google Ads,Shopping - Catalog,205.46,11007,248,9,384.61
2025-12-21,Influencer,Macro Campaign Q4,110.98,15449,531,7,285.21
2026-05-24,Meta Ads,Retargeting - Cart Abandoners,285.54,17087,219,13,367.77
2025-10-27,Influencer,Macro Campaign Q4,98.84,6785,131,2,83.47
2026-07-06,Meta Ads,Prospecting - Broad,166.2,2326,29,0,0.0
2025-12-23,Google Ads,Shopping - Catalog,462.41,19366,544,17,1362.0
2025-12-30,Email,Flow - Post Purchase,0.0,7578,282,24,708.49
2026-02-28,Meta Ads,Retargeting - Cart Abandoners,239.29,8242,333,17,986.43
2026-07-17,Earned Media,Organic Social Mentions,0.0,5912,159,1,87.46
2025-11-18,Influencer,Micro-influencers Home&Deco,127.83,23492,459,2,118.96
2026-01-01,Google Ads,Search - Brand,148.1,11735,194,7,482.14
2026-04-19,Earned Media,Press Mentions,0.0,13286,320,1,51.91
2026-08-08,Influencer,Micro-influencers Home&Deco,102.25,6551,181,3,152.33
2026-04-15,Google Ads,Search - Generic,151.1,10281,259,13,593.3
2025-12-31,Email,Newsletter Weekly,0.0,8701,90,5,262.45
2026-05-18,Influencer,Macro Campaign Q4,87.33,5866,50,1,34.5
2026-02-19,Meta Ads,Retargeting - Cart Abandoners,223.37,16118,677,28,1699.78
2026-07-20,Email,Flow - Post Purchase,0.0,11452,334,24,1845.19
2025-09-27,Email,Flow - Post Purchase,0.0,10735,375,30,1907.87
2025-10-09,Email,Flow - Post Purchase,0.0,4994,116,9,620.15
2025-12-04,Influencer,Macro Campaign Q4,121.15,15245,603,9,448.18
2026-08-30,Email,Newsletter Weekly,0.0,8128,136,3,164.82
2026-08-16,Meta Ads,Lookalike - Top Customers,182.24,4800,120,1,73.31
2025-11-04,Meta Ads,Retargeting - Cart Abandoners,341.19,16224,476,24,1754.17
2026-02-24,Influencer,Micro-influencers Home&Deco,90.65,19857,881,12,470.09
2026-05-05,Google Ads,Search - Brand,299.93,17462,330,8,595.47
2026-04-30,Email,Flow - Post Purchase,0.0,5261,164,18,1271.0
2026-05-29,Earned Media,Press Mentions,0.0,14258,474,4,147.72
2025-11-29,Email,Flow - Abandoned Cart,0.0,4846,151,8,613.19
2026-01-12,Google Ads,Search - Brand,261.68,11091,139,11,897.74
2025-12-29,meta ads ,Prospecting - Broad,230.82,31484,966,21,1142.13
2026-07-02,Influencer,Macro Campaign Q4,50.82,8730,135,2,138.45
2025-12-19,Email,Flow - Post Purchase,0.0,11215,254,17,741.55
2025-10-12,Influencer,Micro-influencers Home&Deco,125.95,14129,192,4,132.4
2025-12-24,Influencer,Micro-influencers Home&Deco,140.37,21073,192,1,52.59
2026-08-10,Influencer,Micro-influencers Home&Deco,61.97,3193,68,0,0.0
2026-06-27,Earned Media,Press Mentions,0.0,4849,132,1,70.94
2025-11-17,Meta Ads,Retargeting - Cart Abandoners,311.79,10981,308,14,866.21
2025-11-17,Email,Flow - Abandoned Cart,0.0,8553,343,29,1342.56
2026-06-04,Influencer,Micro-influencers Home&Deco,70.01,12811,228,3,187.41
2025-10-14,Email,Newsletter Weekly,0.0,6823,211,6,382.33
2025-09-21,Google Ads,Search - Brand,322.66,16696,495,30,2612.23
2026-02-26,Google Ads,Shopping - Catalog,305.47,18000,781,20,816.02
2026-04-10,Influencer,Macro Campaign Q4,66.87,18933,562,8,513.26
2025-09-30,Google Ads,Search - Generic,256.58,12240,134,3,180.4
2026-05-20,Email,Flow - Abandoned Cart,0.0,9006,305,21,1766.52
2025-10-18,Meta Ads,Lookalike - Top Customers,208.29,10127,87,2,120.95
2026-06-27,Google Ads,Search - Generic,321.37,4077,77,0,0.0
2026-08-21,Email,Flow - Abandoned Cart,0.0,6735,185,14,1004.3
2026-01-09,Influencer,Macro Campaign Q4,103.92,3518,45,1,51.43
2025-11-24,Influencer,Macro Campaign Q4,169.19,20745,543,4,141.46
2026-05-14,Meta Ads,Prospecting - Broad,213.44,8457,150,3,162.61
2026-04-25,Email,Flow - Post Purchase,0.0,5495,173,16,974.16
2026-07-22,Influencer,Micro-influencers Home&Deco,41.78,14230,452,2,192.81
2025-12-12,Earned Media,Organic Social Mentions,0.0,17727,636,2,174.37
2026-06-14,Google Ads,Shopping - Catalog,215.59,15151,667,24,1497.54
2026-06-21,Earned Media,Organic Social Mentions,0.0,4175,67,1,55.44
2025-12-14,Google Ads,Search - Brand,396.2,21478,862,33,2167.56
2026-06-01,Email,Flow - Abandoned Cart,0.0,7431,134,11,522.46
2026-03-16,Influencer,Micro-influencers Home&Deco,77.48,5270,137,2,120.02
2026-01-03,Google Ads,Shopping - Catalog,315.54,16606,413,12,578.76
2026-06-07,Meta Ads,Lookalike - Top Customers,289.3,5947,79,3,132.88
2025-09-11,Influencer,Micro-influencers Home&Deco,98.95,4987,213,3,178.02
2026-04-12,Earned Media,Press Mentions,0.0,1766,64,0,0.0
2025-09-03,Email,Newsletter Weekly,0.0,8727,288,4,145.16
2025-09-09,Influencer,Macro Campaign Q4,112.05,15720,233,1,54.15
2026-07-25,Google Ads,Search - Generic,147.21,8720,82,4,241.8
2026-05-17,Meta Ads,Retargeting - Cart Abandoners,225.35,8415,307,20,1041.29
2025-09-19,Email,Newsletter Weekly,0.0,8141,91,2,87.95
2026-07-20,Meta Ads,Lookalike - Top Customers,110.87,14010,479,11,662.61
2026-04-27,Google Ads,Shopping - Catalog,297.05,17053,677,25,1547.12
2026-02-22,Google Ads,Shopping - Catalog,312.3,12837,409,17,1006.17
2026-06-25,Google Ads,Shopping - Catalog,307.02,14085,428,11,727.24
2026-05-08,Email,Flow - Abandoned Cart,0.0,7744,274,26,1286.93
2025-12-13,Email,Flow - Post Purchase,0.0,5411,206,17,1658.19
2025-11-24,Email,Newsletter Weekly,0.0,5893,184,9,327.34
2025-12-14,Earned Media,Press Mentions,0.0,2800,36,0,0.0
2025-10-01,Google Ads,Search - Brand,291.48,7707,342,13,676.15
2026-04-09,Email,Flow - Abandoned Cart,0.0,6172,56,4,276.1
2026-03-26,Google Ads,Shopping - Catalog,211.1,14718,155,7,527.18
2026-07-24,Google Ads,Shopping - Catalog,256.72,10037,307,10,407.95
2026-01-12,Earned Media,Press Mentions,0.0,5336,145,1,78.52
2026-02-22,Meta Ads,Lookalike - Top Customers,199.27,15349,177,3,153.06
2025-12-19,Earned Media,Organic Social Mentions,0.0,8893,394,3,243.68
2026-03-09,Influencer,Macro Campaign Q4,60.57,10419,307,4,146.6
2025-12-27,Meta Ads,Retargeting - Cart Abandoners,273.78,4806,61,5,264.4
2025-09-22,Email,Flow - Abandoned Cart,0.0,9345,288,23,1650.13
2025-09-17,Influencer,Micro-influencers Home&Deco,65.57,16905,655,8,372.5
2026-05-28,Google Ads,Search - Generic,259.58,5723,194,6,314.5
2026-04-03,Google Ads,Search - Brand,242.22,9166,79,4,349.88
2025-11-15,Email,Flow - Post Purchase,0.0,4665,186,15,850.09
2025-09-15,Email,Flow - Abandoned Cart,0.0,11552,109,10,571.89
2026-05-23,Google Ads,Shopping - Catalog,224.34,3351,38,0,0.0
2026-06-25,Influencer,Micro-influencers Home&Deco,101.8,4205,85,0,0.0
2026-01-16,Email,Newsletter Weekly,0.0,9373,100,3,107.39
2025-10-13,Email,Flow - Abandoned Cart,0.0,7693,323,28,1971.96
2026-07-09,Google Ads,Shopping - Catalog,165.89,6308,110,0,0.0
2026-03-14,Email,Flow - Abandoned Cart,0.0,9262,273,22,934.28
2026-06-06,Influencer,Macro Campaign Q4,108.77,15350,396,5,304.54
2026-04-24,Google Ads,Shopping - Catalog,240.9,9631,316,10,561.99
2025-12-16,Meta Ads,Lookalike - Top Customers,286.44,20552,308,9,661.01
2026-01-08,Meta Ads,Retargeting - Cart Abandoners,226.67,3090,89,3,220.97
2025-10-08,Influencer,Macro Campaign Q4,81.91,13756,468,1,85.74
2025-11-26,Influencer,Macro Campaign Q4,127.42,26258,437,6,413.62
2025-12-06,Google Ads,Shopping - Catalog,338.32,20336,723,19,962.54
2026-02-19,Google Ads,Search - Generic,303.34,7894,322,13,929.84
2026-01-05,Google Ads,Shopping - Catalog,154.38,9775,139,3,
2026-01-28,Google Ads,Shopping - Catalog,256.04,18386,442,12,702.5
2026-07-05,Email,Newsletter Weekly,0.0,4887,162,11,730.64
2026-01-14,Influencer,Macro Campaign Q4,90.61,5675,186,3,180.82
2026-08-06,Google Ads,Search - Brand,205.24,13627,134,7,392.55
2025-10-27,Earned Media,Press Mentions,0.0,6854,246,3,162.11
2026-05-26,Google Ads,Search - Generic,268.93,10232,140,8,711.05
2026-04-12,Google Ads,Shopping - Catalog,158.88,14911,131,6,352.3
2025-10-02,Meta Ads,Retargeting - Cart Abandoners,229.17,11011,486,21,1327.5
2025-10-22,Google Ads,Search - Brand,217.28,8141,234,15,919.65
2026-05-31,Influencer,Macro Campaign Q4,143.73,7357,74,2,128.23
2025-10-19,Email,Flow - Abandoned Cart,0.0,10574,342,32,1641.26
2026-01-26,Google Ads,Search - Generic,173.22,11861,170,4,267.41
2026-02-20,Influencer,Macro Campaign Q4,130.51,8679,156,2,140.72
2026-01-29,Earned Media,Organic Social Mentions,0.0,14334,557,6,333.39
2025-12-16,Email,Flow - Post Purchase,0.0,11160,372,26,1575.09
2026-05-24,Meta Ads,Prospecting - Broad,202.95,17563,499,4,219.41
2026-04-11,Meta Ads,Retargeting - Cart Abandoners,126.21,11306,359,20,793.02
2025-09-01,Earned Media,Organic Social Mentions,0.0,8597,113,1,48.52
2025-10-08,Google Ads,Search - Generic,223.55,5428,199,4,308.7
2025-12-28,Influencer,Micro-influencers Home&Deco,192.46,26361,824,7,317.15
2026-06-16,Meta Ads,Retargeting - Cart Abandoners,159.21,10378,183,5,306.57
2025-12-27,Email,Newsletter Weekly,0.0,10590,125,8,371.96
2026-03-03,Google Ads,Search - Generic,279.12,15893,316,5,240.63
2026-05-02,Influencer,Micro-influencers Home&Deco,67.95,14590,487,9,674.43
2026-05-19,Meta Ads,Retargeting - Cart Abandoners,230.93,15833,429,18,907.92
2026-01-31,Email,Flow - Post Purchase,0.0,10763,204,15,901.24
2026-07-11,Meta Ads,Retargeting - Cart Abandoners,168.82,9313,300,17,905.12
2026-02-28,Google Ads,Search - Brand,237.79,7911,113,7,255.66
2026-01-19,Earned Media,Organic Social Mentions,0.0,14883,227,1,54.54
2026-06-07,Influencer,Micro-influencers Home&Deco,125.23,15255,684,6,378.61
2026-06-28,Meta Ads,Lookalike - Top Customers,286.72,16170,397,7,417.59
2026-01-25,Meta Ads,Lookalike - Top Customers,271.69,15215,162,4,299.72
2026-04-03,Google Ads,Shopping - Catalog,254.56,14771,462,16,863.77
2026-07-21,Meta Ads,Retargeting - Cart Abandoners,118.49,12977,120,10,
2026-08-02,Influencer,Macro Campaign Q4,92.47,8152,245,2,146.17
2026-01-01,Earned Media,Press Mentions,0.0,1252,35,0,0.0
2026-03-20,Google Ads,Search - Generic,209.63,17780,189,8,184.85
2026-06-30,Email,Flow - Abandoned Cart,0.0,8506,89,8,585.81
2025-09-13,Meta Ads,Lookalike - Top Customers,148.82,10048,112,7,658.19
2026-06-09,meta ads ,Prospecting - Broad,236.9,16398,207,4,109.51
2026-05-24,Email,Newsletter Weekly,0.0,11476,430,9,665.56
2026-08-12,Influencer,Micro-influencers Home&Deco,79.63,10462,152,3,142.56
2026-05-21,Google Ads,Search - Brand,197.55,4887,214,11,546.1
2026-07-31,Meta Ads,Prospecting - Broad,108.87,10815,87,0,0.0
2026-04-12,Email,Newsletter Weekly,0.0,7660,157,5,204.02
2026-06-05,Google Ads,Search - Brand,280.94,9428,293,13,488.37
2026-07-12,Email,Flow - Post Purchase,0.0,10228,230,23,1119.2
2025-09-15,Influencer,Micro-influencers Home&Deco,123.92,19052,486,8,440.11
2026-03-25,Meta Ads,Lookalike - Top Customers,116.81,11318,431,4,335.98
2026-04-18,Google Ads,Search - Generic,314.24,12614,521,14,785.37
2026-03-13,Influencer,Micro-influencers Home&Deco,116.65,9211,234,2,151.63
2025-11-26,Google Ads,Shopping - Catalog,383.85,9075,395,11,619.75
2025-12-06,Influencer,Micro-influencers Home&Deco,137.94,25805,278,5,265.73
2026-08-04,Influencer,Micro-influencers Home&Deco,43.5,11391,133,0,0.0
2025-12-30,Meta Ads,Retargeting - Cart Abandoners,315.52,26643,638,30,1638.8
2025-09-18,Google Ads,Shopping - Catalog,207.01,10673,149,6,262.22
2026-06-08,Email,Flow - Post Purchase,0.0,9588,197,15,717.35
2026-04-22,Email,Flow - Post Purchase,0.0,7530,268,28,1964.66
2026-01-03,Influencer,Micro-influencers Home&Deco,99.27,12131,188,1,74.63
2026-04-02,Earned Media,Organic Social Mentions,0.0,3613,83,1,51.72
2026-06-29,Meta Ads,Lookalike - Top Customers,124.64,17324,775,13,601.73
2025-09-07,Earned Media,Press Mentions,0.0,9811,331,2,117.52
2025-12-15,Email,Newsletter Weekly,0.0,9622,101,2,70.55
2026-06-22,Meta Ads,Retargeting - Cart Abandoners,182.65,18496,371,12,790.95
2026-04-10,Influencer,Micro-influencers Home&Deco,80.9,12407,395,3,173.54
2025-11-21,Google Ads,Search - Generic,483.07,23166,361,9,755.02
2026-08-03,Google Ads,Shopping - Catalog,111.43,5059,82,5,226.92
2026-04-01,Google Ads,Search - Brand,161.59,8872,320,23,1245.13
2026-05-21,Email,Flow - Abandoned Cart,0.0,8158,140,7,407.24
2026-03-30,Email,Newsletter Weekly,0.0,7746,299,10,616.63
2025-10-26,Email,Flow - Abandoned Cart,0.0,11769,338,30,1683.38
2025-11-03,Earned Media,Organic Social Mentions,0.0,23832,402,4,158.52
2026-03-24,Meta Ads,Prospecting - Broad,194.79,6177,173,2,84.3
2026-03-20,Google Ads,Shopping - Catalog,214.48,8050,155,7,470.67
2026-03-13,Earned Media,Press Mentions,0.0,1520,20,1,46.71
2025-10-25,Google Ads,Shopping - Catalog,175.4,12293,508,13,710.62
2026-06-29,Email,Newsletter Weekly,0.0,6942,231,9,611.56
2026-08-01,Earned Media,Organic Social Mentions,0.0,2898,24,0,0.0
2026-05-17,Google Ads,Search - Brand,294.9,7835,140,10,551.41
2026-01-08,Google Ads,Search - Brand,223.43,10659,89,5,358.88
2026-07-10,Google Ads,Search - Brand,184.36,12672,441,22,1292.31
2026-01-02,Earned Media,Press Mentions,0.0,8415,175,1,44.68
2026-02-07,Earned Media,Organic Social Mentions,0.0,8435,194,0,0.0
2026-06-19,Email,Flow - Abandoned Cart,0.0,6858,231,26,1530.94
2026-05-07,Google Ads,Search - Brand,227.7,7685,124,6,308.26
2025-11-30,Meta Ads,Retargeting - Cart Abandoners,456.99,27717,735,32,1940.33
2025-12-04,Email,Newsletter Weekly,0.0,4046,44,3,183.18
2025-12-21,Earned Media,Organic Social Mentions,0.0,7176,143,0,0.0
2025-12-15,Meta Ads,Prospecting - Broad,197.25,18203,253,9,547.49
2026-06-01,Google Ads,Shopping - Catalog,304.88,14656,646,12,670.81
2026-01-05,Google Ads,Search - Generic,250.16,11893,490,10,660.1
2026-04-17,Google Ads,Shopping - Catalog,197.64,18260,807,24,1308.59
2026-08-15,Meta Ads,Prospecting - Broad,194.79,2467,72,3,148.61
2026-08-01,Google Ads,Search - Generic,229.33,9993,307,11,616.26
2026-05-25,Email,Flow - Post Purchase,0.0,5321,230,15,659.3
2026-04-03,Email,Flow - Post Purchase,0.0,6872,113,10,664.52
2025-09-26,Meta Ads,Retargeting - Cart Abandoners,203.91,3326,58,3,178.57
2026-01-28,Google Ads,Search - Brand,254.14,5829,216,9,293.74
2025-10-07,Email,Flow - Post Purchase,0.0,7256,75,5,297.48
2025-09-27,Google Ads,Search - Generic,316.1,14160,180,4,173.49
2026-04-08,Influencer,Macro Campaign Q4,71.9,9438,361,7,326.41
2026-03-16,Influencer,Macro Campaign Q4,61.91,10219,88,0,0.0
2025-09-02,Google Ads,Search - Generic,265.9,12541,458,13,636.59
2026-05-15,Email,Flow - Abandoned Cart,0.0,8804,111,11,751.47
2026-08-14,Meta Ads,Lookalike - Top Customers,116.26,10609,264,5,293.23
2026-06-21,Meta Ads,Prospecting - Broad,249.17,10470,387,13,948.5
2026-02-11,Google Ads,Shopping - Catalog,141.0,19222,254,8,144.0
2026-02-04,Email,Flow - Abandoned Cart,0.0,7770,311,22,1937.68
2026-06-14,Earned Media,Organic Social Mentions,0.0,12316,439,1,52.58
2025-10-11,Google Ads,Search - Brand,271.94,4242,131,12,424.28
2026-02-01,Meta Ads,Retargeting - Cart Abandoners,191.06,6531,209,12,791.53
2025-09-16,Email,Flow - Post Purchase,0.0,11929,197,22,1071.52
2026-01-04,Earned Media,Organic Social Mentions,0.0,2257,67,0,0.0
2026-01-19,Influencer,Macro Campaign Q4,73.11,14695,548,5,236.68
2026-02-18,Earned Media,Organic Social Mentions,0.0,7108,264,3,133.19
2026-05-06,Email,Newsletter Weekly,0.0,11662,415,18,1376.02
2025-10-27,Meta Ads,Lookalike - Top Customers,239.96,13802,432,7,425.83
2026-06-19,Google Ads,Shopping - Catalog,283.78,10793,458,16,1354.65
2026-08-28,Google Ads,Search - Brand,263.28,8067,98,11,644.51
2025-12-06,Earned Media,Organic Social Mentions,0.0,22740,185,0,0.0
2025-11-16,Influencer,Micro-influencers Home&Deco,133.64,13407,150,1,18.04
2026-07-31,Earned Media,Press Mentions,0.0,10513,373,1,81.94
2026-01-21,Google Ads,Shopping - Catalog,281.43,11867,504,17,878.85
2025-09-20,Google Ads,Shopping - Catalog,327.29,12837,311,10,731.02
2025-09-08,Influencer,Micro-influencers Home&Deco,70.46,14418,445,4,250.61
2026-06-21,Google Ads,Search - Generic,209.52,16478,703,23,1602.58
2025-12-17,Google Ads,Shopping - Catalog,368.17,11763,377,7,170.44
2025-11-03,Meta Ads,Retargeting - Cart Abandoners,189.19,20409,590,30,1969.72
2025-10-28,Influencer,Macro Campaign Q4,92.16,5743,167,3,105.49
2025-12-20,Google Ads,Search - Generic,486.83,24284,795,22,1166.73
2026-05-09,Email,Newsletter Weekly,0.0,8410,166,5,371.43
2025-10-08,Email,Flow - Abandoned Cart,0.0,5974,211,15,812.68
2026-05-25,Earned Media,Press Mentions,0.0,13364,522,2,119.45
2025-11-18,Meta Ads,Lookalike - Top Customers,312.73,7209,238,1,79.13
2026-02-22,Influencer,Macro Campaign Q4,86.02,13666,395,5,170.2
2026-06-23,Meta Ads,Prospecting - Broad,241.91,17563,439,10,367.49
2026-06-19,Meta Ads,Prospecting - Broad,138.15,11923,187,1,48.97
2025-10-23,Meta Ads,Prospecting - Broad,190.21,6149,112,1,64.19
2026-08-12,Google Ads,Shopping - Catalog,139.87,10988,422,11,688.51
2025-09-16,Earned Media,Organic Social Mentions,0.0,10744,147,2,83.14
2026-08-09,Earned Media,Press Mentions,0.0,3182,27,0,0.0
2026-03-05,Email,Flow - Post Purchase,0.0,7003,84,6,289.2
2026-02-08,Meta Ads,Lookalike - Top Customers,198.78,13993,605,14,792.53
2026-05-22,Google Ads,Search - Brand,309.64,14404,505,30,2025.67
2026-04-11,Email,Newsletter Weekly,0.0,9762,377,10,533.96
2026-08-31,Email,Flow - Post Purchase,0.0,10752,463,42,2559.65
2026-01-11,Email,Flow - Post Purchase,0.0,11231,96,12,769.37
2025-09-01,Influencer,Macro Campaign Q4,121.64,18212,548,10,563.81
2025-10-13,Influencer,Micro-influencers Home&Deco,78.16,19634,779,11,468.58
2026-06-03,Google Ads,Search - Generic,248.4,14085,561,12,543.18
2026-04-24,Influencer,Macro Campaign Q4,122.93,18772,587,9,327.67
2025-11-15,Google Ads,Search - Brand,431.78,28854,392,21,959.06
2025-09-18,Google Ads,Search - Brand,263.94,5211,187,4,319.67
2026-05-03,Google Ads,Shopping - Catalog,352.97,14688,136,6,353.51
2025-10-30,Email,Flow - Abandoned Cart,0.0,7252,96,9,550.85
2026-07-18,Earned Media,Press Mentions,0.0,7365,254,4,260.28
2026-01-27,Email,Flow - Post Purchase,0.0,6532,215,17,884.87
2025-11-19,Google Ads,Search - Generic,341.86,8425,356,13,600.19
2026-01-02,Earned Media,Organic Social Mentions,0.0,13057,179,1,83.36
2026-04-05,Earned Media,Organic Social Mentions,0.0,1717,57,0,0.0
2025-09-14,Google Ads,Search - Brand,306.35,5381,215,11,655.59
2026-07-31,Google Ads,Search - Generic,264.34,8964,167,6,338.82
2026-05-11,Meta Ads,Prospecting - Broad,159.72,11159,487,7,498.76
2025-11-10,Email,Flow - Abandoned Cart,0.0,11286,92,7,328.64
2025-09-09,Email,Newsletter Weekly,0.0,5378,81,0,0.0
2026-06-13,Influencer,Micro-influencers Home&Deco,68.41,12403,250,1,56.13
2026-07-06,Email,Flow - Post Purchase,0.0,6482,130,8,394.78
2025-09-26,Earned Media,Press Mentions,0.0,5151,107,1,43.34
2026-03-29,Google Ads,Search - Brand,265.51,3231,75,1,51.15
2025-10-08,Influencer,Micro-influencers Home&Deco,118.21,10374,432,4,228.33
2026-06-28,Meta Ads,Prospecting - Broad,286.92,14767,324,4,281.62
2026-05-09,Meta Ads,Prospecting - Broad,159.94,9872,362,11,648.63
2025-12-08,Google Ads,Shopping - Catalog,385.54,9135,400,16,697.25
2026-06-05,Meta Ads,Retargeting - Cart Abandoners,154.02,12462,488,16,1084.57
2025-12-23,Influencer,Macro Campaign Q4,188.34,20494,331,3,171.19
2026-05-15,Email,Newsletter Weekly,0.0,10192,187,5,272.19
2026-02-24,Meta Ads,Lookalike - Top Customers,206.08,3645,110,2,107.31
2025-11-28,Influencer,Micro-influencers Home&Deco,106.77,8667,86,1,57.49
2025-09-02,Email,Newsletter Weekly,0.0,8068,335,9,484.33
2026-01-25,Email,Flow - Post Purchase,0.0,10364,242,16,997.77
2026-03-12,Meta Ads,Prospecting - Broad,230.98,16116,167,3,187.97
2025-12-09,Earned Media,Press Mentions,0.0,8706,316,2,142.8
2025-09-02,Earned Media,Press Mentions,0.0,8150,191,0,0.0
2025-10-24,Email,Newsletter Weekly,0.0,11078,391,11,567.85
2026-04-21,Influencer,Micro-influencers Home&Deco,59.33,6455,73,0,0.0
2025-09-06,Email,Newsletter Weekly,0.0,10427,192,4,249.21
2025-12-18,Influencer,Micro-influencers Home&Deco,177.3,14346,329,3,209.01
2026-07-16,Earned Media,Press Mentions,0.0,5350,232,1,30.11
2026-05-09,Influencer,Macro Campaign Q4,113.76,6947,240,3,230.4
2026-01-21,Email,Newsletter Weekly,0.0,4040,96,2,120.04
2026-04-13,Earned Media,Press Mentions,0.0,4980,160,1,52.03
2025-12-06,Email,Newsletter Weekly,0.0,7674,293,15,1292.88
2026-03-13,Meta Ads,Prospecting - Broad,230.89,3345,116,0,0.0
2025-11-19,Earned Media,Organic Social Mentions,0.0,22722,694,6,296.19
2025-09-15,Meta Ads,Lookalike - Top Customers,123.35,4277,149,2,98.44
2026-02-08,Google Ads,Search - Generic,299.82,19818,358,14,683.4
2026-07-24,Email,Newsletter Weekly,0.0,9603,402,6,320.58
2025-11-03,Google Ads,Shopping - Catalog,357.23,11487,244,13,812.09
2025-09-30,Influencer,Micro-influencers Home&Deco,91.4,6482,262,5,264.77
2026-08-20,Google Ads,Search - Generic,175.36,5182,44,2,125.72
2026-06-10,Email,Newsletter Weekly,0.0,6236,274,7,247.92
2026-05-06,Earned Media,Press Mentions,0.0,10562,460,2,92.88
2025-09-01,Email,Flow - Post Purchase,0.0,11274,198,17,1035.71
2025-10-29,Google Ads,Shopping - Catalog,284.43,7920,200,6,501.69
2025-12-15,Email,Flow - Post Purchase,0.0,8147,171,11,583.18
2025-10-26,Email,Newsletter Weekly,0.0,7804,180,4,341.6
2026-08-01,Influencer,Macro Campaign Q4,91.39,6828,85,0,0.0
2026-01-22,Earned Media,Organic Social Mentions,0.0,2534,90,0,0.0
2025-10-07,Meta Ads,Prospecting - Broad,166.69,17067,619,12,891.86
2025-12-24,Earned Media,Press Mentions,0.0,13163,180,3,191.69
2025-12-19,meta ads ,Retargeting - Cart Abandoners,228.76,24400,646,33,2230.87
2026-03-28,Influencer,Macro Campaign Q4,76.13,11044,485,5,207.1
2025-10-12,Google Ads,Search - Brand,208.97,19157,565,28,1839.3
2026-05-08,Influencer,Macro Campaign Q4,138.54,13138,577,4,204.59
2026-02-22,Earned Media,Press Mentions,0.0,2918,115,1,63.2
2025-09-27,Google Ads,Search - Brand,350.15,13231,390,22,
2026-08-04,Meta Ads,Lookalike - Top Customers,95.27,3177,47,1,62.11
2026-03-21,Influencer,Micro-influencers Home&Deco,144.71,15807,694,11,611.14
2026-05-25,Meta Ads,Retargeting - Cart Abandoners,241.42,4073,127,3,189.66
2025-09-14,Influencer,Macro Campaign Q4,105.07,3798,53,1,40.09
2026-01-03,Email,Flow - Abandoned Cart,0.0,7520,85,8,273.11
2026-08-22,Google Ads,Search - Brand,132.92,3481,131,9,292.66
2026-07-19,Google Ads,Shopping - Catalog,179.6,14009,471,11,551.34
2025-10-05,Meta Ads,Prospecting - Broad,147.74,3199,75,1,95.49
2025-09-05,Meta Ads,Lookalike - Top Customers,129.25,3634,139,2,117.8
2025-11-26,Influencer,Micro-influencers Home&Deco,101.25,24383,286,4,211.27
2026-03-12,Earned Media,Organic Social Mentions,0.0,7030,186,3,199.46
2026-07-31,Email,Flow - Post Purchase,0.0,7282,78,8,364.32
2026-01-27,Google Ads,Search - Brand,202.04,8272,204,9,448.38
2026-07-18,Google Ads,Search - Brand,193.12,10577,151,7,389.37
2025-10-26,Google Ads,Search - Generic,315.42,17001,377,10,397.81
2025-10-31,Google Ads,Shopping - Catalog,177.77,12834,431,14,628.17
2025-11-23,Google Ads,Search - Generic,566.51,10550,187,6,300.07
2026-06-15,Google Ads,Shopping - Catalog,214.26,14431,254,6,364.64
2025-10-26,Meta Ads,Lookalike - Top Customers,184.24,16697,336,4,213.6
2026-07-03,Earned Media,Press Mentions,0.0,6370,266,0,0.0
2025-12-06,Influencer,Macro Campaign Q4,156.02,21012,237,2,110.95
2026-03-27,Meta Ads,Prospecting - Broad,173.36,5590,73,0,0.0
2026-03-02,Meta Ads,Prospecting - Broad,193.6,8863,82,1,46.32
2026-03-12,Meta Ads,Lookalike - Top Customers,141.75,12052,147,3,137.89
2025-10-28,Email,Flow - Post Purchase,0.0,10965,121,7,318.13
2026-04-07,Google Ads,Shopping - Catalog,185.41,12504,409,5,470.62
2026-02-08,Earned Media,Press Mentions,0.0,11738,503,2,133.79
2026-05-03,Email,Flow - Abandoned Cart,0.0,10505,199,13,551.39
2026-04-25,Email,Flow - Abandoned Cart,0.0,5580,45,5,301.45
2025-11-14,Email,Newsletter Weekly,0.0,7566,289,14,827.63
2025-12-11,Earned Media,Press Mentions,0.0,3267,87,0,0.0
2026-04-21,Earned Media,Organic Social Mentions,0.0,4470,76,3,201.2
2026-01-10,Google Ads,Search - Brand,169.26,18921,416,22,1079.37
2026-03-27,Earned Media,Organic Social Mentions,0.0,13973,128,1,90.41
2025-12-29,Earned Media,Press Mentions,0.0,10464,199,2,133.26
2025-11-23,Meta Ads,Lookalike - Top Customers,364.78,8773,337,4,215.17
2025-11-10,Influencer,Macro Campaign Q4,105.55,29728,598,6,285.89
2025-12-19,Email,Newsletter Weekly,0.0,8641,358,11,449.64
2026-01-21,Email,Flow - Abandoned Cart,0.0,5678,171,9,290.95
2026-03-30,Email,Flow - Post Purchase,0.0,6736,137,18,755.62
2026-08-15,Meta Ads,Retargeting - Cart Abandoners,189.07,5502,83,3,151.36
2025-10-27,Email,Newsletter Weekly,0.0,6467,188,5,283.39
2025-11-05,Google Ads,Search - Brand,280.71,13134,374,20,1697.7
2026-01-02,Google Ads,Search - Generic,186.32,18256,589,21,1367.85
2026-05-30,Email,Newsletter Weekly,0.0,11374,480,20,1167.19
2025-11-16,Google Ads,Search - Generic,246.28,25523,1047,28,954.42
2026-07-01,Earned Media,Press Mentions,0.0,3388,141,0,0.0
2026-02-16,Influencer,Micro-influencers Home&Deco,113.98,14697,129,1,31.6
2026-05-25,Influencer,Macro Campaign Q4,54.69,16565,482,12,593.12
2026-08-24,Email,Flow - Post Purchase,0.0,4234,102,8,624.43
2026-03-20,Google Ads,Search - Brand,180.09,12918,574,22,1307.63
2026-07-25,Influencer,Micro-influencers Home&Deco,63.1,6795,290,2,178.83
2026-08-21,Meta Ads,Retargeting - Cart Abandoners,119.63,10092,247,7,470.85
2026-07-27,Google Ads,Shopping - Catalog,121.37,2262,90,3,186.03
2026-02-05,Meta Ads,Lookalike - Top Customers,163.77,13203,356,8,440.55
2026-03-31,Earned Media,Press Mentions,0.0,4040,179,2,98.06
2026-08-19,Influencer,Micro-influencers Home&Deco,73.54,10766,180,2,149.71
2025-12-09,Email,Flow - Abandoned Cart,0.0,7034,293,25,1688.13
2025-09-11,Earned Media,Press Mentions,0.0,3123,61,0,0.0
2026-08-14,Email,Flow - Abandoned Cart,0.0,9899,319,21,831.67
2025-12-27,Influencer,Macro Campaign Q4,207.47,26629,692,7,378.45
2026-02-22,Google Ads,Search - Brand,218.55,14056,506,29,1372.25
2025-10-18,Meta Ads,Retargeting - Cart Abandoners,147.85,14765,230,9,505.36
2025-12-16,Influencer,Micro-influencers Home&Deco,152.34,15802,339,2,104.24
2026-02-12,Earned Media,Press Mentions,0.0,3686,108,0,0.0
2026-07-02,Google Ads,Search - Brand,155.6,12099,312,19,596.52
2026-02-08,Meta Ads,Retargeting - Cart Abandoners,243.17,9664,400,17,633.19
2026-07-06,Earned Media,Press Mentions,0.0,2059,88,1,56.95
2025-12-06,Google Ads,Search - Brand,266.43,26291,422,23,664.36
2026-01-24,Email,Flow - Abandoned Cart,0.0,11827,352,29,1665.25
2026-02-02,Meta Ads,Lookalike - Top Customers,135.1,7849,201,7,487.39
2026-07-16,Earned Media,Organic Social Mentions,0.0,5149,133,1,50.04
2025-10-14,Influencer,Micro-influencers Home&Deco,122.0,13909,456,6,317.78
2026-06-29,Meta Ads,Retargeting - Cart Abandoners,141.9,18833,723,32,1965.86
2026-01-01,Influencer,Macro Campaign Q4,92.69,3382,82,2,146.03
2026-02-11,Google Ads,Search - Generic,166.79,12324,151,1,38.12
2025-11-06,Google Ads,Search - Generic,449.47,9772,423,11,561.47
2026-07-01,Earned Media,Organic Social Mentions,0.0,3754,65,1,54.36
2026-07-07,Google Ads,Search - Brand,152.37,5187,86,5,439.87
2025-12-29,Earned Media,Organic Social Mentions,0.0,4532,153,0,0.0
2026-04-01,Email,Flow - Abandoned Cart,0.0,8349,212,15,900.56
2025-10-21,Google Ads,Shopping - Catalog,238.81,17976,731,22,1230.11
2025-12-11,Meta Ads,Prospecting - Broad,216.93,18515,741,11,770.81
2026-07-22,Earned Media,Organic Social Mentions,0.0,10201,355,7,474.97
2025-10-31,Meta Ads,Prospecting - Broad,183.25,7326,62,1,66.52
2025-09-17,Email,Newsletter Weekly,0.0,6136,248,11,781.68
2026-03-15,Influencer,Micro-influencers Home&Deco,134.45,3895,159,1,69.35
2026-02-26,Email,Newsletter Weekly,0.0,5506,146,7,447.7
2026-02-13,Influencer,Micro-influencers Home&Deco,134.08,7040,77,1,75.51
2025-12-02,Meta Ads,Retargeting - Cart Abandoners,219.69,28555,291,16,1006.66
2026-02-24,Meta Ads,Retargeting - Cart Abandoners,234.64,3667,163,8,307.83
2025-12-21,Email,Flow - Abandoned Cart,0.0,7707,232,15,687.54
2026-05-16,Meta Ads,Retargeting - Cart Abandoners,225.95,11162,336,11,964.61
2026-06-22,Email,Newsletter Weekly,0.0,9594,122,9,524.25
2026-01-31,Earned Media,Press Mentions,0.0,9761,225,0,0.0
2025-11-05,Meta Ads,Prospecting - Broad,266.66,18981,781,11,964.57
2025-10-17,Google Ads,Search - Generic,321.39,17598,628,17,723.48
2026-04-27,Earned Media,Organic Social Mentions,0.0,6351,202,4,250.18
2026-07-10,Influencer,Macro Campaign Q4,87.06,2932,129,2,45.21
2026-02-25,Google Ads,Search - Brand,226.17,16557,497,23,1768.64
2026-02-17,Google Ads,Search - Brand,219.21,4812,100,3,194.13
2025-09-09,Google Ads,Search - Generic,243.48,7082,76,1,63.13
2026-02-13,Email,Flow - Abandoned Cart,0.0,5394,167,7,422.67
2026-07-06,Google Ads,Shopping - Catalog,171.43,9835,154,3,175.75
2026-05-29,Email,Flow - Abandoned Cart,0.0,10073,303,33,2495.55
2026-08-29,Meta Ads,Prospecting - Broad,124.68,2883,112,0,0.0
2025-12-10,Meta Ads,Lookalike - Top Customers,328.85,23911,1037,19,1242.65
2025-11-03,Influencer,Micro-influencers Home&Deco,196.61,21102,737,7,269.4
2025-09-12,Email,Flow - Post Purchase,0.0,11878,463,32,2205.92
2026-05-13,Email,Flow - Post Purchase,0.0,6841,93,9,536.41
2026-04-02,Email,Flow - Post Purchase,0.0,4135,106,12,816.58
2026-07-15,Meta Ads,Prospecting - Broad,174.21,4551,196,1,72.13
2026-07-16,Meta Ads,Lookalike - Top Customers,180.04,10962,186,4,278.15
2026-05-09,Influencer,Micro-influencers Home&Deco,94.54,16489,329,4,158.95
2025-10-01,Email,Flow - Abandoned Cart,0.0,11055,263,17,1326.9
2025-09-13,Influencer,Macro Campaign Q4,116.15,7049,82,0,0.0
2026-08-26,Meta Ads,Retargeting - Cart Abandoners,175.02,4578,152,5,290.53
2025-12-04,Google Ads,Search - Brand,314.35,6239,224,17,1217.72
2026-01-17,Meta Ads,Lookalike - Top Customers,206.37,17020,389,4,146.17
2026-01-05,Google Ads,Search - Generic,250.16,11893,490,10,660.1
2025-09-11,Earned Media,Organic Social Mentions,0.0,1469,42,0,0.0
2025-12-05,Google Ads,Shopping - Catalog,412.79,22190,455,17,796.47
2026-01-31,Influencer,Macro Campaign Q4,105.97,8469,91,2,105.46
2026-05-10,Email,Flow - Post Purchase,0.0,5240,93,7,495.35
2025-09-19,Google Ads,Search - Brand,273.24,7958,268,17,409.12
2025-11-16,Meta Ads,Retargeting - Cart Abandoners,246.19,29039,726,30,1868.93
2026-08-20,Influencer,Micro-influencers Home&Deco,84.73,12488,536,15,856.26
2026-01-14,Google Ads,Search - Brand,273.78,16452,485,28,1943.96
2025-11-18,Email,Flow - Abandoned Cart,0.0,11637,437,40,1425.19
2026-06-18,Google Ads,Search - Brand,151.8,15311,340,11,595.03
2026-07-03,Meta Ads,Prospecting - Broad,120.23,9362,236,4,208.39
2026-07-22,Email,Flow - Abandoned Cart,0.0,8428,91,7,326.38
2026-02-09,Google Ads,Search - Generic,147.13,17336,599,23,
2026-07-17,Earned Media,Press Mentions,0.0,6286,126,0,0.0
2026-02-17,Earned Media,Press Mentions,0.0,5304,235,2,118.44
2026-01-09,Email,Flow - Abandoned Cart,0.0,4326,85,7,412.87
2026-03-11,Earned Media,Organic Social Mentions,0.0,8553,287,1,68.48
2026-03-30,Earned Media,Press Mentions,0.0,11274,505,5,203.83
2026-07-30,Earned Media,Organic Social Mentions,0.0,1783,21,0,0.0
2026-06-25,Earned Media,Press Mentions,0.0,12030,111,2,119.33
2025-12-31,Influencer,Micro-influencers Home&Deco,107.1,23543,680,11,677.62
2025-11-01,Influencer,Macro Campaign Q4,127.03,6392,181,2,95.61
2025-12-04,Google Ads,Search - Generic,278.83,13599,201,6,313.17
2025-12-02,Email,Flow - Abandoned Cart,0.0,4917,62,5,393.47
2026-07-15,Earned Media,Press Mentions,0.0,7728,222,3,207.35
2026-05-12,Meta Ads,Prospecting - Broad,128.11,11713,232,4,218.13
2026-04-18,Influencer,Macro Campaign Q4,128.33,18730,755,8,477.16
2026-03-17,Google Ads,Search - Generic,132.25,12519,373,17,912.82
2025-10-01,Earned Media,Press Mentions,0.0,5692,82,1,26.64
2026-06-26,Email,Flow - Abandoned Cart,0.0,7235,190,22,1354.21
2026-07-08,Influencer,Micro-influencers Home&Deco,88.02,8412,179,1,55.73
2025-12-07,Email,Newsletter Weekly,0.0,9894,245,16,658.32
2025-11-01,Earned Media,Organic Social Mentions,0.0,21939,497,2,118.19
2025-12-21,Meta Ads,Prospecting - Broad,211.75,5644,160,4,306.85
2025-11-13,Influencer,Macro Campaign Q4,191.55,21401,603,5,241.78
2026-06-10,Influencer,Macro Campaign Q4,123.8,15227,431,4,296.82
2025-09-15,Google Ads,Search - Brand,175.37,16924,635,37,3084.85
2026-06-05,Earned Media,Press Mentions,0.0,3582,77,0,0.0
2026-02-08,Google Ads,Shopping - Catalog,300.39,4769,177,5,378.85
2025-09-08,Google Ads,Shopping - Catalog,302.7,17316,675,18,642.2
2026-08-18,Email,Flow - Abandoned Cart,0.0,10565,333,29,1743.56
2026-08-13,Meta Ads,Lookalike - Top Customers,127.52,10774,209,2,157.87
2026-05-13,Earned Media,Organic Social Mentions,0.0,1940,67,0,0.0
2026-02-21,Google Ads,Search - Generic,271.07,7686,111,4,183.16
2025-10-22,Email,Newsletter Weekly,0.0,8594,280,12,305.91
2026-01-13,Influencer,Macro Campaign Q4,69.21,13755,606,6,514.45
2026-03-22,Email,Newsletter Weekly,0.0,11852,459,21,1460.98
2026-02-21,Influencer,Micro-influencers Home&Deco,132.28,6581,204,0,0.0
2026-03-14,Influencer,Macro Campaign Q4,118.89,10292,411,6,358.55
2026-01-06,Email,Flow - Post Purchase,0.0,7854,98,6,345.46
2026-06-18,Email,Newsletter Weekly,0.0,8128,338,6,382.12
2026-08-28,Earned Media,Organic Social Mentions,0.0,3473,76,0,0.0
2026-03-18,Meta Ads,Retargeting - Cart Abandoners,176.36,4870,139,4,327.5
2026-08-03,Meta Ads,Prospecting - Broad,124.1,5118,107,3,143.27
2025-12-15,Earned Media,Organic Social Mentions,0.0,13795,196,2,113.03
2026-05-25,Google Ads,Search - Brand,150.51,8488,120,10,765.92
2026-03-10,Earned Media,Press Mentions,0.0,8821,347,7,386.38
2026-04-14,Meta Ads,Retargeting - Cart Abandoners,224.46,11349,219,5,277.26
2026-02-25,Influencer,Macro Campaign Q4,54.82,10266,237,7,383.34
2026-08-02,Email,Flow - Post Purchase,0.0,9013,329,23,1415.44
2025-11-06,Earned Media,Organic Social Mentions,0.0,21156,301,0,0.0
2025-11-12,Email,Flow - Abandoned Cart,0.0,5330,117,10,755.37
2026-02-25,Email,Newsletter Weekly,0.0,11392,123,7,250.26
2025-09-19,Email,Flow - Abandoned Cart,0.0,9515,357,24,1297.55
2026-01-16,Email,Flow - Post Purchase,0.0,7526,236,22,1151.76
2026-01-27,Meta Ads,Lookalike - Top Customers,120.1,14585,483,10,574.84
2025-10-11,Email,Newsletter Weekly,0.0,5978,189,8,490.0
2026-08-23,Meta Ads,Retargeting - Cart Abandoners,118.31,6795,300,20,1278.33
2026-02-22,Influencer,Micro-influencers Home&Deco,113.9,3879,61,0,0.0
2026-08-14,Meta Ads,Retargeting - Cart Abandoners,191.06,8308,161,7,646.92
2026-06-12,Meta Ads,Lookalike - Top Customers,289.51,9096,374,6,419.38
2026-04-17,Email,Flow - Post Purchase,0.0,6675,137,17,939.45
2025-10-04,Meta Ads,Prospecting - Broad,209.74,3093,25,0,0.0
2026-08-26,Email,Newsletter Weekly,0.0,9669,226,11,505.32
2026-02-06,Earned Media,Organic Social Mentions,0.0,14281,453,5,211.52
2026-08-02,Google Ads,Shopping - Catalog,194.61,7719,262,10,180.0
2026-07-06,Earned Media,Organic Social Mentions,0.0,9937,443,3,
2025-12-23,Influencer,Micro-influencers Home&Deco,137.26,18144,714,10,342.0
2025-09-27,Meta Ads,Prospecting - Broad,168.09,3356,37,2,143.89
2026-02-07,Email,Flow - Abandoned Cart,0.0,5334,47,2,147.02
2026-02-02,Influencer,Micro-influencers Home&Deco,54.8,7119,235,2,98.5
2025-09-20,Email,Newsletter Weekly,0.0,7373,134,5,287.3
2025-09-25,Email,Flow - Post Purchase,0.0,4462,150,20,1002.18
2026-02-05,Email,Flow - Abandoned Cart,0.0,5840,47,4,244.25
2025-11-12,Influencer,Macro Campaign Q4,124.93,18925,289,5,424.64
2026-03-14,Meta Ads,Retargeting - Cart Abandoners,252.44,7461,150,3,221.35
2025-11-23,Google Ads,Shopping - Catalog,555.53,29710,790,26,1290.91
2025-12-01,Email,Flow - Post Purchase,0.0,11297,177,8,604.49
2025-10-18,Influencer,Micro-influencers Home&Deco,68.24,9382,354,4,171.64
2026-02-09,Google Ads,Shopping - Catalog,254.05,18986,541,16,936.69
2025-10-28,Influencer,Micro-influencers Home&Deco,108.18,3871,101,1,43.46
2026-03-22,Email,Flow - Abandoned Cart,0.0,5669,243,11,523.27
2026-05-26,Influencer,Micro-influencers Home&Deco,63.75,9357,355,4,216.72
2026-01-22,Google Ads,Shopping - Catalog,210.32,19991,777,28,1368.94
2026-01-29,Email,Flow - Post Purchase,0.0,10709,126,13,675.26
2026-02-24,Earned Media,Press Mentions,0.0,3741,97,1,54.9
2026-01-15,Influencer,Micro-influencers Home&Deco,117.65,6518,273,5,265.27
2025-10-15,Google Ads,Shopping - Catalog,237.19,17723,762,16,722.48
2026-01-07,Google Ads,Search - Brand,156.65,8475,249,8,463.61
2025-12-17,Google Ads,Search - Generic,248.99,22337,459,15,913.75
2026-01-17,Earned Media,Press Mentions,0.0,3666,89,0,0.0
2026-07-12,Google Ads,Shopping - Catalog,157.05,7080,108,7,427.07
2025-09-21,Influencer,Macro Campaign Q4,133.98,6011,202,4,240.42
2025-09-14,Meta Ads,Retargeting - Cart Abandoners,167.16,9454,282,10,400.74
2026-02-05,Meta Ads,Prospecting - Broad,192.27,7775,324,4,197.38
2026-05-30,Meta Ads,Prospecting - Broad,201.66,9068,257,6,384.53
2026-08-28,Google Ads,Shopping - Catalog,198.38,11889,212,5,344.92
2026-01-18,Email,Flow - Post Purchase,0.0,9584,214,13,882.19
2026-07-02,Meta Ads,Prospecting - Broad,168.0,4048,147,5,427.85
2026-07-10,Meta Ads,Lookalike - Top Customers,142.14,4283,62,3,150.84
2025-12-25,Meta Ads,Retargeting - Cart Abandoners,277.23,26347,1028,44,1979.65
2026-03-14,Earned Media,Organic Social Mentions,0.0,12985,184,0,0.0
2025-12-08,Meta Ads,Retargeting - Cart Abandoners,227.07,30164,1200,53,3023.64
2026-05-24,Google Ads,Search - Brand,345.62,5512,196,11,568.54
2026-01-16,Google Ads,Shopping - Catalog,246.81,15245,420,11,789.75
2026-06-27,Meta Ads,Retargeting - Cart Abandoners,280.47,16859,561,28,1226.48
2026-07-14,Google Ads,Search - Generic,160.38,6019,220,9,748.6
2026-08-22,Earned Media,Press Mentions,0.0,866,31,0,0.0
2026-05-27,Meta Ads,Lookalike - Top Customers,201.16,11786,482,16,
2026-02-14,Earned Media,Organic Social Mentions,0.0,12658,158,2,37.49
2026-02-18,Google Ads,Shopping - Catalog,260.15,14331,576,21,1363.44
2026-02-18,Email,Flow - Post Purchase,0.0,5417,116,8,502.09
2025-09-23,Influencer,Micro-influencers Home&Deco,107.05,17667,283,1,62.34
2025-11-22,Google Ads,Search - Generic,273.0,8713,103,2,104.31
2025-09-05,Meta Ads,Retargeting - Cart Abandoners,201.3,12224,227,10,591.46
2026-07-15,Email,Flow - Post Purchase,0.0,9502,345,24,1506.95
2026-03-28,Influencer,Micro-influencers Home&Deco,103.22,12252,531,9,493.84
2026-08-23,Email,Flow - Post Purchase,0.0,8559,224,18,545.87
2026-02-02,Google Ads,Search - Generic,272.57,7136,248,3,180.62
2025-09-24,Meta Ads,Lookalike - Top Customers,117.74,16606,276,5,236.1
2025-09-29,meta ads ,Retargeting - Cart Abandoners,190.35,12992,192,7,512.7
2025-09-08,Earned Media,Press Mentions,0.0,8853,357,2,134.07
2026-04-23,Email,Flow - Abandoned Cart,0.0,9165,263,14,759.27
2026-04-04,Email,Flow - Post Purchase,0.0,8840,198,11,383.03
2026-08-12,Google Ads,Search - Brand,201.23,10783,389,29,1390.79
2026-04-04,Google Ads,Search - Brand,240.32,4280,184,14,745.36
2026-03-24,Meta Ads,Lookalike - Top Customers,161.46,13982,296,6,425.23
2025-12-24,Google Ads,Shopping - Catalog,391.71,29314,412,10,523.67
2026-06-08,Meta Ads,Prospecting - Broad,176.63,19384,438,3,175.21
2025-09-29,Influencer,Macro Campaign Q4,89.11,3571,36,1,59.42
2025-12-03,Google Ads,Search - Generic,412.46,21223,404,10,314.21
2025-10-12,Earned Media,Press Mentions,0.0,6831,186,0,0.0
2025-12-13,Earned Media,Organic Social Mentions,0.0,13004,174,1,55.64
2025-09-23,Google Ads,Shopping - Catalog,299.45,13227,506,19,987.78
2025-09-30,Earned Media,Organic Social Mentions,0.0,12509,276,3,173.77
2026-07-17,Google Ads,Search - Brand,223.94,10351,356,17,821.7
2026-07-08,Email,Newsletter Weekly,0.0,4146,88,0,0.0
2026-01-22,Earned Media,Press Mentions,0.0,8989,232,1,97.54
2026-07-20,Meta Ads,Prospecting - Broad,93.68,7565,161,1,69.56
2025-09-20,Meta Ads,Prospecting - Broad,285.8,8727,128,3,191.81
2026-03-10,Email,Flow - Post Purchase,0.0,10059,236,17,771.72
2026-02-14,Email,Newsletter Weekly,0.0,4336,130,7,544.95
2025-11-28,Earned Media,Organic Social Mentions,0.0,23330,205,2,
2026-05-06,Email,Flow - Post Purchase,0.0,6991,247,26,1654.16
2025-10-02,Email,Flow - Abandoned Cart,0.0,4887,119,9,539.74
2026-02-02,Google Ads,Search - Brand,209.34,8063,200,6,271.91
2026-07-11,Earned Media,Press Mentions,0.0,1664,43,0,0.0
2026-01-24,Influencer,Micro-influencers Home&Deco,124.8,6859,111,0,0.0
2026-06-20,Email,Flow - Post Purchase,0.0,8865,281,24,1789.09
2026-06-27,Email,Flow - Post Purchase,0.0,4621,105,9,432.13
2025-11-04,Meta Ads,Prospecting - Broad,364.18,10910,248,4,198.54
2026-01-17,Influencer,Micro-influencers Home&Deco,79.1,15532,526,5,385.5
2025-10-24,Meta Ads,Retargeting - Cart Abandoners,256.92,9665,345,10,477.67
2026-06-14,Email,Flow - Abandoned Cart,0.0,11038,466,29,1537.54
2026-04-02,Meta Ads,Prospecting - Broad,110.66,4053,165,5,427.2
2026-06-28,Earned Media,Press Mentions,0.0,5090,180,1,57.01
2025-11-22,Influencer,Micro-influencers Home&Deco,188.69,31454,1398,19,868.33
2026-07-31,Meta Ads,Lookalike - Top Customers,158.14,4598,84,1,69.17
2026-02-10,Google Ads,Shopping - Catalog,172.65,17862,255,6,322.74
2025-10-30,Meta Ads,Lookalike - Top Customers,176.91,18790,381,6,452.97
2026-03-14,Meta Ads,Prospecting - Broad,160.65,17218,577,14,697.75
2026-01-28,Influencer,Micro-influencers Home&Deco,54.15,9464,362,3,241.2
2025-10-13,Email,Flow - Post Purchase,0.0,10893,197,19,953.49
2025-10-28,Earned Media,Press Mentions,0.0,3154,42,0,0.0
2026-05-28,Meta Ads,Retargeting - Cart Abandoners,192.99,14588,621,29,1341.89
2026-07-21,Email,Newsletter Weekly,0.0,11840,511,23,943.37
2025-11-20,Meta Ads,Retargeting - Cart Abandoners,402.66,11968,219,14,1051.52
2026-06-02,meta ads ,Prospecting - Broad,200.89,12822,156,3,168.17
2026-08-12,Meta Ads,Retargeting - Cart Abandoners,118.03,6078,202,11,851.56
2025-09-28,Earned Media,Organic Social Mentions,0.0,14063,446,2,133.66
2026-07-28,Email,Newsletter Weekly,0.0,4756,121,4,209.62
2025-11-27,Google Ads,Search - Generic,305.27,7705,129,7,548.56
2026-06-06,Earned Media,Organic Social Mentions,0.0,13006,134,3,226.32
2025-10-13,Google Ads,Search - Generic,256.84,5844,215,6,402.64
2026-03-19,Email,Flow - Abandoned Cart,0.0,7788,292,18,663.34
2026-01-03,Influencer,Macro Campaign Q4,135.0,10373,241,0,0.0
2026-06-03,Meta Ads,Retargeting - Cart Abandoners,185.24,11186,297,10,740.06
2026-04-17,Email,Flow - Abandoned Cart,0.0,7135,227,17,832.05
2026-05-19,Earned Media,Press Mentions,0.0,11339,291,1,47.91
2026-05-28,Influencer,Micro-influencers Home&Deco,104.34,7747,157,2,123.77
2025-11-04,Influencer,Macro Campaign Q4,134.68,21100,569,5,289.88
2026-02-07,Meta Ads,Retargeting - Cart Abandoners,269.1,18709,613,33,2159.03
2026-07-20,Google Ads,Search - Brand,207.39,13235,119,10,467.82
2025-11-07,Email,Flow - Post Purchase,0.0,11039,294,24,675.45
2026-07-27,Meta Ads,Retargeting - Cart Abandoners,108.55,3459,77,3,227.53
2026-03-10,Meta Ads,Retargeting - Cart Abandoners,196.34,10003,322,23,1507.3
2025-11-06,Google Ads,Shopping - Catalog,348.11,7765,133,3,166.33
2026-05-07,Meta Ads,Lookalike - Top Customers,169.48,18335,588,10,546.72
2026-08-10,Google Ads,Search - Generic,201.55,11652,477,10,851.23
2026-02-06,Google Ads,Shopping - Catalog,284.88,6308,141,7,295.73
2026-05-22,Email,Flow - Abandoned Cart,0.0,4303,67,4,195.29
2026-01-26,Meta Ads,Prospecting - Broad,212.77,14548,369,6,255.33
2026-07-12,Google Ads,Search - Generic,149.32,14523,466,11,656.54
2026-06-13,Influencer,Macro Campaign Q4,95.37,4797,42,1,57.87
2025-11-22,Email,Flow - Abandoned Cart,0.0,9461,295,21,1828.07
2026-01-13,Earned Media,Press Mentions,0.0,12807,463,0,0.0
2025-11-29,Meta Ads,Lookalike - Top Customers,217.94,23929,547,14,909.99
2025-09-05,Email,Newsletter Weekly,0.0,11701,455,18,741.53
2025-12-12,Meta Ads,Prospecting - Broad,313.39,17969,574,4,298.42
2026-07-04,Earned Media,Press Mentions,0.0,8368,82,1,57.55
2026-03-26,Meta Ads,Retargeting - Cart Abandoners,213.07,6560,282,7,395.85
2025-12-05,Google Ads,Search - Brand,418.02,27059,388,23,1505.14
2026-02-23,Influencer,Micro-influencers Home&Deco,100.69,3480,29,0,0.0
2026-07-11,Email,Flow - Abandoned Cart,0.0,9850,346,22,1198.76
2026-04-24,Email,Flow - Abandoned Cart,0.0,9892,111,4,205.45
2025-12-26,Google Ads,Shopping - Catalog,432.39,14856,386,9,342.43
2026-02-16,Earned Media,Organic Social Mentions,0.0,8035,144,3,144.79
2026-05-03,Meta Ads,Prospecting - Broad,215.28,13053,118,2,130.11
2026-03-08,Meta Ads,Prospecting - Broad,274.68,11812,127,1,66.28
2025-11-22,Meta Ads,Lookalike - Top Customers,436.08,7614,245,7,470.46
2026-02-16,Earned Media,Press Mentions,0.0,8477,136,0,0.0
2026-08-18,Email,Newsletter Weekly,0.0,8624,375,12,909.15
2025-09-06,Earned Media,Press Mentions,0.0,5470,236,4,339.09
2025-10-10,Influencer,Micro-influencers Home&Deco,135.8,15031,154,0,0.0
2026-03-03,Influencer,Micro-influencers Home&Deco,96.59,15479,418,7,481.01
2026-01-17,Google Ads,Shopping - Catalog,223.78,16447,442,8,326.8
2026-05-07,Earned Media,Press Mentions,0.0,5122,144,1,73.74
2026-06-18,Email,Flow - Abandoned Cart,0.0,9952,435,39,3075.34
2026-08-21,Meta Ads,Lookalike - Top Customers,159.21,5839,67,1,50.28
2026-08-22,Email,Flow - Abandoned Cart,0.0,5177,226,18,1015.3
2025-09-15,Influencer,Macro Campaign Q4,114.81,8424,325,1,38.33
2026-03-12,Google Ads,Search - Generic,279.02,13468,423,12,370.35
2025-11-19,Earned Media,Press Mentions,0.0,15623,168,0,0.0
2026-02-15,Email,Flow - Abandoned Cart,0.0,4871,84,10,704.54
2026-01-29,Influencer,Micro-influencers Home&Deco,119.37,9174,170,2,177.2
2026-07-29,Earned Media,Organic Social Mentions,0.0,5057,168,1,44.25
2026-06-16,Influencer,Micro-influencers Home&Deco,69.71,17814,737,7,499.39
2025-12-10,Google Ads,Search - Brand,392.02,12909,163,11,620.0
2025-10-19,Meta Ads,Lookalike - Top Customers,247.12,5887,89,3,188.95
2026-04-01,Email,Newsletter Weekly,0.0,11956,100,4,277.82
2026-05-05,Earned Media,Press Mentions,0.0,5439,215,2,115.25
2025-11-24,Email,Flow - Abandoned Cart,0.0,9354,229,18,908.1
2026-07-28,Meta Ads,Lookalike - Top Customers,159.61,7529,150,4,226.06
2026-01-25,Influencer,Macro Campaign Q4,94.53,18563,234,2,115.28
2026-07-13,Google Ads,Search - Generic,150.75,8959,189,6,337.16
2026-08-29,Influencer,Macro Campaign Q4,87.42,7904,148,1,70.04
2026-05-03,Influencer,Macro Campaign Q4,103.84,16811,597,8,199.85
2026-01-25,Earned Media,Organic Social Mentions,0.0,3580,37,0,0.0
2026-02-17,Meta Ads,Retargeting - Cart Abandoners,190.19,16126,682,25,1295.8
2026-07-30,Google Ads,Shopping - Catalog,182.67,4995,102,5,265.23
2026-03-21,Google Ads,Search - Brand,339.09,10596,152,3,149.02
2026-08-26,Meta Ads,Lookalike - Top Customers,97.28,2817,95,2,109.38
2025-09-24,Influencer,Macro Campaign Q4,110.31,15048,140,1,55.87
2025-12-18,Email,Flow - Post Purchase,0.0,4954,80,6,389.4
2025-10-30,Email,Flow - Post Purchase,0.0,11202,417,31,991.67
2025-10-08,Google Ads,Search - Brand,252.14,7112,244,15,919.68
2026-08-03,Earned Media,Organic Social Mentions,0.0,7670,338,0,0.0
2025-09-29,Google Ads,Search - Brand,184.58,18991,334,16,531.87
2026-06-30,Earned Media,Organic Social Mentions,0.0,2482,40,0,0.0
2026-03-31,Meta Ads,Lookalike - Top Customers,208.48,12110,493,7,495.13
2025-10-20,Earned Media,Organic Social Mentions,0.0,10759,344,1,40.13
2026-03-18,Earned Media,Press Mentions,0.0,12484,184,1,39.58
2025-10-04,Earned Media,Organic Social Mentions,0.0,13634,142,1,66.91
2026-01-01,Email,Flow - Abandoned Cart,0.0,9213,316,28,1806.84
2026-02-22,Meta Ads,Retargeting - Cart Abandoners,158.45,13599,288,15,1111.87
2025-11-08,Earned Media,Organic Social Mentions,0.0,12642,255,0,0.0
2026-07-31,Email,Newsletter Weekly,0.0,5000,91,2,84.33
2025-12-28,Email,Flow - Abandoned Cart,0.0,5006,149,12,355.35
2025-12-18,Meta Ads,Prospecting - Broad,310.87,26763,322,5,345.85
2026-04-29,Influencer,Macro Campaign Q4,97.33,19977,308,4,252.07
2026-07-21,Email,Flow - Abandoned Cart,0.0,11315,458,41,3560.91
2026-06-29,Earned Media,Press Mentions,0.0,1755,70,0,0.0
2026-05-19,Meta Ads,Lookalike - Top Customers,126.7,17291,641,13,850.8
2026-08-28,Meta Ads,Lookalike - Top Customers,169.87,13461,476,8,682.04
2026-02-04,Google Ads,Search - Brand,218.95,3938,170,5,194.66
2025-11-12,Influencer,Micro-influencers Home&Deco,158.21,21187,553,7,303.13
2026-08-18,Influencer,Micro-influencers Home&Deco,65.21,14843,444,3,199.42
2025-09-06,Email,Flow - Abandoned Cart,0.0,10454,466,29,1410.3
2026-06-24,meta ads ,Retargeting - Cart Abandoners,182.15,3714,39,0,0.0
2025-11-16,Email,Newsletter Weekly,0.0,11696,313,10,614.11
2025-10-29,Email,Flow - Post Purchase,0.0,4129,158,7,312.67
2026-02-12,Google Ads,Shopping - Catalog,211.22,15653,395,9,505.67
2025-09-14,Google Ads,Search - Generic,237.86,3381,60,2,120.21
2026-02-06,Earned Media,Press Mentions,0.0,2930,87,0,0.0
2026-01-12,Google Ads,Shopping - Catalog,253.43,8690,293,10,570.29
2026-06-13,Google Ads,Search - Generic,276.57,18695,215,6,405.7
2026-06-01,Google Ads,Search - Brand,298.81,7244,310,22,1327.13
2026-05-19,Influencer,Micro-influencers Home&Deco,106.84,12164,186,2,121.12
2026-02-28,Earned Media,Press Mentions,0.0,12761,482,0,0.0
2026-08-18,Google Ads,Search - Brand,151.77,4386,66,3,187.03
2026-06-07,Google Ads,Search - Brand,330.33,3548,127,7,402.82
2025-11-04,Email,Newsletter Weekly,0.0,5291,134,5,192.21
2025-11-06,Email,Newsletter Weekly,0.0,11003,211,10,637.13
2026-04-22,Google Ads,Search - Brand,227.42,3294,121,5,389.63
2026-04-28,Influencer,Macro Campaign Q4,112.59,3446,85,2,73.36
2026-01-25,Google Ads,Shopping - Catalog,263.81,3541,89,5,424.95
2025-09-23,Earned Media,Organic Social Mentions,0.0,6660,158,1,65.97
2025-09-29,Email,Flow - Abandoned Cart,0.0,9255,401,33,2053.43
2026-01-25,Meta Ads,Retargeting - Cart Abandoners,139.8,15822,138,4,184.92
2025-12-09,Email,Newsletter Weekly,0.0,5604,89,2,101.29
2025-09-21,Email,Newsletter Weekly,0.0,8057,76,1,70.83
2026-04-11,Influencer,Macro Campaign Q4,128.52,12001,399,5,304.54
2026-01-16,Google Ads,Search - Brand,169.72,13352,249,9,741.85
2025-11-19,Meta Ads,Lookalike - Top Customers,318.35,18909,187,2,142.75
2026-07-10,Google Ads,Search - Generic,244.41,3784,157,6,421.6
2026-03-07,Meta Ads,Prospecting - Broad,194.81,18971,452,7,445.45
2026-03-07,Email,Flow - Post Purchase,0.0,5897,140,13,847.85
2026-01-26,Google Ads,Search - Brand,288.4,6857,290,17,814.95
2026-03-18,Email,Flow - Post Purchase,0.0,4646,150,13,702.65
2026-05-16,Google Ads,Search - Brand,213.25,9985,88,5,260.78
2026-01-02,Influencer,Macro Campaign Q4,62.89,9849,409,6,385.5
2026-08-13,Google Ads,Search - Generic,221.96,3753,38,0,0.0
2026-08-03,Earned Media,Press Mentions,0.0,9984,172,0,0.0
2025-10-01,Google Ads,Shopping - Catalog,240.29,4418,179,7,292.01
2025-09-08,Google Ads,Search - Brand,276.77,19146,667,42,3129.51
2026-03-04,Email,Newsletter Weekly,0.0,5492,225,6,366.12
2026-05-16,Email,Newsletter Weekly,0.0,9798,300,7,385.08
2026-01-16,Google Ads,Search - Generic,167.16,14869,462,10,916.68
2026-01-31,Email,Flow - Abandoned Cart,0.0,7472,316,26,1462.53
2026-01-27,Earned Media,Organic Social Mentions,0.0,10929,302,2,136.39
2026-05-11,Meta Ads,Retargeting - Cart Abandoners,139.82,11516,241,12,833.91
2026-03-17,Meta Ads,Prospecting - Broad,128.68,14237,462,11,619.26
2026-05-20,Meta Ads,Lookalike - Top Customers,147.2,8815,374,7,442.73
2026-08-11,Meta Ads,Lookalike - Top Customers,114.37,2805,54,0,0.0
2026-04-09,Influencer,Micro-influencers Home&Deco,111.61,13909,455,8,523.21
2026-03-22,Email,Flow - Post Purchase,0.0,5194,199,14,580.48
2026-04-12,Meta Ads,Lookalike - Top Customers,241.68,18895,546,11,742.99
2025-11-07,Influencer,Macro Campaign Q4,154.36,16283,603,5,409.22
2025-12-20,Meta Ads,Retargeting - Cart Abandoners,286.87,16721,296,9,469.75
2026-03-28,Email,Flow - Post Purchase,0.0,5164,200,14,984.89
2025-09-09,Email,Flow - Post Purchase,0.0,6914,184,17,819.47
2026-03-01,Earned Media,Organic Social Mentions,0.0,12359,149,0,0.0
2025-12-11,Email,Flow - Post Purchase,0.0,11196,466,48,2606.77
2026-04-19,Meta Ads,Lookalike - Top Customers,130.39,11504,455,9,433.4
2025-11-12,Earned Media,Press Mentions,0.0,7799,223,1,47.16
2026-07-09,Google Ads,Search - Brand,219.43,2482,53,4,210.04
2026-01-01,Meta Ads,Retargeting - Cart Abandoners,171.88,5908,238,11,495.69
2025-11-30,Email,Flow - Abandoned Cart,0.0,6492,239,18,
2025-10-19,Email,Newsletter Weekly,0.0,11262,301,8,488.89
2026-05-18,Email,Newsletter Weekly,0.0,6833,230,13,779.79
2026-05-04,Google Ads,Shopping - Catalog,261.24,15359,364,15,760.39
2026-04-13,Influencer,Micro-influencers Home&Deco,63.39,16558,567,7,522.54
2026-01-03,Meta Ads,Lookalike - Top Customers,281.58,19291,224,0,0.0
2026-04-20,Earned Media,Organic Social Mentions,0.0,5691,127,3,192.02
2026-07-01,Google Ads,Shopping - Catalog,182.67,11395,99,1,43.94
2026-02-13,Earned Media,Press Mentions,0.0,1820,29,2,165.03
2026-01-13,Meta Ads,Prospecting - Broad,119.49,10105,433,9,610.49
2026-08-01,Meta Ads,Lookalike - Top Customers,202.56,4062,133,2,155.49
2026-04-28,Google Ads,Search - Generic,152.5,17956,436,13,641.94
2026-01-23,Google Ads,Shopping - Catalog,195.75,9351,189,3,198.15
2026-05-30,Google Ads,Search - Brand,218.16,14933,144,6,436.71
2026-08-22,Meta Ads,Retargeting - Cart Abandoners,188.49,5090,223,10,437.24
2026-07-23,Email,Newsletter Weekly,0.0,8824,336,10,
2026-02-14,Google Ads,Search - Generic,354.07,8242,335,11,723.62
2026-05-13,Meta Ads,Retargeting - Cart Abandoners,176.89,12540,376,15,884.88
2026-01-26,Earned Media,Organic Social Mentions,0.0,7657,151,0,0.0
2025-09-23,Meta Ads,Retargeting - Cart Abandoners,152.83,13375,461,16,1239.81
2026-03-23,Meta Ads,Lookalike - Top Customers,140.18,17402,455,11,904.5
2026-07-14,Email,Flow - Post Purchase,0.0,11411,311,37,1614.56
2026-07-12,Earned Media,Press Mentions,0.0,8179,79,1,59.26
2026-03-02,Google Ads,Search - Brand,287.14,13857,309,15,895.99
2026-06-10,Google Ads,Shopping - Catalog,191.74,5102,162,11,575.22
2026-06-28,Email,Newsletter Weekly,0.0,10017,166,11,736.84
2025-11-25,Google Ads,Search - Generic,462.52,6938,140,3,239.68
2025-12-04,Meta Ads,Lookalike - Top Customers,249.78,18993,563,3,207.37
2026-03-15,Email,Newsletter Weekly,0.0,8381,92,6,365.48
2026-04-20,Email,Newsletter Weekly,0.0,5273,170,9,506.51
2026-04-30,Earned Media,Organic Social Mentions,0.0,9080,255,1,46.58
2025-10-11,Google Ads,Shopping - Catalog,349.61,15874,221,6,396.06
2026-07-18,Google Ads,Search - Generic,255.06,7890,297,13,778.88
2026-08-05,Email,Newsletter Weekly,0.0,11949,176,7,419.66
2025-10-09,Earned Media,Organic Social Mentions,0.0,2682,47,0,0.0
2026-08-25,Meta Ads,Lookalike - Top Customers,162.2,10692,252,6,416.76
2026-02-06,Email,Flow - Post Purchase,0.0,6855,130,8,507.12
2025-12-04,Meta Ads,Retargeting - Cart Abandoners,301.63,18475,246,10,578.48
2026-08-29,Email,Flow - Post Purchase,0.0,4537,45,4,236.13
2026-01-09,Google Ads,Shopping - Catalog,215.82,19593,342,9,474.39
2025-12-21,Email,Newsletter Weekly,0.0,8830,124,6,255.51
2026-01-04,Meta Ads,Retargeting - Cart Abandoners,258.03,5995,182,6,203.38
2025-12-07,Google Ads,Search - Brand,566.46,12602,231,8,406.6
2026-07-20,Google Ads,Search - Generic,104.72,10085,339,6,275.95
2025-11-07,Email,Newsletter Weekly,0.0,7144,93,0,0.0
2026-04-28,Email,Flow - Abandoned Cart,0.0,8435,264,20,963.96
2026-06-27,Influencer,Macro Campaign Q4,65.38,7633,174,2,88.52
2025-09-02,meta ads ,Prospecting - Broad,108.8,16862,575,12,798.76
2025-10-08,Meta Ads,Prospecting - Broad,176.61,6842,216,8,534.94
2026-04-19,Meta Ads,Prospecting - Broad,129.71,11548,226,2,94.38
2026-06-30,Email,Newsletter Weekly,0.0,11674,169,3,175.35
2026-04-02,Email,Flow - Abandoned Cart,0.0,10875,436,30,1954.15
2026-03-06,Email,Newsletter Weekly,0.0,8423,219,4,218.36
2026-08-02,Meta Ads,Lookalike - Top Customers,142.23,13715,242,4,211.66
2026-06-17,Earned Media,Organic Social Mentions,0.0,6802,62,0,0.0
2025-11-05,Earned Media,Organic Social Mentions,0.0,18755,630,8,508.33
2025-09-04,Email,Flow - Abandoned Cart,0.0,11426,272,30,1384.35
2026-02-26,Meta Ads,Prospecting - Broad,198.1,18476,335,6,413.07
2026-07-09,Influencer,Macro Campaign Q4,88.27,11066,361,3,204.73
2026-03-03,Email,Newsletter Weekly,0.0,10106,359,10,472.05
2025-11-09,Meta Ads,Lookalike - Top Customers,343.03,6917,299,4,205.8
2025-11-18,Email,Flow - Post Purchase,0.0,6134,163,16,950.78
2025-09-18,Earned Media,Press Mentions,0.0,11872,433,4,267.99
2025-11-12,Google Ads,Shopping - Catalog,413.74,30100,828,20,1136.5
2026-08-07,Earned Media,Press Mentions,0.0,10914,181,3,115.51
2026-08-12,Earned Media,Organic Social Mentions,0.0,7926,244,2,138.83
2026-08-23,Email,Newsletter Weekly,0.0,7275,224,11,545.53
2026-08-11,Influencer,Macro Campaign Q4,58.11,7910,289,4,180.71
2026-04-05,Email,Flow - Post Purchase,0.0,5641,190,18,839.95
2026-04-07,Meta Ads,Retargeting - Cart Abandoners,114.22,8822,95,3,205.97
2026-02-18,Earned Media,Press Mentions,0.0,11592,225,3,199.51
2025-11-29,Email,Flow - Post Purchase,0.0,8432,121,9,287.51
2025-09-16,Influencer,Micro-influencers Home&Deco,100.77,13331,359,3,152.26
2026-06-13,Meta Ads,Prospecting - Broad,285.32,4284,34,0,0.0
2026-05-15,Influencer,Macro Campaign Q4,70.45,5388,189,4,130.34
2026-07-22,Google Ads,Shopping - Catalog,216.52,2367,104,3,167.16
2025-11-29,Google Ads,Shopping - Catalog,356.45,25821,973,22,852.0
2026-01-02,Meta Ads,Retargeting - Cart Abandoners,190.12,11731,442,17,793.79
2026-07-04,Google Ads,Search - Generic,138.8,2511,92,1,61.18
2026-01-22,Influencer,Macro Campaign Q4,107.41,15863,518,4,175.02
2026-05-22,Earned Media,Press Mentions,0.0,1620,32,0,0.0
2026-05-29,meta ads ,Lookalike - Top Customers,285.76,15349,642,10,702.67
2026-08-27,Email,Newsletter Weekly,0.0,11887,409,18,977.35
2025-10-18,Influencer,Macro Campaign Q4,91.12,9333,98,1,48.36
2026-07-25,Earned Media,Organic Social Mentions,0.0,4047,50,0,0.0
2026-03-15,Email,Flow - Post Purchase,0.0,10674,205,16,621.51
2026-04-29,Email,Newsletter Weekly,0.0,6167,59,1,74.92
2025-09-29,Meta Ads,Prospecting - Broad,199.61,16356,202,3,158.37
2026-04-01,Earned Media,Organic Social Mentions,0.0,14570,184,0,0.0
2026-06-01,Influencer,Macro Campaign Q4,54.36,9944,311,3,163.74
2025-12-09,Google Ads,Shopping - Catalog,225.94,11082,417,15,323.09
2026-03-26,Google Ads,Search - Generic,272.44,12672,520,16,1173.18
2026-03-24,Meta Ads,Retargeting - Cart Abandoners,117.12,19761,181,8,313.22
2026-08-02,Email,Flow - Abandoned Cart,0.0,9722,362,37,2568.61
2026-04-08,Influencer,Micro-influencers Home&Deco,69.42,12380,547,3,133.43
2025-11-19,Influencer,Micro-influencers Home&Deco,177.99,9243,109,0,0.0
2026-01-06,Meta Ads,Lookalike - Top Customers,250.96,5162,55,2,109.23
2026-03-30,Earned Media,Organic Social Mentions,0.0,7786,302,4,212.21
2026-03-20,Influencer,Macro Campaign Q4,83.09,18622,610,2,133.79
2026-07-14,Meta Ads,Retargeting - Cart Abandoners,112.97,6352,173,8,443.49
2025-09-17,Earned Media,Organic Social Mentions,0.0,8577,374,1,66.51
2026-03-04,Influencer,Micro-influencers Home&Deco,69.36,8531,115,2,107.31
2026-07-04,Email,Newsletter Weekly,0.0,6168,209,11,811.71
2026-05-28,Earned Media,Press Mentions,0.0,8429,355,1,36.74
2026-06-20,Meta Ads,Lookalike - Top Customers,165.36,8111,249,8,585.72
2026-03-25,Google Ads,Shopping - Catalog,245.12,10786,431,17,918.13
2026-02-02,Google Ads,Shopping - Catalog,302.34,11124,388,10,607.29
2026-02-14,Email,Flow - Abandoned Cart,0.0,7005,92,9,433.86
2025-09-04,Meta Ads,Prospecting - Broad,108.73,5733,162,4,192.0
2025-12-01,Influencer,Micro-influencers Home&Deco,171.8,27310,1196,19,1292.39
2026-03-14,Influencer,Micro-influencers Home&Deco,89.74,11011,98,0,0.0
2026-07-23,Meta Ads,Prospecting - Broad,146.13,8027,130,3,158.55
2025-10-14,Google Ads,Search - Generic,176.08,13622,397,14,932.93
2026-05-05,Google Ads,Shopping - Catalog,228.51,4579,100,2,94.39
2026-05-17,Email,Flow - Abandoned Cart,0.0,6866,220,15,1019.02
2026-05-06,Email,Flow - Abandoned Cart,0.0,8434,259,19,701.6
2025-10-11,Meta Ads,Lookalike - Top Customers,288.94,15099,668,12,624.81
2026-06-06,Email,Flow - Post Purchase,0.0,6366,89,7,277.42
2026-04-23,Earned Media,Organic Social Mentions,0.0,2834,97,3,189.52
2026-03-31,Influencer,Macro Campaign Q4,104.22,11088,431,6,407.97
2026-02-19,Meta Ads,Lookalike - Top Customers,220.09,4586,65,0,0.0
2026-02-21,Influencer,Macro Campaign Q4,67.96,9803,287,5,315.77
2026-03-20,Influencer,Micro-influencers Home&Deco,102.31,10925,351,2,119.74
2026-03-22,Meta Ads,Prospecting - Broad,254.98,6319,190,2,91.41
2026-05-25,Email,Newsletter Weekly,0.0,9298,297,6,158.41
2026-07-16,Google Ads,Search - Brand,125.45,5387,233,8,497.95
2026-03-22,Google Ads,Shopping - Catalog,311.78,18576,415,12,1060.76
2026-06-22,Google Ads,Shopping - Catalog,181.09,19135,407,4,186.14
2026-03-14,Google Ads,Search - Generic,303.14,18519,665,15,816.15
2026-04-25,Meta Ads,Prospecting - Broad,231.31,19877,616,6,392.4
2025-10-15,Google Ads,Search - Generic,176.16,14492,494,15,634.27
2026-01-05,Earned Media,Organic Social Mentions,0.0,10613,415,2,108.99
2026-04-26,Meta Ads,Prospecting - Broad,286.99,3985,117,1,66.16
2026-01-29,Influencer,Macro Campaign Q4,86.83,8855,298,5,353.99
2026-08-11,Earned Media,Press Mentions,0.0,6995,142,1,36.37
2025-10-13,Google Ads,Shopping - Catalog,184.19,15145,546,11,406.53
2026-01-04,Influencer,Macro Campaign Q4,79.88,9051,167,1,79.79
2025-12-08,Meta Ads,Prospecting - Broad,351.13,6216,52,2,85.31
2026-01-18,Influencer,Micro-influencers Home&Deco,95.07,12859,553,3,87.13
2025-10-29,meta ads ,Retargeting - Cart Abandoners,167.23,7089,233,12,569.59
2025-12-12,Meta Ads,Retargeting - Cart Abandoners,280.82,7133,81,6,477.39
2025-10-20,Meta Ads,Lookalike - Top Customers,191.05,4143,47,5,335.12
2026-07-08,Meta Ads,Retargeting - Cart Abandoners,81.47,8882,142,7,371.7
2025-09-04,Google Ads,Search - Generic,289.0,13729,513,14,878.87
2025-09-01,Email,Flow - Abandoned Cart,0.0,7521,94,7,377.41
2025-10-07,Earned Media,Organic Social Mentions,0.0,12248,519,3,162.31
2026-08-30,Earned Media,Organic Social Mentions,0.0,7068,64,0,0.0
2025-10-07,Google Ads,Search - Brand,259.2,14773,191,8,436.96
2025-10-03,Google Ads,Shopping - Catalog,319.65,17942,523,15,1004.81
2026-06-11,Earned Media,Press Mentions,0.0,8214,91,1,79.55
2026-05-12,Email,Flow - Abandoned Cart,0.0,5189,208,15,1181.48
2026-08-29,Google Ads,Search - Generic,252.87,4665,45,1,62.95
2025-10-21,Google Ads,Search - Generic,294.15,12914,386,9,420.26
2026-05-28,Meta Ads,Prospecting - Broad,178.59,9150,409,4,298.31
2026-07-27,Meta Ads,Prospecting - Broad,179.57,2948,32,0,0.0
2026-04-08,Google Ads,Search - Brand,175.55,13208,231,10,758.37
2025-10-06,Influencer,Micro-influencers Home&Deco,111.18,7688,310,7,393.79
2026-05-20,Influencer,Macro Campaign Q4,113.27,15047,193,3,158.04
2026-01-09,Meta Ads,Retargeting - Cart Abandoners,268.53,11244,217,9,632.77
2025-11-19,Email,Newsletter Weekly,0.0,10674,313,12,743.79
2025-10-24,Email,Flow - Post Purchase,0.0,6495,133,6,471.7
2026-02-19,Email,Flow - Abandoned Cart,0.0,10314,132,6,351.83
2026-08-29,Email,Newsletter Weekly,0.0,11728,311,6,287.99
2025-09-06,Meta Ads,Prospecting - Broad,186.24,13639,363,9,538.47
2026-04-21,Meta Ads,Retargeting - Cart Abandoners,123.9,10499,398,16,904.98
2026-04-18,Email,Flow - Abandoned Cart,0.0,7553,109,10,473.82
2026-03-10,Influencer,Macro Campaign Q4,115.14,7005,298,7,344.42
2025-12-20,Meta Ads,Lookalike - Top Customers,381.32,18796,289,4,191.99
2026-04-30,Meta Ads,Lookalike - Top Customers,178.44,4631,104,2,86.56
2026-07-19,Meta Ads,Lookalike - Top Customers,159.7,6172,161,2,107.72
2026-06-14,Google Ads,Search - Brand,331.85,14838,612,33,2746.08
2026-02-08,Earned Media,Organic Social Mentions,0.0,1283,42,0,0.0
2025-11-16,Email,Flow - Abandoned Cart,0.0,6232,143,22,940.22
2026-03-02,Google Ads,Shopping - Catalog,180.82,11090,281,7,585.46
2026-08-13,Google Ads,Shopping - Catalog,167.51,9581,340,16,676.58
2026-07-28,Google Ads,Search - Brand,100.2,12354,229,5,352.6
2026-06-13,Email,Flow - Abandoned Cart,0.0,8804,293,23,1695.27
2026-01-15,Earned Media,Organic Social Mentions,0.0,3608,42,0,0.0
2026-02-10,Google Ads,Search - Brand,272.09,13364,161,9,313.2
2026-03-22,Earned Media,Organic Social Mentions,0.0,2888,25,0,0.0
2026-04-24,Google Ads,Search - Generic,274.12,8147,125,4,329.47
2025-09-10,Earned Media,Organic Social Mentions,0.0,9548,178,1,58.67
2026-04-08,Google Ads,Shopping - Catalog,140.33,6331,186,7,324.35
2026-04-25,Google Ads,Shopping - Catalog,253.46,10304,360,8,395.86
2025-11-05,Google Ads,Search - Generic,234.17,7187,103,3,122.64
2026-07-05,Meta Ads,Retargeting - Cart Abandoners,130.53,14153,275,10,943.64
2026-04-16,Email,Newsletter Weekly,0.0,11545,134,7,621.82
2026-06-15,Email,Flow - Abandoned Cart,0.0,5283,142,10,583.69
2026-03-29,Google Ads,Shopping - Catalog,302.84,6723,71,3,231.77
2026-02-23,Influencer,Macro Campaign Q4,89.1,5346,175,2,72.2
2026-05-10,Earned Media,Organic Social Mentions,0.0,10543,189,2,86.56
2026-03-30,Influencer,Micro-influencers Home&Deco,69.82,11193,107,1,58.97
2026-04-14,Google Ads,Search - Brand,291.76,11962,192,12,579.15
2025-09-06,Earned Media,Organic Social Mentions,0.0,5104,102,1,72.91
2026-08-19,Google Ads,Search - Generic,169.22,11772,273,9,165.08
2026-01-26,Earned Media,Press Mentions,0.0,11823,240,3,188.83
2026-06-18,Meta Ads,Lookalike - Top Customers,204.91,12023,267,3,182.52
2026-05-23,Earned Media,Press Mentions,0.0,9807,362,3,191.4
2026-03-17,Influencer,Micro-influencers Home&Deco,86.63,8359,357,6,351.67
2026-08-19,Email,Flow - Abandoned Cart,0.0,10317,422,38,2081.14
2026-02-09,Influencer,Micro-influencers Home&Deco,63.23,7508,292,3,203.67
2026-04-27,Meta Ads,Prospecting - Broad,157.68,14389,252,3,181.63
2026-08-07,Influencer,Macro Campaign Q4,52.52,8319,247,2,147.68
2026-05-16,Meta Ads,Prospecting - Broad,278.35,5813,77,1,67.77
2026-06-13,Google Ads,Shopping - Catalog,244.14,9973,388,10,565.56
2025-12-23,Earned Media,Organic Social Mentions,0.0,21326,496,3,227.95
2026-06-24,Influencer,Macro Campaign Q4,68.42,3884,94,2,165.59
2025-09-30,Google Ads,Shopping - Catalog,217.31,5818,250,10,517.23
2026-04-09,Meta Ads,Lookalike - Top Customers,232.68,18961,848,22,1150.91
2026-07-20,Earned Media,Press Mentions,0.0,5980,76,0,0.0
2026-06-06,Meta Ads,Lookalike - Top Customers,169.14,14622,646,8,517.13
2026-08-20,Email,Flow - Abandoned Cart,0.0,9645,313,19,1053.24
2026-07-16,Email,Flow - Post Purchase,0.0,4052,103,11,568.6
2025-10-13,Earned Media,Organic Social Mentions,0.0,1159,39,1,36.75
2025-11-04,Google Ads,Search - Brand,365.68,15754,428,35,1505.72
2025-09-03,Google Ads,Search - Brand,305.47,7114,233,14,582.94
2025-10-06,Email,Flow - Post Purchase,0.0,5045,187,11,910.44
2026-05-04,Email,Flow - Abandoned Cart,0.0,4321,61,5,232.15
2025-11-10,Email,Newsletter Weekly,0.0,5926,132,2,103.35
2026-01-19,Google Ads,Shopping - Catalog,267.54,10859,373,12,560.67
2025-12-09,Earned Media,Organic Social Mentions,0.0,16675,162,1,49.84
2026-08-21,Meta Ads,Prospecting - Broad,190.88,9969,169,1,63.69
2026-07-15,Meta Ads,Retargeting - Cart Abandoners,187.25,13186,427,20,750.33
2026-07-08,Meta Ads,Prospecting - Broad,162.15,3316,95,2,146.25
2025-10-10,Earned Media,Press Mentions,0.0,2067,37,1,88.63
2026-07-17,Google Ads,Search - Generic,138.53,4326,177,2,128.35
2026-03-25,Influencer,Micro-influencers Home&Deco,61.31,14983,233,5,283.4
2026-01-23,Meta Ads,Prospecting - Broad,135.23,19593,850,10,395.19
2026-04-06,Google Ads,Search - Generic,149.59,17980,346,11,621.24
2025-10-16,Influencer,Macro Campaign Q4,72.74,5711,79,0,0.0
2025-10-07,Meta Ads,Retargeting - Cart Abandoners,236.6,4061,165,6,330.83
2026-04-08,Email,Newsletter Weekly,0.0,9714,195,5,364.62
2026-04-05,Influencer,Micro-influencers Home&Deco,144.11,9362,338,4,161.93
2026-05-20,Google Ads,Search - Generic,224.54,18117,366,6,325.23
2026-03-05,Influencer,Macro Campaign Q4,82.84,6269,112,3,183.83
2026-02-24,Google Ads,Shopping - Catalog,173.08,19001,565,14,536.4
2025-12-29,Email,Flow - Abandoned Cart,0.0,5514,201,20,1591.32
2025-09-08,Email,Newsletter Weekly,0.0,10917,415,29,1438.65
2026-05-29,Meta Ads,Prospecting - Broad,186.65,6739,205,4,197.3
2026-02-18,Meta Ads,Lookalike - Top Customers,199.3,7368,73,0,0.0
2026-03-06,Earned Media,Press Mentions,0.0,2631,103,0,0.0
2026-02-20,Influencer,Micro-influencers Home&Deco,72.78,7073,281,6,345.13
2026-08-10,Email,Flow - Post Purchase,0.0,11104,223,18,1167.87
2026-02-07,Influencer,Micro-influencers Home&Deco,75.93,15199,546,3,185.66
2025-10-05,Google Ads,Shopping - Catalog,269.64,9309,281,9,434.66
2026-06-20,Email,Flow - Abandoned Cart,0.0,5783,197,10,577.57
2026-01-12,Google Ads,Search - Generic,196.62,3320,38,1,53.38
2026-01-24,Earned Media,Organic Social Mentions,0.0,8166,161,0,0.0
2025-11-18,Google Ads,Search - Brand,270.61,27692,252,16,1063.66
2025-09-02,Meta Ads,Retargeting - Cart Abandoners,219.06,4258,90,2,125.28
2026-06-01,Meta Ads,Prospecting - Broad,205.53,13506,460,11,618.01
2026-04-11,Google Ads,Search - Brand,331.36,3837,50,1,
2026-06-26,Google Ads,Search - Brand,275.14,16309,536,27,1616.63
2026-06-30,Influencer,Macro Campaign Q4,120.4,6337,258,3,194.71
2026-05-07,Influencer,Macro Campaign Q4,125.8,13390,496,5,317.31
2026-02-11,Earned Media,Press Mentions,0.0,6579,93,0,0.0
2026-08-01,Earned Media,Press Mentions,0.0,7510,274,1,65.32
2026-07-04,Google Ads,Search - Brand,220.38,4495,197,11,514.74
2026-04-14,Email,Newsletter Weekly,0.0,7706,249,11,571.3
2026-04-29,Influencer,Micro-influencers Home&Deco,103.25,19377,309,4,193.96
2025-09-23,Meta Ads,Prospecting - Broad,177.97,7365,136,2,121.04
2026-06-02,Influencer,Macro Campaign Q4,58.09,15203,448,5,311.81
2026-02-25,Earned Media,Press Mentions,0.0,4589,188,1,46.36
2025-10-30,Earned Media,Organic Social Mentions,0.0,2655,21,0,0.0
2026-08-06,Google Ads,Search - Generic,217.83,8584,309,4,221.91
2026-08-10,Meta Ads,Prospecting - Broad,111.97,8329,335,2,126.87
2026-02-05,Earned Media,Press Mentions,0.0,6201,97,1,39.41
2025-10-03,Earned Media,Organic Social Mentions,0.0,7748,118,1,45.48
2026-04-16,Meta Ads,Lookalike - Top Customers,133.52,14597,403,4,221.04
2026-06-17,Earned Media,Press Mentions,0.0,7749,273,4,251.71
2025-12-22,Earned Media,Press Mentions,0.0,10180,408,3,134.56
2026-06-29,Google Ads,Search - Brand,211.85,15098,644,30,1412.59
2026-06-18,Earned Media,Press Mentions,0.0,7906,111,0,0.0
2026-07-27,Influencer,Micro-influencers Home&Deco,90.06,13519,529,11,605.68
2026-08-15,Earned Media,Press Mentions,0.0,10648,283,4,255.34
2025-09-27,Earned Media,Organic Social Mentions,0.0,7461,62,0,0.0
2025-09-13,Influencer,Micro-influencers Home&Deco,63.73,4769,179,1,42.19
2026-08-25,Email,Newsletter Weekly,0.0,11455,109,5,298.92
2025-10-21,Influencer,Macro Campaign Q4,121.53,4446,98,0,0.0
2026-02-24,Email,Flow - Abandoned Cart,0.0,5043,182,9,665.18
2025-12-13,Meta Ads,Prospecting - Broad,402.73,7627,332,9,395.0
2026-04-14,Meta Ads,Prospecting - Broad,204.58,13941,237,1,69.93
2026-03-21,Google Ads,Shopping - Catalog,320.11,13054,277,11,456.56
2026-02-17,Influencer,Micro-influencers Home&Deco,69.04,8215,210,2,140.27
2025-09-30,Email,Newsletter Weekly,0.0,9207,259,5,430.7
2026-04-02,Earned Media,Press Mentions,0.0,6086,190,1,65.31
2026-02-18,Email,Newsletter Weekly,0.0,7438,236,11,618.68
2026-02-16,Google Ads,Search - Generic,240.01,13601,351,9,731.69
2025-10-06,Influencer,Macro Campaign Q4,124.63,11217,448,6,249.5
2025-11-27,Meta Ads,Retargeting - Cart Abandoners,391.74,19370,437,22,396.0
2025-09-24,Meta Ads,Prospecting - Broad,147.48,4350,48,2,161.6
2026-03-08,Meta Ads,Retargeting - Cart Abandoners,238.95,17749,382,9,502.29
2026-01-03,Google Ads,Search - Brand,323.52,3346,101,4,157.18
2026-05-18,Earned Media,Press Mentions,0.0,2489,39,0,0.0
2026-02-26,Google Ads,Search - Brand,302.61,5385,160,6,385.66
2026-07-19,Influencer,Micro-influencers Home&Deco,79.04,8384,164,0,0.0
2026-04-14,Email,Flow - Post Purchase,0.0,5663,128,7,418.5
2026-01-28,Meta Ads,Prospecting - Broad,135.48,12398,215,7,310.03
2026-08-17,Meta Ads,Retargeting - Cart Abandoners,116.87,9622,111,8,521.54
2026-08-28,Email,Newsletter Weekly,0.0,10969,156,2,100.12
2026-07-16,Google Ads,Shopping - Catalog,219.79,7248,174,6,329.23
2025-11-20,Email,Flow - Post Purchase,0.0,6525,82,7,416.04
2026-07-20,Email,Newsletter Weekly,0.0,9606,272,11,595.71
2026-07-14,Google Ads,Shopping - Catalog,106.76,9000,86,0,0.0
2025-12-27,Email,Flow - Abandoned Cart,0.0,5450,187,14,1077.15
2025-09-05,Meta Ads,Prospecting - Broad,271.58,8745,191,1,51.2
2025-11-05,Meta Ads,Retargeting - Cart Abandoners,178.0,28237,828,23,1437.29
2025-09-20,Google Ads,Search - Generic,221.82,9307,414,6,480.21
2026-06-18,Influencer,Macro Campaign Q4,83.93,13108,308,2,169.9
2026-01-07,Google Ads,Search - Generic,298.03,9206,384,13,861.89
2025-11-02,Meta Ads,Prospecting - Broad,236.73,8919,214,4,260.31
2025-12-29,Google Ads,Shopping - Catalog,457.19,13759,409,15,798.74
2025-09-03,Google Ads,Shopping - Catalog,147.89,17200,341,7,620.66
2025-10-26,Meta Ads,Prospecting - Broad,200.03,6850,210,2,107.55
2026-07-12,Email,Flow - Abandoned Cart,0.0,10018,414,36,2447.5
2026-03-30,Meta Ads,Lookalike - Top Customers,194.14,6120,113,2,126.34
2026-08-17,Google Ads,Search - Generic,179.31,8907,242,6,533.2
2026-08-06,Google Ads,Shopping - Catalog,154.02,10846,140,3,181.86
2026-06-17,Email,Newsletter Weekly,0.0,11119,281,13,718.76
2026-07-06,Meta Ads,Retargeting - Cart Abandoners,119.87,5746,154,12,659.78
2026-04-10,Earned Media,Organic Social Mentions,0.0,6511,117,0,0.0
2025-11-20,Google Ads,Search - Generic,222.45,14654,565,18,875.58
2026-02-27,Meta Ads,Prospecting - Broad,171.36,18499,661,7,277.92
2026-02-03,Google Ads,Shopping - Catalog,271.97,13723,408,10,930.76
2026-01-14,Google Ads,Search - Generic,204.06,17897,340,3,129.54
2026-02-12,Earned Media,Organic Social Mentions,0.0,2674,62,0,0.0
2026-03-11,Email,Newsletter Weekly,0.0,6688,95,4,284.87
2026-03-01,Google Ads,Search - Brand,282.99,9868,84,5,206.06
2026-04-07,Email,Flow - Abandoned Cart,0.0,5176,187,17,815.2
2026-07-21,Meta Ads,Prospecting - Broad,166.64,8482,297,5,342.72
2026-05-29,Google Ads,Search - Generic,319.22,17158,677,23,566.64
2025-09-26,Google Ads,Shopping - Catalog,217.51,15535,397,10,457.53
2026-04-26,Influencer,Micro-influencers Home&Deco,140.84,12892,482,5,362.06
2026-07-25,Earned Media,Press Mentions,0.0,11097,473,2,157.2
2026-01-05,Meta Ads,Prospecting - Broad,168.3,10341,103,2,82.62
2025-12-26,Email,Flow - Abandoned Cart,0.0,4416,179,18,1079.57
2025-11-06,Google Ads,Search - Brand,467.25,14870,532,33,1620.96
2025-12-02,Meta Ads,Lookalike - Top Customers,248.62,13356,359,11,616.67
2025-11-25,Email,Newsletter Weekly,0.0,7289,121,1,47.59
2025-09-26,Meta Ads,Lookalike - Top Customers,159.84,3206,54,3,127.02
2025-11-23,Influencer,Micro-influencers Home&Deco,222.4,18311,717,8,578.41
2026-06-23,Earned Media,Organic Social Mentions,0.0,14274,584,3,196.19
2026-03-13,Email,Newsletter Weekly,0.0,8858,131,5,144.71
2025-09-01,Google Ads,Search - Brand,185.55,11920,285,12,617.76
2026-03-23,Google Ads,Search - Brand,203.46,19739,720,47,3794.55
2026-04-04,Influencer,Micro-influencers Home&Deco,126.75,9184,323,4,255.17
2025-12-24,Email,Flow - Post Purchase,0.0,5202,49,6,282.95
2026-03-09,Meta Ads,Lookalike - Top Customers,166.14,17660,259,5,331.94
2026-08-04,Earned Media,Press Mentions,0.0,7990,102,0,0.0
2025-10-13,Google Ads,Search - Brand,235.95,14237,155,8,623.31
2025-10-13,Influencer,Macro Campaign Q4,106.35,12555,540,6,256.3
2026-02-17,Google Ads,Shopping - Catalog,152.67,14722,340,7,334.74
2026-03-19,Meta Ads,Lookalike - Top Customers,221.85,14851,665,5,153.53
2025-12-24,Google Ads,Search - Brand,427.82,21030,430,19,994.39
2026-05-21,Email,Flow - Post Purchase,0.0,11321,393,23,817.07
2025-09-21,Google Ads,Search - Generic,193.46,4902,88,0,0.0
2025-12-23,Meta Ads,Lookalike - Top Customers,226.1,8509,129,0,0.0
2025-12-04,Earned Media,Organic Social Mentions,0.0,9799,371,2,136.28
2025-11-28,Influencer,Macro Campaign Q4,106.58,27551,742,9,365.19
2025-12-17,Influencer,Macro Campaign Q4,132.28,18322,599,2,146.57
2026-04-10,Email,Flow - Post Purchase,0.0,9969,98,11,866.36
2025-11-10,Email,Flow - Post Purchase,0.0,6461,273,18,1124.52
2026-08-11,Meta Ads,Retargeting - Cart Abandoners,178.38,8706,91,2,127.08
2025-11-21,Earned Media,Press Mentions,0.0,22023,295,2,99.5
2026-02-28,Email,Flow - Post Purchase,0.0,4518,159,10,490.51
2026-07-07,Email,Newsletter Weekly,0.0,11984,467,17,655.08
2026-03-20,Meta Ads,Retargeting - Cart Abandoners,145.42,11705,214,6,326.18
2025-12-26,Google Ads,Search - Generic,377.22,24730,825,28,1868.72
2026-01-19,Meta Ads,Retargeting - Cart Abandoners,220.43,6655,229,12,719.86
2025-10-06,Earned Media,Organic Social Mentions,0.0,9081,363,6,144.74
2025-09-27,Email,Newsletter Weekly,0.0,5579,227,9,630.42
2026-08-26,Google Ads,Search - Brand,159.81,10880,303,16,1306.65
2026-06-18,Meta Ads,Retargeting - Cart Abandoners,142.81,8570,169,6,379.07
2026-08-19,Earned Media,Press Mentions,0.0,5535,238,0,0.0
2026-06-02,Influencer,Micro-influencers Home&Deco,83.56,19016,458,11,681.48
2025-12-19,Meta Ads,Prospecting - Broad,338.77,26848,945,19,736.11
2026-06-30,Google Ads,Search - Generic,139.19,19480,817,21,378.0
2026-04-20,Meta Ads,Retargeting - Cart Abandoners,156.19,8432,114,7,396.53
2025-12-21,Google Ads,Shopping - Catalog,505.24,7182,225,10,667.44
2026-08-14,Earned Media,Press Mentions,0.0,1334,56,2,171.1
2026-06-20,Google Ads,Shopping - Catalog,328.02,3393,66,1,53.75
2026-01-24,Google Ads,Search - Brand,242.4,16178,444,20,755.7
2026-05-20,Earned Media,Press Mentions,0.0,6957,162,1,79.11
2026-01-10,Email,Newsletter Weekly,0.0,6607,169,6,494.13
2026-05-14,Google Ads,Search - Brand,152.46,17252,633,33,1923.25
2026-03-11,Google Ads,Search - Generic,173.2,10001,344,6,425.6
2026-02-03,Influencer,Micro-influencers Home&Deco,106.02,4445,71,0,0.0
2026-05-02,Google Ads,Shopping - Catalog,251.85,13003,278,8,404.63
2025-09-02,Email,Flow - Post Purchase,0.0,10464,328,32,1631.21
2026-07-27,Influencer,Macro Campaign Q4,41.1,9194,221,2,116.45
2026-06-14,Influencer,Macro Campaign Q4,107.86,12833,305,1,61.42
2025-11-23,Meta Ads,Prospecting - Broad,265.71,6630,118,4,264.72
2026-03-06,Influencer,Macro Campaign Q4,109.66,16823,624,11,713.33
2026-04-24,Email,Newsletter Weekly,0.0,4775,79,0,0.0
2026-05-09,Earned Media,Press Mentions,0.0,13364,384,3,164.31
2026-03-04,Earned Media,Press Mentions,0.0,6028,208,1,60.46
2026-04-20,Google Ads,Search - Brand,232.99,7510,245,11,511.28
2026-05-03,Google Ads,Search - Generic,227.89,18249,157,5,292.08
2026-08-23,Email,Flow - Abandoned Cart,0.0,8015,285,23,1516.97
2026-03-15,Meta Ads,Prospecting - Broad,186.45,18771,215,3,155.0
2026-02-23,Meta Ads,Lookalike - Top Customers,212.08,7547,289,12,693.1
2025-11-20,Email,Flow - Abandoned Cart,0.0,9460,307,27,727.46
2026-08-22,Earned Media,Organic Social Mentions,0.0,2770,65,1,31.72
2026-02-27,Email,Flow - Abandoned Cart,0.0,11768,520,37,2239.4
2026-05-11,Email,Flow - Post Purchase,0.0,7173,199,17,937.7
2026-01-31,meta ads ,Retargeting - Cart Abandoners,195.05,8620,97,4,198.89
2026-05-11,Earned Media,Organic Social Mentions,0.0,10712,441,1,52.96
2025-11-02,Google Ads,Search - Generic,285.69,16764,533,14,837.8
2026-07-17,Meta Ads,Lookalike - Top Customers,157.96,4309,95,2,122.83
2026-03-10,Influencer,Micro-influencers Home&Deco,57.31,4897,73,1,57.09
2026-08-25,Earned Media,Press Mentions,0.0,4755,68,1,64.6
2026-07-02,Meta Ads,Retargeting - Cart Abandoners,134.23,11146,103,6,394.36
2026-08-29,Google Ads,Shopping - Catalog,210.59,14385,164,2,121.31
2025-12-15,Google Ads,Search - Brand,445.77,12893,479,16,934.59
2026-03-25,Google Ads,Search - Brand,144.25,5611,203,12,490.9
2026-05-19,Google Ads,Search - Brand,286.71,13955,303,16,919.33
2025-12-26,Earned Media,Organic Social Mentions,0.0,7882,276,1,59.64
2026-08-09,Influencer,Macro Campaign Q4,95.76,8982,205,0,0.0
2025-11-12,Meta Ads,Prospecting - Broad,248.33,26988,812,13,965.95
2025-12-02,Influencer,Micro-influencers Home&Deco,198.01,17970,186,2,181.09
2025-12-02,Email,Newsletter Weekly,0.0,11530,468,16,1002.91
2026-04-30,Influencer,Micro-influencers Home&Deco,105.72,8925,265,2,80.57
2026-05-19,Email,Newsletter Weekly,0.0,11079,398,12,691.66
2025-09-11,Meta Ads,Prospecting - Broad,130.23,11179,309,2,
2025-10-11,Meta Ads,Retargeting - Cart Abandoners,164.27,19330,295,18,1137.52
2025-11-13,Email,Newsletter Weekly,0.0,8620,251,7,397.37
2025-11-10,Google Ads,Search - Brand,380.43,23733,508,30,1163.87
2025-11-06,Meta Ads,Retargeting - Cart Abandoners,289.03,13291,316,14,880.89
2026-02-04,Google Ads,Shopping - Catalog,172.29,5067,108,2,149.01
2026-01-06,Meta Ads,Prospecting - Broad,165.88,17377,361,7,374.86
2025-12-11,Meta Ads,Lookalike - Top Customers,286.47,5889,261,4,304.85
2026-03-04,Email,Flow - Abandoned Cart,0.0,6975,63,3,159.19
2026-02-15,Google Ads,Search - Generic,205.11,3066,80,0,0.0
2026-01-18,Meta Ads,Lookalike - Top Customers,204.28,11517,229,2,114.63
2026-02-27,Google Ads,Shopping - Catalog,183.43,12103,200,7,163.7
2026-06-27,Google Ads,Shopping - Catalog,292.6,13545,431,11,741.87
2025-10-18,Earned Media,Organic Social Mentions,0.0,12262,448,3,262.63
2025-10-23,Earned Media,Organic Social Mentions,0.0,3249,28,0,0.0
2026-05-27,Email,Newsletter Weekly,0.0,9738,220,6,300.63
2025-12-15,Meta Ads,Retargeting - Cart Abandoners,209.32,18059,387,17,939.4
2026-05-28,Earned Media,Organic Social Mentions,0.0,9482,249,3,243.38
2025-10-17,Earned Media,Organic Social Mentions,0.0,8001,185,2,131.37
2026-03-12,Influencer,Macro Campaign Q4,76.32,9676,205,4,227.35
2026-04-23,Google Ads,Shopping - Catalog,231.23,5676,225,10,886.83
2025-10-06,Email,Flow - Abandoned Cart,0.0,7804,219,15,925.84
2025-12-31,Meta Ads,Prospecting - Broad,335.03,20840,513,12,811.43
2025-10-31,Earned Media,Organic Social Mentions,0.0,9590,395,4,321.03
2026-03-16,Google Ads,Search - Generic,167.95,16034,303,3,155.73
2025-09-24,Influencer,Micro-influencers Home&Deco,91.51,13600,153,3,179.61
2026-02-11,Meta Ads,Lookalike - Top Customers,153.78,12415,434,3,243.14
2026-03-05,Email,Newsletter Weekly,0.0,7415,199,4,222.46
2025-10-15,Email,Flow - Abandoned Cart,0.0,9440,218,9,354.86
2025-09-09,Meta Ads,Retargeting - Cart Abandoners,182.01,16322,370,16,1088.73
2026-01-10,Meta Ads,Lookalike - Top Customers,240.48,11724,472,7,329.41
2025-11-16,Earned Media,Press Mentions,0.0,7370,181,1,65.82
2026-03-16,Email,Flow - Abandoned Cart,0.0,7932,68,3,151.39
2025-11-17,Influencer,Macro Campaign Q4,197.75,16861,335,4,215.66
2026-08-12,Meta Ads,Lookalike - Top Customers,176.44,12026,111,3,145.32
2025-11-19,Email,Flow - Abandoned Cart,0.0,8229,76,7,393.75
2026-08-17,Email,Flow - Post Purchase,0.0,8557,292,23,1938.54
2025-12-12,Influencer,Macro Campaign Q4,163.8,24888,997,13,606.42
2026-02-04,Influencer,Micro-influencers Home&Deco,99.06,16491,303,4,233.02
2026-05-25,Email,Flow - Abandoned Cart,0.0,8196,69,7,468.48
2026-03-03,Meta Ads,Lookalike - Top Customers,213.98,3133,87,3,141.63
2026-04-25,Google Ads,Search - Brand,220.55,13786,411,18,1434.67
2026-04-08,Earned Media,Organic Social Mentions,0.0,6617,247,2,108.03
2026-02-20,Meta Ads,Prospecting - Broad,206.87,8728,165,1,62.38
2026-05-27,Influencer,Macro Campaign Q4,90.8,5726,235,2,140.43
2026-02-09,Meta Ads,Lookalike - Top Customers,204.78,7287,145,4,174.6
2026-07-07,Email,Flow - Post Purchase,0.0,4501,181,15,727.96
2026-05-25,Influencer,Micro-influencers Home&Deco,97.44,9382,197,4,225.84
2026-08-24,Meta Ads,Retargeting - Cart Abandoners,181.09,7151,81,2,77.92
2026-08-04,Meta Ads,Prospecting - Broad,161.46,3755,63,0,0.0
2026-06-06,Google Ads,Shopping - Catalog,344.16,3602,128,4,246.3
2026-05-26,Google Ads,Search - Brand,264.09,3021,109,7,310.32
2025-11-15,Meta Ads,Retargeting - Cart Abandoners,303.05,21343,521,24,1310.45
2026-01-10,Google Ads,Search - Generic,296.75,5302,99,1,72.86
2026-05-14,Email,Flow - Post Purchase,0.0,8445,265,26,982.15
2026-01-18,Earned Media,Press Mentions,0.0,7308,135,0,0.0
2025-11-30,Google Ads,Search - Brand,325.67,14716,577,25,1814.02
2025-12-13,Meta Ads,Retargeting - Cart Abandoners,270.35,27179,738,26,2090.06
2026-05-16,Google Ads,Search - Generic,161.12,19775,351,6,431.24
2026-05-11,Influencer,Macro Campaign Q4,120.5,19930,601,3,172.45
2026-04-29,Email,Flow - Post Purchase,0.0,9015,286,26,2075.25
2025-12-26,Meta Ads,Retargeting - Cart Abandoners,260.85,17873,507,22,957.38
2026-01-27,Google Ads,Shopping - Catalog,278.11,9127,218,5,264.03
2026-08-11,Email,Flow - Post Purchase,0.0,7619,105,9,490.1
2025-09-28,Meta Ads,Lookalike - Top Customers,250.22,3600,128,1,58.21
2025-10-27,Google Ads,Search - Brand,251.23,10283,360,22,1778.61
2025-12-21,Meta Ads,Lookalike - Top Customers,217.9,30752,500,13,472.3
2025-10-25,Meta Ads,Prospecting - Broad,273.96,16895,608,6,268.29
2026-08-27,Google Ads,Search - Brand,142.83,5357,204,6,430.47
2026-08-04,Google Ads,Search - Brand,177.1,9142,157,7,423.2
2026-03-24,Influencer,Macro Campaign Q4,59.01,11438,291,2,112.58
2025-09-13,Google Ads,Search - Generic,193.32,6241,58,1,48.02
2026-08-09,Google Ads,Search - Brand,166.9,10917,371,27,1491.33
2026-05-07,Meta Ads,Prospecting - Broad,199.11,8992,97,3,192.1
2026-04-28,Earned Media,Organic Social Mentions,0.0,3236,71,0,0.0
2025-12-16,Email,Flow - Abandoned Cart,0.0,8292,151,7,409.37
2025-10-09,Email,Flow - Abandoned Cart,0.0,4117,90,6,358.0
2026-07-14,Earned Media,Organic Social Mentions,0.0,7336,98,0,0.0
2026-08-29,Earned Media,Organic Social Mentions,0.0,10637,398,2,108.98
2026-07-18,Influencer,Micro-influencers Home&Deco,103.67,8737,166,1,43.0
2026-04-13,Email,Flow - Abandoned Cart,0.0,4455,97,7,578.04
2026-02-19,Influencer,Macro Campaign Q4,115.65,11340,181,1,43.47
2026-06-23,Google Ads,Search - Generic,234.38,17557,340,12,356.65
2026-04-22,Meta Ads,Lookalike - Top Customers,175.96,17496,557,5,280.19
2026-03-25,Meta Ads,Prospecting - Broad,145.13,4601,90,3,180.46
2025-11-17,Email,Newsletter Weekly,0.0,11735,341,16,1419.95
2026-02-15,Meta Ads,Prospecting - Broad,194.4,11656,500,9,388.03
2026-01-24,Google Ads,Shopping - Catalog,253.72,18198,776,26,992.75
2025-12-09,Meta Ads,Prospecting - Broad,349.92,12023,437,6,304.02
2025-09-29,Google Ads,Search - Generic,285.6,17312,257,9,374.59
2026-04-14,Earned Media,Press Mentions,0.0,5778,252,2,98.13
2025-12-11,Google Ads,Shopping - Catalog,398.08,26124,590,18,1409.72
2025-10-08,Earned Media,Organic Social Mentions,0.0,11945,380,0,0.0
2026-01-30,Meta Ads,Prospecting - Broad,165.9,9295,81,1,76.74
2026-06-24,Earned Media,Press Mentions,0.0,5814,228,0,0.0
2026-08-10,Email,Newsletter Weekly,0.0,8403,283,16,923.93
2025-09-26,Email,Flow - Post Purchase,0.0,9274,381,27,1914.27
2025-12-23,Email,Newsletter Weekly,0.0,4432,110,4,164.12
2025-10-23,Google Ads,Search - Brand,272.08,5977,196,7,425.02
2026-04-07,Meta Ads,Lookalike - Top Customers,204.47,10988,243,2,105.15
2025-11-27,Email,Flow - Abandoned Cart,0.0,7018,123,8,641.25
2025-12-03,Earned Media,Organic Social Mentions,0.0,21497,537,4,220.16
2026-05-23,Meta Ads,Retargeting - Cart Abandoners,235.37,17139,677,23,1794.37
2026-04-11,Earned Media,Organic Social Mentions,0.0,5448,106,1,72.01
2025-09-30,Google Ads,Search - Brand,176.17,17460,502,25,1346.56
2026-06-16,Earned Media,Organic Social Mentions,0.0,4342,153,2,139.23
2026-08-07,Google Ads,Search - Brand,229.05,12705,535,26,1989.85
2025-09-06,Meta Ads,Lookalike - Top Customers,279.9,12783,285,6,315.63
2026-04-17,Earned Media,Organic Social Mentions,0.0,12495,509,2,158.73
2026-05-16,Email,Flow - Post Purchase,0.0,4162,151,11,690.59
2026-01-23,Influencer,Macro Campaign Q4,123.05,5586,233,5,381.74
2025-10-07,Influencer,Micro-influencers Home&Deco,122.23,4229,183,2,112.23
2026-07-28,Google Ads,Search - Generic,205.26,8847,295,12,
2026-08-22,Email,Flow - Post Purchase,0.0,4193,72,5,370.97
2026-03-03,Google Ads,Search - Brand,178.86,13255,434,24,720.56
2025-11-30,Meta Ads,Lookalike - Top Customers,291.46,30051,313,6,494.84
2026-08-15,Influencer,Macro Campaign Q4,93.15,10551,370,2,97.31
2026-03-01,Email,Newsletter Weekly,0.0,7409,318,9,494.73
2025-10-03,Influencer,Micro-influencers Home&Deco,116.1,19159,579,9,219.25
2026-02-21,Email,Newsletter Weekly,0.0,9234,101,2,111.34
2025-12-12,Email,Flow - Abandoned Cart,0.0,4979,138,15,1240.97
2025-09-16,Google Ads,Search - Generic,261.81,7059,85,2,
2026-03-01,Google Ads,Search - Generic,190.64,14105,140,3,192.8
2026-06-28,Influencer,Micro-influencers Home&Deco,111.69,15982,693,9,480.95
2026-01-28,Meta Ads,Retargeting - Cart Abandoners,112.12,6395,108,4,229.13
2026-07-23,Google Ads,Search - Generic,206.33,6550,286,3,187.06
2025-09-12,Meta Ads,Prospecting - Broad,260.2,4880,191,1,69.61
2026-08-24,Google Ads,Search - Generic,112.26,10213,124,2,137.55
2025-09-20,Meta Ads,Lookalike - Top Customers,157.24,14563,155,0,0.0
2026-05-29,Earned Media,Organic Social Mentions,0.0,11103,342,0,0.0
2025-12-21,Earned Media,Press Mentions,0.0,7928,174,0,0.0
2026-06-02,Earned Media,Press Mentions,0.0,13623,325,3,201.1
2025-10-03,Meta Ads,Retargeting - Cart Abandoners,173.87,15634,152,10,689.09
2025-11-10,Meta Ads,Retargeting - Cart Abandoners,254.81,8839,265,14,533.1
2026-07-10,Email,Flow - Post Purchase,0.0,4918,64,6,237.82
2026-03-19,Influencer,Micro-influencers Home&Deco,76.5,5964,177,1,56.84
2026-05-13,Email,Flow - Abandoned Cart,0.0,7147,251,26,1936.07
2026-04-30,Google Ads,Shopping - Catalog,298.69,9095,120,2,133.08
2026-02-25,Email,Flow - Post Purchase,0.0,7902,352,24,1719.9
2026-02-10,Email,Newsletter Weekly,0.0,10186,260,8,573.89
2026-08-07,Meta Ads,Prospecting - Broad,139.54,13304,259,2,156.54
2026-07-28,Influencer,Micro-influencers Home&Deco,86.24,5394,190,3,198.04
2026-03-27,Google Ads,Search - Generic,225.45,5194,129,2,107.23
2025-12-09,Meta Ads,Retargeting - Cart Abandoners,246.92,17461,749,37,666.0
2026-01-06,Google Ads,Search - Generic,204.28,15247,410,17,688.12
2025-11-10,Meta Ads,Lookalike - Top Customers,260.84,8397,128,1,71.7
2026-07-06,Google Ads,Search - Generic,164.8,4638,145,4,224.72
2026-06-12,Email,Flow - Abandoned Cart,0.0,4801,200,16,1224.35
2025-10-29,Earned Media,Press Mentions,0.0,9444,314,2,
2026-06-16,Google Ads,Search - Generic,233.33,17463,239,2,98.63
2025-09-12,Google Ads,Search - Brand,221.77,6087,253,13,591.87
2025-11-27,Meta Ads,Lookalike - Top Customers,285.77,27832,1079,18,837.88
2026-03-24,Google Ads,Search - Generic,205.01,10370,262,9,382.81
2025-10-01,Google Ads,Search - Generic,167.55,6131,251,8,441.65
2026-08-09,Email,Newsletter Weekly,0.0,5533,73,2,114.75
2025-09-04,Email,Newsletter Weekly,0.0,11631,486,16,1036.07
2026-04-18,Earned Media,Organic Social Mentions,0.0,1135,12,0,0.0
2025-09-25,Influencer,Micro-influencers Home&Deco,62.74,8155,95,2,104.49
2026-02-14,Meta Ads,Retargeting - Cart Abandoners,190.89,8838,201,10,618.43
2026-08-06,Meta Ads,Lookalike - Top Customers,125.89,3167,74,2,102.91
2026-01-29,Email,Flow - Abandoned Cart,0.0,6619,244,24,944.22
2026-08-09,Meta Ads,Retargeting - Cart Abandoners,150.55,13920,216,9,557.72
2026-03-06,Influencer,Micro-influencers Home&Deco,65.33,17412,695,9,593.27
2026-05-30,Influencer,Micro-influencers Home&Deco,103.51,18113,449,4,220.8
2026-02-16,Meta Ads,Prospecting - Broad,163.54,18360,309,4,194.72
2026-03-27,Influencer,Macro Campaign Q4,74.45,17101,666,10,679.71
2026-06-03,Email,Flow - Abandoned Cart,0.0,10422,232,15,800.69
2026-02-07,Google Ads,Search - Generic,313.47,19068,581,14,696.8
2025-12-15,Meta Ads,Lookalike - Top Customers,236.09,28946,275,8,347.27
2026-03-01,Earned Media,Press Mentions,0.0,11907,414,0,0.0
2025-11-11,Email,Flow - Abandoned Cart,0.0,11657,277,22,1294.41
2026-02-22,Email,Newsletter Weekly,0.0,6651,293,14,732.68
2026-04-17,Earned Media,Press Mentions,0.0,7322,176,0,0.0
2026-06-13,Meta Ads,Lookalike - Top Customers,267.93,14456,470,9,489.28
2026-01-28,Email,Flow - Post Purchase,0.0,11041,450,45,2453.23
2026-07-01,Google Ads,Search - Brand,223.37,11132,186,8,410.69
2026-06-29,Email,Flow - Abandoned Cart,0.0,11123,90,6,238.11
2025-10-04,Email,Newsletter Weekly,0.0,10590,458,20,1588.77
2025-10-17,Email,Flow - Post Purchase,0.0,5932,125,6,356.88
2025-09-06,Influencer,Micro-influencers Home&Deco,124.58,4753,196,2,101.35
2026-01-14,Influencer,Micro-influencers Home&Deco,75.67,5841,134,1,38.33
2026-05-04,Earned Media,Press Mentions,0.0,7597,106,0,0.0
2025-12-11,Influencer,Micro-influencers Home&Deco,164.4,25975,333,4,231.84
2025-12-31,Google Ads,Search - Brand,248.8,6104,223,12,596.71
2026-05-20,Google Ads,Shopping - Catalog,215.77,7587,261,12,811.66
2025-09-09,Influencer,Micro-influencers Home&Deco,116.9,18654,191,1,61.0
2025-11-15,Earned Media,Press Mentions,0.0,12114,481,2,107.67
2026-07-31,Email,Flow - Abandoned Cart,0.0,10107,347,30,1431.95
2025-10-28,Email,Newsletter Weekly,0.0,7408,287,13,366.84
2026-01-22,Google Ads,Search - Generic,238.47,13439,372,6,314.8
2025-09-18,Meta Ads,Retargeting - Cart Abandoners,151.34,15038,157,7,523.11
2026-03-17,Google Ads,Shopping - Catalog,195.62,9700,150,1,47.62
2025-12-13,Influencer,Micro-influencers Home&Deco,116.73,25639,1089,19,848.98
2025-12-25,Email,Flow - Abandoned Cart,0.0,10734,404,26,1943.34
2026-07-22,Meta Ads,Lookalike - Top Customers,130.47,7860,113,5,247.65
2026-01-07,Meta Ads,Retargeting - Cart Abandoners,154.03,16777,562,26,1485.71
2026-06-03,Email,Newsletter Weekly,0.0,4479,73,1,71.26
2026-07-05,Email,Flow - Abandoned Cart,0.0,10973,210,19,1219.72
2025-09-03,Influencer,Micro-influencers Home&Deco,112.84,12438,343,3,122.3
2025-11-03,Earned Media,Press Mentions,0.0,12242,515,1,45.44
2026-05-05,Meta Ads,Retargeting - Cart Abandoners,208.33,18934,267,12,590.09
2026-06-25,Email,Flow - Post Purchase,0.0,7359,114,8,461.12
2026-01-14,Email,Newsletter Weekly,0.0,11592,521,15,511.83
2026-04-09,Google Ads,Search - Brand,278.07,18175,271,15,671.13
2025-09-27,Influencer,Micro-influencers Home&Deco,129.81,6629,177,4,195.52
2025-09-13,Earned Media,Press Mentions,0.0,6560,214,0,0.0
2026-08-08,Google Ads,Search - Brand,191.39,5196,119,5,342.96
2025-09-09,Earned Media,Organic Social Mentions,0.0,4534,155,2,202.21
2025-10-11,Influencer,Macro Campaign Q4,64.52,11175,363,2,94.78
2025-12-17,Google Ads,Search - Brand,270.53,10988,201,7,343.72
2026-03-19,Google Ads,Search - Brand,194.5,7777,137,5,256.28
2026-03-02,Meta Ads,Lookalike - Top Customers,139.17,7480,117,3,176.52
2025-11-19,Meta Ads,Retargeting - Cart Abandoners,236.08,17704,360,16,966.13
2026-01-05,Google Ads,Search - Brand,189.65,6568,172,3,196.74
2026-03-13,Earned Media,Organic Social Mentions,0.0,13305,477,6,341.49
2026-06-05,Meta Ads,Prospecting - Broad,187.15,9118,229,3,79.72
2026-05-22,Influencer,Micro-influencers Home&Deco,82.0,12770,367,6,412.3
2026-07-17,Influencer,Micro-influencers Home&Deco,100.0,4781,38,1,45.94
2026-07-30,Earned Media,Press Mentions,0.0,8764,306,3,209.56
2026-06-28,Email,Flow - Post Purchase,0.0,7620,71,4,255.37
2026-08-13,Influencer,Macro Campaign Q4,56.28,2832,104,0,0.0
2026-08-06,Email,Flow - Abandoned Cart,0.0,8617,234,18,928.03
2026-01-15,Earned Media,Press Mentions,0.0,12260,505,3,147.65
2025-11-18,Earned Media,Press Mentions,0.0,19780,373,2,137.29
2026-07-05,Meta Ads,Lookalike - Top Customers,193.59,4676,188,5,210.91
2026-06-23,Email,Newsletter Weekly,0.0,8599,361,7,464.89
2025-09-07,Google Ads,Search - Brand,318.14,15006,165,5,304.27
2026-05-03,Influencer,Micro-influencers Home&Deco,69.67,10354,169,1,63.66
2026-02-04,Meta Ads,Lookalike - Top Customers,209.61,12814,524,11,588.6
2026-05-19,Meta Ads,Prospecting - Broad,202.86,9250,341,4,225.0
2026-05-20,Influencer,Micro-influencers Home&Deco,86.32,4038,158,2,125.35
2025-12-23,Email,Flow - Abandoned Cart,0.0,4837,185,12,426.32
2026-03-28,Earned Media,Organic Social Mentions,0.0,4406,41,2,80.1
2026-07-19,Email,Flow - Abandoned Cart,0.0,9000,168,8,516.03
2026-05-01,Meta Ads,Lookalike - Top Customers,265.22,3944,53,1,54.0
2026-08-13,Influencer,Micro-influencers Home&Deco,53.64,3522,134,0,0.0
2026-03-25,Email,Flow - Post Purchase,0.0,4070,32,1,79.03
2025-12-23,Email,Flow - Post Purchase,0.0,5203,138,14,630.3
2026-06-11,Earned Media,Organic Social Mentions,0.0,3180,44,0,0.0
2026-03-11,Meta Ads,Prospecting - Broad,226.79,11577,485,10,647.04
2026-03-17,Meta Ads,Lookalike - Top Customers,200.89,12477,397,8,640.84
2026-08-24,Email,Flow - Abandoned Cart,0.0,7553,182,15,668.29
2026-02-13,Earned Media,Organic Social Mentions,0.0,9538,332,1,49.92
2026-01-24,Meta Ads,Retargeting - Cart Abandoners,250.73,13528,224,2,111.11
2026-01-29,Email,Newsletter Weekly,0.0,4657,109,4,219.64
2026-01-04,Google Ads,Search - Generic,271.11,11009,321,13,772.44
2026-03-27,Email,Flow - Abandoned Cart,0.0,4605,115,16,1020.82
2026-07-29,Meta Ads,Retargeting - Cart Abandoners,146.72,6806,249,11,551.97
2025-09-04,Meta Ads,Retargeting - Cart Abandoners,201.88,6812,233,7,519.54
2026-01-10,Meta Ads,Retargeting - Cart Abandoners,286.47,6839,209,8,461.53
2026-03-27,Meta Ads,Lookalike - Top Customers,185.88,10779,215,2,116.99
2026-08-10,Earned Media,Organic Social Mentions,0.0,3100,41,0,0.0
2026-07-16,Influencer,Micro-influencers Home&Deco,75.31,13813,399,7,627.44
2025-09-24,Earned Media,Organic Social Mentions,0.0,7260,219,1,65.11
2026-01-04,Email,Newsletter Weekly,0.0,4542,157,7,409.01
2026-07-07,Meta Ads,Prospecting - Broad,106.07,4380,158,2,133.38
2026-02-07,Meta Ads,Prospecting - Broad,209.1,14487,630,9,695.9
2025-12-19,Influencer,Micro-influencers Home&Deco,158.77,13518,480,11,807.32
2026-02-02,Meta Ads,Prospecting - Broad,209.46,4686,195,2,100.6
2025-09-28,Email,Newsletter Weekly,0.0,4743,141,5,378.38
2026-03-05,Google Ads,Search - Brand,204.8,19191,738,32,1617.46
2025-11-26,Earned Media,Press Mentions,0.0,4440,177,1,44.47
2026-06-04,Google Ads,Search - Brand,250.56,4170,51,5,289.55
2026-06-11,Email,Newsletter Weekly,0.0,6703,140,2,121.48
2026-01-19,Email,Flow - Abandoned Cart,0.0,9985,253,24,1326.11
2026-03-07,Influencer,Micro-influencers Home&Deco,113.79,7039,187,5,250.93
2025-09-10,Earned Media,Press Mentions,0.0,3618,72,0,0.0
2025-11-17,Email,Flow - Post Purchase,0.0,7663,173,18,1402.97
2026-01-18,Email,Newsletter Weekly,0.0,6040,106,1,64.89
2026-05-13,Email,Newsletter Weekly,0.0,10340,271,13,344.29
2025-10-21,Email,Flow - Abandoned Cart,0.0,11977,109,12,863.33
2025-12-05,Earned Media,Press Mentions,0.0,21614,778,4,195.13
2026-08-19,Google Ads,Search - Brand,99.14,9010,143,4,249.65
2026-04-02,Meta Ads,Lookalike - Top Customers,170.46,10774,305,3,166.41
2025-09-16,Email,Newsletter Weekly,0.0,5746,247,11,452.06
2026-08-22,Email,Newsletter Weekly,0.0,11576,385,11,558.58
2025-12-19,Google Ads,Search - Generic,461.51,16154,565,16,695.85
2026-01-18,Influencer,Macro Campaign Q4,104.19,3407,66,2,118.5
2026-06-23,Earned Media,Press Mentions,0.0,11129,339,2,81.21
2026-04-23,Email,Newsletter Weekly,0.0,6243,82,4,264.86
2026-03-06,Meta Ads,Prospecting - Broad,192.22,17906,492,7,465.08
2026-05-17,Google Ads,Shopping - Catalog,278.77,17428,287,11,475.55
2026-03-01,Email,Flow - Post Purchase,0.0,5075,94,9,568.61
2025-11-16,Email,Flow - Post Purchase,0.0,8628,95,5,324.58
2025-10-16,Email,Flow - Post Purchase,0.0,6408,170,8,265.37
2025-11-14,Email,Flow - Post Purchase,0.0,10011,428,37,2087.22
2025-09-16,Email,Flow - Abandoned Cart,0.0,7340,297,32,2890.76
2026-08-16,Influencer,Macro Campaign Q4,63.56,9528,285,5,313.38
2026-01-30,Earned Media,Press Mentions,0.0,10057,264,2,162.67
2026-06-08,Email,Flow - Abandoned Cart,0.0,4705,47,6,372.13
2026-08-21,Email,Flow - Post Purchase,0.0,8668,95,8,351.06
2026-05-28,Influencer,Macro Campaign Q4,77.41,13756,534,4,188.71
2026-05-14,Google Ads,Shopping - Catalog,206.22,10554,102,2,97.07
2026-01-31,Google Ads,Search - Generic,239.92,9832,288,8,471.37
2026-03-03,Meta Ads,Retargeting - Cart Abandoners,164.82,6057,112,4,177.07
2026-03-11,Google Ads,Search - Brand,249.05,17273,368,18,1008.11
2026-03-02,Email,Flow - Post Purchase,0.0,9043,318,31,1333.33
2026-08-16,Email,Flow - Abandoned Cart,0.0,5686,163,19,685.58
2026-04-27,Google Ads,Search - Brand,248.36,14824,504,28,1209.91
2026-07-29,Email,Flow - Post Purchase,0.0,4996,160,11,795.75
2026-04-26,Email,Flow - Post Purchase,0.0,7673,337,19,781.18
2026-07-21,Influencer,Micro-influencers Home&Deco,55.73,11997,143,4,204.49
2025-12-01,Google Ads,Search - Generic,411.06,5000,135,1,61.99
2026-02-27,Meta Ads,Lookalike - Top Customers,205.27,10753,167,4,386.71
2026-02-28,Meta Ads,Lookalike - Top Customers,126.75,16886,322,3,166.6
2025-09-28,Meta Ads,Prospecting - Broad,256.69,6468,184,4,184.37
2026-01-14,Meta Ads,Prospecting - Broad,137.04,4330,160,4,212.84
2026-01-01,Influencer,Micro-influencers Home&Deco,86.57,10214,140,1,55.94
2025-09-04,Google Ads,Search - Brand,148.49,9251,164,6,341.52
2026-08-14,Meta Ads,Prospecting - Broad,190.47,11143,463,12,958.85
2026-02-13,Google Ads,Search - Generic,254.58,11429,484,18,1006.42
2026-03-11,Earned Media,Press Mentions,0.0,3350,67,0,0.0
2026-07-27,Email,Newsletter Weekly,0.0,7786,183,9,433.76
2025-12-07,Earned Media,Organic Social Mentions,0.0,11149,226,1,53.75
2026-02-15,Earned Media,Press Mentions,0.0,6390,248,4,205.08
2025-10-15,Meta Ads,Lookalike - Top Customers,118.88,19174,364,3,244.28
2026-01-26,Influencer,Micro-influencers Home&Deco,93.28,15015,559,4,237.08
2026-04-13,Earned Media,Organic Social Mentions,0.0,6821,130,0,0.0
2026-08-06,Email,Newsletter Weekly,0.0,10616,467,20,1009.26
2025-11-05,Earned Media,Press Mentions,0.0,6297,277,2,110.99
2026-02-15,Google Ads,Shopping - Catalog,304.49,7693,187,2,142.31
2026-05-01,Email,Flow - Abandoned Cart,0.0,4420,77,7,549.15
2026-04-04,Meta Ads,Prospecting - Broad,144.75,10138,153,2,164.83
2026-02-05,Email,Newsletter Weekly,0.0,7294,186,6,443.57
2026-01-18,Meta Ads,Retargeting - Cart Abandoners,141.71,14301,265,8,421.95
2026-03-21,Email,Flow - Abandoned Cart,0.0,6230,71,4,243.57
2026-07-31,Google Ads,Shopping - Catalog,138.03,5463,202,5,330.09
2026-01-25,Meta Ads,Prospecting - Broad,167.73,3607,122,2,122.67
2026-01-21,Meta Ads,Prospecting - Broad,236.94,5763,258,2,138.99
2026-07-25,Meta Ads,Prospecting - Broad,175.42,5804,115,1,62.68
2025-11-07,Google Ads,Search - Generic,374.93,28909,281,13,814.53
2025-09-08,Earned Media,Organic Social Mentions,0.0,3981,51,0,0.0
2026-05-15,Earned Media,Organic Social Mentions,0.0,13605,263,0,0.0
2026-03-09,Meta Ads,Retargeting - Cart Abandoners,160.08,13223,404,17,1045.98
2026-06-11,Email,Flow - Abandoned Cart,0.0,5486,110,12,930.18
2025-10-17,Email,Newsletter Weekly,0.0,5322,42,2,119.14
2025-11-16,Meta Ads,Prospecting - Broad,242.75,13850,592,9,520.83
2025-12-04,Earned Media,Press Mentions,0.0,22224,656,4,212.47
2025-09-06,Meta Ads,Retargeting - Cart Abandoners,233.28,5769,61,3,176.93
2025-12-20,Google Ads,Search - Brand,290.63,6792,258,15,902.2
2025-09-30,Email,Flow - Abandoned Cart,0.0,10451,261,14,688.82
2025-11-08,Influencer,Micro-influencers Home&Deco,207.84,13975,539,0,0.0
2025-09-05,Google Ads,Search - Generic,162.26,12033,336,10,296.48
2025-10-25,Influencer,Micro-influencers Home&Deco,143.29,6649,69,1,56.64
2026-03-02,Email,Newsletter Weekly,0.0,7609,230,12,546.51
2026-02-11,Email,Flow - Abandoned Cart,0.0,6849,294,25,937.99
2026-03-19,Meta Ads,Retargeting - Cart Abandoners,189.82,16841,613,30,2336.01
2025-09-28,Google Ads,Search - Generic,353.46,9261,227,8,422.24
2026-01-20,Influencer,Micro-influencers Home&Deco,113.64,7281,267,7,484.1
2026-03-05,Meta Ads,Lookalike - Top Customers,150.15,5964,222,8,388.56
2025-11-18,Google Ads,Search - Generic,340.83,10718,138,7,524.25
2025-12-11,Meta Ads,Retargeting - Cart Abandoners,190.89,14494,516,22,1418.12
2026-04-16,Earned Media,Organic Social Mentions,0.0,10977,460,3,95.61
2025-09-24,Email,Flow - Post Purchase,0.0,11416,319,31,1660.68
2025-11-02,Email,Flow - Abandoned Cart,0.0,10607,332,31,1555.25
2025-09-04,Meta Ads,Lookalike - Top Customers,201.55,17436,563,11,511.61
2026-05-08,Meta Ads,Prospecting - Broad,194.98,7052,57,0,0.0
2025-12-18,Meta Ads,Retargeting - Cart Abandoners,371.2,6930,74,5,158.86
2026-05-09,Meta Ads,Retargeting - Cart Abandoners,175.95,6831,182,8,372.43
2026-01-08,Google Ads,Search - Generic,261.59,12712,133,2,164.42
2025-11-07,Earned Media,Press Mentions,0.0,16131,379,2,140.02
2026-05-10,Influencer,Macro Campaign Q4,138.12,6250,233,6,377.56
2025-10-24,Influencer,Micro-influencers Home&Deco,98.76,7437,153,3,200.9
2026-07-23,Earned Media,Organic Social Mentions,0.0,10015,213,1,55.37
2026-06-05,Earned Media,Organic Social Mentions,0.0,12605,227,3,166.94
2026-02-05,Influencer,Macro Campaign Q4,114.08,10144,297,6,406.2
2026-05-28,Google Ads,Shopping - Catalog,212.84,5298,104,2,97.47
2025-09-17,Email,Flow - Abandoned Cart,0.0,9666,376,27,1725.4
2026-04-21,Email,Flow - Post Purchase,0.0,5022,62,4,239.66
2026-02-13,Meta Ads,Retargeting - Cart Abandoners,212.01,14969,263,16,1212.78
2026-06-21,Influencer,Macro Campaign Q4,95.61,16984,508,14,730.31
2026-05-08,Earned Media,Organic Social Mentions,0.0,11656,425,3,230.6
2026-03-10,Earned Media,Organic Social Mentions,0.0,5832,86,0,0.0
2025-12-15,Google Ads,Shopping - Catalog,222.26,22613,551,22,1339.16
2025-12-30,Email,Newsletter Weekly,0.0,6255,172,2,126.49
2026-02-16,Email,Flow - Post Purchase,0.0,11988,375,22,1574.18
2026-08-30,meta ads ,Prospecting - Broad,179.27,12934,562,11,413.63
2026-05-26,Email,Newsletter Weekly,0.0,5257,150,6,326.73
2025-12-26,Email,Flow - Post Purchase,0.0,8686,383,30,2604.28
2026-03-31,Google Ads,Shopping - Catalog,180.69,14151,175,7,343.87
2026-03-12,Email,Flow - Abandoned Cart,0.0,8571,210,18,1212.76
2026-04-23,Meta Ads,Lookalike - Top Customers,195.63,9599,226,6,373.76
2026-01-14,Earned Media,Press Mentions,0.0,7549,80,0,0.0
2026-02-16,Meta Ads,Lookalike - Top Customers,147.46,4108,40,0,0.0
2026-08-20,Influencer,Macro Campaign Q4,54.02,11919,227,4,251.42
2026-06-22,Influencer,Micro-influencers Home&Deco,109.11,9084,342,3,124.48
2025-11-19,Influencer,Macro Campaign Q4,140.23,7702,246,5,363.77
2026-03-07,Email,Newsletter Weekly,0.0,6338,149,6,332.47
2026-04-19,Influencer,Micro-influencers Home&Deco,89.37,9258,87,0,0.0
2025-12-26,Meta Ads,Lookalike - Top Customers,266.85,30603,437,13,751.57
2025-10-02,Email,Flow - Post Purchase,0.0,11814,142,11,807.49
2026-05-24,Email,Flow - Abandoned Cart,0.0,9559,133,8,578.8
2026-05-13,Earned Media,Press Mentions,0.0,7427,275,0,
2025-12-10,Meta Ads,Retargeting - Cart Abandoners,174.44,27087,577,24,958.38
2025-12-09,Influencer,Micro-influencers Home&Deco,90.96,15762,504,7,267.78
2026-05-07,Email,Newsletter Weekly,0.0,5947,265,15,1244.09
2026-06-11,Email,Flow - Post Purchase,0.0,8728,225,27,1256.62
2026-06-12,Earned Media,Organic Social Mentions,0.0,10585,260,3,170.37
2026-07-16,Meta Ads,Prospecting - Broad,156.52,14814,159,2,134.38
2026-03-16,Meta Ads,Retargeting - Cart Abandoners,173.65,19205,757,34,1791.09
2026-08-23,Influencer,Micro-influencers Home&Deco,78.57,8874,383,5,144.77
2025-10-29,Google Ads,Search - Generic,159.49,19803,874,28,1974.04
2026-03-02,Meta Ads,Retargeting - Cart Abandoners,223.48,18556,667,32,1750.91
2026-03-10,Email,Newsletter Weekly,0.0,7165,107,4,249.84
2026-05-09,Email,Flow - Post Purchase,0.0,9968,124,8,294.51
2025-12-11,Google Ads,Search - Generic,446.65,12007,295,8,703.19
2026-05-03,Earned Media,Organic Social Mentions,0.0,8319,68,1,72.05
2025-09-06,Email,Flow - Post Purchase,0.0,10867,259,24,1782.41
2025-09-02,Earned Media,Organic Social Mentions,0.0,5524,150,1,46.77
2026-05-09,Google Ads,Search - Brand,238.15,8692,251,15,613.3
2025-11-26,Email,Flow - Post Purchase,0.0,7343,290,28,1853.2
2025-11-27,Email,Flow - Post Purchase,0.0,9674,84,6,326.37
2025-10-09,Earned Media,Press Mentions,0.0,2757,23,0,0.0
2025-12-30,Meta Ads,Prospecting - Broad,274.46,6568,253,2,162.55
2026-06-20,Meta Ads,Retargeting - Cart Abandoners,167.24,6234,155,7,279.84
2026-08-28,Meta Ads,Retargeting - Cart Abandoners,170.5,3721,47,0,0.0
2026-05-11,Influencer,Micro-influencers Home&Deco,64.63,3447,153,1,57.23
2025-11-26,Meta Ads,Lookalike - Top Customers,176.03,20218,859,17,502.15
2025-11-25,Email,Flow - Abandoned Cart,0.0,11724,241,18,969.89
2025-10-16,Meta Ads,Retargeting - Cart Abandoners,143.77,6644,119,3,171.18
2025-10-17,Google Ads,Search - Brand,253.63,6295,250,14,392.51
2025-10-18,Meta Ads,Prospecting - Broad,143.31,13295,164,2,178.14
2026-05-04,meta ads ,Retargeting - Cart Abandoners,149.12,5670,139,5,250.78
2026-03-10,Google Ads,Search - Brand,151.76,15354,659,40,2194.75
2026-03-27,Google Ads,Shopping - Catalog,223.03,4603,109,7,483.75
2025-11-23,Influencer,Macro Campaign Q4,122.41,14625,461,2,141.73
2026-03-30,Email,Flow - Abandoned Cart,0.0,5470,234,19,1201.85
2025-12-28,Meta Ads,Retargeting - Cart Abandoners,378.18,12676,372,10,439.4
2025-12-18,Google Ads,Search - Generic,446.88,31877,281,5,372.67
2026-03-21,Meta Ads,Prospecting - Broad,226.64,17248,467,7,348.37
2025-09-27,Influencer,Macro Campaign Q4,122.78,12218,364,4,263.67
2025-11-08,Meta Ads,Retargeting - Cart Abandoners,256.91,4806,201,11,430.4
2026-08-27,Influencer,Micro-influencers Home&Deco,82.14,3609,59,0,0.0
2026-07-29,Google Ads,Search - Brand,139.0,3628,102,7,526.89
2025-10-31,Meta Ads,Lookalike - Top Customers,188.57,7085,81,1,57.56
2026-08-08,Meta Ads,Prospecting - Broad,138.2,14468,594,10,694.54
2026-06-06,Google Ads,Search - Brand,186.25,3377,69,5,152.04
2025-10-19,Google Ads,Shopping - Catalog,192.74,8335,141,2,142.13
2026-06-17,Google Ads,Shopping - Catalog,275.47,12349,495,16,858.67
2026-08-04,Earned Media,Organic Social Mentions,0.0,5141,116,1,72.59
2026-03-16,Meta Ads,Prospecting - Broad,159.32,13218,377,6,225.06
2026-03-09,Meta Ads,Prospecting - Broad,222.7,7899,119,5,346.76
2025-10-02,Google Ads,Shopping - Catalog,185.49,14103,602,21,1430.74
2025-09-13,Email,Flow - Post Purchase,0.0,9271,83,5,340.52
2026-05-10,Meta Ads,Lookalike - Top Customers,252.9,11600,311,7,557.55
2026-08-07,Google Ads,Search - Generic,263.33,4999,172,5,283.11
2026-02-27,Influencer,Micro-influencers Home&Deco,74.56,10921,361,6,541.67
2026-02-04,Influencer,Macro Campaign Q4,105.03,5285,201,3,167.92
2026-01-30,Email,Newsletter Weekly,0.0,5971,49,1,66.22
2026-01-05,Earned Media,Press Mentions,0.0,11690,205,1,58.27
2026-05-28,Email,Flow - Abandoned Cart,0.0,9984,149,9,439.15
2026-03-06,Email,Flow - Post Purchase,0.0,4855,127,14,746.42
2025-11-23,Email,Flow - Post Purchase,0.0,4453,55,5,348.21
2026-08-23,Earned Media,Organic Social Mentions,0.0,4362,182,0,0.0
2026-06-24,Meta Ads,Lookalike - Top Customers,239.51,9942,251,7,556.3
2026-04-30,Email,Newsletter Weekly,0.0,8091,233,2,111.95
2026-05-29,Influencer,Micro-influencers Home&Deco,112.71,19960,879,17,737.31
2026-06-07,Google Ads,Shopping - Catalog,242.84,18663,536,9,322.37
2026-01-13,Earned Media,Organic Social Mentions,0.0,11533,460,3,209.53
2025-09-23,Email,Flow - Post Purchase,0.0,4764,148,11,455.11
2025-11-14,Google Ads,Search - Brand,487.85,17697,289,16,798.99
2026-01-19,Meta Ads,Lookalike - Top Customers,157.84,5934,48,1,68.5
2026-01-25,Earned Media,Press Mentions,0.0,8264,108,0,0.0
2026-04-13,Meta Ads,Lookalike - Top Customers,206.95,11475,172,3,102.25
2026-04-09,Meta Ads,Prospecting - Broad,127.3,4504,187,3,280.93
2026-05-18,Google Ads,Shopping - Catalog,247.25,6217,172,4,316.37
2026-03-01,Influencer,Macro Campaign Q4,126.57,7228,239,5,357.76
2025-10-11,Email,Flow - Post Purchase,0.0,11409,187,16,772.17
2026-05-05,Google Ads,Search - Generic,184.21,7782,318,15,859.17
2026-05-07,Meta Ads,Retargeting - Cart Abandoners,213.2,17087,608,27,1655.41
2026-01-30,Google Ads,Shopping - Catalog,292.4,16081,274,3,181.2
2026-02-20,Meta Ads,Retargeting - Cart Abandoners,144.34,4105,180,9,603.25
2025-09-03,Meta Ads,Retargeting - Cart Abandoners,149.02,3627,110,4,230.52
2026-06-08,Google Ads,Search - Generic,273.03,16368,246,8,505.16
2026-01-07,Influencer,Micro-influencers Home&Deco,65.82,5098,225,2,161.76
2025-09-22,Meta Ads,Retargeting - Cart Abandoners,251.92,3819,168,6,374.99
2025-11-22,Email,Newsletter Weekly,0.0,11389,437,14,909.29
2025-11-22,Email,Flow - Post Purchase,0.0,7644,313,26,1690.3
2026-05-26,Meta Ads,Lookalike - Top Customers,161.87,9374,121,5,175.83
2026-06-10,Google Ads,Search - Brand,149.26,19583,257,11,384.59
2026-05-31,Earned Media,Organic Social Mentions,0.0,2763,45,0,0.0
2026-02-25,Meta Ads,Retargeting - Cart Abandoners,247.48,16120,664,25,1393.41
2026-07-14,Influencer,Macro Campaign Q4,65.8,3495,88,0,0.0
2026-07-10,Earned Media,Press Mentions,0.0,1701,72,0,0.0
2025-10-16,Meta Ads,Prospecting - Broad,136.69,17916,633,5,308.44
2025-11-04,Google Ads,Shopping - Catalog,347.44,16180,343,10,416.38
2025-10-25,Email,Flow - Post Purchase,0.0,10407,123,10,436.07
2026-07-14,Email,Flow - Abandoned Cart,0.0,4896,157,13,629.24
2026-03-21,Meta Ads,Lookalike - Top Customers,202.62,15691,592,13,789.52
2025-12-06,Meta Ads,Lookalike - Top Customers,280.69,23680,203,3,199.61
2026-07-03,Google Ads,Search - Generic,152.26,2787,29,0,0.0
2026-04-17,Meta Ads,Retargeting - Cart Abandoners,176.05,9530,396,20,1112.35
2025-12-20,Email,Flow - Abandoned Cart,0.0,11062,304,25,1207.82
2026-08-05,Meta Ads,Prospecting - Broad,160.92,8755,384,12,903.13
2025-12-29,Email,Newsletter Weekly,0.0,8083,354,14,803.9
2025-11-02,Influencer,Macro Campaign Q4,179.43,25572,699,6,298.23
2025-12-05,Email,Flow - Post Purchase,0.0,4710,188,13,874.32
2026-06-03,Meta Ads,Lookalike - Top Customers,159.55,17979,572,12,870.11
2025-11-13,Email,Flow - Post Purchase,0.0,9046,224,18,1246.14
2025-09-24,Google Ads,Search - Brand,286.89,14064,389,18,1353.37
2026-03-21,Email,Newsletter Weekly,0.0,10107,241,12,768.72
2026-08-10,Meta Ads,Retargeting - Cart Abandoners,186.61,14914,449,17,811.69
2026-03-26,Meta Ads,Prospecting - Broad,129.84,4393,105,3,227.9
2026-03-11,Meta Ads,Lookalike - Top Customers,241.42,3547,89,1,51.58
2026-08-27,Meta Ads,Lookalike - Top Customers,174.91,10223,82,1,97.0
2026-05-17,Earned Media,Organic Social Mentions,0.0,2261,101,1,47.33
2025-11-21,Influencer,Macro Campaign Q4,220.56,10558,140,2,71.35
2025-11-07,Meta Ads,Retargeting - Cart Abandoners,344.16,9946,344,14,643.4
2026-08-26,Google Ads,Search - Generic,125.35,5676,137,3,215.4
2026-04-05,Earned Media,Press Mentions,0.0,6580,237,2,134.54
2026-07-06,Google Ads,Search - Brand,110.6,11334,498,25,1156.71
2025-11-13,Google Ads,Search - Brand,447.03,11323,172,9,397.89
2025-09-13,Google Ads,Search - Brand,165.38,15749,248,17,1000.09
2025-11-09,Influencer,Micro-influencers Home&Deco,225.96,30738,646,3,157.3
2025-11-11,Meta Ads,Prospecting - Broad,270.44,14106,614,10,604.58
2026-04-02,Meta Ads,Retargeting - Cart Abandoners,159.45,18147,543,26,1157.55
2025-09-05,Email,Flow - Abandoned Cart,0.0,6001,169,16,853.07
2026-04-13,Influencer,Macro Campaign Q4,91.05,4487,144,4,218.12
2026-08-04,Influencer,Macro Campaign Q4,70.5,5983,185,2,152.56
2026-08-16,Meta Ads,Prospecting - Broad,113.51,13044,168,0,0.0
2026-01-30,Earned Media,Organic Social Mentions,0.0,8478,280,3,186.9
2025-09-02,Influencer,Macro Campaign Q4,70.41,10260,392,7,373.89
2026-06-07,Influencer,Macro Campaign Q4,88.02,5729,235,3,244.11
2026-03-21,Earned Media,Organic Social Mentions,0.0,8633,313,4,321.49
2025-10-23,Email,Flow - Abandoned Cart,0.0,11267,285,22,1070.32
2026-04-24,Email,Flow - Post Purchase,0.0,11387,343,23,1884.6
2026-03-04,Meta Ads,Lookalike - Top Customers,238.14,18420,623,16,1030.49
2026-07-13,Influencer,Micro-influencers Home&Deco,76.64,3800,67,2,118.46
2026-02-12,Email,Flow - Post Purchase,0.0,4087,58,5,380.53
2026-02-06,Meta Ads,Lookalike - Top Customers,152.6,16116,262,2,161.28
2026-03-27,Earned Media,Press Mentions,0.0,6124,117,0,
2025-09-18,Email,Flow - Abandoned Cart,0.0,5208,124,15,1257.79
2025-10-08,Email,Flow - Post Purchase,0.0,10741,210,20,942.29
2025-12-05,Meta Ads,Lookalike - Top Customers,390.94,7879,181,3,76.16
2025-11-03,Influencer,Macro Campaign Q4,97.57,9669,362,5,250.37
2026-07-12,Meta Ads,Retargeting - Cart Abandoners,176.2,9316,195,12,607.33
2025-09-30,Email,Flow - Post Purchase,0.0,5317,107,10,664.35
2026-03-12,Meta Ads,Retargeting - Cart Abandoners,245.79,17944,412,15,548.66
2026-02-23,Email,Flow - Post Purchase,0.0,9361,135,11,802.94
2025-09-02,Meta Ads,Lookalike - Top Customers,155.65,4080,79,1,71.66
2026-08-14,Google Ads,Shopping - Catalog,194.87,5934,191,4,200.9
2026-05-02,Google Ads,Search - Brand,262.96,9535,304,20,675.54
2026-08-22,Google Ads,Search - Generic,212.92,6147,103,3,221.79
2025-12-16,Influencer,Macro Campaign Q4,163.54,31202,452,6,222.55
2026-07-26,Email,Flow - Post Purchase,0.0,7636,116,6,481.53
2026-01-01,Meta Ads,Lookalike - Top Customers,120.27,14051,452,13,924.36
2026-08-31,Influencer,Macro Campaign Q4,79.32,12757,446,4,164.73
2026-05-16,Email,Flow - Abandoned Cart,0.0,9125,347,26,1078.48
2026-08-17,Influencer,Micro-influencers Home&Deco,69.19,2947,127,2,94.48
2026-01-13,Influencer,Micro-influencers Home&Deco,109.14,10500,362,4,284.81
2026-05-10,Earned Media,Press Mentions,0.0,14900,478,1,49.28
2025-11-28,Email,Newsletter Weekly,0.0,4503,67,0,0.0
2025-12-10,Google Ads,Search - Generic,313.19,22764,578,13,640.03
2025-12-04,Influencer,Micro-influencers Home&Deco,92.06,9996,372,4,94.52
2026-03-31,Meta Ads,Retargeting - Cart Abandoners,198.87,11737,401,15,969.15
2026-01-16,Earned Media,Press Mentions,0.0,14362,176,3,207.39
2026-08-05,Meta Ads,Lookalike - Top Customers,178.26,12196,452,5,202.19
2025-12-07,Email,Flow - Post Purchase,0.0,11509,434,24,1085.4
2026-05-02,Meta Ads,Retargeting - Cart Abandoners,257.27,6662,183,6,379.95
2025-11-14,Meta Ads,Retargeting - Cart Abandoners,370.6,29259,909,37,2023.23
2026-05-01,Email,Flow - Post Purchase,0.0,11335,300,25,1499.7
2025-10-09,Google Ads,Search - Brand,286.91,6667,220,12,1049.44
2025-09-28,Meta Ads,Retargeting - Cart Abandoners,226.21,6196,131,7,392.87
2026-01-20,Google Ads,Shopping - Catalog,176.5,11795,100,2,191.89
2026-06-02,Google Ads,Shopping - Catalog,252.13,3792,65,1,56.96
2026-03-11,Email,Flow - Abandoned Cart,0.0,9830,239,17,759.32
2025-09-01,Meta Ads,Retargeting - Cart Abandoners,116.36,17724,535,25,1368.05
2025-09-22,Earned Media,Organic Social Mentions,0.0,14082,295,0,0.0
2026-01-05,Email,Flow - Post Purchase,0.0,8531,217,17,888.56
2025-10-31,Google Ads,Search - Brand,259.45,17851,800,45,2783.09
2026-04-12,Influencer,Micro-influencers Home&Deco,107.47,5882,224,2,139.93
2026-06-06,Influencer,Micro-influencers Home&Deco,122.81,9150,136,1,57.7
2026-08-11,Email,Flow - Abandoned Cart,0.0,9774,162,20,1376.48
2026-03-04,Google Ads,Search - Generic,242.62,5935,104,3,194.08
2025-09-06,Google Ads,Search - Brand,244.55,12275,525,25,1548.35
2025-10-02,Meta Ads,Prospecting - Broad,215.83,14069,435,7,207.09
2026-04-04,Email,Flow - Abandoned Cart,0.0,8052,74,3,186.59
2025-11-01,Google Ads,Search - Generic,365.24,6487,133,4,236.32
2026-04-27,Google Ads,Search - Generic,201.13,9712,169,3,149.38
2026-08-30,Influencer,Micro-influencers Home&Deco,93.51,13212,343,5,456.86
2026-07-25,Email,Flow - Post Purchase,0.0,10999,150,13,742.66
2026-02-03,Email,Flow - Post Purchase,0.0,8019,336,30,1989.29
2025-09-14,Email,Flow - Post Purchase,0.0,4087,53,7,452.31
2025-11-13,Google Ads,Search - Generic,221.47,6234,242,4,243.13
2026-02-12,Email,Flow - Abandoned Cart,0.0,4355,166,22,1575.59
2025-12-02,Google Ads,Search - Generic,319.77,29699,1074,26,1348.86
2026-07-13,Email,Flow - Abandoned Cart,0.0,11871,324,22,1270.36
2026-04-13,Google Ads,Search - Brand,274.52,9929,89,2,75.73
2026-05-30,Earned Media,Press Mentions,0.0,13597,110,0,0.0
2026-02-24,Earned Media,Organic Social Mentions,0.0,5696,62,0,0.0
2026-01-14,Meta Ads,Retargeting - Cart Abandoners,131.42,17523,585,24,1292.87
2026-03-20,Email,Newsletter Weekly,0.0,9357,351,10,474.24
2025-12-31,Google Ads,Search - Generic,372.23,11699,192,1,64.16
2026-03-29,Meta Ads,Lookalike - Top Customers,285.39,7456,118,0,0.0
2026-02-20,Google Ads,Shopping - Catalog,198.54,4673,206,4,252.04
2026-01-27,Google Ads,Search - Generic,208.09,19647,221,10,905.26
2026-04-02,Google Ads,Shopping - Catalog,136.4,12700,517,7,476.42
2025-12-25,Earned Media,Organic Social Mentions,0.0,21092,276,0,0.0
2025-12-25,Meta Ads,Lookalike - Top Customers,199.71,12229,192,3,126.37
2026-08-23,Meta Ads,Prospecting - Broad,152.72,9726,392,6,411.97
2026-03-11,Influencer,Macro Campaign Q4,123.03,3364,118,4,324.02
2026-07-02,Google Ads,Shopping - Catalog,151.67,12775,136,2,87.75
2025-10-12,Google Ads,Shopping - Catalog,343.36,18173,427,15,794.21
2025-12-12,Google Ads,Search - Generic,327.62,6622,59,1,55.01
2026-02-25,Meta Ads,Lookalike - Top Customers,247.69,14353,528,12,659.03
2026-03-12,Google Ads,Search - Brand,148.34,11785,187,10,761.94
2026-01-03,Meta Ads,Prospecting - Broad,191.77,14686,253,5,274.93
2025-12-24,Email,Newsletter Weekly,0.0,8999,314,16,961.83
2026-02-03,Google Ads,Search - Brand,159.12,13991,206,12,908.8
2026-01-13,Meta Ads,Lookalike - Top Customers,187.03,12151,351,11,596.2
2026-08-28,Influencer,Macro Campaign Q4,88.03,14678,446,7,388.25
2026-08-16,Email,Newsletter Weekly,0.0,7717,337,10,681.25
2026-08-12,Meta Ads,Prospecting - Broad,135.73,11870,178,6,143.95
2025-09-10,Google Ads,Search - Brand,270.89,11473,128,7,555.27
2026-06-23,Email,Flow - Post Purchase,0.0,7334,286,24,1220.16
2026-08-25,Google Ads,Search - Brand,204.11,7971,99,5,387.68
2025-11-12,Earned Media,Organic Social Mentions,0.0,22267,592,3,86.73
2025-10-10,Google Ads,Search - Brand,197.99,7192,186,11,530.96
2025-12-17,Meta Ads,Lookalike - Top Customers,217.37,10522,93,3,98.66
2025-12-26,Meta Ads,Prospecting - Broad,245.27,30919,1040,22,766.51
2026-05-30,Earned Media,Organic Social Mentions,0.0,8748,165,0,0.0
2026-07-14,Meta Ads,Prospecting - Broad,146.65,9502,110,2,100.72
2025-12-12,Google Ads,Shopping - Catalog,476.15,29777,687,15,1073.77
2025-12-10,Influencer,Micro-influencers Home&Deco,96.01,30055,885,12,564.2
2026-08-09,Meta Ads,Lookalike - Top Customers,150.42,12587,484,11,541.24
2026-04-17,Influencer,Micro-influencers Home&Deco,78.65,16787,231,1,77.73
2026-07-05,Earned Media,Press Mentions,0.0,4937,192,1,67.18
2026-05-30,Email,Flow - Abandoned Cart,0.0,10452,87,5,291.34
2026-06-02,Google Ads,Search - Generic,194.39,16820,442,22,1045.59
2026-06-15,Influencer,Macro Campaign Q4,58.65,12007,217,4,199.31
2026-04-05,Google Ads,Search - Generic,331.74,17208,524,13,1040.78
2026-03-15,Google Ads,Search - Generic,339.6,7374,132,3,276.02
2026-03-25,Google Ads,Search - Generic,288.35,16033,609,21,1952.47
2026-05-26,Meta Ads,Prospecting - Broad,227.66,15050,656,12,714.95
2026-06-22,Influencer,Macro Campaign Q4,108.59,3573,101,4,192.64
2026-06-24,Google Ads,Shopping - Catalog,148.04,5502,147,7,300.05
2026-07-25,Email,Flow - Abandoned Cart,0.0,8029,275,25,1450.22
2025-10-22,Meta Ads,Prospecting - Broad,222.95,8546,163,2,103.04
2026-04-06,Meta Ads,Retargeting - Cart Abandoners,145.13,12611,336,11,634.56
2025-10-15,Meta Ads,Retargeting - Cart Abandoners,202.57,19465,590,18,791.0
2025-10-24,Email,Flow - Abandoned Cart,0.0,11706,98,9,632.38
2026-05-27,Email,Flow - Post Purchase,0.0,5830,87,7,376.52
2026-08-08,Influencer,Macro Campaign Q4,77.96,9920,81,0,0.0
2026-07-23,Influencer,Macro Campaign Q4,87.47,11781,279,4,287.76
2026-05-02,Influencer,Macro Campaign Q4,63.11,8645,89,1,32.65
2026-06-11,Google Ads,Search - Brand,295.0,12719,151,5,196.49
2025-11-22,Google Ads,Shopping - Catalog,285.08,22301,341,6,376.9
2026-06-09,Meta Ads,Retargeting - Cart Abandoners,251.41,13124,486,23,929.84
2026-02-16,Google Ads,Search - Brand,205.63,18792,783,43,2375.7
2026-06-12,Google Ads,Shopping - Catalog,308.74,11922,220,8,529.53
2026-02-05,Google Ads,Search - Generic,239.75,5599,58,1,72.67
2025-09-22,Influencer,Micro-influencers Home&Deco,81.37,9779,288,3,232.14
2025-09-20,Earned Media,Press Mentions,0.0,6475,284,1,
2026-03-24,Earned Media,Organic Social Mentions,0.0,14051,567,2,94.93
2026-01-18,Google Ads,Search - Generic,209.96,5752,99,1,63.52
2026-01-17,Google Ads,Search - Brand,297.11,15627,154,6,253.2
2026-06-22,Google Ads,Search - Brand,247.25,3682,112,7,484.87
2026-05-07,Influencer,Micro-influencers Home&Deco,80.73,5504,147,1,68.87
2025-10-26,Influencer,Macro Campaign Q4,93.02,7340,87,1,74.76
2026-01-04,Earned Media,Press Mentions,0.0,4528,112,0,0.0
2026-04-13,Email,Newsletter Weekly,0.0,6336,233,12,650.24
2025-10-23,Meta Ads,Retargeting - Cart Abandoners,149.14,18761,823,33,1715.16
2026-07-09,Meta Ads,Retargeting - Cart Abandoners,84.49,3954,124,6,419.95
2025-11-28,Email,Flow - Post Purchase,0.0,6978,121,10,606.73
2025-12-13,Email,Flow - Abandoned Cart,0.0,7039,187,16,
2025-09-05,Google Ads,Search - Brand,307.65,6668,207,6,257.47
2026-07-10,Influencer,Micro-influencers Home&Deco,76.04,13257,191,0,0.0
2025-12-18,Email,Flow - Abandoned Cart,0.0,8380,265,18,645.69
2026-07-08,Influencer,Macro Campaign Q4,54.95,9192,347,3,169.43
2026-05-15,Email,Flow - Post Purchase,0.0,10997,407,31,1611.41
2026-02-18,Google Ads,Search - Generic,228.02,17585,581,14,1150.11
2025-09-07,Email,Flow - Abandoned Cart,0.0,4940,158,15,859.88
2026-04-13,Email,Flow - Post Purchase,0.0,4051,180,13,775.74
2025-12-14,Influencer,Micro-influencers Home&Deco,141.85,31018,984,6,328.63
2026-04-14,Influencer,Macro Campaign Q4,74.96,5201,203,3,187.68
2025-11-08,Google Ads,Search - Generic,364.26,21700,750,16,1208.64
2026-04-16,Google Ads,Search - Brand,182.21,11846,468,26,1479.87
2026-01-08,Influencer,Macro Campaign Q4,124.4,4834,205,5,293.95
2026-01-18,Earned Media,Organic Social Mentions,0.0,7141,161,2,105.23
2026-01-30,Influencer,Micro-influencers Home&Deco,88.43,16537,396,4,335.15
2026-03-15,Earned Media,Press Mentions,0.0,12358,197,2,81.25
2025-10-25,Earned Media,Organic Social Mentions,0.0,7037,146,0,0.0
2026-08-15,Google Ads,Search - Generic,140.74,4100,96,0,0.0
2025-11-21,Google Ads,Search - Brand,348.69,14309,430,19,1418.17
2026-02-23,Earned Media,Press Mentions,0.0,1191,12,0,0.0
2026-08-10,Google Ads,Shopping - Catalog,212.37,6088,260,6,361.49
2026-08-31,Earned Media,Organic Social Mentions,0.0,9234,234,2,112.58
2026-02-17,Influencer,Macro Campaign Q4,100.4,15138,284,2,157.01
2026-06-12,Google Ads,Search - Generic,302.75,5936,180,4,264.92
2026-08-16,Meta Ads,Retargeting - Cart Abandoners,142.21,14737,178,4,186.19
2026-04-08,Meta Ads,Retargeting - Cart Abandoners,208.65,19990,685,32,2208.7
2025-10-18,Email,Newsletter Weekly,0.0,10839,440,15,1170.33
2026-07-20,Meta Ads,Retargeting - Cart Abandoners,179.49,12363,179,10,620.21
2025-09-10,Email,Newsletter Weekly,0.0,5222,89,1,65.88
2026-02-05,Meta Ads,Retargeting - Cart Abandoners,172.76,12243,143,10,482.06
2025-09-26,Influencer,Micro-influencers Home&Deco,74.53,15536,418,6,317.31
2025-12-14,Influencer,Macro Campaign Q4,156.35,28600,547,3,198.33
2025-09-24,Google Ads,Shopping - Catalog,213.88,4022,115,7,458.8
2026-04-02,Google Ads,Search - Brand,306.49,7150,109,5,123.49
2025-11-15,Google Ads,Shopping - Catalog,466.89,22788,214,5,286.09
2025-12-18,Google Ads,Search - Brand,328.06,13692,416,28,1656.14
2026-05-02,Email,Newsletter Weekly,0.0,9646,197,4,237.43
2026-04-17,Meta Ads,Lookalike - Top Customers,234.33,7535,92,0,0.0
2026-07-29,Meta Ads,Lookalike - Top Customers,148.94,7993,113,1,52.13
2025-09-14,Email,Newsletter Weekly,0.0,6178,53,4,251.46
2025-10-15,Influencer,Micro-influencers Home&Deco,67.57,14431,637,4,213.29
2026-06-02,Google Ads,Search - Brand,307.98,13951,469,23,904.12
2026-01-03,Google Ads,Search - Generic,326.34,7818,261,8,282.45
2026-07-20,Email,Flow - Abandoned Cart,0.0,11519,324,27,2060.23
2026-07-24,Meta Ads,Prospecting - Broad,175.86,12218,180,2,57.75
2025-12-01,Earned Media,Press Mentions,0.0,18235,334,2,111.23
2026-04-10,Google Ads,Search - Brand,293.0,14753,295,18,1001.58
2026-08-23,Google Ads,Search - Generic,120.21,8676,88,2,108.88
2026-06-29,Email,Flow - Post Purchase,0.0,9180,235,23,1384.12
2026-05-08,Email,Newsletter Weekly,0.0,7051,82,3,194.88
2026-01-19,Google Ads,Search - Generic,216.61,11480,183,4,261.84
2026-01-23,Email,Flow - Abandoned Cart,0.0,11088,387,43,2907.4
2026-01-31,Google Ads,Shopping - Catalog,173.02,17590,342,16,1300.5
2026-01-22,meta ads ,Lookalike - Top Customers,121.96,13308,328,10,542.16
2025-12-13,Earned Media,Press Mentions,0.0,10708,237,2,80.49
2026-08-13,Email,Flow - Post Purchase,0.0,7166,293,24,969.73
2026-04-17,Influencer,Macro Campaign Q4,92.41,17965,231,1,32.9
2025-10-02,Email,Newsletter Weekly,0.0,6082,252,10,673.44
2025-10-22,Earned Media,Organic Social Mentions,0.0,6210,201,0,0.0
2025-09-23,Earned Media,Press Mentions,0.0,7954,354,1,38.82
2025-11-11,Meta Ads,Lookalike - Top Customers,251.56,16596,653,10,661.56
2025-09-02,Influencer,Micro-influencers Home&Deco,111.86,6171,253,3,144.51
2026-06-14,Influencer,Micro-influencers Home&Deco,69.8,13559,246,0,0.0
2026-06-27,Google Ads,Search - Brand,170.67,8681,182,5,276.97
2025-10-27,Meta Ads,Prospecting - Broad,132.22,17948,513,7,577.98
2026-06-26,Meta Ads,Prospecting - Broad,252.18,9866,328,3,176.3
2025-12-10,Email,Flow - Abandoned Cart,0.0,10740,206,16,941.87
2026-06-14,Email,Newsletter Weekly,0.0,6613,143,4,245.06
2025-10-22,Email,Flow - Post Purchase,0.0,9933,260,21,1071.18
2026-01-07,Email,Flow - Post Purchase,0.0,8921,344,23,1856.17
2025-12-02,Google Ads,Search - Brand,452.41,15572,239,11,572.72
2026-02-19,Email,Newsletter Weekly,0.0,11284,96,5,249.62
2026-08-28,Meta Ads,Prospecting - Broad,216.87,5488,142,1,63.12
2025-09-23,Email,Flow - Abandoned Cart,0.0,6198,238,18,869.39
2026-02-21,Meta Ads,Prospecting - Broad,199.22,17921,209,2,77.45
2026-07-02,Google Ads,Search - Generic,108.7,4692,133,7,446.64
2025-09-10,Influencer,Micro-influencers Home&Deco,123.8,17713,677,6,390.08
2026-03-18,Google Ads,Shopping - Catalog,298.71,19220,858,28,1355.48
2026-05-26,Email,Flow - Post Purchase,0.0,5025,190,16,1391.93
2026-02-20,Earned Media,Press Mentions,0.0,10498,454,3,195.7
2026-05-31,Influencer,Micro-influencers Home&Deco,97.48,10179,176,3,175.97
2026-06-19,Email,Newsletter Weekly,0.0,8703,176,6,347.46
2026-06-07,Meta Ads,Retargeting - Cart Abandoners,183.33,17579,165,4,217.83
2025-10-24,Google Ads,Search - Brand,165.19,3325,128,6,287.62
2026-04-18,Google Ads,Shopping - Catalog,342.34,18161,532,21,897.68
2025-10-23,Influencer,Macro Campaign Q4,78.51,11679,359,7,455.81
2025-11-02,Earned Media,Press Mentions,0.0,5259,77,0,0.0
2025-09-17,Email,Flow - Post Purchase,0.0,4233,163,9,674.02
2026-05-14,Influencer,Macro Campaign Q4,55.17,5959,155,3,85.88
2025-09-12,Influencer,Micro-influencers Home&Deco,134.13,11820,353,4,223.15
2025-10-25,Google Ads,Search - Generic,210.08,11377,217,7,287.51
2026-02-01,Google Ads,Search - Brand,230.64,11692,495,31,
2026-06-22,Google Ads,Search - Generic,196.9,6661,185,7,293.41
2026-08-16,Earned Media,Organic Social Mentions,0.0,8233,78,0,0.0
2026-02-02,Email,Newsletter Weekly,0.0,7544,106,8,485.06
2025-10-07,Influencer,Macro Campaign Q4,75.57,4306,114,2,110.98
2025-12-08,Email,Flow - Post Purchase,0.0,11267,415,31,1185.6
2026-01-02,Google Ads,Shopping - Catalog,250.02,12214,513,19,646.98
2026-06-12,Earned Media,Press Mentions,0.0,7753,260,1,61.65
2026-01-07,Meta Ads,Lookalike - Top Customers,208.53,8286,96,1,54.09
2026-07-22,Earned Media,Press Mentions,0.0,6171,53,0,0.0
2026-05-05,Meta Ads,Prospecting - Broad,184.9,7028,249,4,283.95
2025-11-02,Email,Newsletter Weekly,0.0,10563,407,15,1109.71
2026-05-15,Influencer,Micro-influencers Home&Deco,142.61,15507,132,3,233.98
2025-09-20,Google Ads,Search - Brand,203.96,10864,435,25,1280.88
2025-11-04,Earned Media,Press Mentions,0.0,18055,160,1,54.81
2026-02-11,Email,Newsletter Weekly,0.0,11558,425,16,1105.8
2026-05-13,Influencer,Macro Campaign Q4,97.35,14245,587,9,525.39
2026-04-24,Meta Ads,Retargeting - Cart Abandoners,280.75,5444,225,5,266.54
2026-03-02,Influencer,Micro-influencers Home&Deco,79.83,18549,543,8,376.16
2026-02-04,Google Ads,Search - Generic,254.75,11605,103,5,295.69
2025-11-14,Google Ads,Shopping - Catalog,491.93,16373,473,6,317.62
2026-07-27,Earned Media,Organic Social Mentions,0.0,8740,298,1,71.01
2025-09-07,Meta Ads,Lookalike - Top Customers,143.59,5430,196,4,207.74
2025-11-14,Influencer,Macro Campaign Q4,126.49,26505,936,6,221.98
2026-01-24,Earned Media,Press Mentions,0.0,3353,147,1,44.17
2026-02-19,Earned Media,Organic Social Mentions,0.0,10445,105,0,0.0
2025-09-19,Earned Media,Organic Social Mentions,0.0,1844,31,0,0.0
2026-03-28,Meta Ads,Prospecting - Broad,132.82,3648,87,0,0.0
2026-02-17,Email,Newsletter Weekly,0.0,6021,117,2,111.33
2026-08-27,Email,Flow - Abandoned Cart,0.0,6972,308,19,957.35
2026-06-20,Email,Newsletter Weekly,0.0,9355,390,21,750.48
2026-05-18,Email,Flow - Abandoned Cart,0.0,5187,171,9,528.12
2026-06-23,Influencer,Micro-influencers Home&Deco,107.05,8934,383,6,205.25
2026-02-27,Google Ads,Search - Generic,328.15,17067,363,11,709.77
2026-07-17,Email,Flow - Post Purchase,0.0,10836,455,37,2638.63
2026-06-20,Google Ads,Search - Brand,226.04,7628,189,12,808.77
2026-08-27,Google Ads,Shopping - Catalog,130.0,5989,174,10,650.05
2025-12-25,Influencer,Macro Campaign Q4,184.91,14223,625,14,715.76
2026-04-16,Meta Ads,Prospecting - Broad,239.73,8451,324,1,34.38
2025-12-13,Email,Newsletter Weekly,0.0,10169,167,9,341.03
2026-05-14,Meta Ads,Lookalike - Top Customers,130.87,16301,557,7,474.11
2025-10-16,Email,Newsletter Weekly,0.0,9643,229,7,332.44
2025-11-15,Meta Ads,Prospecting - Broad,449.82,10750,215,5,306.23
2026-07-01,Email,Newsletter Weekly,0.0,9127,348,14,731.86
2026-01-05,Email,Flow - Abandoned Cart,0.0,5144,204,14,670.11
2026-01-08,Meta Ads,Lookalike - Top Customers,230.61,13356,528,7,271.89
2026-07-02,Email,Flow - Abandoned Cart,0.0,8193,133,14,901.55
2025-09-10,Google Ads,Shopping - Catalog,245.68,12703,268,14,
2026-04-29,Meta Ads,Prospecting - Broad,246.77,19095,390,8,614.15
2025-12-28,Meta Ads,Prospecting - Broad,430.13,15543,317,4,147.63
2026-05-16,Earned Media,Press Mentions,0.0,7007,60,0,0.0
2026-07-26,Influencer,Macro Campaign Q4,102.18,3222,136,1,71.85
2026-01-10,Email,Flow - Abandoned Cart,0.0,11502,458,48,3286.28
2026-07-23,Google Ads,Search - Brand,135.29,14209,457,32,2414.28
2026-02-09,Email,Flow - Abandoned Cart,0.0,9370,418,30,2111.11
2025-11-06,Earned Media,Press Mentions,0.0,17392,616,4,208.13
2026-07-27,Google Ads,Search - Generic,128.17,11668,105,3,123.34
2025-11-19,Google Ads,Search - Brand,349.75,13238,194,10,418.48
2026-05-25,Google Ads,Shopping - Catalog,298.53,6519,290,11,853.08
2026-03-27,Google Ads,Search - Brand,180.78,19066,848,42,1680.37
2025-10-29,Meta Ads,Lookalike - Top Customers,204.93,17013,386,4,188.31
2026-02-01,Influencer,Micro-influencers Home&Deco,79.86,4260,174,4,245.1
2026-06-04,Meta Ads,Lookalike - Top Customers,137.07,9938,229,3,182.14
2025-11-28,Earned Media,Organic Social Mentions,0.0,23330,205,2,96.92
2026-05-01,Influencer,Macro Campaign Q4,80.17,11914,466,3,150.63
2026-02-10,Influencer,Micro-influencers Home&Deco,75.79,13409,324,5,224.05
2025-11-15,Email,Flow - Abandoned Cart,0.0,10914,271,21,1332.18
2025-09-26,Email,Flow - Abandoned Cart,0.0,9505,229,16,908.21
2026-01-01,Email,Newsletter Weekly,0.0,11777,161,7,382.69
2026-03-03,Google Ads,Shopping - Catalog,144.64,4602,136,1,74.76
2026-04-16,Influencer,Micro-influencers Home&Deco,120.39,3866,99,2,78.83
2025-12-31,Meta Ads,Lookalike - Top Customers,276.13,31473,659,11,667.67
2026-08-08,Earned Media,Organic Social Mentions,0.0,5952,257,2,104.89
2026-07-01,Meta Ads,Lookalike - Top Customers,155.48,11426,327,4,227.57
2025-10-07,Google Ads,Search - Generic,195.13,16675,305,6,303.01
2025-11-09,Google Ads,Search - Generic,545.6,29530,1131,46,2712.2
2026-05-24,Influencer,Micro-influencers Home&Deco,76.33,4772,158,3,78.2
2025-11-06,Email,Flow - Abandoned Cart,0.0,9522,409,37,2431.31
2026-06-03,Email,Flow - Post Purchase,0.0,9458,123,7,558.39
2026-08-13,Email,Flow - Abandoned Cart,0.0,5817,199,18,717.81
2026-03-14,Google Ads,Search - Brand,309.38,17542,423,20,1240.01
2025-12-12,Google Ads,Search - Brand,245.85,10278,446,24,1299.04
2026-06-06,Meta Ads,Prospecting - Broad,289.58,18628,685,15,595.61
2025-12-13,Google Ads,Search - Brand,259.71,28185,703,39,2813.61
2025-10-28,Meta Ads,Prospecting - Broad,131.47,6974,61,2,162.35
2026-08-25,Email,Flow - Abandoned Cart,0.0,7993,101,11,435.99
2026-05-19,Email,Flow - Post Purchase,0.0,7438,100,4,200.4
2026-01-02,Email,Newsletter Weekly,0.0,7102,132,3,157.49
2026-02-15,Influencer,Micro-influencers Home&Deco,118.3,11037,455,4,271.31
2026-08-19,Email,Flow - Post Purchase,0.0,5927,116,7,469.58
2026-06-16,Meta Ads,Lookalike - Top Customers,128.01,9228,242,1,47.22
2026-04-22,Meta Ads,Prospecting - Broad,190.37,17807,567,16,1038.55
2026-05-11,Google Ads,Shopping - Catalog,143.58,15978,585,18,1251.23
2026-06-17,Email,Flow - Post Purchase,0.0,8596,310,19,1296.66
2026-01-04,Google Ads,Search - Brand,285.04,7484,63,3,192.62
2026-07-23,Google Ads,Shopping - Catalog,200.47,14560,299,9,715.13
2026-03-07,Email,Flow - Abandoned Cart,0.0,11145,230,31,1590.31
2025-11-28,Google Ads,Shopping - Catalog,445.31,30536,899,26,2435.84
2025-11-29,Google Ads,Search - Brand,453.46,7259,312,13,569.63
2026-08-07,Google Ads,Shopping - Catalog,232.85,14109,495,17,1305.64
2025-09-20,Influencer,Micro-influencers Home&Deco,142.53,6076,240,3,196.83
2026-03-19,Earned Media,Press Mentions,0.0,6560,197,0,0.0
2025-10-19,Influencer,Micro-influencers Home&Deco,84.42,6245,210,1,73.47
2026-04-15,Email,Flow - Post Purchase,0.0,5896,216,14,631.58
2026-02-27,Influencer,Macro Campaign Q4,84.24,13980,621,3,131.35
2026-07-25,Meta Ads,Lookalike - Top Customers,189.64,9431,308,4,240.75
2025-10-30,Influencer,Macro Campaign Q4,94.07,8826,114,0,0.0
2025-11-25,Meta Ads,Prospecting - Broad,275.76,25961,419,5,233.84
2026-02-09,Email,Flow - Post Purchase,0.0,5227,81,7,272.11
2026-05-21,Meta Ads,Retargeting - Cart Abandoners,116.14,14520,292,12,935.28
2025-10-13,Earned Media,Press Mentions,0.0,11282,250,0,0.0
2026-01-21,Google Ads,Search - Generic,283.89,11183,121,4,180.2
2026-01-31,Influencer,Micro-influencers Home&Deco,96.03,19843,505,6,333.61
2026-02-08,Email,Flow - Post Purchase,0.0,4145,143,15,635.43
2026-07-03,Influencer,Macro Campaign Q4,50.68,3972,129,1,34.48
2026-05-06,Influencer,Micro-influencers Home&Deco,86.96,13928,164,4,312.65
2025-09-21,Meta Ads,Retargeting - Cart Abandoners,195.55,7228,222,11,561.96
2026-03-25,meta ads ,Retargeting - Cart Abandoners,157.99,12552,301,12,500.15
2026-02-11,Earned Media,Organic Social Mentions,0.0,14248,190,0,0.0
2025-12-23,Google Ads,Search - Brand,266.99,5050,157,6,241.84
2025-10-19,Google Ads,Search - Brand,305.36,13151,423,27,1648.4
2026-04-29,Earned Media,Press Mentions,0.0,1666,48,0,0.0
2026-01-24,Google Ads,Search - Generic,181.78,14115,468,15,963.42
2026-04-23,Meta Ads,Prospecting - Broad,189.46,8057,238,4,209.35
2026-06-14,Google Ads,Search - Generic,269.01,19719,462,10,883.77
2026-02-07,Earned Media,Press Mentions,0.0,8452,151,2,103.37
2026-06-03,Influencer,Macro Campaign Q4,61.51,18239,541,10,550.53
2026-07-26,Influencer,Micro-influencers Home&Deco,108.5,12289,497,7,389.98
2026-07-26,Google Ads,Search - Brand,183.21,14799,400,23,1221.55
2026-08-17,Google Ads,Search - Brand,110.46,13663,508,35,1842.58
2025-09-17,Meta Ads,Prospecting - Broad,140.32,6804,189,4,184.95
2026-08-12,Influencer,Macro Campaign Q4,63.32,3409,60,0,0.0
2026-01-26,Meta Ads,Lookalike - Top Customers,127.62,13716,262,1,58.97
2026-01-02,Email,Flow - Abandoned Cart,0.0,4558,150,9,458.22
2025-11-18,Email,Newsletter Weekly,0.0,7289,248,6,238.18
2025-10-17,Influencer,Macro Campaign Q4,81.49,6732,292,4,114.84
2025-12-17,Earned Media,Organic Social Mentions,0.0,16801,396,5,90.0
2026-06-17,Meta Ads,Prospecting - Broad,224.94,9095,129,0,0.0
2026-05-09,Google Ads,Search - Generic,156.47,19479,739,24,1193.31
2026-03-29,Influencer,Micro-influencers Home&Deco,124.79,4758,78,1,57.72
2026-02-09,Google Ads,Search - Brand,266.08,8594,238,7,399.0
2025-09-17,Meta Ads,Retargeting - Cart Abandoners,234.35,7515,96,6,361.83
2026-05-31,Google Ads,Search - Brand,272.19,16335,583,30,1942.4
2026-04-15,Google Ads,Search - Brand,189.01,13348,539,33,2709.18
2025-09-12,Influencer,Macro Campaign Q4,128.58,3078,62,0,0.0
2026-08-20,Meta Ads,Prospecting - Broad,101.14,14725,508,7,445.69
2026-01-01,Google Ads,Search - Generic,274.61,5295,134,7,407.58
2026-03-07,Earned Media,Press Mentions,0.0,11189,165,1,67.6
2025-11-28,Google Ads,Search - Brand,545.09,22137,833,35,1597.87
2026-05-22,Email,Flow - Post Purchase,0.0,6943,227,15,974.81
2026-01-30,Google Ads,Search - Generic,161.92,11283,238,5,251.45
2026-05-05,Email,Flow - Post Purchase,0.0,7049,299,27,1221.35
2026-02-26,Meta Ads,Lookalike - Top Customers,139.04,10134,151,0,0.0
2026-03-07,Meta Ads,Lookalike - Top Customers,212.58,8754,283,6,331.32
2026-01-04,Email,Flow - Post Purchase,0.0,11066,291,21,1573.59
2026-05-12,Google Ads,Search - Brand,157.65,6909,213,6,541.85
2026-02-08,Influencer,Micro-influencers Home&Deco,132.59,16186,302,3,83.11
2026-08-14,Google Ads,Search - Generic,120.11,10865,173,10,570.54
2025-10-16,Earned Media,Organic Social Mentions,0.0,5337,92,0,0.0
2026-04-30,Google Ads,Search - Generic,280.78,11385,301,15,1067.62
2026-01-27,Email,Flow - Abandoned Cart,0.0,8952,119,10,448.8
2026-01-06,Google Ads,Shopping - Catalog,139.37,11552,342,14,830.96
2025-10-23,Google Ads,Search - Generic,170.4,17859,307,7,458.41
2026-07-09,Meta Ads,Prospecting - Broad,159.71,3578,138,3,161.78
2026-03-17,Earned Media,Press Mentions,0.0,12120,316,0,0.0
2026-05-12,Email,Flow - Post Purchase,0.0,11452,485,31,667.18
2025-12-30,Google Ads,Shopping - Catalog,225.08,27986,791,18,1160.72
2026-07-03,Influencer,Micro-influencers Home&Deco,76.27,10382,346,1,82.22
2025-12-12,Meta Ads,Lookalike - Top Customers,381.35,8257,175,3,191.2
2026-05-13,Google Ads,Shopping - Catalog,269.12,12555,561,15,400.35
2026-02-08,Email,Flow - Abandoned Cart,0.0,11012,466,38,1961.85
2026-07-08,Google Ads,Shopping - Catalog,144.78,13736,275,9,536.68
2025-12-26,Influencer,Macro Campaign Q4,205.5,21239,325,4,279.18
2026-04-24,Influencer,Micro-influencers Home&Deco,126.87,19248,567,8,338.08
2026-02-23,Earned Media,Organic Social Mentions,0.0,8661,143,0,0.0
2026-06-27,Earned Media,Organic Social Mentions,0.0,5651,243,3,152.38
2025-09-18,Meta Ads,Prospecting - Broad,122.76,18932,633,7,424.29
2026-05-05,Influencer,Macro Campaign Q4,104.94,15478,287,2,104.49
2025-09-18,Google Ads,Search - Generic,252.26,10580,191,13,742.03
2026-08-24,Meta Ads,Lookalike - Top Customers,131.39,12913,520,5,289.4
2025-09-11,Google Ads,Search - Brand,193.4,18801,728,39,1826.9
2026-03-13,Email,Flow - Post Purchase,0.0,4366,36,7,279.72
2026-06-26,Email,Flow - Post Purchase,0.0,10809,212,24,1090.24
2026-03-04,Meta Ads,Retargeting - Cart Abandoners,210.51,3993,114,2,109.93
2026-01-14,Google Ads,Shopping - Catalog,184.92,12827,281,8,433.1
2025-12-14,Email,Flow - Post Purchase,0.0,4633,69,5,135.42
2026-05-13,Meta Ads,Lookalike - Top Customers,228.74,6147,175,4,356.93
2026-02-26,Influencer,Macro Campaign Q4,69.23,16789,614,5,396.61
2026-08-02,Meta Ads,Prospecting - Broad,171.17,13654,533,7,345.04
2025-11-30,Earned Media,Organic Social Mentions,0.0,9651,106,0,0.0
2025-12-24,Influencer,Macro Campaign Q4,90.18,16233,667,14,608.23
2026-06-19,Meta Ads,Retargeting - Cart Abandoners,207.49,11492,392,19,936.23
2026-07-07,Email,Flow - Abandoned Cart,0.0,9451,403,34,2189.14
2026-07-09,Google Ads,Search - Generic,107.71,10520,459,13,743.06
2026-06-09,Email,Flow - Post Purchase,0.0,4686,94,7,295.86
2026-06-04,Influencer,Macro Campaign Q4,97.78,4838,156,4,250.23
2026-02-02,Email,Flow - Abandoned Cart,0.0,8304,269,16,737.34
2026-06-09,Google Ads,Search - Generic,232.03,3908,104,2,118.87
2025-09-16,Influencer,Macro Campaign Q4,67.42,16252,340,1,49.62
2025-11-19,Meta Ads,Prospecting - Broad,383.64,9053,324,6,482.74
2026-08-15,Influencer,Micro-influencers Home&Deco,50.52,11086,114,2,134.15
2026-06-21,Email,Newsletter Weekly,0.0,7052,271,8,600.49
2026-05-18,Email,Flow - Post Purchase,0.0,4456,98,11,804.95
2026-06-01,Influencer,Micro-influencers Home&Deco,55.66,8895,301,1,50.98
2025-11-20,Email,Newsletter Weekly,0.0,8202,85,7,371.62
2025-10-24,Google Ads,Search - Generic,221.64,3511,152,5,342.15
2025-11-28,Meta Ads,Retargeting - Cart Abandoners,278.23,8914,165,6,473.14
2026-07-28,Earned Media,Organic Social Mentions,0.0,10069,177,2,105.68
2026-07-28,Influencer,Macro Campaign Q4,61.96,7145,231,1,65.83
2026-06-24,Google Ads,Search - Generic,165.72,7551,139,5,337.38
2025-12-01,Google Ads,Search - Brand,394.51,27226,638,31,1822.79
2025-12-15,Google Ads,Search - Generic,296.6,14662,153,10,652.33
2026-01-25,Influencer,Micro-influencers Home&Deco,131.15,12410,382,4,220.34
2026-05-06,Influencer,Macro Campaign Q4,111.2,7360,202,5,314.67
2026-08-02,Email,Newsletter Weekly,0.0,5416,231,7,531.82
2025-09-02,Google Ads,Search - Brand,260.41,13838,564,28,1765.76
2026-03-13,Google Ads,Shopping - Catalog,306.44,4424,61,2,70.24
2026-07-05,Email,Flow - Post Purchase,0.0,11630,287,18,1263.58
2026-02-17,Email,Flow - Post Purchase,0.0,5016,59,6,316.66
2026-03-31,Email,Flow - Post Purchase,0.0,10295,209,22,1517.25
2026-07-12,Meta Ads,Lookalike - Top Customers,103.26,8194,300,2,140.69
2025-12-24,Google Ads,Search - Generic,245.52,18665,553,14,375.16
2026-01-07,Earned Media,Organic Social Mentions,0.0,13090,554,2,125.88
2025-12-01,Meta Ads,Retargeting - Cart Abandoners,296.78,18636,316,15,781.01
2026-03-01,meta ads ,Prospecting - Broad,157.56,17687,351,13,775.2
2025-10-21,Email,Newsletter Weekly,0.0,10903,444,12,545.55
2025-12-30,Earned Media,Press Mentions,0.0,7377,193,4,176.28
2026-01-12,Email,Flow - Post Purchase,0.0,5937,84,9,428.27
2025-12-19,Meta Ads,Lookalike - Top Customers,237.96,25099,208,2,55.7
2025-10-01,Influencer,Micro-influencers Home&Deco,115.79,16924,474,7,464.45
2026-04-07,Earned Media,Organic Social Mentions,0.0,1405,51,0,0.0
2026-04-18,Google Ads,Search - Brand,204.03,4240,148,6,258.77
2025-10-18,Email,Flow - Abandoned Cart,0.0,7102,267,27,1461.78
2026-07-30,Email,Newsletter Weekly,0.0,8286,265,8,438.95
2025-10-10,Meta Ads,Retargeting - Cart Abandoners,173.85,13989,616,31,2088.88
2026-07-30,Google Ads,Search - Generic,141.74,9716,186,6,428.86
2026-04-03,Meta Ads,Lookalike - Top Customers,166.39,11258,298,4,157.79
2026-04-08,Meta Ads,Prospecting - Broad,210.34,19687,675,11,549.93
2026-02-26,Email,Flow - Post Purchase,0.0,5247,195,10,657.99
2026-07-19,Google Ads,Search - Generic,226.45,13429,291,7,378.27
2025-11-06,Influencer,Micro-influencers Home&Deco,185.64,8534,368,3,148.16
2026-03-12,Earned Media,Press Mentions,0.0,8916,215,1,55.23
2025-11-08,Meta Ads,Lookalike - Top Customers,395.4,9364,116,0,0.0
2026-02-10,Google Ads,Search - Generic,164.87,11673,321,12,398.95
2025-10-17,Meta Ads,Retargeting - Cart Abandoners,275.52,19197,385,14,1009.08
2026-08-05,Google Ads,Search - Generic,156.88,5904,68,4,248.06
2026-08-28,Email,Flow - Abandoned Cart,0.0,5288,146,18,1140.68
2025-10-06,Meta Ads,Lookalike - Top Customers,130.2,12413,348,8,235.64
2026-06-24,Email,Newsletter Weekly,0.0,11750,376,15,1171.36
2026-06-01,Meta Ads,Retargeting - Cart Abandoners,234.38,13924,569,24,1598.34
2026-06-05,Influencer,Micro-influencers Home&Deco,99.8,12413,155,3,146.77
2025-11-25,Earned Media,Organic Social Mentions,0.0,19634,774,3,197.0
2025-11-06,Earned Media,Organic Social Mentions,0.0,21156,301,0,0.0
2025-10-31,Influencer,Macro Campaign Q4,70.83,12954,364,3,220.36
2026-06-11,Influencer,Macro Campaign Q4,79.06,6839,236,3,178.73
2026-05-17,Meta Ads,Prospecting - Broad,201.56,9666,336,9,516.18
2026-07-04,Influencer,Macro Campaign Q4,100.36,9723,417,5,288.03
2026-06-05,Email,Newsletter Weekly,0.0,5383,226,8,364.7
2026-06-22,Meta Ads,Prospecting - Broad,236.7,7354,173,5,335.83
2026-02-21,Earned Media,Press Mentions,0.0,7152,73,1,34.6
2026-05-22,Meta Ads,Prospecting - Broad,186.07,15264,306,6,337.44
2026-08-26,Earned Media,Organic Social Mentions,0.0,6079,54,0,0.0
2026-08-01,Google Ads,Search - Brand,189.67,11502,307,16,808.49
2026-06-15,Meta Ads,Prospecting - Broad,244.3,4219,109,2,140.93
2026-04-05,Meta Ads,Prospecting - Broad,252.27,17260,372,8,303.72
2025-11-13,Google Ads,Shopping - Catalog,223.91,16710,655,16,812.04
2026-05-29,Email,Flow - Post Purchase,0.0,11547,263,21,1250.66
2025-10-21,Meta Ads,Prospecting - Broad,130.49,13810,416,5,262.16
2025-10-27,Google Ads,Shopping - Catalog,293.05,7269,285,8,338.88
2026-08-21,Earned Media,Press Mentions,0.0,3448,73,1,55.39
2025-09-30,Meta Ads,Lookalike - Top Customers,158.33,4939,67,0,0.0
2026-03-20,Earned Media,Organic Social Mentions,0.0,10751,323,0,0.0
2026-05-08,Earned Media,Press Mentions,0.0,12173,334,0,0.0
2026-02-12,Meta Ads,Retargeting - Cart Abandoners,127.21,4879,205,10,639.07
2025-11-13,Email,Flow - Abandoned Cart,0.0,4852,104,5,401.9
2026-04-03,Email,Flow - Abandoned Cart,0.0,10081,145,10,826.75
2025-09-14,Meta Ads,Lookalike - Top Customers,215.62,10414,196,7,577.97
2026-01-28,Email,Flow - Abandoned Cart,0.0,7484,79,8,373.48
2026-02-23,Google Ads,Search - Generic,211.88,13114,577,14,1053.74
2025-10-21,Influencer,Micro-influencers Home&Deco,58.83,19580,748,12,614.58
2026-03-06,Earned Media,Organic Social Mentions,0.0,9583,96,0,0.0
2026-06-16,Email,Flow - Abandoned Cart,0.0,9652,388,21,972.33
2026-03-14,Email,Newsletter Weekly,0.0,11146,160,5,256.02
2026-02-11,Meta Ads,Retargeting - Cart Abandoners,136.76,19103,394,16,1084.09
2025-11-24,Meta Ads,Lookalike - Top Customers,210.24,30905,1221,27,2111.06
2026-02-10,Earned Media,Press Mentions,0.0,8887,108,0,
2026-07-16,Google Ads,Search - Generic,124.23,7611,226,7,450.27
2026-02-18,Influencer,Micro-influencers Home&Deco,57.73,3513,41,2,99.77
2025-10-20,Google Ads,Shopping - Catalog,231.65,8317,267,5,383.44
2025-09-13,Earned Media,Organic Social Mentions,0.0,13548,114,0,0.0
2025-12-26,Influencer,Micro-influencers Home&Deco,207.49,31680,709,4,151.45
2026-01-17,Email,Newsletter Weekly,0.0,7175,127,4,111.44
2026-07-01,Meta Ads,Retargeting - Cart Abandoners,165.74,10573,254,7,643.69
2026-05-20,Meta Ads,Retargeting - Cart Abandoners,226.3,13976,319,13,872.43
2026-01-26,Email,Newsletter Weekly,0.0,4949,144,8,470.85
2025-09-21,Earned Media,Organic Social Mentions,0.0,14033,470,3,200.83
2025-12-03,Email,Newsletter Weekly,0.0,7795,65,0,0.0
2026-03-09,Earned Media,Press Mentions,0.0,8594,373,1,52.94
2025-11-26,Meta Ads,Prospecting - Broad,392.2,6156,83,1,84.22
2026-07-30,Meta Ads,Retargeting - Cart Abandoners,115.58,7789,111,4,208.97
2026-06-19,Earned Media,Organic Social Mentions,0.0,9415,397,1,56.95
2026-08-12,Earned Media,Press Mentions,0.0,9071,221,2,63.07
2025-11-22,Meta Ads,Prospecting - Broad,317.41,15828,702,11,490.35
2026-02-09,Earned Media,Press Mentions,0.0,13816,507,2,114.03
2026-05-03,Google Ads,Search - Brand,289.15,16708,543,25,1919.6
2025-10-09,Meta Ads,Prospecting - Broad,159.85,19265,510,9,340.37
2026-07-18,Meta Ads,Retargeting - Cart Abandoners,169.01,11415,223,4,325.61
2026-08-23,Google Ads,Search - Brand,250.39,6461,254,8,349.24
2026-01-26,Meta Ads,Retargeting - Cart Abandoners,162.14,13880,365,19,1085.75
2026-07-07,Meta Ads,Lookalike - Top Customers,185.64,13765,370,10,844.57
2025-09-03,Earned Media,Organic Social Mentions,0.0,2177,30,1,62.1
2025-09-24,Email,Flow - Abandoned Cart,0.0,6780,221,21,896.86
2026-06-15,Influencer,Micro-influencers Home&Deco,65.35,4206,35,0,0.0
2025-09-01,Email,Newsletter Weekly,0.0,5364,55,4,198.36
2026-05-01,Email,Newsletter Weekly,0.0,10100,355,15,905.06
2026-04-06,Influencer,Micro-influencers Home&Deco,116.66,16189,179,4,325.84
2026-03-08,Earned Media,Organic Social Mentions,0.0,9214,167,0,0.0
2026-04-06,Email,Flow - Post Purchase,0.0,7563,159,13,1051.96
2025-10-31,Meta Ads,Retargeting - Cart Abandoners,138.29,12330,271,12,1160.68
2025-12-01,Email,Flow - Abandoned Cart,0.0,5314,141,14,569.72
2025-10-12,Meta Ads,Retargeting - Cart Abandoners,183.58,14162,239,7,256.43
2025-10-15,Earned Media,Press Mentions,0.0,7081,246,0,0.0
2026-08-24,Influencer,Micro-influencers Home&Deco,73.28,5769,137,1,72.83
2026-08-28,Earned Media,Press Mentions,0.0,7342,182,2,160.1
2026-08-03,Meta Ads,Lookalike - Top Customers,159.43,11568,187,6,518.02
2026-04-11,Email,Flow - Post Purchase,0.0,7732,318,21,1057.58
2026-06-20,Meta Ads,Prospecting - Broad,205.96,18027,196,1,66.99
2026-08-17,Google Ads,Shopping - Catalog,222.15,9847,391,15,762.94
2026-07-13,Google Ads,Search - Brand,124.83,6940,59,5,
2026-05-20,Email,Newsletter Weekly,0.0,10173,398,16,1004.11
2026-08-31,Meta Ads,Prospecting - Broad,183.75,3259,96,4,112.41
2026-04-09,Meta Ads,Retargeting - Cart Abandoners,231.94,4659,78,3,245.92
2025-09-25,Google Ads,Search - Generic,220.45,9777,131,3,195.33
2026-02-17,Meta Ads,Prospecting - Broad,213.01,8590,276,4,228.81
2026-03-05,Influencer,Micro-influencers Home&Deco,66.49,9346,219,2,133.53
2026-03-17,Google Ads,Search - Brand,258.58,13927,379,21,755.76
2026-07-27,Email,Flow - Post Purchase,0.0,4055,127,12,835.01
2026-08-17,Meta Ads,Lookalike - Top Customers,117.38,14968,661,14,818.79
2026-01-17,Meta Ads,Prospecting - Broad,239.64,12975,503,5,313.95
2026-03-18,Email,Flow - Abandoned Cart,0.0,10622,149,16,1060.51
2026-07-09,Earned Media,Organic Social Mentions,0.0,2226,27,1,92.77
2026-07-03,Email,Newsletter Weekly,0.0,6443,272,8,449.64
2025-09-21,Earned Media,Press Mentions,0.0,9649,387,2,126.22
2025-10-13,Meta Ads,Lookalike - Top Customers,161.42,18332,693,21,1042.33
2026-01-09,Meta Ads,Lookalike - Top Customers,187.45,12593,154,8,254.57
2026-01-11,Google Ads,Search - Brand,346.11,16947,671,35,2660.33
2026-05-30,Meta Ads,Lookalike - Top Customers,167.15,15636,333,8,560.14
2026-04-20,Influencer,Micro-influencers Home&Deco,121.52,3129,91,2,127.21
2026-08-18,Meta Ads,Prospecting - Broad,99.25,13186,559,12,917.68
2025-10-17,Influencer,Micro-influencers Home&Deco,112.42,7170,72,0,0.0
2026-03-03,Earned Media,Press Mentions,0.0,4624,166,1,65.06
2026-06-26,meta ads ,Lookalike - Top Customers,180.45,9153,179,4,266.49
2025-10-17,Meta Ads,Prospecting - Broad,212.89,9067,191,5,243.24
2026-01-08,Earned Media,Organic Social Mentions,0.0,7973,234,1,43.62
2025-11-08,Influencer,Macro Campaign Q4,140.14,11359,189,0,0.0
2025-09-13,Influencer,Micro-influencers Home&Deco,63.73,4769,179,1,
2026-01-15,Email,Flow - Abandoned Cart,0.0,9885,257,25,1061.29
2025-10-14,Earned Media,Press Mentions,0.0,14725,154,1,54.77
2026-02-01,Influencer,Macro Campaign Q4,93.76,18887,453,5,371.55
2026-02-11,Google Ads,Search - Brand,133.97,10787,138,8,426.65
2025-09-05,Influencer,Micro-influencers Home&Deco,96.84,7211,152,3,217.36
2025-12-05,Earned Media,Organic Social Mentions,0.0,9342,353,1,64.47
2026-08-19,Meta Ads,Lookalike - Top Customers,159.57,9277,238,5,353.85
2026-08-31,Earned Media,Press Mentions,0.0,5010,155,2,92.54
2025-12-06,Earned Media,Press Mentions,0.0,22509,467,1,77.2
2026-06-30,Meta Ads,Prospecting - Broad,234.88,12117,540,11,571.51
2025-11-02,Google Ads,Search - Brand,430.92,30257,994,60,1352.91
2026-02-24,Google Ads,Search - Generic,257.69,14948,459,13,1114.48
2025-11-20,Influencer,Micro-influencers Home&Deco,186.59,29030,714,8,409.92
2026-01-23,Email,Newsletter Weekly,0.0,7812,312,5,377.86
2026-07-12,Meta Ads,Prospecting - Broad,210.17,10877,172,2,183.93
2026-05-12,Google Ads,Shopping - Catalog,269.03,8535,218,5,347.28
2025-09-09,Google Ads,Search - Brand,212.81,19660,515,24,1373.34
2026-02-13,Email,Flow - Post Purchase,0.0,7389,143,16,920.12
2025-10-22,Influencer,Macro Campaign Q4,108.9,5142,78,3,91.5
2026-03-26,Earned Media,Organic Social Mentions,0.0,1309,40,0,0.0
2026-07-24,Influencer,Micro-influencers Home&Deco,77.71,12629,449,1,51.73
2025-10-22,Meta Ads,Lookalike - Top Customers,157.34,17699,243,2,125.3
2025-10-10,meta ads ,Lookalike - Top Customers,200.04,9766,187,1,67.48
2026-02-15,Email,Flow - Post Purchase,0.0,7313,70,7,540.37
2026-01-05,Meta Ads,Lookalike - Top Customers,136.29,7274,104,4,208.96
2026-03-11,Influencer,Micro-influencers Home&Deco,67.42,15695,314,4,266.45
2026-08-10,Influencer,Macro Campaign Q4,60.98,12231,441,7,474.01
2025-12-27,Earned Media,Press Mentions,0.0,8054,134,1,47.28
2025-11-06,Email,Flow - Post Purchase,0.0,9165,246,15,1077.87
2026-01-21,Influencer,Micro-influencers Home&Deco,80.31,18914,189,3,93.24
2026-01-12,Email,Flow - Abandoned Cart,0.0,4338,136,9,651.6
2025-09-17,Google Ads,Search - Brand,203.89,9335,164,10,594.66
2026-05-01,Meta Ads,Retargeting - Cart Abandoners,237.34,11186,365,10,738.05
2025-11-21,Email,Flow - Abandoned Cart,0.0,10251,348,33,1700.94
2026-02-21,Email,Flow - Abandoned Cart,0.0,8229,348,27,1510.13
2026-02-09,Earned Media,Organic Social Mentions,0.0,10945,355,0,0.0
2026-05-10,Google Ads,Shopping - Catalog,310.92,7585,266,8,565.64
2026-08-15,Earned Media,Organic Social Mentions,0.0,5764,59,0,0.0
2026-04-12,Meta Ads,Prospecting - Broad,175.1,14763,529,6,360.47
2026-01-30,Influencer,Macro Campaign Q4,84.75,5066,144,1,59.56
2025-10-16,Google Ads,Search - Generic,294.05,12935,361,8,394.61
2026-07-22,Email,Flow - Post Purchase,0.0,4649,190,16,1067.1
2026-07-24,Influencer,Macro Campaign Q4,85.71,7816,194,4,287.82
2026-07-11,Google Ads,Shopping - Catalog,128.35,4723,185,5,210.03
2025-12-25,Email,Newsletter Weekly,0.0,8941,222,11,748.32
2025-09-07,Email,Flow - Post Purchase,0.0,11697,255,18,957.51
2025-10-20,Influencer,Micro-influencers Home&Deco,120.9,8812,242,1,73.66
2026-06-07,Email,Newsletter Weekly,0.0,8793,277,11,368.8
2025-10-30,Google Ads,Search - Generic,228.47,5969,113,4,339.04
2026-05-21,Meta Ads,Prospecting - Broad,227.63,18953,760,18,644.75
2025-10-25,Meta Ads,Retargeting - Cart Abandoners,190.84,18037,741,43,3545.91
2026-06-03,Earned Media,Organic Social Mentions,0.0,5673,114,0,0.0
2025-12-06,Meta Ads,Retargeting - Cart Abandoners,338.51,22627,376,20,708.87
2026-06-19,Earned Media,Press Mentions,0.0,5503,207,0,0.0
2025-10-25,Email,Newsletter Weekly,0.0,9269,393,17,1440.44
2026-05-01,Earned Media,Press Mentions,0.0,9568,144,1,65.24
2026-03-10,Meta Ads,Lookalike - Top Customers,243.05,3072,125,0,0.0
2026-08-01,Email,Flow - Abandoned Cart,0.0,4252,102,10,568.53
2026-07-28,Email,Flow - Abandoned Cart,0.0,8062,334,22,1929.01
2026-03-10,Email,Flow - Abandoned Cart,0.0,7098,277,19,1610.57
2026-03-18,Earned Media,Organic Social Mentions,0.0,7743,77,2,114.6
2026-01-22,Meta Ads,Retargeting - Cart Abandoners,229.67,3004,42,0,0.0
2026-08-04,Meta Ads,Retargeting - Cart Abandoners,140.67,13383,360,9,695.74
2026-02-11,Influencer,Micro-influencers Home&Deco,62.25,17227,155,3,142.47
2025-10-25,Email,Flow - Abandoned Cart,0.0,7196,144,5,346.69
2026-03-25,Email,Flow - Abandoned Cart,0.0,9611,427,28,2688.21
2025-10-03,Meta Ads,Lookalike - Top Customers,265.33,14352,429,11,751.08
2025-12-22,Google Ads,Shopping - Catalog,241.33,24369,965,24,1276.22
2025-12-24,Meta Ads,Lookalike - Top Customers,232.86,28011,1119,23,1460.58
2026-03-15,Influencer,Macro Campaign Q4,107.88,17609,207,2,165.1
2026-08-18,Influencer,Macro Campaign Q4,43.22,8374,112,1,45.85
2026-04-29,Meta Ads,Retargeting - Cart Abandoners,198.35,3004,108,6,360.04
2025-09-18,Influencer,Micro-influencers Home&Deco,118.38,6909,109,0,0.0
2025-12-14,Google Ads,Search - Generic,281.66,19268,356,5,349.97
2026-04-20,Email,Flow - Post Purchase,0.0,7147,312,26,2115.45
2025-11-05,Email,Newsletter Weekly,0.0,4161,56,4,265.83
2025-11-17,Google Ads,Search - Brand,319.48,14237,341,20,1566.92
2026-02-01,Email,Flow - Abandoned Cart,0.0,11675,285,26,1203.19
2026-01-20,Meta Ads,Retargeting - Cart Abandoners,218.31,8759,126,5,277.96
2026-06-20,Earned Media,Press Mentions,0.0,10393,313,1,67.64
2026-07-03,Email,Flow - Post Purchase,0.0,4079,150,7,267.31
2026-07-22,Meta Ads,Prospecting - Broad,85.33,13978,364,9,558.62
2026-06-08,Email,Newsletter Weekly,0.0,7186,275,13,841.57
2025-10-04,Email,Flow - Abandoned Cart,0.0,9091,89,5,300.14
2025-12-11,Google Ads,Search - Brand,254.07,22934,424,22,864.59
2026-05-14,Earned Media,Organic Social Mentions,0.0,14927,286,1,52.42
2026-01-03,Earned Media,Press Mentions,0.0,10898,158,0,0.0
2025-12-23,Earned Media,Press Mentions,0.0,2588,115,0,0.0
2026-06-22,Earned Media,Press Mentions,0.0,8960,199,0,0.0
2026-01-05,Influencer,Macro Campaign Q4,105.6,10433,239,1,42.88
2025-11-17,Meta Ads,Lookalike - Top Customers,313.65,14890,544,7,406.84
2025-12-08,Google Ads,Search - Generic,236.27,18713,785,28,1467.21
2026-04-25,Earned Media,Organic Social Mentions,0.0,2120,76,0,0.0
2026-01-19,Google Ads,Search - Brand,165.1,17614,308,13,387.29
2025-11-21,Meta Ads,Prospecting - Broad,343.51,7284,262,5,236.71
2026-08-25,Google Ads,Shopping - Catalog,100.29,8240,154,4,308.26
2026-01-20,Google Ads,Search - Brand,196.28,9677,326,23,1830.76
2025-10-07,Email,Flow - Abandoned Cart,0.0,4708,122,6,385.77
2026-02-28,Earned Media,Organic Social Mentions,0.0,10168,222,4,250.01
2026-02-23,Email,Flow - Abandoned Cart,0.0,10102,308,19,1183.99
2026-06-13,Email,Newsletter Weekly,0.0,5629,179,7,355.14
2026-05-01,Meta Ads,Prospecting - Broad,243.02,8381,309,3,201.48
2026-05-27,Google Ads,Shopping - Catalog,213.31,18313,760,25,660.57
2025-12-28,Earned Media,Organic Social Mentions,0.0,23518,197,1,72.92
2025-09-26,Influencer,Macro Campaign Q4,68.0,3205,139,2,121.17
2026-04-23,Meta Ads,Retargeting - Cart Abandoners,144.39,6363,178,8,443.29
2026-03-21,Google Ads,Search - Generic,264.73,6144,58,0,0.0
2026-06-09,Influencer,Micro-influencers Home&Deco,86.77,16171,394,1,66.91
2025-09-07,Influencer,Macro Campaign Q4,135.89,11970,535,3,193.89
2025-11-07,Google Ads,Search - Brand,514.53,23051,778,39,1949.83
2026-01-20,Meta Ads,Prospecting - Broad,199.3,15935,708,9,563.99
2025-10-12,Influencer,Macro Campaign Q4,97.31,3638,46,1,62.48
2025-12-05,Email,Newsletter Weekly,0.0,10050,375,13,784.54
2026-08-24,Influencer,Macro Campaign Q4,80.34,6605,297,5,340.67
2026-04-19,Influencer,Macro Campaign Q4,135.66,3434,79,0,0.0
2026-04-01,Google Ads,Search - Generic,197.37,17099,257,9,385.54
2026-08-31,Email,Flow - Abandoned Cart,0.0,5229,48,4,196.84
2026-01-23,Email,Flow - Post Purchase,0.0,4112,33,1,54.15
2026-08-07,Influencer,Micro-influencers Home&Deco,75.96,13181,557,3,181.99
2026-08-25,Email,Flow - Post Purchase,0.0,8106,221,26,1036.45
2025-11-11,Google Ads,Search - Brand,434.77,30394,944,33,1856.51
2026-02-22,Email,Flow - Abandoned Cart,0.0,5192,225,17,515.45
2025-09-25,Email,Flow - Abandoned Cart,0.0,10246,256,14,893.77
2025-10-10,Earned Media,Organic Social Mentions,0.0,1614,22,0,0.0
2026-07-19,Influencer,Macro Campaign Q4,105.21,2997,106,2,125.72
2025-11-07,Email,Flow - Abandoned Cart,0.0,11806,255,19,1176.75
2026-08-23,Google Ads,Shopping - Catalog,221.02,6105,58,2,126.94
2026-07-05,Google Ads,Search - Brand,223.55,3356,29,2,122.87
2025-11-03,Email,Newsletter Weekly,0.0,7057,201,4,239.34
2026-05-08,Influencer,Micro-influencers Home&Deco,73.07,17654,542,5,292.72
2025-12-09,Google Ads,Search - Brand,463.58,26742,217,9,338.46
2026-04-25,Influencer,Macro Campaign Q4,93.85,3024,106,2,94.14
2026-06-17,Google Ads,Search - Generic,180.08,13605,459,11,580.56
2026-08-05,Influencer,Micro-influencers Home&Deco,82.06,5619,196,4,227.74
2026-08-04,Google Ads,Search - Generic,115.28,8208,353,9,632.31
2025-09-11,Email,Flow - Post Purchase,0.0,5857,241,18,1268.89
2025-09-13,Email,Flow - Abandoned Cart,0.0,7269,64,3,141.33
2026-05-29,Meta Ads,Retargeting - Cart Abandoners,283.1,15455,186,5,92.72
2026-01-03,Email,Newsletter Weekly,0.0,10617,251,7,431.73
2026-06-14,Email,Flow - Post Purchase,0.0,8163,182,15,1091.77
2026-08-22,Meta Ads,Lookalike - Top Customers,204.02,10764,430,13,880.62
2026-08-27,Earned Media,Press Mentions,0.0,4962,144,1,43.03
2026-01-16,Influencer,Macro Campaign Q4,89.77,4825,64,0,0.0
2025-11-20,Google Ads,Shopping - Catalog,331.41,17557,743,22,1257.19
2025-11-13,Earned Media,Press Mentions,0.0,20685,593,3,169.62
2026-04-10,Email,Newsletter Weekly,0.0,4541,203,8,482.12
2026-01-13,Email,Flow - Post Purchase,0.0,10040,157,11,729.77
2026-06-04,Email,Flow - Abandoned Cart,0.0,10630,448,38,2224.26
2026-08-05,Influencer,Macro Campaign Q4,82.85,5744,131,1,40.14
2026-06-26,Google Ads,Search - Generic,297.2,17009,277,6,326.2
2026-07-15,Meta Ads,Lookalike - Top Customers,173.9,7933,267,6,368.46
2025-12-25,Influencer,Micro-influencers Home&Deco,160.38,11481,138,3,162.24
2026-06-08,Influencer,Macro Campaign Q4,104.95,12091,444,6,431.89
2026-06-29,Google Ads,Search - Generic,220.36,16273,261,10,636.21
2026-07-18,Email,Flow - Abandoned Cart,0.0,10719,120,9,592.59
2025-11-20,Google Ads,Search - Brand,247.34,22485,997,65,4972.17
2026-04-20,Email,Flow - Abandoned Cart,0.0,9149,251,18,1099.08
2025-11-21,Email,Newsletter Weekly,0.0,4845,184,7,443.96
2026-03-26,Google Ads,Search - Brand,165.96,6466,96,5,215.57
2026-05-12,Meta Ads,Retargeting - Cart Abandoners,249.48,5663,158,3,186.61
2026-02-06,Influencer,Macro Campaign Q4,134.17,9110,385,6,383.57
2026-04-17,Meta Ads,Prospecting - Broad,202.29,16246,515,5,379.89
2025-10-20,Google Ads,Search - Generic,154.89,3381,72,3,152.84
2025-09-11,Email,Flow - Abandoned Cart,0.0,7701,147,14,1067.01
2025-11-07,Influencer,Micro-influencers Home&Deco,117.69,31530,543,3,215.81
2026-01-31,Meta Ads,Prospecting - Broad,195.78,10016,363,7,418.59
2025-12-31,Email,Flow - Post Purchase,0.0,5654,182,14,
2025-11-24,Google Ads,Shopping - Catalog,417.39,11138,424,12,986.01
2026-08-09,Meta Ads,Prospecting - Broad,182.23,7748,67,1,46.28
2025-12-17,Meta Ads,Retargeting - Cart Abandoners,195.98,13221,430,19,1012.94
2026-02-08,Google Ads,Search - Brand,247.04,8346,282,18,975.35
2025-12-07,Google Ads,Shopping - Catalog,349.18,7869,316,10,544.72
2026-03-18,Meta Ads,Prospecting - Broad,140.61,5195,223,5,289.71
2026-02-12,Google Ads,Search - Brand,260.31,10134,449,21,1021.3
2025-12-25,Email,Flow - Post Purchase,0.0,8195,309,23,1223.13
2026-05-18,Meta Ads,Prospecting - Broad,186.87,19023,269,4,323.73
2026-06-14,Earned Media,Press Mentions,0.0,8153,215,0,0.0
2025-09-12,Google Ads,Shopping - Catalog,275.56,3307,133,7,580.65
2025-09-24,Google Ads,Search - Generic,306.97,14251,408,13,533.85
2026-01-27,Meta Ads,Prospecting - Broad,247.25,5721,212,8,537.97
2026-08-16,Google Ads,Search - Brand,182.39,12055,436,22,1232.01
2026-03-22,Earned Media,Press Mentions,0.0,11757,219,1,64.35
2026-01-25,Email,Newsletter Weekly,0.0,8999,331,14,1037.8
2026-08-08,Google Ads,Search - Generic,165.86,10765,471,12,661.6
2026-06-23,Email,Flow - Abandoned Cart,0.0,4182,75,9,513.12
2026-07-22,Google Ads,Search - Brand,186.22,5346,228,5,250.69
2026-01-15,Meta Ads,Prospecting - Broad,165.84,19134,703,11,602.66
2026-04-10,Meta Ads,Lookalike - Top Customers,242.82,19964,417,10,626.04
2026-02-20,Google Ads,Search - Generic,337.93,18553,827,29,1819.16
2026-08-31,Influencer,Micro-influencers Home&Deco,62.86,10923,249,1,65.53
2025-10-08,Meta Ads,Lookalike - Top Customers,172.71,12959,403,4,288.21
2025-12-08,Email,Newsletter Weekly,0.0,4969,55,4,212.11
2026-06-11,Meta Ads,Retargeting - Cart Abandoners,221.83,6643,137,8,465.99
2025-10-31,Earned Media,Press Mentions,0.0,7973,267,1,64.65
2025-12-02,Google Ads,Shopping - Catalog,255.38,30573,1112,32,1127.65
2026-06-28,Earned Media,Organic Social Mentions,0.0,9075,378,4,131.75
2026-03-01,Influencer,Micro-influencers Home&Deco,112.87,12027,400,5,305.28
2026-04-25,Meta Ads,Retargeting - Cart Abandoners,264.1,7396,148,4,203.24
2026-05-22,Influencer,Macro Campaign Q4,99.29,18140,562,13,964.42
2026-08-29,Google Ads,Search - Brand,242.52,13983,389,16,1264.61
2026-08-21,Google Ads,Search - Generic,134.96,4581,172,4,285.12
2026-03-19,Google Ads,Search - Generic,262.52,14788,255,5,306.98
2026-03-28,Email,Newsletter Weekly,0.0,11966,492,9,689.59
2025-12-27,Email,Flow - Post Purchase,0.0,5013,118,9,463.21
2026-04-05,Meta Ads,Retargeting - Cart Abandoners,144.8,8865,116,12,684.23
2025-10-23,Influencer,Micro-influencers Home&Deco,113.58,5902,53,0,0.0
2025-12-29,Google Ads,Search - Generic,323.3,5519,112,7,439.26
2026-06-25,Influencer,Macro Campaign Q4,58.51,19400,171,2,152.41
2025-10-14,Meta Ads,Retargeting - Cart Abandoners,115.44,11581,400,21,1362.65
2026-02-21,Meta Ads,Retargeting - Cart Abandoners,248.7,4614,91,3,129.29
2026-08-09,Email,Flow - Post Purchase,0.0,6289,258,17,1537.53
2026-05-28,Google Ads,Search - Brand,265.33,14088,377,15,691.43
2026-03-26,Earned Media,Press Mentions,0.0,1683,68,0,0.0
2026-08-23,Influencer,Macro Campaign Q4,63.81,9027,281,4,163.06
2026-05-18,Earned Media,Organic Social Mentions,0.0,1769,75,0,0.0
2026-05-04,Email,Flow - Post Purchase,0.0,8121,284,15,687.94
2025-12-21,Google Ads,Search - Brand,380.8,31606,900,47,3188.78
2026-01-29,Meta Ads,Lookalike - Top Customers,180.77,14011,372,6,302.61
2025-11-10,Earned Media,Organic Social Mentions,0.0,7358,185,0,0.0
2026-01-03,Earned Media,Organic Social Mentions,0.0,14260,185,1,45.91
2025-09-24,Earned Media,Press Mentions,0.0,6041,67,1,32.29
2025-12-11,Email,Newsletter Weekly,0.0,5641,146,8,381.19
2026-05-30,Email,Flow - Post Purchase,0.0,10895,335,34,1249.79
2026-01-06,Earned Media,Organic Social Mentions,0.0,13945,169,0,0.0
2025-11-02,Influencer,Micro-influencers Home&Deco,182.25,20347,301,1,65.07
2026-07-29,Earned Media,Press Mentions,0.0,10204,378,0,0.0
2026-02-22,Google Ads,Search - Generic,255.0,16783,405,8,530.61
2025-12-23,Google Ads,Search - Generic,213.58,27626,253,11,426.93
2026-01-15,Google Ads,Shopping - Catalog,242.22,5488,82,4,125.57
2026-08-05,Google Ads,Search - Brand,140.7,9639,207,11,535.51
2025-11-24,Meta Ads,Retargeting - Cart Abandoners,221.53,24820,492,20,1296.99
2026-01-29,Meta Ads,Prospecting - Broad,236.66,6300,80,4,238.03
2026-06-26,Influencer,Macro Campaign Q4,115.55,9191,243,5,200.11
2026-07-28,Email,Flow - Post Purchase,0.0,8750,312,20,1203.89
2026-08-09,Email,Flow - Abandoned Cart,0.0,9360,338,21,1103.71
2026-04-04,Google Ads,Shopping - Catalog,260.57,5722,47,1,56.48
2025-12-05,Google Ads,Search - Generic,469.42,16006,210,7,585.81
2025-09-26,Google Ads,Search - Generic,322.7,4667,121,2,173.7
2026-04-27,Email,Flow - Post Purchase,0.0,5795,61,5,327.17
2025-09-19,Email,Flow - Post Purchase,0.0,4836,152,14,823.69
2026-08-12,Email,Newsletter Weekly,0.0,6389,123,6,376.52
2026-02-21,Email,Flow - Post Purchase,0.0,11678,235,24,1751.83
2026-04-05,Influencer,Macro Campaign Q4,127.79,16073,525,9,537.2
2026-06-22,Meta Ads,Lookalike - Top Customers,210.06,12169,482,5,256.12
2025-10-28,Earned Media,Organic Social Mentions,0.0,1793,16,0,0.0
2025-12-30,Google Ads,Search - Brand,367.34,9690,245,19,1239.33
2026-01-27,Influencer,Macro Campaign Q4,125.85,7395,257,5,309.55
2026-08-18,Google Ads,Shopping - Catalog,129.75,7179,197,6,290.51
2026-05-27,Influencer,Micro-influencers Home&Deco,69.92,10746,217,3,178.78
2026-04-21,Email,Newsletter Weekly,0.0,8205,255,11,710.88
2026-03-23,Influencer,Micro-influencers Home&Deco,82.17,10142,444,6,388.95
2026-01-21,Influencer,Macro Campaign Q4,118.17,16666,246,2,103.44
2026-06-02,Meta Ads,Retargeting - Cart Abandoners,240.75,11169,95,3,80.48
2026-01-30,Meta Ads,Retargeting - Cart Abandoners,207.84,11929,525,28,1463.54
2025-11-17,Earned Media,Organic Social Mentions,0.0,8670,226,1,50.67
2025-12-19,Influencer,Macro Campaign Q4,174.33,9076,304,4,221.43
2026-05-14,Email,Flow - Abandoned Cart,0.0,4870,44,4,72.0
2025-12-09,Email,Flow - Post Purchase,0.0,5682,164,14,784.97
2025-10-06,Earned Media,Press Mentions,0.0,5000,77,1,61.37
2026-07-07,Earned Media,Press Mentions,0.0,1466,15,0,0.0
2025-09-14,Google Ads,Shopping - Catalog,280.02,7384,97,4,233.03
2025-09-22,Google Ads,Search - Generic,275.94,5043,141,0,0.0
2025-11-22,Google Ads,Search - Brand,462.06,13003,194,8,456.21
2025-12-29,Meta Ads,Retargeting - Cart Abandoners,192.52,9790,353,8,327.0
2025-11-18,Influencer,Macro Campaign Q4,167.22,5067,117,1,72.65
2026-04-07,Meta Ads,Prospecting - Broad,242.37,6833,210,1,58.57
2025-12-22,Influencer,Macro Campaign Q4,97.35,10252,238,1,89.34
2026-01-10,Influencer,Macro Campaign Q4,126.4,12387,402,4,240.78
2026-05-22,Google Ads,Shopping - Catalog,211.07,14790,624,14,767.1
2026-03-20,Earned Media,Press Mentions,0.0,12758,239,3,130.9
2025-09-30,Earned Media,Press Mentions,0.0,7495,312,2,88.74
2026-02-07,Google Ads,Search - Brand,244.97,12629,170,8,642.31
2026-07-03,Google Ads,Shopping - Catalog,116.81,5378,173,2,139.44
2026-05-27,Earned Media,Press Mentions,0.0,7979,245,1,68.09
2026-04-06,Meta Ads,Prospecting - Broad,189.02,4416,65,0,0.0
2025-12-19,Email,Flow - Abandoned Cart,0.0,5503,171,12,584.37
2026-05-31,Email,Newsletter Weekly,0.0,9206,122,8,460.57
2026-08-26,Email,Flow - Post Purchase,0.0,6072,128,14,923.13
2026-06-02,Earned Media,Organic Social Mentions,0.0,12913,407,1,42.53
2025-09-04,Earned Media,Press Mentions,0.0,5110,193,2,130.42
2026-01-24,meta ads ,Lookalike - Top Customers,273.86,9967,273,5,385.21
2026-06-12,Google Ads,Search - Brand,162.52,4332,37,1,80.94
2025-10-08,Meta Ads,Retargeting - Cart Abandoners,194.9,9082,290,8,464.89
2026-05-20,Meta Ads,Prospecting - Broad,197.55,15929,555,11,690.54
2026-02-21,Meta Ads,Lookalike - Top Customers,266.72,10608,444,8,506.75
2026-07-18,Meta Ads,Lookalike - Top Customers,193.83,3893,135,0,0.0
2026-02-25,Earned Media,Organic Social Mentions,0.0,14219,423,2,121.71
2026-04-08,Meta Ads,Lookalike - Top Customers,245.43,6586,175,4,257.74
2026-04-27,Influencer,Micro-influencers Home&Deco,71.1,8822,255,2,94.57
2026-07-15,Email,Newsletter Weekly,0.0,4602,159,4,209.12
2026-06-25,Email,Newsletter Weekly,0.0,7974,149,7,380.11
2026-03-09,Email,Flow - Post Purchase,0.0,10194,350,30,1333.39
2026-04-14,Google Ads,Search - Generic,173.05,11754,233,4,184.1
2026-07-13,Earned Media,Press Mentions,0.0,5262,132,2,104.73
2025-09-05,Earned Media,Organic Social Mentions,0.0,7073,160,1,51.84
2026-08-14,Google Ads,Search - Brand,150.22,7788,122,9,327.51
2025-10-30,Influencer,Micro-influencers Home&Deco,69.69,14251,448,6,445.86
2026-07-19,Meta Ads,Prospecting - Broad,179.85,7295,92,1,96.11
2026-03-30,Google Ads,Search - Generic,154.25,15933,629,15,861.61
2026-03-18,Email,Newsletter Weekly,0.0,5695,117,3,139.17
2026-05-26,Earned Media,Organic Social Mentions,0.0,6555,292,3,112.35
2026-08-24,Earned Media,Organic Social Mentions,0.0,3605,107,0,0.0
2026-02-28,Google Ads,Search - Generic,352.2,16222,307,7,361.38
2026-04-05,Email,Flow - Abandoned Cart,0.0,5302,50,4,233.91
2026-08-11,Influencer,Micro-influencers Home&Deco,62.57,11429,172,3,123.45
2026-07-07,Influencer,Micro-influencers Home&Deco,58.38,6635,124,1,66.21
2025-10-26,Influencer,Micro-influencers Home&Deco,91.47,12361,283,5,319.78
2026-08-02,Earned Media,Press Mentions,0.0,2619,28,0,0.0
2026-08-01,Email,Newsletter Weekly,0.0,8107,284,4,283.85
2026-08-30,Meta Ads,Lookalike - Top Customers,134.99,10376,288,6,298.31
2026-08-24,Google Ads,Shopping - Catalog,122.48,4456,137,4,183.15
2026-01-12,Email,Newsletter Weekly,0.0,7913,195,5,422.44
2026-04-29,Google Ads,Search - Generic,260.65,17458,170,5,318.08
2025-09-22,Meta Ads,Prospecting - Broad,164.72,14070,168,4,167.99
2026-04-15,Email,Newsletter Weekly,0.0,7684,183,10,441.11
2026-08-16,Influencer,Micro-influencers Home&Deco,85.98,7734,67,1,50.24
2026-08-01,Meta Ads,Prospecting - Broad,120.1,3815,103,2,148.2
2025-12-21,Influencer,Micro-influencers Home&Deco,155.71,11524,411,3,193.42
2026-03-28,Earned Media,Press Mentions,0.0,11364,414,6,306.11
2026-07-24,Email,Flow - Abandoned Cart,0.0,10818,416,41,2624.45
2026-03-27,Meta Ads,Retargeting - Cart Abandoners,143.1,7088,137,10,610.7
2026-04-01,Earned Media,Press Mentions,0.0,9117,248,3,166.3
2025-09-17,Influencer,Macro Campaign Q4,54.46,7879,242,7,272.73
2025-09-19,Google Ads,Shopping - Catalog,276.91,14941,428,5,208.91
2025-11-27,Meta Ads,Prospecting - Broad,289.41,26957,1149,21,1296.05
2026-08-14,Email,Flow - Post Purchase,0.0,6756,131,8,374.54
2026-05-10,Meta Ads,Retargeting - Cart Abandoners,152.25,16529,132,4,330.36
2026-02-20,Google Ads,Search - Brand,154.03,18751,568,24,1112.05
2025-12-16,Google Ads,Shopping - Catalog,489.17,20063,670,17,922.87
2026-04-25,Email,Newsletter Weekly,0.0,11070,461,23,1412.26
2025-12-14,Google Ads,Shopping - Catalog,295.63,26897,1064,37,2352.19
2026-03-22,Google Ads,Search - Generic,232.52,15756,168,2,110.78
2026-04-06,Earned Media,Press Mentions,0.0,3122,35,0,0.0
2025-10-19,Meta Ads,Prospecting - Broad,135.21,16030,474,11,753.67
2025-11-04,Email,Flow - Abandoned Cart,0.0,4201,88,9,564.68
2025-09-25,Earned Media,Press Mentions,0.0,8378,199,0,0.0
2026-08-31,Google Ads,Search - Generic,111.97,8358,359,10,474.05
2026-01-22,Email,Flow - Post Purchase,0.0,6158,165,13,598.37
2026-04-06,Google Ads,Shopping - Catalog,217.8,9227,294,13,978.26
2026-07-31,Influencer,Macro Campaign Q4,80.1,6372,163,2,129.7
2025-10-04,Email,Flow - Post Purchase,0.0,4915,109,8,395.15
2025-09-10,Meta Ads,Lookalike - Top Customers,125.25,18138,543,11,471.44
2026-07-29,Email,Flow - Abandoned Cart,0.0,11974,440,36,2562.88
2026-08-11,Google Ads,Search - Generic,212.44,7184,290,7,348.08
2026-01-20,Email,Newsletter Weekly,0.0,9162,213,12,783.34
2025-11-18,Earned Media,Organic Social Mentions,0.0,17121,762,3,219.52
2026-05-12,Earned Media,Organic Social Mentions,0.0,2960,67,0,0.0
2026-07-18,Earned Media,Organic Social Mentions,0.0,11222,252,2,101.97
2026-04-27,Email,Flow - Abandoned Cart,0.0,4345,169,10,693.81
2025-11-09,Google Ads,Search - Brand,521.27,9391,371,10,799.78
2025-12-02,Email,Flow - Post Purchase,0.0,4168,144,6,428.33
2026-08-04,Email,Newsletter Weekly,0.0,4023,69,1,69.61
2026-08-31,Meta Ads,Retargeting - Cart Abandoners,148.77,2921,104,0,0.0
2026-07-09,Email,Flow - Abandoned Cart,0.0,8943,89,9,562.48
2025-10-13,Email,Newsletter Weekly,0.0,8071,174,10,654.83
2025-10-02,Google Ads,Search - Brand,282.61,6862,267,11,849.88
2026-07-30,Email,Flow - Post Purchase,0.0,11694,348,32,2061.04
2026-01-03,Meta Ads,Retargeting - Cart Abandoners,275.06,19883,237,8,575.21
2026-04-14,Influencer,Micro-influencers Home&Deco,56.29,14165,433,6,282.23
2026-05-12,Influencer,Micro-influencers Home&Deco,57.92,7518,203,2,102.59
2026-04-06,Earned Media,Organic Social Mentions,0.0,9648,127,2,98.54
2026-02-28,Influencer,Micro-influencers Home&Deco,80.84,16479,622,5,279.06
2026-04-28,Meta Ads,Lookalike - Top Customers,235.65,8134,279,5,241.77
2026-01-12,Influencer,Micro-influencers Home&Deco,63.34,10713,286,4,296.38
2025-09-19,Meta Ads,Lookalike - Top Customers,168.75,16558,322,5,258.34
2026-05-02,Google Ads,Search - Generic,230.42,10401,111,3,141.38
2025-10-09,Google Ads,Shopping - Catalog,201.54,15124,232,10,388.38
2026-06-06,Earned Media,Press Mentions,0.0,8519,266,6,388.79
2026-04-29,Email,Flow - Abandoned Cart,0.0,7493,240,13,667.49
2025-11-01,Meta Ads,Retargeting - Cart Abandoners,384.65,19935,423,23,1003.51
2026-05-17,Google Ads,Search - Generic,184.69,4094,73,2,113.77
2026-05-12,Meta Ads,Lookalike - Top Customers,244.31,9650,100,1,30.29
2026-07-03,Email,Flow - Abandoned Cart,0.0,11952,480,41,2295.62
2025-11-16,Meta Ads,Lookalike - Top Customers,389.61,12465,184,1,56.63
2026-03-07,Google Ads,Search - Generic,155.51,15846,282,6,247.41
2026-05-18,Influencer,Micro-influencers Home&Deco,55.51,11069,469,5,418.51
2025-10-01,Meta Ads,Prospecting - Broad,246.88,6464,176,2,126.15
2026-03-04,Email,Flow - Post Purchase,0.0,4435,143,15,1062.73
2025-12-03,Email,Flow - Post Purchase,0.0,5863,230,21,1351.35
2025-09-19,Meta Ads,Retargeting - Cart Abandoners,157.41,11357,117,5,416.07
2025-09-26,Email,Newsletter Weekly,0.0,11136,482,20,522.62
2026-05-04,Google Ads,Search - Brand,297.74,6394,60,3,91.54
2025-09-04,Google Ads,Shopping - Catalog,233.54,11372,173,6,258.05
2026-08-11,Google Ads,Shopping - Catalog,179.44,6931,228,5,216.42
2026-07-22,Google Ads,Search - Generic,99.76,8687,226,4,84.91
2026-05-23,Google Ads,Search - Generic,296.87,8094,114,1,69.77
2026-04-25,Google Ads,Search - Generic,182.03,9265,216,7,334.76
2026-04-30,Meta Ads,Retargeting - Cart Abandoners,178.82,15465,447,16,998.51
2026-07-09,Meta Ads,Lookalike - Top Customers,152.23,12019,351,5,357.15
2026-01-01,Email,Flow - Post Purchase,0.0,6017,260,27,2016.23
2025-09-18,Meta Ads,Lookalike - Top Customers,114.59,17816,784,21,770.18
2026-04-11,Google Ads,Shopping - Catalog,289.3,11287,107,4,166.62
2025-12-05,Influencer,Macro Campaign Q4,138.6,20366,495,5,261.94
2025-12-28,Email,Newsletter Weekly,0.0,5540,64,4,270.82
2026-05-31,Meta Ads,Retargeting - Cart Abandoners,127.11,7111,170,6,428.7
2026-07-17,Meta Ads,Retargeting - Cart Abandoners,100.02,9794,325,22,1312.05
2026-03-14,Earned Media,Press Mentions,0.0,8436,280,1,55.46
2025-11-02,Earned Media,Organic Social Mentions,0.0,2745,62,0,0.0
2026-05-25,Meta Ads,Prospecting - Broad,220.12,19258,343,5,308.27
2025-09-12,Earned Media,Organic Social Mentions,0.0,7334,96,0,0.0
2026-08-25,Influencer,Micro-influencers Home&Deco,53.5,3885,139,2,142.5
2025-09-20,Meta Ads,Retargeting - Cart Abandoners,233.28,11469,327,16,936.51
2026-06-30,Meta Ads,Retargeting - Cart Abandoners,156.17,8848,319,14,550.88
2026-07-06,Influencer,Macro Campaign Q4,67.7,12635,484,8,470.29
2026-03-22,Influencer,Macro Campaign Q4,67.43,4694,110,2,107.66
2025-11-01,Meta Ads,Prospecting - Broad,295.38,22234,561,7,462.26
2026-01-11,Influencer,Micro-influencers Home&Deco,69.82,15559,677,9,572.55
2026-05-04,Google Ads,Search - Generic,300.55,16983,551,12,599.35
2026-03-23,Influencer,Macro Campaign Q4,124.17,14710,604,9,736.72
2025-10-19,Google Ads,Search - Generic,268.95,13750,189,5,220.85
2026-08-15,Google Ads,Search - Brand,131.04,4898,213,16,938.36
2026-02-27,Earned Media,Organic Social Mentions,0.0,4422,171,1,55.13
2026-08-24,Google Ads,Search - Brand,120.24,5759,172,8,518.29
2026-01-03,Email,Flow - Post Purchase,0.0,5575,129,8,260.12
2025-12-21,Email,Flow - Post Purchase,0.0,5266,176,10,728.93
2026-04-12,Google Ads,Search - Brand,165.75,17696,328,18,1059.0
2026-01-19,Email,Flow - Post Purchase,0.0,8836,295,14,1014.2
2025-11-03,Email,Flow - Abandoned Cart,0.0,9363,297,23,483.63
2026-01-05,Meta Ads,Retargeting - Cart Abandoners,122.95,5100,59,3,174.68
2026-06-25,Google Ads,Search - Brand,143.35,11261,267,15,639.49
2026-04-13,Meta Ads,Retargeting - Cart Abandoners,225.37,17510,190,7,500.4
2026-06-19,Email,Flow - Post Purchase,0.0,5485,184,10,653.32
2026-04-15,Meta Ads,Retargeting - Cart Abandoners,152.48,12287,417,35,1859.24
2026-05-22,Meta Ads,Retargeting - Cart Abandoners,233.52,15473,637,25,1274.67
2026-07-05,Google Ads,Shopping - Catalog,140.04,2609,60,2,141.34
2026-06-17,Influencer,Macro Campaign Q4,66.4,15409,228,2,65.1
2025-10-12,Meta Ads,Lookalike - Top Customers,130.65,3612,52,2,116.91
2026-03-24,Earned Media,Press Mentions,0.0,11838,108,1,59.92
2025-09-12,Earned Media,Press Mentions,0.0,13877,288,1,53.3
2026-05-08,Google Ads,Search - Generic,223.14,10773,145,3,137.86
2026-05-01,Google Ads,Search - Brand,338.16,19551,594,30,1807.84
2026-04-16,Meta Ads,Retargeting - Cart Abandoners,108.53,15915,575,28,1739.57
2025-12-10,Earned Media,Press Mentions,0.0,9454,207,1,52.15
2025-09-25,Influencer,Macro Campaign Q4,58.49,11660,523,8,292.16
2026-07-14,Meta Ads,Lookalike - Top Customers,161.9,5385,107,1,46.76
2026-05-15,Meta Ads,Lookalike - Top Customers,208.02,11995,324,6,295.09
2026-07-04,Email,Flow - Abandoned Cart,0.0,8281,238,21,1559.11
2026-01-17,Google Ads,Search - Generic,207.31,12309,164,2,105.96
2025-09-07,Google Ads,Search - Generic,351.5,9362,203,8,389.61
2026-03-16,Earned Media,Organic Social Mentions,0.0,1566,64,3,167.91
2026-01-28,Email,Newsletter Weekly,0.0,8626,288,6,414.2
2026-01-31,Earned Media,Organic Social Mentions,0.0,10802,305,2,114.41
2026-05-31,Meta Ads,Prospecting - Broad,252.01,6696,108,1,82.75
2025-12-31,Meta Ads,Retargeting - Cart Abandoners,393.25,18373,780,28,691.65
2026-04-18,Meta Ads,Prospecting - Broad,185.94,14554,500,14,962.43
2026-03-29,Email,Newsletter Weekly,0.0,6768,167,7,350.63
2026-05-20,Earned Media,Organic Social Mentions,0.0,10345,331,4,260.64
2026-02-06,Google Ads,Search - Generic,250.04,9016,369,7,430.2
2026-01-14,Email,Flow - Abandoned Cart,0.0,7024,58,1,45.45
2025-12-24,Earned Media,Organic Social Mentions,0.0,17990,615,2,134.63
2026-02-08,Meta Ads,Prospecting - Broad,145.95,16925,759,12,944.32
2025-11-30,Google Ads,Search - Generic,510.65,20104,727,23,1439.25
2026-03-22,Meta Ads,Lookalike - Top Customers,143.96,4747,51,1,50.91
2026-07-25,Influencer,Macro Campaign Q4,66.9,11050,113,3,177.07
2026-08-07,Meta Ads,Lookalike - Top Customers,128.73,5805,141,2,138.23
2025-10-18,Google Ads,Search - Brand,165.77,11062,317,17,725.06
2026-04-26,Earned Media,Organic Social Mentions,0.0,14538,445,4,313.61
2026-05-24,Google Ads,Shopping - Catalog,299.02,11147,207,5,282.9
2025-11-18,Meta Ads,Prospecting - Broad,217.1,13217,582,10,873.05
2026-04-24,Meta Ads,Lookalike - Top Customers,130.51,15231,279,6,374.09
2026-08-18,Meta Ads,Retargeting - Cart Abandoners,182.6,6104,243,10,647.06
2026-06-28,Google Ads,Shopping - Catalog,221.0,19279,303,4,225.52
2026-02-15,Influencer,Macro Campaign Q4,128.09,11754,150,1,52.58
2026-05-21,Earned Media,Organic Social Mentions,0.0,5781,112,1,53.97
2026-04-27,Email,Newsletter Weekly,0.0,10773,149,1,46.59
2025-12-03,Meta Ads,Lookalike - Top Customers,202.03,20915,540,11,480.16
2025-10-19,Influencer,Macro Campaign Q4,111.39,7498,243,4,271.91
2025-11-21,Meta Ads,Lookalike - Top Customers,203.36,6132,179,5,310.76
2026-02-28,Meta Ads,Prospecting - Broad,275.43,6943,86,0,0.0
2025-11-01,Google Ads,Search - Brand,376.39,30224,522,21,1343.93
2026-07-26,Email,Newsletter Weekly,0.0,6841,125,5,319.66
2026-04-05,Email,Newsletter Weekly,0.0,6657,154,6,347.96
2026-07-31,Earned Media,Organic Social Mentions,0.0,4513,187,1,68.85
2025-11-23,Meta Ads,Retargeting - Cart Abandoners,366.49,24412,427,20,
2026-01-06,Google Ads,Search - Brand,185.12,14055,283,13,603.7
2026-01-02,Email,Flow - Post Purchase,0.0,10147,413,34,1886.55
2025-09-12,Meta Ads,Retargeting - Cart Abandoners,189.99,16554,224,7,500.46
2026-07-24,Google Ads,Search - Brand,155.33,7379,263,8,452.0
2025-09-07,Earned Media,Organic Social Mentions,0.0,9180,379,0,0.0
2025-10-23,Email,Newsletter Weekly,0.0,7889,331,6,269.33
2026-08-05,Earned Media,Organic Social Mentions,0.0,3173,103,1,73.39
2026-05-22,Earned Media,Organic Social Mentions,0.0,4957,73,0,0.0
2025-09-08,Meta Ads,Lookalike - Top Customers,225.19,14640,205,6,378.45
2025-11-04,Meta Ads,Lookalike - Top Customers,358.08,28366,289,6,326.98
2026-08-17,Earned Media,Press Mentions,0.0,1523,42,0,0.0
2025-12-17,Influencer,Micro-influencers Home&Deco,182.78,22501,691,7,409.68
2026-07-04,Meta Ads,Retargeting - Cart Abandoners,196.55,13043,267,14,825.5
2026-02-24,Google Ads,Search - Brand,288.7,12349,287,9,452.61
2025-12-25,Google Ads,Shopping - Catalog,447.58,16990,536,12,881.02
2026-02-22,Meta Ads,Prospecting - Broad,214.27,17906,503,7,424.4
2025-12-22,Earned Media,Organic Social Mentions,0.0,3106,78,1,73.72
2026-06-30,Meta Ads,Lookalike - Top Customers,113.49,17916,340,14,701.27
2026-05-08,Email,Flow - Post Purchase,0.0,4642,156,11,703.86
2025-11-16,Influencer,Macro Campaign Q4,227.41,30496,621,8,469.1
2025-11-05,Email,Flow - Post Purchase,0.0,4393,72,9,648.9
2026-06-26,Meta Ads,Retargeting - Cart Abandoners,255.68,13376,391,18,892.3
2025-11-27,Earned Media,Press Mentions,0.0,4436,64,0,0.0
2026-02-22,Earned Media,Organic Social Mentions,0.0,3480,140,1,43.9
2025-11-24,Earned Media,Press Mentions,0.0,9113,393,2,109.58
2025-09-07,Email,Newsletter Weekly,0.0,4889,128,1,48.45
2026-02-18,Meta Ads,Prospecting - Broad,181.14,16773,654,16,1362.83
2026-07-21,Earned Media,Press Mentions,0.0,8933,375,3,157.66
2026-08-09,Google Ads,Search - Generic,182.71,10313,288,5,444.58
2026-05-23,Email,Flow - Post Purchase,0.0,5157,99,10,470.23
2025-12-30,Email,Flow - Abandoned Cart,0.0,5867,145,12,627.3
2026-01-06,Influencer,Micro-influencers Home&Deco,58.64,12762,395,5,310.98
2025-12-29,Influencer,Micro-influencers Home&Deco,111.15,5896,91,0,0.0
2026-06-17,Email,Flow - Abandoned Cart,0.0,6716,276,21,1022.46
2026-06-03,Influencer,Micro-influencers Home&Deco,108.38,15261,335,1,44.14
2026-01-24,Meta Ads,Prospecting - Broad,276.88,5393,88,2,119.98
2026-04-30,Earned Media,Press Mentions,0.0,9768,108,2,90.68
2026-01-22,Email,Flow - Abandoned Cart,0.0,4431,37,4,175.96
2026-04-10,Meta Ads,Retargeting - Cart Abandoners,276.6,10635,296,14,940.4
2026-07-31,Meta Ads,Retargeting - Cart Abandoners,136.73,3315,130,8,373.96
2026-06-04,Meta Ads,Prospecting - Broad,209.67,12618,532,4,176.22
2026-05-10,Google Ads,Search - Generic,253.84,16671,472,11,651.14
2026-04-10,Earned Media,Press Mentions,0.0,12686,117,0,0.0
2026-04-11,Google Ads,Search - Generic,322.45,3180,126,3,193.48
2026-04-20,Google Ads,Search - Generic,199.09,15220,619,8,796.59
2026-01-19,Email,Newsletter Weekly,0.0,11729,450,12,656.71
2026-06-29,Influencer,Macro Campaign Q4,88.49,8129,205,1,46.82
2026-03-23,Meta Ads,Retargeting - Cart Abandoners,239.22,3328,107,4,281.78
2025-12-27,Google Ads,Search - Generic,281.83,23935,762,20,1252.81
2025-12-30,Meta Ads,Lookalike - Top Customers,279.35,30394,790,14,926.15
2025-09-27,Google Ads,Shopping - Catalog,240.74,13419,575,13,396.12
2026-03-15,Email,Flow - Abandoned Cart,0.0,7149,137,11,531.77
2026-05-19,Google Ads,Shopping - Catalog,178.39,15936,440,7,582.58
2026-03-05,Email,Flow - Abandoned Cart,0.0,5157,157,18,1197.37
2026-03-28,Google Ads,Search - Brand,278.96,15479,479,33,1298.24
2025-11-25,Google Ads,Shopping - Catalog,489.42,15391,540,17,825.51
2026-05-23,Influencer,Macro Campaign Q4,127.33,14192,383,2,88.0
2026-02-18,Google Ads,Search - Brand,170.93,19775,382,14,729.16
2025-12-14,Email,Flow - Abandoned Cart,0.0,5523,181,4,328.44
2026-02-10,Meta Ads,Retargeting - Cart Abandoners,117.45,9824,356,20,599.51
2025-12-16,Meta Ads,Prospecting - Broad,399.73,30525,466,12,627.03
2026-04-06,Email,Flow - Abandoned Cart,0.0,4161,57,5,333.63
2025-10-03,Email,Flow - Post Purchase,0.0,5899,159,9,489.67
2025-09-23,Email,Newsletter Weekly,0.0,5696,174,5,202.93
2025-11-21,Earned Media,Organic Social Mentions,0.0,14898,535,2,103.16
2026-03-02,Earned Media,Press Mentions,0.0,12349,286,2,135.64
2026-02-11,Email,Flow - Post Purchase,0.0,11561,226,17,1088.69
2026-01-11,Meta Ads,Retargeting - Cart Abandoners,152.2,5144,218,10,423.09
2025-11-12,Meta Ads,Retargeting - Cart Abandoners,251.14,28454,320,16,908.45
2026-06-18,Influencer,Micro-influencers Home&Deco,120.23,10256,193,3,205.21
2026-07-02,Earned Media,Organic Social Mentions,0.0,4807,172,3,175.41
2026-07-04,Earned Media,Organic Social Mentions,0.0,3975,54,1,55.82
2025-09-20,Email,Flow - Abandoned Cart,0.0,5685,176,15,738.63
2026-08-20,Google Ads,Search - Brand,102.22,9642,376,18,1088.2
2025-12-24,Meta Ads,Prospecting - Broad,184.16,4863,82,2,165.48
2025-11-12,Email,Flow - Post Purchase,0.0,9821,413,40,2638.14
2026-05-03,Earned Media,Press Mentions,0.0,8842,153,0,0.0
2026-05-10,Google Ads,Search - Brand,252.72,13344,550,26,1379.22
2026-04-12,Email,Flow - Post Purchase,0.0,10931,96,9,522.5
2025-11-14,Email,Flow - Abandoned Cart,0.0,7103,274,17,781.5
2025-10-09,Meta Ads,Lookalike - Top Customers,167.98,16977,669,9,475.31
2026-01-19,Influencer,Micro-influencers Home&Deco,54.67,3560,140,2,76.55
2026-02-15,Email,Newsletter Weekly,0.0,9177,384,15,720.44
2025-09-26,Earned Media,Organic Social Mentions,0.0,2377,77,1,65.51
2025-11-28,Google Ads,Search - Generic,277.98,28625,1058,24,510.06
2026-02-20,Email,Flow - Abandoned Cart,0.0,4619,64,4,172.1
2026-08-31,Google Ads,Search - Brand,215.71,13990,323,14,1022.47
2026-07-03,Google Ads,Search - Brand,201.92,10364,217,9,397.96
2026-02-13,Email,Newsletter Weekly,0.0,11168,260,3,55.45
2026-02-02,Email,Flow - Post Purchase,0.0,6297,269,25,1140.0
2026-03-11,Email,Flow - Post Purchase,0.0,4758,99,3,145.37
2026-08-26,Influencer,Macro Campaign Q4,66.17,7455,157,0,0.0
2026-01-18,Google Ads,Search - Brand,227.98,14428,533,27,1069.7
2026-02-01,Google Ads,Shopping - Catalog,346.57,14111,550,15,895.92
2026-04-14,Email,Flow - Abandoned Cart,0.0,11538,262,17,753.87
2026-04-06,Google Ads,Search - Brand,165.92,14702,265,17,1003.0
2026-04-11,Earned Media,Press Mentions,0.0,14051,242,2,110.14
2026-02-23,Meta Ads,Prospecting - Broad,145.72,19650,736,11,903.45
2025-10-04,Google Ads,Shopping - Catalog,231.66,10171,236,10,688.08
2026-08-13,Google Ads,Search - Brand,185.72,9622,428,24,865.42
2026-04-06,Meta Ads,Lookalike - Top Customers,232.9,17428,469,10,628.1
2026-06-16,Earned Media,Press Mentions,0.0,13723,592,2,119.16
2026-03-12,Email,Flow - Post Purchase,0.0,7946,150,10,594.45
2026-05-06,Meta Ads,Prospecting - Broad,177.63,17156,204,2,103.89
2026-07-29,Google Ads,Shopping - Catalog,190.84,11544,370,6,439.3
2026-05-31,Google Ads,Search - Generic,214.99,15678,245,9,585.52
2026-05-10,Email,Flow - Abandoned Cart,0.0,9578,301,19,1292.43
2026-01-28,Google Ads,Search - Generic,283.15,5151,149,2,87.86
2026-01-24,Email,Newsletter Weekly,0.0,6193,95,3,215.07
2026-06-04,Earned Media,Press Mentions,0.0,7434,138,0,0.0
2025-12-07,Google Ads,Search - Generic,499.63,29436,1297,34,1590.47
2026-08-08,Google Ads,Shopping - Catalog,217.06,6023,107,3,172.41
2026-03-19,Influencer,Macro Campaign Q4,100.99,5062,73,0,0.0
2025-12-18,Email,Newsletter Weekly,0.0,8046,231,10,751.78
2025-12-03,Google Ads,Shopping - Catalog,272.5,31075,398,10,488.96
2025-11-14,Google Ads,Search - Generic,255.94,13671,346,7,377.58
2025-12-04,Email,Flow - Post Purchase,0.0,11535,407,29,1356.42
2025-10-17,Email,Flow - Abandoned Cart,0.0,4668,40,2,164.85
2025-09-09,Meta Ads,Prospecting - Broad,158.48,13028,293,5,271.14
2025-10-20,Email,Flow - Post Purchase,0.0,5831,175,19,971.09
2026-04-26,Email,Flow - Abandoned Cart,0.0,6010,116,10,535.16
2025-11-18,Google Ads,Shopping - Catalog,364.62,8217,153,3,109.86
2025-09-08,Meta Ads,Prospecting - Broad,197.3,7715,115,2,143.34
2026-04-09,Influencer,Macro Campaign Q4,95.32,10922,344,3,192.11
2025-11-09,Earned Media,Press Mentions,0.0,10148,372,1,41.53
2026-02-13,Google Ads,Shopping - Catalog,310.85,8036,226,4,187.51
2025-09-19,Google Ads,Search - Generic,309.64,3673,94,1,57.95
2026-04-30,Email,Flow - Abandoned Cart,0.0,4198,150,9,566.08
2025-11-12,Email,Newsletter Weekly,0.0,9808,122,3,278.37
2025-12-07,Influencer,Micro-influencers Home&Deco,208.77,13055,296,3,98.1
2025-11-12,Meta Ads,Lookalike - Top Customers,368.07,9745,233,2,124.81
2026-05-07,Google Ads,Shopping - Catalog,204.18,16739,610,14,640.54
2026-06-01,Meta Ads,Lookalike - Top Customers,185.97,18404,174,3,158.89
2026-01-22,Google Ads,Search - Brand,153.56,6604,60,3,201.64
2026-01-07,Google Ads,Shopping - Catalog,242.31,13846,432,12,934.38
2025-09-01,Google Ads,Shopping - Catalog,167.14,11741,351,5,274.2
2026-08-01,Meta Ads,Retargeting - Cart Abandoners,101.68,4100,115,2,75.11
2026-07-01,Google Ads,Search - Generic,105.4,5869,183,5,283.15
2026-04-20,Influencer,Macro Campaign Q4,54.32,3005,76,0,0.0
2025-09-02,Google Ads,Shopping - Catalog,224.0,10268,91,1,59.22
2026-01-30,Email,Flow - Abandoned Cart,0.0,8897,126,10,349.05
2026-03-28,Google Ads,Shopping - Catalog,307.52,15017,142,4,186.56
2026-02-19,Influencer,Micro-influencers Home&Deco,98.96,17035,726,11,932.03
2025-11-02,Google Ads,Shopping - Catalog,535.11,15223,243,6,298.48
2025-12-10,Meta Ads,Prospecting - Broad,348.66,8512,140,4,85.33
2026-08-26,Earned Media,Press Mentions,0.0,3919,127,0,0.0
2025-09-21,Meta Ads,Prospecting - Broad,163.29,4249,60,1,71.95
2026-01-17,Influencer,Macro Campaign Q4,136.9,4774,211,4,254.2
2025-12-30,Influencer,Macro Campaign Q4,112.53,20453,484,6,389.35
2026-07-27,Google Ads,Search - Brand,110.29,6028,78,4,224.71
2026-03-08,Influencer,Macro Campaign Q4,97.37,13960,203,3,174.62
2026-01-13,Meta Ads,Retargeting - Cart Abandoners,226.12,9869,159,7,550.1
2026-01-04,Google Ads,Shopping - Catalog,319.46,8490,142,3,245.12
2026-01-11,Meta Ads,Prospecting - Broad,191.96,12251,344,6,346.99
2025-10-11,Meta Ads,Prospecting - Broad,158.84,3849,150,7,449.89
2026-06-30,Earned Media,Press Mentions,0.0,13852,236,1,71.38
2026-05-26,Earned Media,Press Mentions,0.0,13674,400,2,134.59
2026-01-06,Email,Flow - Abandoned Cart,0.0,11464,370,29,1487.24
2026-05-26,Meta Ads,Retargeting - Cart Abandoners,120.26,13155,439,15,1188.62
2026-03-10,Google Ads,Shopping - Catalog,236.39,12239,142,3,126.46
2026-07-01,Influencer,Micro-influencers Home&Deco,48.59,14310,383,8,603.99
2026-06-30,Email,Flow - Post Purchase,0.0,6599,280,20,1444.44
2026-06-08,Google Ads,Shopping - Catalog,251.23,19952,182,2,78.9
2025-10-29,Influencer,Micro-influencers Home&Deco,109.11,7301,292,1,48.52
2026-07-30,Influencer,Macro Campaign Q4,43.76,9858,340,9,444.28
2026-08-07,Email,Flow - Abandoned Cart,0.0,6953,183,12,852.1
2025-11-23,Earned Media,Organic Social Mentions,0.0,14937,609,3,228.23
2026-06-05,Email,Flow - Abandoned Cart,0.0,4881,87,12,543.5
2025-11-24,Influencer,Micro-influencers Home&Deco,151.59,29735,1118,13,238.52
2026-08-17,Email,Flow - Abandoned Cart,0.0,4388,148,15,720.83
2025-11-13,Influencer,Micro-influencers Home&Deco,173.7,12468,246,6,346.13
2025-10-14,Meta Ads,Prospecting - Broad,209.5,16891,476,14,742.02
2025-12-26,Earned Media,Press Mentions,0.0,8436,371,3,205.71
2026-08-26,Influencer,Micro-influencers Home&Deco,43.52,9791,213,2,72.96
2026-03-11,Meta Ads,Retargeting - Cart Abandoners,229.01,5521,218,10,519.56
2025-09-29,Meta Ads,Lookalike - Top Customers,156.17,3445,30,1,59.97
2026-06-28,Meta Ads,Retargeting - Cart Abandoners,178.7,9918,411,20,1242.38
2026-01-28,Earned Media,Press Mentions,0.0,7909,115,1,65.8
2026-07-18,Google Ads,Shopping - Catalog,237.17,12923,110,6,343.47
2025-12-30,Earned Media,Organic Social Mentions,0.0,14929,169,1,70.85
2025-11-02,Meta Ads,Lookalike - Top Customers,418.28,26110,476,13,833.35
2026-05-07,Email,Flow - Post Purchase,0.0,9090,358,31,1413.5
2026-07-01,Email,Flow - Abandoned Cart,0.0,9326,328,23,1110.0
2025-09-01,Earned Media,Press Mentions,0.0,4798,185,1,53.78
2026-02-03,Influencer,Macro Campaign Q4,110.64,8761,335,2,152.08
2025-09-14,Email,Flow - Abandoned Cart,0.0,8612,156,13,941.31
2026-03-11,Google Ads,Shopping - Catalog,179.6,3792,90,4,291.07
2026-06-26,Earned Media,Organic Social Mentions,0.0,7980,324,2,91.05
2026-03-17,Email,Flow - Post Purchase,0.0,8468,184,19,969.78
2026-05-29,Influencer,Macro Campaign Q4,90.95,19851,493,8,467.47
2026-06-17,Google Ads,Search - Brand,154.53,19940,729,34,2074.24
2026-05-11,Email,Newsletter Weekly,0.0,7917,95,3,143.26
2026-01-07,Meta Ads,Prospecting - Broad,155.95,9350,148,3,153.02
2026-02-16,Email,Flow - Abandoned Cart,0.0,11990,260,19,1337.83
2026-08-07,Influencer,Micro-influencers Home&Deco,75.96,13181,557,3,181.99
2026-05-18,Google Ads,Search - Brand,181.17,15435,453,19,1084.96
2026-03-24,Email,Flow - Post Purchase,0.0,7275,103,10,723.19
2026-07-25,Meta Ads,Retargeting - Cart Abandoners,179.93,8289,225,10,546.65
2026-06-03,Google Ads,Search - Brand,180.81,3010,120,8,429.96
2026-02-05,Google Ads,Shopping - Catalog,154.5,8310,224,7,466.1
2026-03-21,Earned Media,Press Mentions,0.0,1489,54,1,59.74
2026-05-21,Google Ads,Search - Generic,154.49,8997,254,7,420.04
2025-12-01,Meta Ads,Lookalike - Top Customers,278.95,12586,215,4,206.61
2025-11-17,Google Ads,Shopping - Catalog,274.39,18522,326,3,180.9
2026-06-02,Email,Flow - Abandoned Cart,0.0,9671,155,15,836.75
2026-06-15,Email,Newsletter Weekly,0.0,6168,173,11,711.82
2026-02-05,Email,Flow - Post Purchase,0.0,4613,55,4,222.66
2026-07-06,Email,Flow - Abandoned Cart,0.0,7160,82,5,272.03
2025-09-21,Influencer,Micro-influencers Home&Deco,142.41,4596,151,1,43.25
2026-02-01,Google Ads,Search - Generic,224.19,7942,244,10,551.18
2025-09-21,Google Ads,Shopping - Catalog,159.76,5075,125,6,352.36
2025-11-10,Google Ads,Search - Generic,268.67,17557,660,15,1142.17
2026-02-23,Google Ads,Search - Brand,145.49,11041,415,24,1151.31
2026-02-19,Email,Flow - Post Purchase,0.0,11895,270,20,1112.45
2025-09-23,Google Ads,Search - Generic,301.48,11220,424,12,717.04
2026-04-13,Meta Ads,Prospecting - Broad,134.37,13302,210,4,285.86
2026-02-09,Meta Ads,Prospecting - Broad,231.01,3379,103,1,52.66
2026-08-18,Email,Flow - Post Purchase,0.0,7438,227,24,1075.29
2026-01-06,Meta Ads,Retargeting - Cart Abandoners,210.14,12965,275,12,588.77
2026-07-16,Email,Flow - Abandoned Cart,0.0,9935,365,28,1012.31
2026-07-25,Email,Newsletter Weekly,0.0,10622,477,17,1321.94
2026-04-22,Influencer,Macro Campaign Q4,122.02,4910,121,0,0.0
2026-03-25,Earned Media,Organic Social Mentions,0.0,13823,262,4,227.55
2025-09-23,Meta Ads,Lookalike - Top Customers,167.55,5072,74,2,118.95
2026-04-28,Meta Ads,Prospecting - Broad,151.52,3524,49,0,0.0
2026-08-30,Google Ads,Shopping - Catalog,226.44,5684,163,3,207.5
2025-10-15,Google Ads,Search - Brand,246.14,7545,64,7,537.37
2025-11-05,Google Ads,Shopping - Catalog,271.46,12505,285,10,729.57
2026-06-26,Influencer,Micro-influencers Home&Deco,120.2,3280,43,1,80.24
2026-01-11,Email,Newsletter Weekly,0.0,7434,171,3,223.99
2026-07-01,Influencer,Macro Campaign Q4,66.58,10241,273,7,313.43
2025-11-24,Email,Flow - Post Purchase,0.0,9014,191,26,773.69
2025-12-02,Earned Media,Press Mentions,0.0,9379,167,1,81.86
2026-01-20,Influencer,Macro Campaign Q4,87.15,9194,193,3,242.6
2026-01-21,meta ads ,Lookalike - Top Customers,124.62,9915,390,6,357.07
2026-03-14,Meta Ads,Lookalike - Top Customers,279.05,7947,216,3,169.7
2026-07-01,Email,Flow - Post Purchase,0.0,11906,445,35,1568.94
2026-01-09,Google Ads,Search - Generic,297.44,4826,189,7,360.44
2026-07-19,Email,Flow - Post Purchase,0.0,7128,130,11,790.2
2026-08-18,Meta Ads,Lookalike - Top Customers,154.88,5908,53,0,0.0
2026-07-02,Email,Flow - Post Purchase,0.0,7168,213,14,593.31
2025-09-18,Earned Media,Organic Social Mentions,0.0,1455,61,0,0.0
2026-05-15,Google Ads,Search - Generic,278.6,7772,207,7,340.6
2026-03-23,Email,Flow - Post Purchase,0.0,4159,116,15,807.76
2026-07-08,Earned Media,Press Mentions,0.0,8113,220,1,38.76
2026-01-10,Email,Flow - Post Purchase,0.0,11694,273,23,1429.92
2025-09-15,Meta Ads,Prospecting - Broad,203.57,18926,664,9,449.47
2025-12-22,Email,Newsletter Weekly,0.0,5784,58,0,0.0
2025-09-04,Influencer,Macro Campaign Q4,117.17,15593,526,8,335.99
2026-08-27,Google Ads,Search - Generic,163.33,10338,122,3,239.73
2026-08-19,Email,Newsletter Weekly,0.0,4741,153,5,209.51
2025-09-09,Meta Ads,Lookalike - Top Customers,232.18,19141,257,8,273.22
2025-10-05,Meta Ads,Retargeting - Cart Abandoners,131.44,5091,145,5,256.0
2026-01-29,Google Ads,Search - Generic,179.39,13040,398,8,533.77
2025-10-26,Earned Media,Press Mentions,0.0,10461,338,0,0.0
2026-02-20,Meta Ads,Lookalike - Top Customers,193.33,14929,537,12,252.35
2026-02-27,Google Ads,Search - Brand,243.15,19294,340,19,1147.98
2026-07-15,Google Ads,Search - Generic,206.96,2948,99,2,130.91
2025-09-14,Meta Ads,Prospecting - Broad,193.99,18175,695,11,445.33
2025-11-17,Meta Ads,Prospecting - Broad,211.77,31386,1242,22,1536.19
2026-05-09,Meta Ads,Lookalike - Top Customers,125.82,16263,623,18,1135.2
2026-02-13,Google Ads,Search - Brand,248.0,6277,195,16,1225.96
2025-09-16,Meta Ads,Lookalike - Top Customers,223.02,19964,418,9,527.92
2026-08-20,Meta Ads,Lookalike - Top Customers,150.14,2763,29,1,65.58
2026-06-19,Influencer,Macro Campaign Q4,67.33,4271,73,0,0.0
2025-10-20,Influencer,Macro Campaign Q4,105.49,13083,130,1,65.69
2026-04-22,Email,Newsletter Weekly,0.0,5872,227,9,585.7
2026-07-16,Email,Newsletter Weekly,0.0,7058,164,5,
2026-06-15,Meta Ads,Lookalike - Top Customers,136.23,19927,820,13,1202.27
2026-04-01,Meta Ads,Lookalike - Top Customers,233.64,11920,105,3,182.61
2025-09-29,Influencer,Micro-influencers Home&Deco,108.68,10645,391,2,90.16
2025-10-14,Email,Flow - Abandoned Cart,0.0,7236,76,8,403.99
2026-06-14,Meta Ads,Lookalike - Top Customers,241.98,9419,219,3,77.42
2026-04-11,Influencer,Micro-influencers Home&Deco,129.05,18644,444,4,279.73
2026-08-17,Email,Newsletter Weekly,0.0,6779,214,7,385.68
2026-05-27,Meta Ads,Retargeting - Cart Abandoners,173.34,17998,242,10,
2025-11-28,Earned Media,Press Mentions,0.0,8741,261,1,61.26
2026-07-16,Meta Ads,Retargeting - Cart Abandoners,168.14,14570,361,18,713.06
2025-11-14,Earned Media,Press Mentions,0.0,23618,750,6,282.58
2026-05-11,Earned Media,Press Mentions,0.0,9486,229,3,138.68
2026-06-07,Meta Ads,Prospecting - Broad,191.63,8434,212,2,129.06
2026-06-07,Earned Media,Press Mentions,0.0,8634,139,0,0.0
2026-01-20,Meta Ads,Lookalike - Top Customers,185.4,19917,453,9,703.21
2026-02-25,Email,Flow - Abandoned Cart,0.0,6637,149,14,1135.55
2026-01-20,Email,Flow - Abandoned Cart,0.0,5600,71,7,545.07
2026-02-05,Google Ads,Search - Brand,141.77,7837,300,10,518.92
2026-08-05,Earned Media,Press Mentions,0.0,6113,169,2,115.06
2026-08-03,Google Ads,Search - Generic,164.96,7018,222,6,194.14
2025-11-04,Earned Media,Organic Social Mentions,0.0,5506,140,0,0.0
2026-08-12,Google Ads,Search - Generic,159.84,2842,53,2,112.8
2026-02-13,Influencer,Macro Campaign Q4,64.76,5267,175,1,41.35
2025-09-27,Earned Media,Press Mentions,0.0,13226,417,4,133.4
2025-10-31,Google Ads,Search - Generic,233.31,14432,479,12,752.88
2025-09-04,Email,Flow - Post Purchase,0.0,6535,93,8,294.34
2026-06-08,Earned Media,Press Mentions,0.0,1178,48,0,0.0
2026-08-13,Meta Ads,Prospecting - Broad,154.76,7152,287,3,160.22
2026-07-07,meta ads ,Retargeting - Cart Abandoners,95.59,6264,133,10,621.24
2025-12-20,Influencer,Micro-influencers Home&Deco,180.82,17921,205,4,272.46
2026-01-22,Email,Newsletter Weekly,0.0,9417,380,16,854.83
2026-05-04,Influencer,Macro Campaign Q4,123.0,4413,140,4,196.86
2025-09-03,Email,Flow - Abandoned Cart,0.0,5394,181,13,766.48
2025-10-31,Email,Flow - Abandoned Cart,0.0,6276,153,13,835.8
2026-08-19,Meta Ads,Retargeting - Cart Abandoners,98.51,10143,270,9,474.72
2026-03-22,Meta Ads,Retargeting - Cart Abandoners,283.17,9444,78,2,88.42
2025-11-11,Email,Flow - Post Purchase,0.0,6017,147,8,570.35
2026-03-04,Earned Media,Organic Social Mentions,0.0,6266,158,1,56.41
2026-01-08,Email,Flow - Post Purchase,0.0,10543,313,22,1732.11
2025-12-06,Meta Ads,Prospecting - Broad,215.48,8382,333,7,441.38
2025-09-08,Meta Ads,Retargeting - Cart Abandoners,158.88,12922,140,11,343.44
2026-04-08,Google Ads,Search - Generic,211.09,11384,216,4,89.06
2026-04-03,Earned Media,Press Mentions,0.0,10568,314,3,169.86
2025-10-29,Influencer,Macro Campaign Q4,63.07,19645,646,11,820.26
2026-04-18,Earned Media,Press Mentions,0.0,1491,47,0,0.0
2026-03-08,Google Ads,Search - Generic,345.9,13858,545,15,942.58
2026-01-11,Earned Media,Organic Social Mentions,0.0,13724,588,1,53.45
2025-09-20,Influencer,Macro Campaign Q4,98.97,11751,250,3,158.43
2025-12-03,Influencer,Macro Campaign Q4,94.08,31960,285,5,327.55
2025-11-29,Google Ads,Search - Generic,259.47,18305,229,6,206.27
2025-10-30,Google Ads,Shopping - Catalog,301.89,3857,157,5,290.87
2025-09-25,Meta Ads,Prospecting - Broad,240.39,11448,511,12,709.75
2026-08-04,Google Ads,Shopping - Catalog,212.97,5519,160,7,403.26
2026-07-08,Meta Ads,Lookalike - Top Customers,85.65,12852,501,12,760.47
2026-04-19,Email,Flow - Abandoned Cart,0.0,8606,330,30,2226.64
2026-07-27,Meta Ads,Lookalike - Top Customers,117.58,11257,434,7,630.78
2025-11-30,Email,Newsletter Weekly,0.0,7115,307,9,439.38
2026-06-27,Influencer,Micro-influencers Home&Deco,85.88,17415,236,2,109.03
2025-12-13,Influencer,Macro Campaign Q4,168.04,7862,334,2,106.43
2026-06-18,Google Ads,Shopping - Catalog,182.91,4054,161,3,216.0
2026-04-28,Influencer,Micro-influencers Home&Deco,65.59,9958,323,4,314.33
2026-05-29,Email,Newsletter Weekly,0.0,9533,194,5,327.98
2026-02-24,Influencer,Macro Campaign Q4,85.89,11349,377,2,100.64
2026-04-09,Earned Media,Press Mentions,0.0,2118,16,0,0.0
2025-10-01,meta ads ,Retargeting - Cart Abandoners,199.38,16564,375,21,1620.32
2025-12-22,Meta Ads,Prospecting - Broad,178.73,14076,530,13,238.52
2025-11-24,Meta Ads,Prospecting - Broad,312.03,21936,514,6,319.01
2026-05-08,Meta Ads,Lookalike - Top Customers,285.71,13914,348,5,325.38
2026-04-02,Influencer,Micro-influencers Home&Deco,118.5,19255,780,10,788.76
2026-08-10,Google Ads,Search - Brand,148.09,4791,134,12,682.23
2026-08-08,Email,Flow - Post Purchase,0.0,4700,123,15,1199.54
2026-06-09,Google Ads,Search - Brand,268.85,7615,102,4,111.94
2026-03-18,Influencer,Micro-influencers Home&Deco,125.48,14533,508,4,196.67
2026-05-09,Email,Flow - Abandoned Cart,0.0,6899,118,9,518.88
2025-12-15,Email,Flow - Abandoned Cart,0.0,9905,148,12,771.95
2025-11-10,Influencer,Micro-influencers Home&Deco,188.29,19868,551,4,324.6
2026-07-29,Google Ads,Search - Generic,115.84,7804,238,8,495.95
2026-03-16,Meta Ads,Lookalike - Top Customers,242.43,11954,333,8,442.37
2025-10-12,Google Ads,Search - Generic,305.38,7802,164,7,664.15
2025-12-03,Earned Media,Press Mentions,0.0,20452,583,6,337.56
2026-07-26,Email,Flow - Abandoned Cart,0.0,10582,184,14,873.86
